Date,Close,High,Low,Open,Volume
2021-08-16,147.3980712890625,147.46635440777192,142.8626017681946,144.88161214330344,103296000
2021-08-17,146.490966796875,147.94426000150526,145.41805278817236,146.52997508674613,92229700
2021-08-18,142.7553253173828,147.00794422226895,142.55049082276733,146.1106045300614,86326000
2021-08-19,143.0869598388672,144.35494544436725,140.94114605885855,141.45809163231115,86960300
2021-08-20,144.54025268554688,144.84261535990314,143.16497579607238,143.80872432514332,60549600
2021-08-23,146.02281188964844,146.49098584387335,144.24762936861552,144.65728343893502,60131800
2021-08-24,145.93502807617188,147.14449367144724,145.4766024407117,145.7692167650667,48606400
2021-08-25,144.7060546875,146.6177885615759,144.15984926147306,146.12033978338724,58991300
2021-08-26,143.90625,145.44733817166107,143.87699005673284,144.6963131171606,48597200
2021-08-27,144.94017028808594,145.08647001894514,143.2137590490284,143.84774439339665,55802400
2021-08-30,149.34881591796875,149.70971334019745,144.9498976782118,145.33029180641267,90956700
2021-08-31,148.09059143066406,149.03670255975587,147.56388271808643,148.90015120519527,86453100
2021-09-01,148.75381469726562,151.1629820772436,148.58800342565723,149.06594053769027,80313700
2021-09-02,149.86578369140625,150.9094380524186,148.64656965264444,150.08036655286702,71115500
2021-09-03,150.499755859375,150.82163009154993,149.31955034140017,149.9730471583683,57808700
2021-09-07,152.8308563232422,153.38680995206192,150.58750045835436,151.15321732048974,82278300
2021-09-08,151.28982543945312,153.1722846868866,150.1876512353804,153.11376479693286,74420200
2021-09-09,150.2754364013672,152.26518694823613,150.15838174591684,151.66046161317462,57305700
2021-09-10,145.30101013183594,151.650669593774,145.03765581078468,151.18249570977798,140893200
2021-09-13,145.86672973632812,147.69066866511997,145.08642999338122,146.9201321568595,102404300
2021-09-14,144.47195434570312,147.34931083330153,143.29176371635268,146.64704249063803,109296300
2021-09-15,145.3595428466797,145.7594485393446,142.76505234502355,144.9011172737186,83281300
2021-09-16,145.1254425048828,145.30101702156867,143.5941177955223,144.7840715894616,68034100
2021-09-17,142.46270751953125,145.15474141357228,142.17009319848557,145.15474141357228,129868800
2021-09-20,139.41958618164062,141.27278583373996,137.79071777768286,140.25840615619828,123478900
2021-09-21,139.89747619628906,141.03867353306788,139.2634909051742,140.38516176883357,75834000
2021-09-22,142.2578887939453,142.82359096635926,140.16083188261564,140.89236024826914,76404300
2021-09-23,143.21377563476562,143.45761846975984,142.05308135891542,143.0382010544173,64838200
2021-09-24,143.301513671875,143.8379707289355,141.97500844122595,142.0725514999574,53477900
2021-09-27,141.7897186279297,142.36519899589,140.27790504587242,141.88726170941032,74150700
2021-09-28,138.41493225097656,141.18498292082313,138.20034939372246,139.72192610299075,108972300
2021-09-29,139.312255859375,140.89235227723765,138.53195600356045,138.96112166840754,74602000
2021-09-30,138.0150146484375,140.82408826037346,137.80043180958225,140.12181985738948,89056700
2021-10-01,139.13668823242188,139.40004260947205,135.68388091891475,138.40515987182454,94639600
2021-10-04,135.71315002441406,138.70754679310303,134.8645818313905,138.26861784072736,98322000
2021-10-05,137.63462829589844,138.73680249578317,135.92772872481194,136.0545317412187,80861100
2021-10-06,138.50270080566406,138.64900052233625,134.96209883237336,136.035013031244,83221100
2021-10-07,139.7609405517578,140.66804355787346,139.2049866756737,139.53660933038944,61732700
2021-10-08,139.3804931640625,140.62896670309593,139.04887063590832,140.48266702390393,58773200
2021-10-11,139.2927703857422,141.24351294952652,138.31739910385002,138.76607644203366,64452200
2021-10-12,138.02474975585938,139.72190071402855,137.56632417893402,139.70238912610083,73035900
2021-10-13,137.4395751953125,137.91749761325408,135.77168370267864,137.7614495143466,78762700
2021-10-14,140.2193603515625,140.33641501765865,138.02477512030043,138.61000380183043,69907100
2021-10-15,141.27273559570312,141.33125547588753,139.97549034735292,140.22909633879294,67940300
2021-10-18,142.9406280517578,143.22347910319027,139.63412084083484,139.91697189226727,85589200
2021-10-19,145.09620666503906,145.49611240776287,142.94064476173952,143.38930715549284,76378900
2021-10-20,145.58387756347656,146.06181473584434,144.4719551618084,145.03767215675973,58418800
2021-10-21,145.79847717285156,145.95454013073487,144.2281290062348,145.14498028007083,61421000
2021-10-22,145.02792358398438,146.48121692115393,144.97915205496275,146.00329463249273,58883400
2021-10-25,144.97915649414062,145.69117321411855,143.98427382696465,145.0181647887637,50720600
2021-10-26,145.64242553710938,147.12497895180522,145.34004798248478,145.6521738906202,60893400
2021-10-27,145.18399047851562,146.04230690415662,144.83285629616836,145.68142436893194,56094900
2021-10-28,148.81239318847656,149.39760698679012,146.0325792767904,146.13012235133445,100077900
2021-10-29,146.110595703125,146.2471470636249,142.804088225394,143.59413644564216,124953200
2021-11-01,145.29127502441406,146.0130400607468,144.15984105888933,145.32053496464482,74588300
2021-11-02,146.3251953125,147.8370236875447,144.98892661408803,144.99868985144568,69122000
2021-11-03,147.7589569091797,148.22713081802038,146.13008913879244,146.686042864982,54511500
2021-11-04,147.24205017089844,148.6758322133497,146.92992422765454,147.84677558220335,60394600
2021-11-05,147.7694854736328,148.66813471450217,146.57779487265975,148.36533077411934,65463900
2021-11-08,146.9490203857422,148.0528033415094,146.6755190186912,147.89651258756408,55020900
2021-11-09,147.31040954589844,147.9160175036458,146.57781350486675,146.71456416967115,56787900
2021-11-10,144.48745727539062,146.64617992683026,144.4190894029692,146.5387319232798,65187100
2021-11-11,144.43862915039062,145.96242651484354,144.25303577054234,145.5033467129879,41000000
2021-11-12,146.5094451904297,146.9099196974308,144.0576809080353,144.9856329096499,63804000
2021-11-15,146.51919555664062,148.3555742437889,145.9624154592678,146.88060480284193,59222800
2021-11-16,147.4959716796875,147.97460635745318,145.87448920859703,146.4605718791386,59256200
2021-11-17,149.92823791503906,151.40319268452978,147.48625093625634,147.4960135184774,88807000
2021-11-18,154.20655822753906,154.98799688592075,149.4984160214015,150.1431040324191,137827700
2021-11-19,156.82435607910156,157.28345067512842,152.8976381128572,153.99164315630802,117305600
2021-11-22,157.2834930419922,161.85488526610547,157.26395297389544,157.92816624213555,117467900
2021-11-23,157.66444396972656,158.04539332554327,155.36897034832776,157.38116514595987,96041900
2021-11-24,158.18211364746094,158.37746957878764,155.93548317544833,157.01972573471906,69463600
2021-11-26,153.171142578125,156.72667394842426,152.73158803573577,155.86710492688786,76959800
2021-11-29,156.5215606689453,157.4495124904144,155.1051966783485,155.67173929364688,88748200
2021-11-30,161.4641571044922,161.67905311784355,156.20899716750552,156.27737994661885,174048100
2021-12-01,160.94647216796875,166.34814584365344,160.71203606659066,163.5935775451036,152052500
2021-12-02,159.95986938476562,160.38966136948252,154.13818224096923,155.05637149837315,136739200
2021-12-03,158.08445739746094,161.13206712633752,156.0136573148525,160.2138776845153,118023100
2021-12-06,161.48370361328125,163.98429560873123,160.4678287996897,160.47759138079394,107497000
2021-12-07,167.20773315429688,167.59846003217984,164.43363939250656,165.15647293806026,120405400
2021-12-08,171.01722717285156,171.8768113251432,166.73886138447926,168.13568563195315,116998900
2021-12-09,170.50924682617188,172.64842918211983,169.88409893762693,170.85113086564078,108923700
2021-12-10,175.28578186035156,175.46161263264923,170.63624509261138,171.14418244016858,115402700
2021-12-13,171.66189575195312,177.9036129181879,171.45676231906222,176.91704079075095,153237000
2021-12-14,170.2846221923828,173.6154957034132,168.21382219359762,171.18327152968024,139380400
2021-12-15,175.1392822265625,175.33463817394934,168.31148231582245,171.0465102933484,131063300
2021-12-16,168.26260375976562,176.93654309930375,166.7876495307785,175.11970485668968,150185800
2021-12-17,167.16868591308594,169.44461991835422,165.7523362269804,165.98675747423715,195432700
2021-12-20,165.8109130859375,166.6216545378973,163.5740596088574,164.37502357405398,107499100
2021-12-21,168.97572326660156,169.18084181030284,165.1955175809284,167.57889907243998,91185900
2021-12-22,171.56417846679688,171.77907444050894,168.15516043354702,169.02450690730925,92135300
2021-12-23,172.18934631347656,172.74612637491737,171.20278915942293,171.76933180091095,68356600
2021-12-27,176.14537048339844,176.23327841950962,172.96102548062714,172.9805506410723,74919600
2021-12-28,175.1295166015625,177.12218615208815,174.38715798933583,175.9793381325386,79144300
2021-12-29,175.2174072265625,176.43840038673264,174.0061766459811,175.16856451921535,62348900
2021-12-30,174.0647735595703,176.37978661508689,173.95732557045602,175.30530672394408,59773000
2021-12-31,173.449462890625,175.07093096003192,173.14664397725932,173.95738546431582,64062300
2022-01-03,177.78639221191406,178.6362137085352,173.58618706197944,173.70339765267045,104487900
2022-01-04,175.53001403808594,178.69483440178558,174.9634712930882,178.3920304132724,99310400
2022-01-05,170.8608856201172,175.98905654908802,170.58738436294814,175.4420540347499,94537600
2022-01-06,168.00869750976562,171.23212317548703,167.65705080251047,168.69245085589924,96904000
2022-01-07,168.1747283935547,170.09901499255682,167.06118311991872,168.8780217142409,86709100
2022-01-10,168.19424438476562,168.4970482896935,164.26752639043735,165.1564129469489,106765600
2022-01-11,171.01722717285156,171.1148977053451,166.85608689005863,168.3212790198075,76138300
2022-01-12,171.45677185058594,173.06847713761263,170.76325596284155,172.0330771442787,74805200
2022-01-13,168.19424438476562,172.52143678948505,167.80351764880953,171.7009330010287,84505800
2022-01-14,169.05384826660156,169.7473640846977,167.1197842307582,167.36398288031089,80440800
2022-01-18,165.85971069335938,168.5361181103695,165.478761430844,167.53002095796475,90956700
2022-01-19,162.37257385253906,167.1100339648471,162.08930995625335,166.05509393247632,94815000
2022-01-20,160.6925048828125,165.74253213798244,160.37016081486053,163.1051891966637,91420500
2022-01-21,158.6412353515625,162.4702688967568,158.53378733529433,160.60458738914824,122848900
2022-01-24,157.8695526123047,158.53378075020058,151.11013516388041,156.30669005524535,162294600
2022-01-25,156.07223510742188,158.98307875093712,153.3762874615523,155.29079647095608,115798400
2022-01-26,155.984375,160.57530790290645,154.1577733646561,159.70596106577034,108275300
2022-01-27,155.52525329589844,160.0380400395087,154.6070638933257,158.68029600296296,121954600
2022-01-28,166.37745666503906,166.3969967339565,159.02219316405643,161.86466955096992,179935700
2022-01-31,170.72412109375,170.93901705041793,165.5764105212587,166.2113358131228,115541600
2022-02-01,170.55812072753906,170.78277933201363,168.31148996868112,169.9720379540269,86213900
2022-02-02,171.75955200195312,171.79863213102016,169.30780301992357,170.69484950775998,84914300
2022-02-03,168.88778686523438,172.15029228212393,168.12588824034546,170.43112418107953,89418100
2022-02-04,168.60418701171875,170.27664070855118,166.93173331488632,167.90977257243412,82465400
2022-02-07,167.89022827148438,170.12993168140494,167.19581380846196,169.06387243592252,77251200
2022-02-08,170.99058532714844,171.49916986063508,167.66524328351184,167.95865801143464,74829200
2022-02-09,172.4087371826172,172.77060688626915,171.05903840340724,172.18379236064646,71285000
2022-02-10,168.34011840820312,171.62633103104866,167.78264377127414,170.31576195955012,90865900
2022-02-11,164.93649291992188,169.27898837706067,164.34966356269592,168.54545914237346,98670700
2022-02-14,165.1712646484375,165.8558891027738,162.9022065441299,163.69441590726865,86185500
2022-02-15,168.995361328125,169.15185115822308,166.5111487010071,167.21533801275692,62527400
2022-02-16,168.76068115234375,169.53332561896576,166.3155829464961,168.07605663944543,61177400
2022-02-17,165.1712646484375,168.1347222265384,164.7702649952927,167.27404295611913,69589300
2022-02-18,163.62594604492188,166.7947832093295,162.54032203615824,166.09060878011084,82772700
2022-02-22,160.71141052246094,163.02935867994262,158.58905229899906,161.35690506054718,91162800
2022-02-23,156.55470275878906,162.5011664749462,156.24172312968074,161.9045621151873,90009200
2022-02-24,159.16607666015625,159.27366155009665,148.66193213542687,149.2291965620497,141147500
2022-02-25,161.22976684570312,161.4938266826065,157.3371601146723,160.24193771015948,91974200
2022-02-28,161.4938201904297,161.78723492110947,158.86289248069977,159.479061922758,95056600
2022-03-01,159.61598205566406,162.94132403155473,158.41299811175085,161.08304074169718,83474400
2022-03-02,162.90220642089844,163.68464076398826,159.37148431939156,160.77986315221446,79724800
2022-03-03,162.57945251464844,165.20060533866413,161.91439302006907,164.77026570160976,76678400
2022-03-04,159.5866241455078,161.9143617747294,158.54013016070306,160.87764280753723,83737200
2022-03-07,155.8016357421875,161.3960207362876,155.54733601828758,159.7724722055909,96418800
2022-03-08,153.98245239257812,159.302986589477,152.37846913530916,155.33215089914594,131148300
2022-03-09,159.3714599609375,159.82136448965088,155.9092082958325,157.93374136581392,91454900
2022-03-10,155.0387725830078,156.86770104560523,152.55454474714313,156.68187121650197,105342000
2022-03-11,151.3319854736328,155.78206635482195,151.1070406596988,155.43974670100266,96970100
2022-03-14,147.312255859375,150.7353929741164,146.8036862331013,148.12403016599976,108732100
2022-03-15,151.68408203125,152.1535515492418,147.0775261791108,147.58609577139651,92964300
2022-03-16,156.0852508544922,156.48625045296393,151.06792059745445,153.60103819497576,102300200
2022-03-17,157.09262084960938,157.46428044860957,154.16829376386883,155.12676781405298,75615400
2022-03-18,160.37881469726562,160.86783414742996,156.25148934398342,156.98501851922993,123511700
2022-03-21,161.74813842773438,162.69683770871782,159.43017522147943,159.91919485399893,95811400
2022-03-22,165.1125946044922,165.6994092047397,161.2884575262128,161.87527212646032,81532000
2022-03-23,166.47206115722656,168.8486892835288,163.9682682338466,164.3008129085659,98062700
2022-03-24,170.24728393554688,170.31573891650316,166.4720521767643,167.30337650948087,90131400
2022-03-25,170.88302612304688,171.4307257382337,168.95628752581777,170.06147670026667,80546200
2022-03-28,171.74366760253906,171.87080253422522,168.22272096176943,168.38898581373743,90371900
2022-03-29,175.0299072265625,175.07879724912362,172.46743429498167,172.80975399507543,100589400
2022-03-30,173.8660430908203,175.66563174403498,172.81953392128133,174.62891251824163,92633200
2022-03-31,170.7754364013672,174.12032889178556,170.57004158960083,173.9344990439243,103049300
2022-04-01,170.48199462890625,171.0394840841696,168.16404671715162,170.20814487239906,78751300
2022-04-04,174.52130126953125,174.5702062097959,170.60914482743888,170.7362946873885,76468400
2022-04-05,171.21551513671875,174.38436705774205,170.589570736433,173.6019328264619,73401800
2022-04-06,168.0564727783203,169.81694627331598,166.3938091700385,168.57483234577828,89058800
2022-04-07,168.3596649169922,169.55287391806212,166.11996174699982,167.401190693142,77594700
2022-04-08,166.3546905517578,168.00757925318007,165.48423622614246,168.00757925318007,76575500
2022-04-11,162.10997009277344,165.31793693449984,161.8654603339608,165.00497220353915,72246700
2022-04-12,163.97805786132812,166.13951616252308,162.98045368647982,164.3301525745867,79265200
2022-04-13,166.6578826904297,167.28382721520924,163.10761035124472,163.71398991233582,70618900
2022-04-14,161.66006469726562,167.50874884154206,161.41555493977322,166.87301451784703,75329400
2022-04-18,161.44491577148438,162.94131434841603,159.97785717263437,160.3201618914843,69023900
2022-04-19,163.72372436523438,164.13451388243473,160.31037777023087,161.39600166868107,67723800
2022-04-20,163.55747985839844,165.17125338034182,162.45230578739907,165.05387853639598,67929800
2022-04-21,162.76524353027344,167.7630232618858,162.2664490283051,165.2005659371102,87227800
2022-04-22,158.23696899414062,164.18344962427105,157.95334416856102,162.8044255775631,84882400
2022-04-25,159.3030242919922,159.58664908398902,154.98009296481885,157.5816658069576,96046400
2022-04-26,153.35653686523438,158.77486701882205,153.2782919448604,158.68684707978605,95623200
2022-04-27,153.13160705566406,156.2808795981602,151.967738002025,152.48609759207858,88063200
2022-04-28,160.04632568359375,160.9070049099631,155.43975472715812,155.7527344180899,130216800
2022-04-29,154.18789672851562,162.55013611076737,153.79668696009873,158.2858839707605,131747600
2022-05-02,154.4910888671875,154.75514872367953,149.9040823265059,153.26853978592672,123055300
2022-05-03,155.97769165039062,157.18069064394373,152.88709903691972,154.67689768841237,88966500
2022-05-04,162.3740692138672,162.82395888042848,155.76251479077115,156.1635144371754,108256500
2022-05-05,153.32720947265625,160.47667363266967,151.5471709663278,160.25172879543595,130525300
2022-05-06,154.052001953125,156.16767394547392,151.0156200226824,152.8080631040653,116124600
2022-05-09,148.9391326904297,152.63176175523802,148.38083908771665,151.75022430191655,131577900
2022-05-10,151.3388671875,153.5231099451531,149.7912929478581,152.32814774676658,115366700
2022-05-11,143.49325561523438,152.25956414663153,142.81741468212965,150.3495886480442,142689800
2022-05-12,139.6341552734375,143.19944882474022,135.95132933498297,139.83985189657713,182602000
2022-05-13,144.0907440185547,145.0604308345469,140.17283922837782,141.62245981596948,113990900
2022-05-16,142.55296325683594,144.4923369438145,141.22087499257742,142.56276758428663,86643800
2022-05-17,146.17703247070312,146.69615365751025,143.66956086149628,145.80482673464496,78336300
2022-05-18,137.92984008789062,144.33560760113403,137.0287088681347,143.83608013972986,109742900
2022-05-19,134.53106689453125,138.75260707730666,133.7964597180681,137.00914057415054,136095600
2022-05-20,134.76612854003906,137.81230015984903,129.8883411847853,136.23534285932448,137426100
2022-05-23,140.17279052734375,140.31970592768346,134.82484577074624,134.96197179293512,117726300
2022-05-24,137.479248046875,139.0562049598391,134.51143704695141,137.92000924521287,104132700
2022-05-25,137.635986328125,138.87991021944293,135.50072064953915,135.58886991195646,92482700
2022-05-26,140.82907104492188,141.37757526410218,134.32535040420584,134.57021942674126,90601500
2022-05-27,146.56883239746094,146.6080048732437,142.27872143657157,142.4060581377044,90978500
2022-05-31,145.78521728515625,147.5678709384086,143.82626511004062,146.01050754614022,103718400
2022-06-01,145.6579132080078,148.62572491730577,144.6490389655957,146.8234773391278,74286600
2022-06-02,148.1065673828125,148.16533354946895,143.84584095281429,144.79593383540592,72348100
2022-06-03,142.39625549316406,144.93309527765794,141.49513917786348,143.88504856420633,88570300
2022-06-06,143.140625,145.52075950090375,141.92606935448035,144.01235806018857,71598400
2022-06-07,145.6579132080078,145.94195473174813,141.14252729935507,141.3873963509184,67808200
2022-06-08,144.92330932617188,146.7940975636926,144.43357121198528,145.53057980516448,53950200
2022-06-09,139.71249389648438,144.91351047437155,139.60475090946733,144.0613709060868,69473000
2022-06-10,134.31556701660156,137.87105521943323,134.24699651333503,137.40091085996173,91437900
2022-06-13,129.1732940673828,132.42514647480579,128.74232225475177,130.1429657001856,122207100
2022-06-14,130.0352325439453,131.14204524198857,128.7815044194442,130.39764883857168,84784300
2022-06-15,132.65048217773438,134.52128569573054,129.44760509851972,131.53387967535357,91533000
2022-06-16,127.39067840576172,129.67285985675707,126.39160844816745,129.36922461121898,108123900
2022-06-17,128.85987854003906,130.34868645706888,127.14579529566508,127.40046865716874,134520300
2022-06-21,133.08140563964844,134.2469845261448,130.58375367786297,130.68169231513036,81000500
2022-06-22,132.57211303710938,134.93263938077834,131.16166488175563,132.0235937967665,73409200
2022-06-23,135.43214416503906,135.74556869818326,132.8463282477274,134.01190702274286,72433800
2022-06-24,138.75262451171875,138.99749360130787,136.90141479225005,137.02873655581266,89116800
2022-06-27,138.75262451171875,140.54506804098577,138.07678343315314,139.77127334833523,70207900
2022-06-28,134.6191864013672,140.47644880841756,134.50165406172098,139.212931320367,67083400
2022-06-29,136.3724365234375,137.78288432606877,133.86498040570075,134.63877479951915,66242400
2022-06-30,133.91397094726562,135.5301005021527,131.02451949836083,134.43309207438057,98964500
2022-07-01,136.07859802246094,136.18634098386156,132.87572215700436,133.2479128863371,71051600
2022-07-05,138.6546630859375,138.70363989022064,134.11968301964518,134.94245447298385,73353800
2022-07-06,139.98670959472656,141.16207781793045,138.18447732277275,138.44894003031942,74064300
2022-07-07,143.3463592529297,143.5422515193908,140.3393599057939,140.3491492881493,66253700
2022-07-08,144.02218627929688,144.52172874952925,142.0240612352335,142.2787196887486,64547800
2022-07-11,141.896728515625,143.63040577238007,140.82910292265402,142.68031255423233,63141600
2022-07-12,142.86639404296875,145.40323372369386,142.07302074051665,142.76844044820817,77588800
2022-07-13,142.5039825439453,143.44427122627144,139.2031379384123,140.0552923046931,71185600
2022-07-14,145.42283630371094,145.89298070687983,140.30996921418316,141.1229362743088,78140700
2022-07-15,147.08792114257812,147.7637620290884,145.15835206929646,146.70592606919652,76259900
2022-07-18,144.0515594482422,148.45920196700573,143.6891431225671,147.64623499784832,81420900
2022-07-19,147.90090942382812,148.1261847699647,143.89485526545627,144.88412086859606,82982400
2022-07-20,149.89901733398438,150.56506886066487,147.2838179131366,148.01842499581136,64823400
2022-07-21,152.16163635253906,152.37712231601844,148.82161886422966,151.3290755894941,65086600
2022-07-22,150.92747497558594,153.07253011561605,150.2614383736218,152.20079694797485,66675400
2022-07-25,149.8108673095703,151.85796878260385,149.15462011252404,150.84910958984113,53623900
2022-07-26,148.48861694335938,149.94802710334568,147.70503289373295,149.13505995960023,55138700
2022-07-27,153.5720672607422,154.10099277980115,149.0371026048061,149.4484808165071,78620700
2022-07-28,154.12059020996094,154.40463173955777,151.2409277129022,153.75817384315252,81378700
2022-07-29,159.17465209960938,160.2716754702952,156.22643448443253,157.93072824104914,101786900
2022-08-01,158.1951904296875,160.2325026515257,157.58791998844677,157.7054523459462,67829400
2022-08-02,156.72598266601562,159.07673453265352,156.35379186998745,156.81414688340993,59907000
2022-08-03,162.72036743164062,163.1709180629882,157.45078129075776,157.53893055181024,82507500
2022-08-04,162.4069366455078,163.75861850349844,161.05525478751719,162.60282888470158,55474100
2022-08-05,162.181396484375,162.67181496184043,159.87642365373375,160.08240599947828,56697000
2022-08-08,161.71054077148438,164.59420304327227,161.05338198319762,163.18179581085533,60276900
2022-08-09,161.75958251953125,162.6423445061743,160.1215870695177,160.8768354992681,63135500
2022-08-10,165.99684143066406,166.0949161402945,163.70167172283962,164.46672330332,70170500
2022-08-11,165.2611541748047,167.713245527213,164.96690021924013,166.80105976160058,57149200
2022-08-12,168.80198669433594,168.87063747457046,166.1537158722437,166.5656804191666,68039400
2022-08-15,169.87109375,170.0672580774187,168.06635799154176,168.2330984181666,54091700
2022-08-16,169.7141571044922,170.38113378052608,168.37041574061854,169.4689479524639,56377100
2022-08-17,171.20504760742188,172.7743773350279,169.26299514755854,169.45915949271176,79542000
2022-08-18,170.81271362304688,171.54834118381174,169.8024529702403,170.4203849105247,62290100
2022-08-19,168.23312377929688,170.4105825645676,168.02714147630917,169.71418188591318,70346300
2022-08-22,164.35882568359375,166.6049353146799,163.93705808753546,166.43819485878106,69026800
2022-08-23,164.02529907226562,165.4769480040651,163.4564120530002,163.87817957003261,54147100
2022-08-24,164.31954956054688,164.88843656775538,163.0640799468379,164.1135822617859,53841500
2022-08-25,166.7716522216797,166.8795448504242,165.12385385508654,165.54560642521002,51218200
2022-08-26,160.48451232910156,167.77213753118554,160.42566451575846,167.3013400580589,78961000
2022-08-29,158.28744506835938,159.77830620497173,156.7573420791942,158.0618418321346,73314000
2022-08-30,155.86476135253906,159.44480926961938,154.6975633016655,159.02305667853338,77906200
2022-08-31,154.2071533203125,157.50276536238007,154.1286845852179,157.23793525223348,87991100
2022-09-01,154.9329833984375,155.38415993328115,151.70602203096658,153.6382716729597,74229900
2022-09-02,152.82415771484375,157.286967514474,152.00025851175562,156.6886565527691,76957800
2022-09-06,151.56869506835938,154.07963464254792,150.7447958267751,153.4715206737186,73714800
2022-09-07,152.97129821777344,153.6676838931478,150.66632598771957,151.85314497915547,87449600
2022-09-08,151.5000457763672,153.36362955067995,149.75414265238146,151.67658920142858,84923800
2022-09-09,154.3542938232422,154.79568238893683,151.7845060067485,152.4907097522004,68028800
2022-09-12,160.2981414794922,161.11223777090294,156.24729591423596,156.53173198406338,104956000
2022-09-13,150.8918914794922,157.46349338077283,150.43089710301157,156.8357585865151,122656600
2022-09-14,152.33375549316406,154.08946168271527,150.66633598686377,151.82371618505977,87965400
2022-09-15,149.4500732421875,152.26508456095567,148.47905455230304,151.6863795720259,90481100
2022-09-16,147.81207275390625,148.44962552428208,145.5267216779744,148.31230899881908,162278800
2022-09-19,151.5196533203125,151.5981220543988,146.24276190884032,146.44872924023372,81474200
2022-09-20,153.89324951171875,155.05064442927653,150.1464616536784,150.46032156880005,107689800
2022-09-21,150.7742462158203,155.69805153828966,150.65655057959955,154.32487092805448,101696800
2022-09-22,149.81300354003906,151.50984684718208,148.0180705759549,149.4599017279835,86652500
2022-09-23,147.54727172851562,148.5673503753869,145.71311171309017,148.29271727039426,96029900
2022-09-26,147.8807373046875,150.82324708343862,146.77238716545008,146.79200808789446,93339400
2022-09-27,148.85174560546875,151.75502830388234,147.0764338903238,149.81297617549825,84442700
2022-09-28,146.96856689453125,147.75323924438212,142.06438341593866,144.81072915722658,146691400
2022-09-29,139.74960327148438,143.9083561021041,137.98409428837317,143.3002421615135,128138200
2022-09-30,135.55162048339844,140.35772899315157,135.35545614892226,138.5725991267457,124925300
2022-10-03,139.72019958496094,140.32832857992096,135.05142179088293,135.5614611189966,114311700
2022-10-04,143.30027770996094,143.41797334923848,141.4955264315323,142.25077503845796,87830100
2022-10-05,143.59446716308594,144.55569777280346,140.2694318056122,141.30913113651346,79471000
2022-10-06,142.64308166503906,144.7126478104947,142.43711432828448,143.0158044200555,68402200
2022-10-07,137.40542602539062,140.35775442140775,136.77769106151405,139.80847323243142,85925600
2022-10-10,137.72906494140625,139.17089585032406,135.91452632499212,137.72906494140625,74899000
2022-10-11,136.3166961669922,138.64128959242282,135.57126557653487,137.2190642395612,77033700
2022-10-12,135.68893432617188,137.67022848780448,135.51239091855444,136.4638036366148,70433700
2022-10-13,140.2498321533203,140.83832513907973,131.79501040391918,132.40313927882985,113224000
2022-10-14,135.7281951904297,141.75053227831364,135.5418338120233,141.5445499741852,88598000
2022-10-17,139.68092346191406,140.16152374746147,137.58193404215913,138.3666062011952,85250900
2022-10-18,140.99526977539062,143.88873492707052,137.91544326382163,142.7019309504816,99136600
2022-10-19,141.10316467285156,142.1722730567363,138.78838952105372,138.974750883936,61758300
2022-10-20,140.64218139648438,143.0942732786787,139.91635681145763,140.27927658716155,64522000
2022-10-21,144.44781494140625,145.0167019837592,139.916339525803,140.13212478208789,86548600
2022-10-24,146.58604431152344,147.3510957532076,143.2021606323234,144.3693587197694,75981900
2022-10-25,149.420654296875,149.56778877679034,146.4977652190575,147.21377179556336,74732300
2022-10-26,146.48794555664062,149.07735346461445,145.20303709712394,148.06709300971718,88194300
2022-10-27,142.02516174316406,146.1937178528811,141.36800292889203,145.23250204640354,109180200
2022-10-28,152.75550842285156,154.48177557471033,144.98728378991743,145.35999154749908,164762400
2022-10-31,150.40147399902344,151.2842358798015,149.0086878845991,150.22493060269468,97943200
2022-11-01,147.7630615234375,152.47108127109797,146.27220032701106,152.10817643552318,80379300
2022-11-02,142.250732421875,149.2539052221096,142.22130852087065,146.09561013902547,93604600
2022-11-03,136.2185821533203,140.06345955714755,136.09106861510674,139.33763513663766,97918500
2022-11-04,135.9533233642578,140.16808578570755,132.02346880241154,139.59825507529519,140814800
2022-11-07,136.48385620117188,136.70981865595215,133.29084915754692,134.70559929239224,83374600
2022-11-08,137.05368041992188,138.94982808586678,135.07893386231837,137.94772594743225,89908500
2022-11-09,132.50489807128906,136.12037292800636,132.22980938548775,136.07124673599705,74917800
2022-11-10,144.29444885253906,144.29444885253906,137.0536956773793,138.7631880310501,118854000
2022-11-11,147.0748291015625,147.3793904835366,141.83829520447486,143.26287971945007,93979700
2022-11-14,145.6797332763672,147.64466090619808,144.8446330372058,146.35763570725214,73374100
2022-11-15,147.4088592529297,150.89660867721872,145.95481705312972,149.5506380930854,89868300
2022-11-16,146.1807861328125,147.2418488642614,144.70709039322372,146.51483522710427,64218300
2022-11-17,148.0769500732422,148.8236171893066,143.5870831617381,143.8621718356149,80389400
2022-11-18,148.6369171142578,150.022194440957,147.3400729082456,149.63903422199823,74829600
2022-11-21,145.4144287109375,147.7330433535175,145.12952086958856,147.5267343973142,58724100
2022-11-22,147.54641723632812,147.78221396265934,144.35340964940343,145.53237828985053,51804100
2022-11-23,148.42080688476562,149.16747394284351,146.72113379241404,146.82920540527334,58301400
2022-11-25,145.5126953125,146.2691965387926,144.5400508786952,145.70918504900035,35195900
2022-11-28,141.69091796875,144.06847835661756,140.86565204725017,142.59478278627932,69246000
2022-11-29,138.69439697265625,142.2705641956943,137.88878454429147,141.75967888062996,83763800
2022-11-30,145.43409729003906,146.1119996275474,138.08527316426236,138.9203582971881,111380900
2022-12-01,145.709228515625,146.51485616417156,144.03904277032873,145.61099111367253,71250400
2022-12-02,145.2179412841797,145.4046117654443,143.09581632538948,143.40039263183445,65447400
2022-12-05,144.0586700439453,148.27343309869434,143.21375058654476,145.17867816271277,68826400
2022-12-06,140.4038848876953,144.71689974436399,139.43124046996064,144.49093730068225,64727200
2022-12-07,138.4684295654297,140.85580904494128,137.54491133359693,139.69650913090823,69721100
2022-12-08,140.14849853515625,141.0032525002465,138.62569116588273,139.86359054093452,62128300
2022-12-09,139.6670684814453,143.01727390300547,138.42915440090607,139.8439047836886,76097000
2022-12-12,141.95619201660156,141.96601125722427,138.58633357333804,140.19757351667832,70462700
2022-12-13,142.91900634765625,147.34009332894186,141.71058010364294,146.87833415604433,93886200
2022-12-14,140.6986541748047,144.08815144991274,138.68460028950005,142.80112620848055,82291200
2022-12-15,134.10630798339844,139.3133690938159,133.64454880056923,138.63546667684503,98931900
2022-12-16,132.15122985839844,135.2361662798,131.38490912253005,134.2930092162133,160156900
2022-12-19,130.04872131347656,132.82909551472687,129.01714637272462,132.74067737544078,79592600
2022-12-20,129.97996520996094,130.91330283228723,127.6122238272619,129.08591954394805,77432800
2022-12-21,133.07470703125,134.41085828161889,130.42205800232537,130.64802045895354,85928000
2022-12-22,129.9112091064453,132.20035200043924,128.01506080289434,131.9940429577661,77852100
2022-12-23,129.54766845703125,130.0978457490201,127.3665977700706,128.62415014924704,63814900
2022-12-27,127.74978637695312,129.10559142681458,126.46276099945749,129.076118707575,69007800
2022-12-28,123.82972717285156,128.73221899747332,123.66271014073895,127.39606774936588,85438400
2022-12-29,127.33712768554688,128.19186635387044,125.49009852746012,125.74553370652504,75703700
2022-12-30,127.6515121459961,127.67116561919678,125.19536018378078,126.15817798931155,77034200
2023-01-03,122.87674713134766,128.6045053870652,121.99252821247748,127.99538262842435,112117500
2023-01-04,124.14412689208984,126.4037966398773,122.886574422074,124.66483150899292,89113600
2023-01-05,122.8276138305664,125.52938912334946,122.57217865426507,124.90061292758642,80962700
2023-01-06,127.34693145751953,128.00518029343567,122.69988266566685,123.80024463429882,87754700
2023-01-09,127.86768341064453,131.0705256401885,127.61224816786576,128.18207908595156,70790800
2023-01-10,128.43748474121094,128.95818934117645,125.87325369613974,127.97572556898378,63896200
2023-01-11,131.14910888671875,131.16874737067045,128.1722445262406,128.94838439618852,69458900
2023-01-12,131.07049560546875,131.90558081812333,129.13504077259947,131.5322547782573,71379600
2023-01-13,132.3968048095703,132.55400260182785,129.35117628841525,129.71468306570503,57809700
2023-01-17,133.55615234375,134.88246968730516,131.77789498509242,132.46561675484807,63646600
2023-01-18,132.8389434814453,136.17931456809228,132.66209219338052,134.4207108763407,69672800
2023-01-19,132.89788818359375,133.86069855178562,131.42419241972087,131.7287538123279,58280400
2023-01-20,135.45225524902344,135.59963378756996,131.8662690124696,132.9076780568954,80223600
2023-01-23,138.63546752929688,140.80671912517695,135.4817521326256,135.6978953680963,81760300
2023-01-24,140.03054809570312,140.64950501564115,137.83965827143598,137.84947751147084,66435100
2023-01-25,139.37232971191406,139.93232634052288,136.37581181311944,138.41933852785135,65799300
2023-01-26,141.4355010986328,141.72040901629467,139.41161299424252,140.65934626942868,54105100
2023-01-27,143.3709259033203,144.64813175929368,140.57091324840124,140.64951214628343,70555800
2023-01-30,140.49234008789062,142.99762607371383,140.34497649686972,142.41797596075202,64015300
2023-01-31,141.75967407226562,141.8088002532181,139.78492752410364,140.19756045993424,65874500
2023-02-01,142.87973022460938,144.03904552300298,138.84181763550876,141.44534120076577,77663600
2023-02-02,148.17518615722656,148.52885870656533,145.57164829200897,146.2888426135127,118339000
2023-02-03,151.7906494140625,154.62014981197694,145.23761799882098,145.43410775063012,154357300
2023-02-06,149.06924438476562,150.41523013113607,148.13590667152536,149.89452545981646,69858300
2023-02-07,151.9380340576172,152.5078649107581,147.9983592694092,147.9983592694092,83322600
2023-02-08,149.25587463378906,151.86923151834947,148.5190269025848,151.18150996746658,64120100
2023-02-09,148.2242889404297,151.62361983119905,147.78218328763404,151.08326181502397,56007100
2023-02-10,148.58836364746094,148.9130734935689,146.8270751036462,147.0632318137508,57450700
2023-02-13,151.38284301757812,151.78625678187208,148.49982115470684,148.52933886882354,62199000
2023-02-14,150.7432403564453,151.3041068890254,148.4407688328002,149.68055772689488,61707600
2023-02-15,152.839111328125,153.0063833860837,150.42840282421838,150.6547103127393,65573800
2023-02-16,151.2450714111328,153.82305157694913,150.8908438680814,151.04826665403036,68167900
2023-02-17,150.10366821289062,150.5464488832577,148.4309328947845,149.90687847207133,59144100
2023-02-21,146.0989532470703,148.87373860585663,146.0300835825423,147.79137232815333,58867200
2023-02-22,146.52206420898438,147.54538003263738,144.80012742797703,146.48269724609548,51011300
2023-02-23,147.0042266845703,147.92915531660412,144.87887569494612,147.6831642980462,48394200
2023-02-24,144.3573455810547,144.8296440334222,143.38321594733068,144.75092512234477,55469600
2023-02-27,145.5479278564453,146.7778826433076,145.08546365545737,145.3413038601465,44998500
2023-02-28,145.0460968017578,146.689314426437,144.47539603761436,144.6918692589824,50547000
2023-03-01,142.9797821044922,144.86899086128216,142.68458995191014,144.4754113339038,55479000
2023-03-02,143.57015991210938,144.3573339453376,141.59238308918532,142.0646965175798,52238100
2023-03-03,148.6080780029297,148.68679692265323,144.96741429678426,145.6660203114201,70732300
2023-03-06,151.36314392089844,153.79353555974586,150.99908214162087,151.32377696340643,87558000
2023-03-07,149.16893005371094,151.55995507278075,148.70646582947896,151.2352451910372,56182000
2023-03-08,150.4185333251953,151.00891757952724,149.39521763366128,150.35949790258118,47204800
2023-03-09,148.17510986328125,152.06176399701366,147.82088228318355,151.09748364556307,53833600
2023-03-10,146.1186065673828,148.51948035027368,145.24287949222287,147.8011910673905,68572400
2023-03-13,148.05703735351562,150.6842189540097,145.33145336527863,145.43968998615728,84457100
2023-03-14,150.14303588867188,150.94004418166887,147.6929755826584,148.85404568502526,73695900
2023-03-15,150.53662109375,150.7924462663543,147.51584514285557,148.76548332238644,77167900
2023-03-16,153.3507537841797,153.95097226183628,149.20825986230471,149.71992520737962,76161100
2023-03-17,152.51437377929688,154.22647602550626,151.80591871287191,153.5770563789343,98944600
2023-03-20,154.8759002685547,155.28917828804447,151.67801783277878,152.58327776546486,73641400
2023-03-21,156.7257537841797,156.84382463636302,154.02968755125636,154.7971931327365,73938300
2023-03-22,155.2990264892578,159.5399085601911,155.27934300701256,156.7454546452784,75701800
2023-03-23,156.38136291503906,158.9593583364734,155.15140813839363,156.28297554136526,67622100
2023-03-24,157.6802215576172,157.76877470893055,155.31871410467124,156.31251228008384,59196500
2023-03-27,155.74180603027344,158.19188156427322,155.33837722493854,157.37518971960662,52390300
2023-03-28,155.1218719482422,155.9484128704115,153.4786543640599,155.4367475403247,45992200
2023-03-29,158.19189453125,158.46740324672123,156.79466747018907,156.81433593979492,51305700
2023-03-30,159.75637817382812,159.8646148025582,158.68386113447403,158.9396863414281,49501700
2023-03-31,162.25563049316406,162.35403288236776,159.31358823359025,159.8350878653574,68749800
2023-04-03,163.50526428222656,163.62333513475417,161.58653785817188,161.63573905142377,56976200
2023-04-04,162.9739227294922,164.16451047380076,162.46225736922722,163.92836877990578,46278300
2023-04-05,161.1339111328125,162.40323287933546,159.20535043705326,162.0982064947886,51511700
2023-04-06,162.0194854736328,162.31467762112032,159.40213812085784,159.8252353547828,45390100
2023-04-10,159.43165588378906,159.43165588378906,157.51292944566782,158.8314373555464,47716900
2023-04-11,158.22140502929688,159.75638637804428,157.93604707794614,159.74655214369014,47644200
2023-04-12,157.53262329101562,159.46118408911326,157.2177476424543,158.6346580327857,50133100
2023-04-13,162.90504455566406,163.14120127307194,158.83143501847854,159.03807402297244,68445600
2023-04-14,162.56069946289062,163.65290010625418,161.1929900999488,161.95063157173945,49386500
2023-04-17,162.58035278320312,162.73779061232008,161.39959909302152,162.44259843625022,41516200
2023-04-18,163.80047607421875,164.72540456754612,162.99361844758067,163.43641422586148,49923000
2023-04-19,164.94183349609375,165.46333303592274,162.88533803142178,163.14117819260926,47720200
2023-04-20,163.9775848388672,165.1780220485777,162.90506774605808,163.42656743390464,52456400
2023-04-21,162.37368774414062,163.78074857435575,161.85218820428946,162.40320545287983,58337300
2023-04-24,162.6787567138672,162.94443117624493,161.26184626664974,162.35404681853836,41949600
2023-04-25,161.14376831054688,163.6430299514636,161.10440134757968,162.54099521393778,48714100
2023-04-26,161.1339111328125,162.6295403559192,160.1893142654478,160.44513945575562,45498800
2023-04-27,165.70933532714844,165.85692388096987,162.54097091629146,162.54097091629146,64902300
2023-04-28,166.95895385742188,167.12624089927414,165.18783120394306,165.7880496631181,55275900
2023-05-01,166.8704071044922,167.71661652166532,165.93564455408003,166.56538074727197,52472900
2023-05-02,165.8372802734375,167.6182676642773,164.85331630714083,167.36242742401706,48425700
2023-05-03,164.76473999023438,168.17909567440717,164.47939708632646,166.78186884038578,65136000
2023-05-04,163.13137817382812,164.36133312270948,161.6751157183002,162.24581661627295,81235400
2023-05-05,170.78662109375,171.50491053581004,168.02166992672903,168.23814318555767,113453200
2023-05-08,170.71774291992188,171.0621363032094,169.35003364925416,169.71409550111375,55962800
2023-05-09,169.01548767089844,170.75709300871614,168.8482156052712,170.27496029429,45326900
2023-05-10,170.77676391601562,171.23922812803062,169.14338031673282,170.24543004162442,53724500
2023-05-11,170.96372985839844,171.7902559418124,169.40906507439723,171.06213225532295,49514700
2023-05-12,170.0375213623047,171.50564580777203,168.49055408757272,171.07210045600348,45533100
2023-05-15,169.5448455810547,170.66811525184778,168.95364468701064,170.6188460048669,37266700
2023-05-16,169.5448455810547,170.5991352991019,169.27880367524853,169.46601779285794,42110300
2023-05-17,170.15573120117188,170.39219951568867,167.91903983890595,169.19011716888295,57951600
2023-05-18,172.48110961914062,172.6683237371227,170.04735615510018,170.46119076780954,65496700
2023-05-19,172.58949279785156,173.80143807257875,172.3727201425523,173.80143807257875,55809500
2023-05-22,171.6435546875,172.1460798920396,170.90456118422298,171.42678205708316,43570900
2023-05-23,169.04232788085938,170.83562631420236,168.7664381272472,170.58929510312979,50747300
2023-05-24,169.31820678710938,169.8896969643689,168.01758589409968,168.57921320123526,45143500
2023-05-25,170.45135498046875,171.34798918728478,169.17042964019168,169.87986475065702,56058300
2023-05-26,172.85552978515625,173.19055165787438,170.56958397024448,170.77650880236848,54835000
2023-05-30,174.6980743408203,176.36327550868927,173.97879151124883,174.36306754730614,55964400
2023-05-31,174.64881896972656,176.71800704198733,174.16600441023556,174.72764675708407,99625300
2023-06-01,177.44715881347656,177.47671735788407,174.33352850038895,175.0922328882,68901800
2023-06-02,178.2945098876953,179.11233123154489,176.62930866038764,178.37333767160567,61996900
2023-06-05,176.94464111328125,182.2358308287415,175.4272324012079,179.949884959394,121946500
2023-06-06,176.58006286621094,177.4766970018392,174.82617090162998,177.328904296753,64848400
2023-06-07,175.21044921875,178.55069942371495,174.71778685793004,175.8213457350109,61944600
2023-06-08,177.92010498046875,178.18613184931536,174.85574427470908,175.28927455408018,50214900
2023-06-09,178.3043975830078,179.5557493602978,177.97923856717878,178.83646640490514,48900000
2023-06-12,181.09283447265625,181.19137296447727,178.31422641468646,178.60982685528654,54274900
2023-06-13,180.61988830566406,181.4475575367352,179.76266053311636,180.11737806569877,54929100
2023-06-14,181.25050354003906,181.684048880549,179.34883379218707,180.67901332162722,57462900
2023-06-15,183.28025817871094,183.78278344228747,181.08298811392547,181.26035439367692,65433200
2023-06-16,182.20628356933594,184.245913383536,181.56582838117956,183.98971928038128,101256200
2023-06-20,182.294921875,183.3689372512462,181.70373606119196,181.70373606119196,49799100
2023-06-21,181.2603759765625,182.68909408055805,179.91047063421516,182.18656875714527,49515700
2023-06-22,184.2557373046875,184.3050065515812,180.97460392176268,181.0435838743865,51245300
2023-06-23,183.94041442871094,184.807505007212,182.29492392440986,182.82700770116728,53117000
2023-06-26,182.55117797851562,185.29038044106406,182.511756556611,184.08828266571635,48088700
2023-06-27,185.30018615722656,185.6253451571229,182.94526040179295,183.1620330683905,50730800
2023-06-28,186.4727325439453,187.11318769857849,184.84695251457532,185.17209649255778,51216800
2023-06-29,186.80775451660156,187.28072131986815,186.1672993101183,186.30524420235466,46347300
2023-06-30,191.1234588623047,191.62596911406445,188.45322195229386,188.81780236383452,85213200
2023-07-03,189.6356201171875,191.0347795474039,188.9458807202263,190.93624105216273,31458200
2023-07-05,188.522216796875,190.14799688410469,187.82262949557398,188.7587001877792,46920300
2023-07-06,188.99517822265625,189.2021030796526,186.42347947497262,187.05408684814694,45094300
2023-07-07,187.8817138671875,189.8425155087971,187.44818361165477,188.6010117511895,46815000
2023-07-10,185.84210205078125,187.2018550195119,184.2951349736181,186.48255712554894,59922200
2023-07-11,185.3199005126953,186.52199803845542,183.86162393721375,186.3840531601648,46638100
2023-07-12,186.98507690429688,188.88674640306317,185.7041517573503,186.89638625272656,60750200
2023-07-13,187.74375915527344,188.38422922243208,186.99491780606402,187.70435278315148,41342300
2023-07-14,187.8916015625,188.37440112570727,186.8471596075647,187.43834550769154,41616200
2023-07-17,191.14315795898438,191.46831693797242,188.9951421376018,189.08381775872684,50520200
2023-07-18,190.88699340820312,191.47819437683242,189.5962201627232,190.5125801606121,48288200
2023-07-19,192.2368621826172,195.3209183853995,189.82280454932882,190.26621270882248,80507300
2023-07-20,190.2957763671875,193.58675746858663,189.6750169550875,192.22700448393437,59581200
2023-07-21,189.12326049804688,192.10879369152832,188.42367321559357,191.25156585425083,71951700
2023-07-24,189.92137145996094,192.04967681854123,189.42870901778204,190.57168949200457,45377800
2023-07-25,190.77857971191406,191.58655325087184,190.08885537064708,190.49284214012596,37283200
2023-07-26,191.64569091796875,192.76896069007793,190.48301476563847,190.82786945588313,47471900
2023-07-27,190.3844757080078,194.30606454519102,189.72430983845956,193.14338839624878,47460200
2023-07-28,192.9561309814453,193.74439372054138,191.29092989175592,191.81315076149906,48291400
2023-07-31,193.56704711914062,193.6064685292723,192.394508242959,193.18277106210203,38824100
2023-08-01,192.73939514160156,193.842954166062,192.41423613585215,193.3601546102926,35175100
2023-08-02,189.75387573242188,192.31571151477112,189.03459274742033,192.17776662675897,50389300
2023-08-03,188.36451721191406,189.54690382056828,187.89156557542466,188.75865610470643,61235200
2023-08-04,179.31922912597656,184.63012811145708,179.25024918733618,182.79742375652143,115956800
2023-08-07,176.22537231445312,180.4425618735659,174.7473848978987,179.45723692919626,97576100
2023-08-08,177.16140747070312,177.62451134366992,174.97398514494694,177.05302113799038,67823000
2023-08-09,175.57505798339844,178.27483876617566,174.41236670614128,178.2157216738325,60378500
2023-08-10,175.35824584960938,178.0974474344709,174.99368050557445,176.84608080013524,54686900
2023-08-11,175.4174346923828,176.23636037713308,174.19399178686675,174.953720563952,52036700
2023-08-14,177.06517028808594,177.2920967961584,174.9438523177461,175.59504844195268,43675600
2023-08-15,175.08200073242188,177.08491002448199,174.68734458769583,176.4929258073929,43622600
2023-08-16,174.21372985839844,176.1574269074876,174.14465676238186,174.766254405872,46964900
2023-08-17,171.67803955078125,175.1411945839284,171.1649745274817,174.7761369036864,66062900
2023-08-18,172.16151428222656,172.76337470680727,169.6652772069575,170.0007364455324,61172200
2023-08-21,173.49346923828125,173.77960771425435,171.4215020828672,172.7337554755455,46311900
2023-08-22,174.8649139404297,175.30890581271296,173.89799596554266,174.69718434668556,42038900
2023-08-23,178.70298767089844,179.12725724190958,175.95022624612537,176.13769314574677,52722800
2023-08-24,174.0262908935547,178.68330576322634,173.66121814414575,178.25903609639087,54945800
2023-08-25,176.22653198242188,176.7593193055493,173.47376987845638,175.01294998434398,51449600
2023-08-28,177.78541564941406,178.1800717356574,176.16730160755293,177.68674410027091,43820700
2023-08-29,181.6629638671875,182.4325537749521,177.1046213280948,177.30194937146643,53003900
2023-08-30,185.14588928222656,185.34323241647965,182.27473336292013,182.4720614420058,60813900
2023-08-31,185.36294555664062,186.59626480914432,184.97815055206615,185.33334709899387,60794500
2023-09-01,186.9317169189453,187.3855699191495,185.76745585396847,186.96131537308187,45766500
2023-09-05,187.16851806640625,187.44478036173828,185.10641198511868,185.76746926717502,45280000
2023-09-06,180.46914672851562,186.32988234003622,179.04836051297525,185.88587535630464,81755800
2023-09-07,175.19056701660156,175.83190219369152,171.2242072644891,172.84232185634463,112488800
2023-09-08,175.80226135253906,177.83478423163749,175.41746632815568,175.97000602806156,65551300
2023-09-11,176.96652221679688,177.8939807491613,174.9734739911946,177.66705421097663,58953100
2023-09-12,173.94732666015625,177.72621814105926,172.48708107979573,177.09475937210624,90370200
2023-09-13,171.88522338867188,174.93398459835862,171.6582818339781,174.15451849429098,84267900
2023-09-14,173.3948516845703,173.75004828458802,171.2636720844641,171.67806560862326,60895800
2023-09-15,172.674560546875,174.14468255030425,171.5004532372104,174.12494522635322,109259500
2023-09-18,175.59506225585938,176.98624997924455,173.8190795297471,174.12494029407293,67257600
2023-09-19,176.6803741455078,177.23289871202428,174.7662604292434,175.1510553991506,51826900
2023-09-20,173.14816284179688,177.3019736755132,173.0593524132158,176.8678428874874,58436200
2023-09-21,171.60897827148438,173.9473619674597,171.53992021743218,172.22071489897561,63149100
2023-09-22,172.45750427246094,174.71695374662696,171.7273888544839,172.33911043282527,56725400
2023-09-25,173.73028564453125,174.60840835340898,171.82603288281885,171.87536866413782,46172700
2023-09-26,169.66525268554688,172.86200623492672,169.36925308333926,172.48708745695123,64588900
2023-09-27,168.1556854248047,170.7308568174817,166.79411110643792,170.31646332448594,66921800
2023-09-28,168.41221618652344,169.7343308371659,165.38317681816312,167.08022534636603,56294400
2023-09-29,168.9252471923828,170.7604265076125,168.06684691168314,169.7244355134215,51861100
2023-10-02,171.43136596679688,171.9740294168616,168.6489906711008,168.93512915166482,52164500
2023-10-03,170.099365234375,171.31296207551728,168.54046313149794,169.96123409658216,49594600
2023-10-04,171.3426055908203,171.88526915170823,168.688499765434,168.80689361320267,53020300
2023-10-05,172.5758819580078,173.10866919518492,170.3756298015613,171.47081778563683,48527900
2023-10-06,175.12149047851562,175.61481822954005,170.8689926183437,171.48072926712837,57266700
2023-10-09,176.60145568847656,176.66065260372454,173.45402254968238,174.45053908507856,42390800
2023-10-10,176.00946044921875,177.32171396949087,175.57532965392068,175.72333700059065,43698000
2023-10-11,177.40065002441406,177.44998580714199,175.23001108089,175.82199530812358,47551100
2023-10-12,178.2985076904297,179.90674578858014,176.6507798893927,177.6670488234186,56743100
2023-10-13,176.46331787109375,179.50220314362676,175.7627859383901,178.9990143278533,51427100
2023-10-16,176.3350372314453,176.6902337432856,174.15452238414363,174.39132507709223,52517000
2023-10-17,174.78599548339844,176.03905203817294,172.467364361049,174.29266779074965,57549400
2023-10-18,173.49346923828125,175.21025492862336,172.77321506438722,173.23694427289632,54764400
2023-10-19,173.1185760498047,175.466805839834,172.85217485644313,173.69082297603654,59302900
2023-10-20,170.57296752929688,173.07906528544774,170.33616484514565,172.970532603774,64244000
2023-10-23,170.69137573242188,171.68789221712717,167.66233657820504,168.62926966195786,55980100
2023-10-24,171.12550354003906,171.35243005141567,169.1620540054936,170.74070856198063,43816600
2023-10-25,168.8167266845703,170.75056262830392,168.37271975850888,169.5863166088348,57157000
2023-10-26,164.6628875732422,169.09297489080478,163.45916701132384,168.09644349231945,70625300
2023-10-27,165.97515869140625,166.70528904611524,164.60370840247674,164.68264263448572,58499100
2023-10-30,168.01751708984375,168.88577853365425,166.61646843152695,166.76447575317525,51131000
2023-10-31,168.49114990234375,168.61940486913602,165.65943861592592,167.09010101577766,44846000
2023-11-01,171.6484375,171.90496247869652,167.849808268541,168.71806981976965,56934900
2023-11-02,175.20040893554688,175.40759814141026,173.118565411641,173.17776232760195,77334800
2023-11-03,174.29266357421875,174.46040823420765,171.03671292563865,171.91483559510309,79829200
2023-11-06,176.83822631835938,177.03555436857033,173.858538133294,174.02626772873157,63841300
2023-11-07,179.39370727539062,180.00542885763969,176.5817331247381,176.78892234542403,70530000
2023-11-08,180.4493865966797,181.00191115396063,179.1667317000403,179.91659936077735,49340300
2023-11-09,179.9757843017578,181.6629563158929,179.38378514108624,180.51844768984608,53763500
2023-11-10,184.1548614501953,184.3228271167955,181.31943456996746,181.75413731292954,66133400
2023-11-13,182.5741424560547,183.7893232540613,181.9912524470517,183.58186108306094,43627500
2023-11-14,185.18234252929688,185.8442707665973,184.05607409829287,185.43920547847273,60108400
2023-11-15,185.7454833984375,187.21754232445392,185.51825788469085,185.58742199648478,53790500
2023-11-16,187.4250030517578,188.65994715340477,186.37775779056014,187.28668991537342,54412900
2023-11-17,187.40524291992188,188.08693448765234,186.29873780998344,187.9584954748911,50922700
2023-11-20,189.14401245117188,189.59847845797387,187.5929306882813,187.60280481288592,46505100
2023-11-21,188.3437957763672,189.21320125507725,187.45464204586924,189.10452557023848,38134500
2023-11-22,189.00570678710938,190.60618938615343,188.53149251239262,189.18354656200316,39617700
2023-11-24,187.68186950683594,188.60066069963858,186.97054048498805,188.57102324664504,24048300
2023-11-27,187.5040283203125,188.37343380166539,186.6247487130357,187.63246733233092,40552600
2023-11-28,188.106689453125,188.77850691885152,187.11873411970524,187.4941619704054,38415400
2023-11-29,187.08905029296875,189.77628933979955,186.69387428755178,188.60062037243628,43014200
2023-11-30,187.66209411621094,188.02764780463457,185.92329832735996,187.55341843722022,48794400
2023-12-01,188.93655395507812,189.2526917735191,186.95075439627809,188.0375111237308,45704800
2023-12-04,187.1483612060547,187.76090372984268,185.1922139752508,187.69173962433385,43389500
2023-12-05,191.09030151367188,192.05849343193452,187.8893210956394,187.91897362196437,66628400
2023-12-06,190.00355529785156,192.4141533735728,189.79607806848605,192.10788966712872,41089700
2023-12-07,191.93003845214844,192.65124144270368,191.2582211558107,191.29774780118257,47477700
2023-12-08,193.3527374267578,193.629363703371,191.33730018286,191.86091528323507,53406400
2023-12-11,190.85321044921875,191.1594892758114,189.1144144313186,190.7840614125706,60943700
2023-12-12,192.36477661132812,192.3746507369947,189.4107849369075,190.75440470261375,52696900
2023-12-13,195.57562255859375,195.61513413450965,192.50308121236986,192.74018081786602,70404200
2023-12-14,195.7238006591797,197.2156075489979,193.79729107961322,195.63488831127654,66831600
2023-12-15,195.1903076171875,196.01029713155143,194.6271659416612,195.1507809689053,128538400
2023-12-18,193.5305633544922,194.26165570440122,192.04863040265064,193.7281513997374,55751900
2023-12-19,194.56790161132812,194.57777573643529,193.5305456250714,193.79729775296602,40714100
2023-12-20,192.4833221435547,195.2989855460905,192.4833221435547,194.5283816611859,52242800
2023-12-21,192.33511352539062,194.70621508029078,191.16933361068988,193.73802319308166,46482500
2023-12-22,191.2681427001953,193.0563392932213,190.64572606781581,192.82909873139974,37149600
2023-12-26,190.72479248046875,191.5546713962727,190.50744108704347,191.2780450910047,28919300
2023-12-27,190.8235321044922,191.16932243864449,188.78834689776542,190.17149315937536,48087700
2023-12-28,191.24838256835938,192.31537606668746,190.84331729052167,191.80163510638113,34049900
2023-12-29,190.2110137939453,192.05848519728596,189.42064661751613,191.56450759639273,42672100
2024-01-02,183.40399169921875,186.1702691079172,181.6750702031571,184.89579853453512,82488700
2024-01-03,182.03073120117188,183.64110287378972,181.22060076525406,182.00109375351622,58414500
2024-01-04,179.7189483642578,180.88472835710988,178.70135563320858,179.95604798314233,71983600
2024-01-05,178.99774169921875,180.5587129492039,177.99991223040004,179.79799818956093,62379700
2024-01-08,183.32498168945312,183.36450834315934,179.313885613353,179.89677561800764,59144500
2024-01-09,182.9100341796875,182.9199083051763,180.52905841182087,181.7047275700206,42841800
2024-01-10,183.9473876953125,184.1548498527509,181.70472508990332,182.12955368013527,46792900
2024-01-11,183.35459899902344,184.7970202008086,181.40832608034748,184.293153408918,49128400
2024-01-12,183.68063354492188,184.49076406507768,182.95943045197853,183.81894667336306,40477800
2024-01-16,181.418212890625,182.04061439740983,178.75072186869164,179.9659175831278,65603000
2024-01-17,180.47964477539062,180.72663357001974,178.12832170152117,179.08663943068214,47317400
2024-01-18,186.35801696777344,186.86186875433015,183.59173905481111,183.84860201119264,78005800
2024-01-19,189.252685546875,189.6379874512041,186.54569809210085,187.04954979006996,68903000
2024-01-22,191.55462646484375,192.97728431537942,189.94425472083472,189.98378136946042,60133900
2024-01-23,192.82907104492188,193.39221269336167,191.4953406920358,192.67100968439368,42355600
2024-01-24,192.1573028564453,194.01466361551059,191.99922639290756,193.06621990928542,53631300
2024-01-25,191.8312530517578,193.9059649333701,190.78402298627717,192.86860899256396,54822100
2024-01-26,190.10235595703125,192.41416772814074,189.6281416366758,191.93007928184088,44594000
2024-01-29,189.42066955566406,189.8850097627336,187.29657164460275,189.6972958396627,47145600
2024-01-30,185.7751007080078,189.4898221386195,185.21197404804863,188.6401800108733,55859400
2024-01-31,182.1789093017578,184.84640005696093,182.12952360814134,184.7871100896247,55467800
2024-02-01,184.60931396484375,184.6982263171025,181.6059367135455,181.77388729281213,64885400
2024-02-02,183.6114959716797,185.07366557426653,177.0909850527091,177.6936383802958,102551700
2024-02-05,185.41944885253906,186.97054595458332,183.6016146657499,185.8837890630235,69668800
2024-02-06,187.01992797851562,187.02980210381148,184.5204024536245,184.60931480628852,43490800
2024-02-07,187.1286163330078,188.74886241631054,186.33824908078662,188.3437971267345,53439000
2024-02-08,186.05172729492188,187.25701874915856,185.09340956143063,187.10883150171134,40962000
2024-02-09,186.8134307861328,187.94113632063826,185.97259122428568,186.61557552858977,45155200
2024-02-12,185.13177490234375,186.6353875018477,184.77565652599384,186.38808349311134,41781900
2024-02-13,183.0445098876953,184.2019058140478,181.53101071537256,183.76664838776776,56529500
2024-02-14,182.16407775878906,183.5292003496781,180.47252724717288,183.32147349103352,54630500
2024-02-15,181.8772430419922,182.50045391335385,179.39431647047905,181.57058851615943,65434500
2024-02-16,180.3439483642578,182.8565652037317,179.7108507918506,181.44197861733377,49752500
2024-02-20,179.60202026367188,180.4626331892475,178.05884601330092,179.82953567385852,53665600
2024-02-21,180.35385131835938,180.91769653606136,178.71174929095213,179.9779444437335,41371400
2024-02-22,182.38174438476562,182.96539328132977,180.49235334512917,181.50134277124772,52292200
2024-02-23,180.5516815185547,183.04449459753943,180.26480046872615,183.01481932952075,45119700
2024-02-26,179.2063446044922,180.78908088671756,178.70183486744935,180.2746995194681,40867400
2024-02-27,180.66050720214844,181.93658908973126,177.62360710096542,179.1470080612827,54318900
2024-02-28,179.46356201171875,181.145226165725,178.18748003378263,180.54180381169616,48953900
2024-02-29,178.80078125,180.6011615069905,177.59393659501978,179.31517776545977,136682600
2024-03-01,177.72256469726562,178.58317785739587,175.46715324060466,177.61375032460919,73563100
2024-03-04,173.21173095703125,174.99230771576262,171.91584529303745,174.25039570154502,81510100
2024-03-05,168.28538513183594,170.18467763470022,167.7907772375202,168.9184826327907,95132400
2024-03-06,167.2961883544922,169.39333632878757,166.86093094295472,169.21526961759642,68587700
2024-03-07,167.17745971679688,168.888798717098,166.67296512435692,167.32583603979853,71765100
2024-03-08,168.88885498046875,171.8268279085278,167.118164861082,167.1775154100546,76267000
2024-03-11,170.88706970214844,172.49949666610803,170.19462149789052,171.07502316349817,60139500
2024-03-12,171.36184692382812,172.15322257397557,169.16578666443067,171.28270784938988,59825400
2024-03-13,169.2845001220703,171.32228220007605,168.91848002185432,170.90681338658084,52488700
2024-03-14,171.13436889648438,172.43023944819464,170.19461671040915,171.0453430786352,72913500
2024-03-15,170.75843811035156,170.75843811035156,168.4535633292171,169.32407812222547,121752700
2024-03-18,171.8466033935547,175.79358063684148,171.6487632139381,173.67665901704393,75604200
2024-03-19,174.18115234375,174.7054356079408,171.1640405724947,172.45991109697533,55215200
2024-03-20,176.74317932128906,176.74317932128906,173.2017850632652,173.82499582678088,53423100
2024-03-21,169.5219268798828,175.57593855649498,168.99764365136926,175.14068113790177,106181300
2024-03-22,170.422119140625,171.18381963278856,168.22605856941686,169.90772263085663,71160100
2024-03-25,169.00753784179688,170.08577952012527,167.6226265638577,168.7305586050563,54288300
2024-03-26,167.87985229492188,169.57140318495337,167.75124938607289,168.16671829054096,57388400
2024-03-27,171.4409942626953,171.72787530814264,168.27550660374618,168.57227437363676,60273300
2024-03-28,169.6307373046875,170.37264922530974,168.67119667981044,169.89782982249778,65672700
2024-04-01,168.19638061523438,169.40322523760474,167.65230884379906,169.3438746978549,46240500
2024-04-02,167.01922607421875,167.51383407497934,166.4158037095213,167.2566433485096,49329500
2024-04-03,167.8204803466797,168.83937157047524,166.7620271262386,166.9697540235435,47691700
2024-04-04,166.9994354248047,170.06599565718972,166.9994354248047,168.4535689105981,53704400
2024-04-05,167.75123596191406,168.5524984345705,167.12802510796487,167.7611226870966,42104800
2024-04-08,166.63340759277344,167.37531948329715,166.425680716199,167.20715459942008,37425500
2024-04-09,167.84024047851562,168.24582257310013,166.5344834909376,166.8806999592474,42373800
2024-04-10,165.97064208984375,167.2665125006067,165.30786924976792,166.97964653177021,49709300
2024-04-11,173.15232849121094,173.56781241373886,166.34653399230652,166.52458559261675,91070300
2024-04-12,174.6460723876953,176.43655077441642,172.33131077483722,172.38075949507746,101670900
2024-04-15,170.8276824951172,174.72519524382946,170.6397290741028,173.46888692512982,73531800
2024-04-16,167.5533905029297,171.88614579113815,166.45536027289515,169.8978273072319,73711200
2024-04-17,166.1882781982422,168.80969440593617,166.1882781982422,167.78091646807817,50901200
2024-04-18,165.23863220214844,166.8213838226369,164.7539260277304,166.21796146542746,43122900
2024-04-19,163.22061157226562,164.60550769336635,162.31053482208006,164.41756936525925,68149400
2024-04-22,164.0515594482422,165.45624419964858,162.99310629576294,163.73501821268977,48116400
2024-04-23,165.10015869140625,165.24855016082816,163.14151506780158,163.56688583372357,49537800
2024-04-24,167.19728088378906,167.47426013692973,164.41758653276062,164.74401450706145,48251800
2024-04-25,168.05789184570312,168.77012851479734,166.33665071301928,167.70177351115603,50558300
2024-04-26,167.47427368164062,169.49226770262163,167.35555749623813,168.04802077933093,44838400
2024-04-29,171.62893676757812,174.13165146794697,171.23325649572146,171.50033388681905,68169400
2024-04-30,168.49313354492188,173.10288291918897,168.16669051085722,171.46078102452523,65934800
2024-05-01,167.47427368164062,170.84750390177777,167.28632022447192,167.75125295718234,50383100
2024-05-02,171.16404724121094,171.54984088638673,169.04712555589578,170.649650682897,94214900
2024-05-03,181.40240478515625,184.98336128032037,180.69016817589636,184.63712970012278,163224100
2024-05-06,179.7504425048828,182.2135806366563,178.47434543693257,180.383540128798,78569700
2024-05-07,180.43296813964844,182.9060078076493,179.36462828599997,181.47164781905605,77305800
2024-05-08,180.7693328857422,181.09577596912635,179.49323582394607,180.87814724687024,45057100
2024-05-09,182.57958984375,182.66861565405213,180.14611203583203,180.5912561815798,48983000
2024-05-10,181.3215789794922,183.34230991411323,180.4102677646858,183.15410154420678,50759500
2024-05-13,184.5210723876953,185.3333368917867,182.87674310968822,183.68900761377958,72044800
2024-05-14,185.6602020263672,186.52199740854093,184.53096697721375,185.73944844741243,52393600
2024-05-15,187.9285888671875,188.849800179078,185.6007724639543,186.13568203158255,70400000
2024-05-16,188.0474395751953,189.2955517477419,187.86914647323638,188.6714956614686,52845200
2024-05-17,188.07716369628906,189.0082902438942,187.3936765447615,187.72056236134898,41282900
2024-05-20,189.2361297607422,190.10782534306233,187.22529890901677,187.54228461702792,44361300
2024-05-21,190.53378295898438,190.91018461353585,189.11727756366656,189.28567056183377,42309400
2024-05-22,189.09744262695312,190.99932654838926,188.47340160760692,190.45451683728567,34648500
2024-05-23,185.11544799804688,189.1965413303495,184.8678085460438,189.1767259420697,51005900
2024-05-24,188.18614196777344,188.78048261582597,186.26445766907554,187.03710655742805,36327000
2024-05-28,188.19606018066406,191.17763337385156,187.31446444482384,189.70169698060212,52280100
2024-05-29,188.49319458007812,190.4346940804733,187.72056087959155,187.81962268312432,53068000
2024-05-30,189.4837646484375,190.36536034504638,188.83000809203267,188.9587703074631,49889100
2024-05-31,190.43467712402344,190.75166277533643,188.1167762289514,189.63232797686064,75158300
2024-06-03,192.19790649414062,193.14884852262287,190.7021698304424,191.07857147290113,50080500
2024-06-04,192.51487731933594,193.47571940906454,191.2073340206378,192.80213237542046,47471400
2024-06-05,194.02052307128906,195.04079624688396,193.02996541617088,193.5549597642067,54156800
2024-06-06,192.64364624023438,194.64457691185422,192.33657578915964,193.8422276391208,41181800
2024-06-07,195.03089904785156,195.08042995429523,192.3068654552658,192.8120444256859,53103900
2024-06-10,191.2965087890625,195.43704806418344,190.33566655763516,195.04081589339742,97010200
2024-06-11,205.1940155029297,205.2039307530545,191.80168667352532,191.82148694435384,172373300
2024-06-12,211.05810546875,218.12077055688877,204.94635205432962,205.4119153142898,198134300
2024-06-13,212.2170867919922,214.70338117421306,209.6020150722442,212.71236564129833,97862700
2024-06-14,210.4835968017578,213.13828400218216,209.3048308005582,211.83075578674166,70122700
2024-06-17,214.62411499023438,216.88258512602053,210.71141546378874,211.35527186274084,93728300
2024-06-18,212.26658630371094,216.5656178731208,210.98877362098574,215.5354294813442,79943300
2024-06-20,207.70008850097656,212.21704337897714,206.87793908026026,211.90995785887029,86172500
2024-06-21,205.5308074951172,209.88925500861833,205.1543907600995,208.40341856791886,241805100
2024-06-24,206.17466735839844,210.69160779538842,204.63929998769706,205.75863496180304,80727000
2024-06-25,207.0959014892578,209.3840873125504,206.64023830581658,207.1751328027417,55549700
2024-06-26,211.2364044189453,212.8312027309874,208.65104852463386,209.5029286499739,66213200
2024-06-27,212.07839965820312,213.70291360533915,210.34492376459474,212.66282504623206,49772700
2024-06-28,208.63124084472656,214.0297919592074,208.31427026634478,213.7326216506115,82542700
2024-07-01,214.70335388183594,215.45617219578955,209.91895899194967,210.08735196554287,60402900
2024-07-02,218.19012451171875,218.29908645117231,213.0689435868198,214.1090169642201,58046200
2024-07-03,219.45803833007812,219.45803833007812,216.96182895702523,217.92267103394255,37369800
2024-07-05,224.2028350830078,224.311797038918,219.5571168673913,219.5571168673913,60412400
2024-07-08,225.6688690185547,225.69858454124022,221.14201294311235,224.945750993976,59085900
2024-07-09,226.52069091796875,227.23389355571192,224.23250541967136,225.777772763212,48076100
2024-07-10,230.7801055908203,230.8791673967792,227.0853299721382,227.13486087511765,62627700
2024-07-11,225.42120361328125,230.19568345608255,223.63819688403007,229.2051258414663,64710600
2024-07-12,228.36314392089844,230.44332094014862,226.5207061684713,226.7584454352943,53046500
2024-07-15,232.1867218017578,234.99000194235262,230.88909361652622,234.2470836578572,62631300
2024-07-16,232.60276794433594,234.03907359612094,230.13627381333595,232.78106107648213,43234300
2024-07-17,226.71884155273438,229.2744821236097,224.49998695797876,227.2834515580279,57345900
2024-07-18,222.06320190429688,228.26410233218343,220.17124832102243,228.10560948409145,66034600
2024-07-19,222.1919708251953,224.65846466815103,221.17169771561296,222.6971648700337,49151500
2024-07-22,221.84527587890625,225.6291978658938,220.98348053112068,224.86646431913928,48201800
2024-07-23,222.88534545898438,224.7971293607533,220.57734458918785,222.25138924131514,39960300
2024-07-24,216.4764404296875,222.67734036905603,215.07976577070053,221.88489130573666,61777600
2024-07-25,215.43637084960938,218.7646448818125,212.59346035218633,216.86276105080302,51391200
2024-07-26,215.90194702148438,217.41749898154802,213.9703475571551,216.6349499920164,41601300
2024-07-29,216.17930603027344,217.22929471632008,213.71281205128278,214.91139345300462,36311800
2024-07-30,216.73403930664062,218.2495914590453,214.07933666984098,217.12035622559256,41643800
2024-07-31,219.98304748535156,221.70662325926872,218.54674189777583,219.34909118598728,50036300
2024-08-01,216.29815673828125,222.36036437427163,214.97081319041698,222.2514024343897,62501000
2024-08-02,217.7840118408203,223.46981835778237,215.6543188775265,217.0807092384795,105568600
2024-08-05,207.29400634765625,211.4840610296135,194.14930192882554,197.21012147966275,119548600
2024-08-06,205.27325439453125,208.00720313955475,199.17143085232243,203.36148541473497,69660500
2024-08-07,207.83880615234375,211.62272838414273,204.441185671316,204.9463646139573,63516400
2024-08-08,211.29586791992188,212.1774636990054,206.85817350164743,211.0977593959716,47161100
2024-08-09,214.1981964111328,214.7330909034816,209.96851092003678,210.09728825409005,42201600
2024-08-12,215.7254180908203,217.68898821235913,213.81143620679725,214.27753840147545,38028100
2024-08-13,219.4343719482422,220.04922365215182,217.19311098226797,217.19311098226797,44155300
2024-08-14,219.8806610107422,221.17979111862692,217.8774142480331,218.7402072098891,41960600
2024-08-15,222.85577392578125,223.48055242779947,220.9120269929499,222.73677426147512,46414000
2024-08-16,224.1747283935547,224.94825642777528,221.79462933024135,222.06239369045758,44340200
2024-08-19,224.0160675048828,224.115243980586,221.18970440160442,223.84747960195193,40687800
2024-08-20,224.6309356689453,225.2854641390349,223.57973153152028,223.89708417115403,30299000
2024-08-21,224.5218048095703,226.08869912173634,223.1830133382552,224.64081959285892,34765500
2024-08-22,222.6673583984375,226.44574924370923,222.04257986640772,225.90030886909642,43695300
2024-08-23,224.9581756591797,226.32673228874265,222.46900358067504,223.78797197411373,38677300
2024-08-26,225.29537963867188,225.39455612332776,222.03267909150793,224.87886564108967,30602200
2024-08-27,226.13833618164062,226.95154099218428,223.02438520419173,224.12517761102086,35934600
2024-08-28,224.61109924316406,227.95313769677003,223.80780609600177,226.02922904592305,38052200
2024-08-29,227.88369750976562,230.98773644426686,226.98125820388418,228.19113851748892,51906300
2024-08-30,227.10025024414062,228.4886300006117,225.59285569982603,228.28038060324323,52990800
2024-09-03,220.9219512939453,227.10026429068756,219.335218503661,226.65400042223428,50190600
2024-09-04,219.0178680419922,219.94014563997789,215.67581475954933,219.82114598403248,43840200
2024-09-05,220.5352020263672,223.60947620664672,219.68233574260833,219.79142381839864,36615400
2024-09-06,218.9881134033203,223.37144384512357,217.9468210396507,222.0921370424939,48423000
2024-09-09,219.07737731933594,219.4343914347755,214.91222272734436,218.98812757352732,67180000
2024-09-10,218.2840118408203,219.6426417511051,214.9320468059923,217.10388142289187,51591000
2024-09-11,220.8128662109375,221.2392917639212,216.08243282408242,219.6228241682371,44587100
2024-09-12,220.9219512939453,221.69547936785247,217.9964268983011,220.6541869199912,37455600
2024-09-13,220.6541748046875,222.18139254741286,220.06907298412548,221.72521710949164,36766600
2024-09-16,214.52545166015625,215.41797935337752,212.14535259122513,214.7436126542421,59357400
2024-09-17,214.99156188964844,215.10064996456288,212.72056577105593,213.96019610771708,45519300
2024-09-18,218.8592071533203,220.86245391858552,215.7353297749969,215.7452565018275,59894900
2024-09-19,226.97134399414062,227.91347512552952,222.76652771175563,223.12354184254357,66781300
2024-09-20,226.306884765625,231.1563174701668,225.73169454082358,228.0622053540531,318679900
2024-09-23,224.59124755859375,227.54652178723228,223.9367191660146,225.4540253555904,54146000
2024-09-24,225.4837646484375,227.44734973367454,223.85737047004787,226.75314473243895,43556100
2024-09-25,224.4920654296875,225.40443143928672,222.16156973744518,223.06400902085235,42308700
2024-09-26,225.63255310058594,226.60441901953834,223.54005654723983,225.4143769570366,36636700
2024-09-27,225.90029907226562,227.6159582791164,225.41437368594384,226.56475422029098,34026000
2024-09-30,231.06707763671875,231.06707763671875,227.74486252768645,228.13162655878588,54541900
2024-10-01,224.33340454101562,227.74485413807125,221.88389405688537,227.615942887257,63285000
2024-10-02,224.89866638183594,225.48376819979168,221.16986421787885,224.01605029183685,32880600
2024-10-03,223.79788208007812,224.928424248049,221.46738631978812,223.27228007150777,34044200
2024-10-04,224.9185028076172,226.1085447535635,222.27065455992025,226.00936828631617,37245100
2024-10-07,219.85089111328125,223.81770763530983,219.49387702101052,222.63757729885364,39505400
2024-10-08,223.89706420898438,224.10531361949606,221.3979653574062,222.43925780658088,31855700
2024-10-09,227.63575744628906,227.84402197002447,222.96483950692257,223.36151510273743,33591100
2024-10-10,227.13992309570312,227.59611368544336,225.28544108575701,225.89038125247495,28183500
2024-10-11,225.66229248046875,227.5068628874906,225.4540279414576,227.39777482080956,31759200
2024-10-14,229.38116455078125,229.80759005626183,226.703566469934,226.80272780199272,39882100
2024-10-15,231.9100341796875,235.51983687729248,230.44230106244424,231.67201972311165,64751400
2024-10-16,229.85720825195312,230.19438406287304,227.9332995992129,229.67870875165642,34082200
2024-10-17,230.22412109375,231.91003031839952,228.60765355789445,231.49350124327563,32993800
2024-10-18,233.05047607421875,234.2206797118992,232.0686835146529,234.2206797118992,46431500
2024-10-21,234.51820373535156,234.88514457730523,232.5050454306036,232.5050454306036,36254500
2024-10-22,233.9033660888672,234.2603802258017,230.67041566655348,231.94970749678197,38846600
2024-10-23,228.84567260742188,233.18934216580075,225.8705597881939,232.13813805749322,52287000
2024-10-24,228.65721130371094,228.9051373175465,226.51512691244304,228.07209441058475,31109500
2024-10-25,229.49026489257812,231.28524701350278,227.665532857223,227.83412074973037,38802300
2024-10-28,231.4637451171875,232.78271346714027,230.62080565968694,231.38442210065006,36087100
2024-10-29,231.7315216064453,232.38605001867157,230.3927299983884,231.1662580738538,35417200
2024-10-30,228.19113159179688,231.53316974412917,227.64569128136466,230.68030356750913,47070900
2024-10-31,224.035888671875,227.92336713292326,223.5003599556127,227.43742665071557,64370100
2024-11-01,221.060791015625,223.4805517303345,218.44269248362247,219.13688241025088,65276700
2024-11-04,220.16824340820312,220.94177147156717,217.88733586004025,219.15671602208408,44944500
2024-11-05,221.59628295898438,222.0921350198155,219.30544885909725,219.9599772111233,28111300
2024-11-06,220.87234497070312,224.19455985797964,219.3550388628842,220.76325691115125,54561100
2024-11-07,225.59286499023438,225.9895557457087,222.7070172967094,222.7665171269793,42137700
2024-11-08,225.32481384277344,227.01256271730918,224.77877343219782,225.53329235935942,38328800
2024-11-11,222.61448669433594,224.07389700260043,219.90415975706793,223.3789433198207,42005600
2024-11-12,222.61448669433594,223.96468891324545,221.75075962779928,222.93218846295187,40398300
2024-11-13,223.49806213378906,225.01703765642938,221.15506473467502,222.39605879884869,48566200
2024-11-14,226.57574462890625,227.22105551450989,223.3789425502784,223.398802697962,44923900
2024-11-15,223.37893676757812,225.28510187679902,222.65420045885568,224.76884409236825,47923700
2024-11-18,226.37718200683594,228.08479108540536,223.54770942404784,223.62713486361545,44633700
2024-11-19,226.6352996826172,228.50175961033486,225.02697621656037,225.34466282087314,36211800
2024-11-20,227.35011291503906,228.27340522879027,224.26251907255318,226.4168829534927,35169600
2024-11-21,226.87359619140625,228.5017799491732,224.08384369933498,227.2310031211041,42108300
2024-11-22,228.21385192871094,229.05773399756174,226.41689485035167,226.41689485035167,38168300
2024-11-25,231.1922149658203,231.56948199204686,228.0847762696763,229.79238523732437,90152800
2024-11-26,233.366455078125,233.87279036398945,231.6489234928732,231.6489234928732,45986200
2024-11-27,233.2373809814453,233.99191506726265,232.12545514826604,232.78070364946953,33498400
2024-11-29,235.62010192871094,236.0966394139658,232.28430923421996,233.11825362062933,28481400
2024-12-02,237.86380004882812,239.05515126765505,235.45131496686756,235.56052304560976,48137100
2024-12-03,240.90174865722656,241.01095673492534,237.17876666593097,238.0822139315433,38861000
2024-12-04,241.25918579101562,242.35126670496282,239.5118714775545,241.12019505186365,44383900
2024-12-05,241.28895568847656,242.77814859306412,240.38552350615552,242.2321233137982,40033900
2024-12-06,241.09039306640625,242.86750503393802,240.33587413565135,241.15989600483465,36870600
2024-12-09,244.9722442626953,245.4587194212017,240.00826768189094,240.08769312504634,44649200
2024-12-10,245.98487854003906,246.4217108653419,243.57237825215392,245.11121388943334,36914800
2024-12-11,244.714111328125,248.9930565140259,244.48575750906295,246.17352158557497,45205800
2024-12-12,246.1735382080078,246.94791735826738,243.90995090472455,245.11123992691697,32777500
2024-12-13,246.34230041503906,247.4939314395242,244.46591792091505,246.03453629863122,33155300
2024-12-16,249.23129272460938,249.56885459541954,245.86571770543418,246.20327957624434,51694800
2024-12-17,251.65371704101562,252.00120141225344,247.98037791856115,248.2782195012147,51356400
2024-12-18,246.2628631591797,252.44797328398425,245.95509905753715,250.34325221557475,56774100
2024-12-19,247.99032592773438,250.184410158509,245.3097817058068,245.71683140567848,60882300
2024-12-20,252.65646362304688,253.16278373693368,243.9198625662762,246.25292226826556,147495300
2024-12-23,253.43084716796875,253.80809906094288,251.62395254537785,252.93444954402884,40858800
2024-12-24,256.3397521972656,256.34965954757746,253.45069916161225,253.64927033575188,23234700
2024-12-26,257.15380859375,258.2260444048055,255.77383898408218,256.32980188696064,27237100
2024-12-27,253.74853515625,256.836144148833,251.2367643772991,255.97238682838486,42355300
2024-12-30,250.38296508789062,251.67360197393796,248.9434149702759,250.4127477342041,35557500
2024-12-31,248.6157684326172,251.45516326793145,247.6328957457903,250.6212189481796,39480700
2025-01-02,242.09315490722656,247.305330553937,240.07778153574023,247.13654201152733,55740700
2025-01-03,241.60667419433594,242.42075849453866,240.147263834766,241.60667419433594,40244100
2025-01-06,243.23483276367188,245.54804748087855,241.4477983095151,242.54980162717402,45045600
2025-01-07,240.46493530273438,243.78086767976055,239.6111308132576,241.22937670987722,40856000
2025-01-08,240.95138549804688,241.95411831821167,238.32048434869313,240.17700647488417,37628900
2025-01-10,235.14356994628906,238.4297199246896,231.32130202918376,238.28079154222544,61710900
2025-01-13,232.71121215820312,232.9792711307645,228.06493742769467,231.84748509521594,49630700
2025-01-14,231.5992889404297,234.41882398797216,230.79512716232853,233.05869925952226,39435300
2025-01-15,236.1562042236328,237.2383625727966,232.74098609709984,232.94947976770305,39832000
2025-01-16,226.61544799804688,236.29520209930612,226.3871093224655,235.6399687194268,71759100
2025-01-17,228.3230743408203,230.61642921557544,226.83388128979956,230.447655820989,68488300
2025-01-21,221.0359344482422,222.8031087860845,217.79942737812888,222.38613659782595,98070400
2025-01-22,222.2173614501953,222.5052654056773,218.2064601780486,218.2064601780486,64126500
2025-01-23,222.04859924316406,225.394314538592,220.69839703644928,223.1208199792776,60234800
2025-01-24,221.17494201660156,224.00441476166836,219.8148172645265,223.16053267311034,54697900
2025-01-27,228.20391845703125,230.47741293083342,222.36627749626697,222.4059977899183,94863400
2025-01-28,236.54339599609375,238.4594987479956,229.147074251248,229.18679454547646,75707600
2025-01-29,237.63546752929688,238.1318651456976,232.3240069742682,232.43321505583046,45486100
2025-01-30,235.87823486328125,239.05517683623282,235.50098294542886,236.95045561956258,55658300
2025-01-31,234.29969787597656,245.4090800423025,231.7581442550369,245.4090800423025,100959800
2025-02-03,226.36724853515625,230.15973381299622,224.0738938399255,228.33299411580026,73063300
2025-02-04,231.12274169921875,231.45036595591674,225.01704170433482,225.61272492539547,45067300
2025-02-05,230.79510498046875,230.99366099381652,226.62536810475493,226.88348940722173,39620300
2025-02-06,231.53970336914062,232.11552641696264,228.76979621063217,229.62360070928509,29925300
2025-02-07,225.99000549316406,232.31410688860944,225.622660920367,230.92419948813392,39707200
2025-02-10,226.25831604003906,229.18034555631772,225.81107002878403,228.16659197494192,33115600
2025-02-11,231.1979522705078,233.79199753404617,226.7354100570617,226.80497424991785,53718400
2025-02-12,235.4219512939453,235.51141262786788,229.26978984120754,229.78661520122571,45243300
2025-02-13,240.05348205566406,240.85852795215618,234.1299251101732,235.4617298072221,53614100
2025-02-14,243.10470581054688,244.04889519264196,239.51677402617887,239.77517912233392,40896200
2025-02-18,242.97552490234375,243.6811760890431,240.3615975750387,242.65747382373942,48822500
2025-02-19,243.37306213378906,244.50609250836237,241.6735241546838,243.16435439309654,32204200
2025-02-20,244.32720947265625,245.2713989598738,242.7966152101895,243.44265077076676,32316900
2025-02-21,244.04891967773438,247.16972378813352,243.72093519653038,244.44646835255205,53197400
2025-02-24,245.58944702148438,247.33868242018207,242.92582237394555,243.43269920852308,51326400
2025-02-25,245.52980041503906,248.47171215983582,243.41283173998391,246.48393846255715,48013300
2025-02-26,238.89064025878906,243.48239258336395,237.66816369812489,242.83637220684057,44433600
2025-02-27,235.84933471679688,240.97779411500133,235.61079643123784,237.94643641845556,41153600
2025-02-28,240.36160278320312,240.61007450668035,228.79275994472408,235.50149647860906,56833400
2025-03-03,236.5748748779297,242.5381957053339,234.66661403302143,240.31188380351972,47184000
2025-03-04,234.4877166748047,238.60242278275774,233.24535811530478,236.25684921580154,53798100
2025-03-05,234.29888916015625,235.1039350742086,227.82867612475383,233.98083809185871,47227600
2025-03-06,233.8914031982422,236.4059358119138,231.73467047090975,233.00684447444675,45170400
2025-03-07,237.60853576660156,239.89446338205195,233.32487071745646,233.67273718007357,46273600
2025-03-10,226.08937072753906,234.71631625547707,222.84930513729455,234.10009611136832,72071200
2025-03-11,219.48995971679688,224.4593937721428,216.1206840338927,222.4418047589131,76137400
2025-03-12,215.65354919433594,220.39439337943787,213.59621144659917,218.79423505763873,62547500
2025-03-13,208.39817810058594,215.5144112677834,207.14588618522245,214.6298526174969,61368300
2025-03-14,212.1848907470703,212.64207016591416,208.29878985935505,209.95857893569573,60107600
2025-03-17,212.69178771972656,213.9043309003415,208.68642489319868,212.00600336087763,48073400
2025-03-18,211.38978576660156,213.83473880015984,210.19712464056028,212.85080057479257,42432400
2025-03-19,213.9241943359375,217.42266485537363,212.44329758558237,212.91042558181826,54385400
2025-03-20,212.79116821289062,216.16044383082547,210.9226561911479,212.6818400591608,48862900
2025-03-21,216.93568420410156,217.5021918152461,209.9884097524224,210.26669685360034,94127800
2025-03-24,219.38064575195312,220.1260609084734,217.24379503613238,219.64899945464327,44299500
2025-03-25,222.38218688964844,222.73005335992565,218.73462390108503,219.4204082670252,34493600
2025-03-26,220.17575073242188,223.64442126802376,219.12223310716143,222.1436424317859,34466100
2025-03-27,222.48158264160156,223.61461307047793,219.21168633594712,220.03661426059983,37094800
2025-03-28,216.56793212890625,222.44180687800483,216.34927581514728,220.31488968867507,39818600
2025-03-31,220.77207946777344,224.24073468961828,214.90813825561798,215.683368745432,65299300
2025-04-01,221.8256072998047,222.31260214779184,217.5618242432653,218.46626491168394,36412700
2025-04-02,222.52133178710938,223.81338775742097,219.66888130946384,219.96705040499884,35905900
2025-04-03,201.94786071777344,206.22157697816277,200.0197179050274,204.28348559152053,103419000
2025-04-04,187.22840881347656,198.65810753704542,186.19475800144227,192.70471987275084,125910900
2025-04-07,180.3507080078125,192.96311894309866,173.55251067175698,176.11674047268428,160466300
2025-04-08,171.36595153808594,189.17640027021665,168.17558356470508,185.55865310846366,120859500
2025-04-09,197.63438415527344,199.383619356675,170.8391909937331,170.89882177160354,184395900
2025-04-10,189.2559356689453,193.5892830219747,181.88129692496375,187.9141974958541,121880000
2025-04-11,196.93865966796875,198.32016168749274,184.92257212057936,184.96233608452022,87435900
2025-04-14,201.281982421875,211.63828226401768,199.93029560984905,210.14745189040866,101352900
2025-04-15,200.90426635742188,202.26588634734406,198.5785750100267,200.62597928160577,51343900
2025-04-16,193.08238220214844,199.4730666932086,191.19398828729797,197.1473753495745,59732400
2025-04-17,195.7758331298828,197.61452992177487,193.2314851467638,195.9944894564487,52164700
2025-04-21,191.9792022705078,192.6152892965427,188.64967500212322,192.0885304389909,46742500
2025-04-22,198.5189666748047,200.3576482646354,194.77200897005906,194.92108593270402,52976400
2025-04-23,203.34925842285156,206.72846769395255,201.56025903470575,204.7406939661261,52929200
2025-04-24,207.09617614746094,207.55337072286264,201.69937840299403,203.63745452212558,47311000
2025-04-25,208.00064086914062,208.46776890662989,204.9394675201618,205.10842646651815,38222300
2025-04-28,208.85537719726562,210.2070638884643,206.1917677806294,208.71623364812058,38743100
2025-04-29,209.9188690185547,210.9425713620398,207.0962185596575,207.41426966255176,36827600
2025-04-30,211.20094299316406,212.2743425468257,205.40658118436113,208.02050829648644,52286500
2025-05-01,212.01596069335938,213.2483707428857,207.62296725165953,207.80187477964563,57365700
2025-05-02,204.09466552734375,205.72463931330321,200.92416412992952,204.83013207172814,101010600
2025-05-05,197.67416381835938,202.8523212109494,196.99832800962005,201.85843431656065,69018500
2025-05-06,197.29647827148438,199.42339557924856,195.81559653234874,196.99832434112832,51216500
2025-05-07,195.05027770996094,198.22077891807172,192.0686174137577,197.95242524507105,68536700
2025-05-08,196.28271484375,198.82706269335065,193.48988012199126,196.51130456752412,50478900
2025-05-09,197.3163604736328,199.3140676367793,196.33240700583877,197.78348851905432,36453900
2025-05-12,209.776123046875,210.2538252478288,205.75556156059073,209.95526516858178,63775800
2025-05-13,211.9058380126953,212.3735786127325,207.99474788922345,209.4178625594749,51909300
2025-05-14,211.3087158203125,212.9109724892217,209.56713314477625,211.40822571910564,49325800
2025-05-15,210.43296813964844,211.93571508448807,208.53215118256114,209.9353730316401,45029500
2025-05-16,210.24386596679688,211.54757782116647,208.7610423595207,211.33858120774948,54737900
2025-05-19,207.77578735351562,208.4724173847277,203.27752386063855,206.909976827966,46140500
2025-05-20,205.8650360107422,207.46729276724128,204.04383620537516,206.67113760639387,42496600
2025-05-21,201.11798095703125,206.04416933851562,199.74462882701684,204.1831685508297,59211800
2025-05-22,200.39149475097656,201.77480849030061,198.7394754118135,199.7446272097534,46742400
2025-05-23,194.33078002929688,196.74908474491085,192.52948833207407,192.73846975457602,78432900
2025-05-27,199.24703979492188,199.77448939448533,196.4803970243206,197.34622283817185,56288500
2025-05-28,199.4560089111328,201.75489573800118,198.9385057789635,199.6251894151235,45339700
2025-05-29,198.98826599121094,202.8297005493605,197.55518975609246,202.60081106845576,51396800
2025-05-30,199.88394165039062,200.98860329086406,195.83351057352263,198.4110493394953,70819900
2025-06-02,200.7298583984375,201.15779807678393,199.15745607510846,199.31669015009302,35423300
2025-06-03,202.2923126220703,202.78990771325485,199.99342573046133,200.38154929416936,46381600
2025-06-04,201.844482421875,205.24803106286797,201.12794426741362,201.93404589483336,43604000
2025-06-05,199.66500854492188,203.76518718349973,199.18730633012683,202.52119947175674,55126100
2025-06-06,202.93917846679688,204.7106157617459,201.07817770068002,202.0236053289331,46607700
2025-06-09,200.48104858398438,205.0091667110405,199.05793398755327,203.4069099948636,72862600
2025-06-10,201.69517517089844,203.36710243054736,199.60528507808198,199.63513956616538,54672600
2025-06-11,197.8238983154297,203.51638723180633,197.45568281643992,202.5211970741936,60989900
2025-06-12,198.2418975830078,198.7195846578917,196.41075114145443,198.12247961063645,43904600
2025-06-13,195.50511169433594,199.40625545491926,194.7587190445596,198.769334334526,51447300
2025-06-16,197.46563720703125,197.73434281232372,195.61458283187793,196.3510290449251,43020700
2025-06-17,194.6990203857422,197.43579358003367,194.27109586617135,196.2515147499311,38856200
2025-06-18,195.6344757080078,196.6197193940347,194.13174409281177,194.9975546383106,45394700
2025-06-20,200.03321838378906,200.72984844555882,195.9131318065836,197.28649906078425,96813500
2025-06-23,200.5308074951172,201.32696262150702,198.00303129313016,200.6601870689569,55814300
2025-06-24,199.33657836914062,202.4614746491071,199.23705328583006,201.61555699715424,54064000
2025-06-25,200.5905303955078,202.690382284235,199.65504919597097,200.48105886821313,39525700
2025-06-26,200.03321838378906,201.66532960796235,198.50063224789568,200.4611428555203,50799100
2025-06-27,200.11285400390625,202.24256049649406,199.03804672932017,200.91895566349635,73188600
2025-06-30,204.1831512451172,206.39247448465787,198.30157410241034,201.03834688076608,91912800
2025-07-01,206.82041931152344,209.17901505124104,205.1484920031366,205.6759415551798,78788900
2025-07-02,211.41819763183594,212.3138626915596,207.13887695509675,207.90517762155153,67941800
2025-07-03,212.52285766601562,213.61755770997246,210.7912213537831,211.12958235725722,34955800
2025-07-07,208.94017028808594,215.18996325511674,207.79570768244494,211.65703516300363,50229000
2025-07-08,208.9998779296875,210.41304612040562,207.4473837253886,209.08945658408672,42848900
2025-07-09,210.12445068359375,210.31353924447487,206.22330706177223,208.52219391164948,48749400
2025-07-10,211.38832092285156,212.453166373689,209.01976375844308,209.49745072772552,44443600
2025-07-11,210.14434814453125,211.1096837700706,208.85059795908091,209.55718962168862,39765800
2025-07-14,207.61656188964844,209.89555581124029,206.54175471753558,208.92025854176603,38840100
2025-07-15,208.10421752929688,210.87084499335577,207.9151289669034,208.21368905566166,42296300
2025-07-16,209.149169921875,211.37838618562168,207.63647661047767,209.28849593835915,47490500
2025-07-17,209.00985717773438,210.78129457926272,208.5819174807461,209.55721484346458,48068100
2025-07-18,210.1642608642578,210.77132749863404,208.6913836081342,209.85575432940058,48974600
2025-07-21,211.45799255371094,214.74212298846783,210.61209006251647,211.07983063398711,51377400
2025-07-22,213.3687744140625,213.91613206526756,211.20921348603295,212.11484021935428,46404100
2025-07-23,213.1199493408203,214.1151394198069,211.38832832203676,213.9658669821171,46989300
2025-07-24,212.73184204101562,214.65256693634578,212.50295255730364,212.87116805528336,46022600
2025-07-25,212.8512725830078,214.2047317845148,212.37357038101962,213.6673206036272,40268800
2025-07-28,213.0204620361328,213.81661722083774,212.03521828670327,213.00055398053098,37858000
2025-07-29,210.25384521484375,213.77681196541135,209.80601264614248,213.14983725799084,51411700
2025-07-30,208.0445098876953,211.36844143995228,206.72090512781878,210.88079278566187,45512500
2025-07-31,206.57162475585938,208.83069544134486,206.16359315375274,207.48719786288635,80698400
2025-08-01,201.40660095214844,212.5527283441607,200.530828701964,209.8557561748323,104434500
2025-08-04,202.37193298339844,206.88014336875773,200.70995198839026,203.52634207300898,75109300
2025-08-05,201.9439697265625,204.35232790405936,201.18763073057525,202.42165671427045,44155100
2025-08-06,212.22430419921875,214.3440641251077,204.60114383647723,204.6409599471833,108483100
2025-08-07,218.97169494628906,219.78775818606874,215.53829184895108,217.82723230897543,90224800
2025-08-08,228.2468719482422,229.88892965735022,218.19544514014734,219.76784743364436,113854000
2025-08-11,226.34388732910156,228.71513292468896,223.9327956372812,227.08116933177635,61806100
2025-08-12,228.80477905273438,229.95055565919736,226.23428798669784,227.17081559543826,55626200
2025-08-13,232.4712677001953,234.13511970527446,229.5819315694875,230.21959074533873,69878500
2025-08-14,231.9232940673828,234.2546784716922,230.00040438081015,233.1985820425246,51916300
2025-08-15,230.73765563964844,233.417757832359,228.49593650929467,233.1387895567921,56038700
2025-08-18,230.04022216796875,232.26201052585682,229.26309412883964,230.8472385776313,37476200
2025-08-19,229.71145629882812,232.0129522601839,228.50591803460907,230.42880766374827,39402600
2025-08-20,225.17819213867188,229.6217843388592,224.93908515924198,229.13358225147155,42263900
2025-08-21,224.072265625,225.6863136691638,222.95639256938466,225.43723377620466,30621200
2025-08-22,226.9217529296875,228.2468598588307,224.58041092619504,225.33760837029214,42477800
2025-08-25,226.323974609375,228.45609804536198,225.3973894325087,225.6464693442017,30983100
2025-08-26,228.46603393554688,228.64537936019502,223.8630424721864,226.03501179732243,54575100
2025-08-27,229.6417236328125,230.05020313892598,227.41991984776428,227.7686378094015,31259500
2025-08-28,231.70408630371094,232.55096405412047,228.4959359400532,229.9704999102399,38074700
2025-08-29,231.28562927246094,232.52107103838586,230.51845893056873,231.65426265633033,39418400
2025-09-02,228.87454223632812,230.00038826150748,226.1346633063032,228.4062708029861,44075600
2025-09-03,237.59234619140625,237.9709525201245,233.49747185558658,236.33698891571112,66427800
2025-09-04,238.89752197265625,239.01707546456905,235.86871695735925,237.57241502764154,47549400
2025-09-05,238.80784606933594,240.43185187342493,237.61226559630578,239.1167027112504,54870400
2025-09-08,237.0045166015625,239.2661511981365,235.47017586985078,238.41928864081726,48999500
2025-09-09,233.48748779296875,237.90117601089239,232.5011259859287,236.12772846479334,66313900
2025-09-10,225.95533752441406,231.56462228661692,225.11843262708078,231.33547301291114,83440800
2025-09-11,229.18341064453125,229.60186307827533,225.81584532196928,226.04500979013486,50208600
2025-09-12,233.2085418701172,233.6469097348115,228.17712472443904,228.37638560886936,55824200
2025-09-15,235.82884216308594,237.31336381412066,234.16499028444412,236.1277410783948,42699500
2025-09-16,237.27352905273438,240.33223781067687,235.4502773909715,236.3070977333125,63421100
2025-09-17,238.1104278564453,239.21634322602875,236.85505542454314,238.09049720761,46508000
2025-09-18,237.0045166015625,240.31228984200703,235.77903252032195,239.08682096339746,44249600
2025-09-19,244.59646606445312,245.3935247988757,239.32594197772087,240.34217704154452,163741300
2025-09-22,255.13751220703125,255.69547916115815,247.2068166293636,247.38616206443075,105517400
2025-09-23,253.4935760498047,256.3928695916873,252.64671355307894,254.93825156077958,60275200
2025-09-24,251.38140869140625,254.79879299943292,250.11607847800005,254.2807025242173,42303700
2025-09-25,255.9246063232422,256.22352044118514,250.7836088309123,252.27808820484515,55202100
2025-09-26,254.51980590820312,256.6519291955366,252.84598111295833,253.16481067495934,46076300
2025-09-29,253.4935760498047,254.06148549110597,252.07880411177766,253.62310245626918,40127700
2025-09-30,253.69287109375,254.97811672142575,252.17846100632588,253.92202035086734,37704300
2025-10-01,254.50985717773438,257.8375764362911,253.99176669154556,254.10136246357334,48713900
2025-10-02,256.1836242675781,257.22974752480764,253.21458136967644,255.63563032858355,42630200
2025-10-03,257.07037353515625,258.2858846694617,253.01536064819075,253.73271197999827,49155600
2025-10-06,255.7452850341797,258.1165305885388,254.1113214696764,257.0404883747525,44664100
2025-10-07,255.53607177734375,256.45266881763376,254.48991791397023,255.86484387966763,31955800
2025-10-08,257.1102294921875,257.56852798749276,255.16739414069707,255.5758888188916,36496900
2025-10-09,253.1050262451172,257.0504585775582,252.2083446799687,256.8611554198282,38322000
2025-10-10,244.3673095703125,255.436420799504,243.10197943699816,254.00171816056968,61999100
2025-10-13,246.74851989746094,248.7710475029622,244.6562426215344,248.46219085423505,38142900
2025-10-14,246.8581085205078,247.93413549962378,243.79940008876653,245.69241642712313,35478000
2025-10-15,248.42233276367188,250.89321639065437,246.559219921403,248.57178982967116,33893600
2025-10-16,246.53929138183594,248.1234359576197,244.22783772705108,247.33635013275978,39777000
2025-10-17,251.36146545410156,252.44746537322095,246.35995200283696,247.10719170360767,49147000
2025-10-20,261.27484130859375,263.4069798400544,254.68918336894043,254.94822099113512,90483000
2025-10-21,261.80291748046875,264.3136625920602,260.86637452698056,260.91620875530236,46695900
2025-10-22,257.49884033203125,261.882640960004,254.48993535873984,261.68336485657886,45015300
2025-10-23,258.6246337890625,259.6608147081683,257.0604350924048,258.98332466328685,32754900
2025-10-24,261.85272216796875,263.15789839957887,258.22610426270086,260.2287163700197,38253700
2025-10-27,267.8207092285156,268.12956591820625,263.67601542509226,263.90517991319996,44888200
2025-10-28,268.010009765625,268.8967489277785,267.1631319065021,268.000036838551,41534800
2025-10-29,268.7073974609375,270.4110953948544,266.1269030442272,268.28892986747474,51086700
2025-10-30,270.4011535644531,273.131090148023,267.49191714200913,270.98897852374654,69886500
2025-10-31,269.37493896484375,276.29937269597025,268.16940070155243,275.9705701844509,86167100
2025-11-03,268.05975341796875,269.8531467885877,265.2700709373508,269.424736694289,50194600
2025-11-04,269.0461730957031,270.49081837885313,266.6350661079627,267.3424445625432,49274800
2025-11-05,269.14581298828125,270.7000692568828,265.94760492323326,267.6214146886098,43683100
2025-11-06,268.7771301269531,272.3937751745226,266.90407480138714,266.90407480138714,51204000
2025-11-07,267.4819030761719,271.28785094446636,265.78814772800683,268.8069946610708,48227400
2025-11-10,268.6986083984375,272.9869540449525,266.7339548671466,268.22988302493957,41312400
2025-11-11,274.5028076171875,275.16101963639426,269.0675899882029,269.07757258136417,46208300
2025-11-12,272.7276306152344,274.9815052844664,270.9624464716027,274.25347600982695,48398000
2025-11-13,272.2090759277344,275.9488963676571,271.3513946141157,273.36590026791555,49602800
2025-11-14,271.6705017089844,275.21085247368256,268.8681323529343,270.31417782757546,47431300
2025-11-17,266.73394775390625,269.7557213346742,265.00866346949266,268.09027174019775,45018300
2025-11-18,266.71405029296875,269.9751630894399,264.59980979362433,269.25711627506445,45677300
2025-11-19,267.8309631347656,271.47104873805114,264.77927226211665,264.80918960656476,40424500
2025-11-20,265.5272521972656,274.68232536305425,265.1981613886433,270.09480618650156,45823600
2025-11-21,270.75299072265625,272.5879921198442,264.9488130991126,265.2280517805383,59030800
2025-11-24,275.1710205078125,276.24807542504453,270.164627965921,270.164627965921,65585800
2025-11-25,276.2181701660156,279.6189174225992,274.50283786370125,274.52277261748515,46914200
2025-11-26,276.79656982421875,278.7712060098946,275.8790842359358,276.2081750495132,33431400
2025-11-28,278.0930480957031,278.242634823177,275.2407959413455,276.50736791500816,20135600
2025-12-01,282.3315124511719,282.65065109438723,275.3904143522869,277.2553332443013,46587700
2025-12-02,285.4131164550781,286.619823290159,281.86278279875575,282.231773534172,53669500
2025-12-03,283.378662109375,287.8365294074879,282.5309633672564,285.4231155973949,43538700
2025-12-04,279.9380187988281,283.95707766942763,277.83373081751637,283.3287830094401,43989100
2025-12-05,278.02325439453125,280.37686403379615,277.29522501275557,279.77848663840757,47265800
2025-12-08,277.1356506347656,278.9108174051644,275.4003533668138,277.374989388386,38211800
2025-12-09,276.4275817871094,279.2698514894354,276.16830825817004,277.40493251311347,32193300
2025-12-10,278.02325439453125,278.9906225605669,275.6896099437804,276.99605153243056,33038300
2025-12-11,277.2752685546875,278.8310314000742,273.0667227973629,278.34237127554803,33248000
2025-12-12,277.5246276855469,278.46207855775873,276.06859927253834,277.1456542987284,39532900
2025-12-15,273.3658752441406,279.3894873363706,272.0993337942639,279.3894873363706,50409100
2025-12-16,273.8645324707031,274.752131096348,271.0522107383373,272.07941349564567,37648600
2025-12-17,271.10205078125,275.41033087528734,270.9026119684932,274.2634587890498,50138700
2025-12-18,271.4511413574219,272.88723490520505,266.22537510199504,272.8672697170699,51630700
2025-12-19,272.9271240234375,273.8545921928022,269.1673383776201,271.4112306527045,144632000
2025-12-22,270.23443603515625,273.13654030849926,269.7756932559407,272.1192896847017,36571800
2025-12-23,271.62066650390625,271.7603010837797,268.8282792538215,270.1048034873943,29642000
2025-12-24,273.06671142578125,274.6823088952694,271.46109654935304,271.60070067851706,17910600
2025-12-26,272.6578063964844,274.6224597374741,272.11926379011726,273.4157529954652,21521800
2025-12-29,273.0168762207031,273.61522314661676,271.6107000753325,271.9497734782625,23715200
2025-12-30,272.33868408203125,273.3359694836473,271.54086793463244,272.06942798009953,22139600
2025-12-31,271.12200927734375,272.9370761103812,271.0123224859311,272.3187639976345,27293600
2026-01-02,270.2743225097656,277.0857683126949,268.2697691424855,271.52092924369913,37838100
2026-01-05,266.5345153808594,270.7729784841199,265.41756056202854,269.9053450243044,45647200
2026-01-06,261.6477966308594,266.82371056256306,261.40845786144683,266.27521573774703,52352100
2026-01-07,259.623291015625,262.964203143993,259.1047135716701,262.48552563718374,48309800
2026-01-08,258.3368225097656,258.58614386359903,255.00587765735156,256.3222864925608,50419300
2026-01-09,258.6659240722656,259.5036402038468,255.52448097015204,258.3767027680543,39997000
2026-01-12,259.54351806640625,260.5906555331263,256.1028713590674,258.45648066308013,45263800
2026-01-13,260.3413391113281,261.0992857475004,257.6885867541948,258.0176775418968,45730800
2026-01-14,259.25433349609375,261.10930037675524,256.0131555781144,258.78560808748875,40019400
2026-01-15,257.5090637207031,260.3313985459844,256.35220896361545,259.9424426175537,39388600
2026-01-16,254.8363494873047,258.1971965798445,254.23797213114116,257.1999111311508,72142800
2026-01-20,246.0303192138672,254.09835490933511,242.75922413209136,252.04394930256512,80267500
2026-01-21,246.97775268554688,250.8771427168815,244.51445623630568,248.02490552393743,54641700
2026-01-22,247.67584228515625,250.31864258405668,247.47637302553753,248.52352576906395,39708300
2026-01-23,247.36668395996094,248.7329754164565,244.01580413580567,246.6486524137701,41689000
2026-01-26,254.7166748046875,255.86354695988197,249.12190294519746,250.7973351598156,55969200
2026-01-27,257.5688781738281,261.23891141767155,257.50904348719195,258.4664593428383,49648300
2026-01-28,255.743896484375,258.15731035497566,253.8191275531099,256.95060341967536,41288000
2026-01-29,257.5788879394531,258.94516415300217,253.7193980705993,257.29964922744847,67253000
2026-01-30,258.775634765625,261.1890484668085,251.49543285360957,254.47732177254832,92443400
2026-02-02,269.2770690917969,269.7557466562268,258.50636737104884,259.3241487899344,73913400
2026-02-03,268.7485046386719,271.1419837262723,266.88355520832346,268.4692659190308,64394700
2026-02-04,275.7394104003906,278.19275421850585,271.55083028665655,271.55083028665655,90545700
2026-02-05,275.1610412597656,278.7412924914769,272.48832346973,277.37501624935936,52977400
2026-02-06,277.364990234375,280.1474248180158,276.1782182606431,276.3677049075235,50453400
2026-02-09,274.13079833984375,277.70443813431814,271.2160169672847,277.41494619870406,44623400
2026-02-10,273.19244384765625,274.87943562430115,272.4537718732244,274.40031021957236,34376900
2026-02-11,275.00921630859375,279.6808719096702,273.9610989943363,274.2106536370846,51931300
2026-02-12,261.2637634277344,275.22883180172755,259.71650632997444,275.0990585104662,81077200
2026-02-13,255.32435607910156,261.7628783299504,254.9949421084194,261.5432690161623,56290700
2026-02-17,263.4099426269531,265.8156532326085,255.08478749757862,257.5903108294174,58469100
2026-02-18,263.8791198730469,266.3447212846438,261.9825104325609,263.13045584681157,34203300
2026-02-19,260.11578369140625,264.00886051677537,259.5867290635135,262.13220471573277,30845300
2026-02-20,264.1086730957031,264.2783836675007,257.7001265171608,258.50868117461044,42070500
2026-02-23,265.705810546875,268.95002088588865,262.91081074777924,263.0206001676805,37308200
2026-02-24,271.6552429199219,274.4003442568012,267.233111068832,267.38283777638213,47014600
2026-02-25,273.74151611328125,274.45024283739696,270.567157599074,271.29586819299504,33714300
2026-02-26,272.4637756347656,275.61811956353745,270.31758130113775,274.4602128097023,32345100
2026-02-27,263.70941162109375,272.3240439665745,262.4217314181026,272.3240439665745,72366500
2026-03-02,264.2484130859375,266.05518620599753,259.73647625260065,261.94253069595567,41827900
2026-03-03,263.2801818847656,265.08695529305965,259.6666350681776,263.0106738027697,38568900
2026-03-04,262.0523376464844,265.67587606267574,260.95432154975975,264.17854815272653,39803100
2026-03-05,259.8263244628906,261.09405110124777,256.79173142961054,260.3254337562426,49658600
2026-03-06,257.0013427734375,258.3090066542827,253.916851068475,258.16927189629365,41120000
2026-03-09,259.41705322265625,260.68477987096253,253.22808575123491,255.2345148744848,38218500
2026-03-10,260.3653564453125,262.01244158439727,256.4922936817907,257.19102845716964,30590800
2026-03-11,260.34539794921875,261.6630538494394,259.08763272962494,260.624897946549,26218900
2026-03-12,255.3043975830078,258.48873275942157,253.7272102811576,258.1992408199258,40794000
2026-03-13,249.6744384765625,255.87336762960538,249.07551643845036,255.024890934378,36930000
2026-03-16,252.36964416503906,253.43773019062647,249.4348789230203,251.66090222791988,32074200
2026-03-17,253.77711486816406,254.67552076289968,251.7307636559193,252.5093881906664,32361600
2026-03-18,249.49476623535156,254.48585937367065,248.55643828829037,252.1799767808244,35757900
2026-03-19,248.5165252685547,251.38140795985734,246.85947863088072,248.95572868612365,34864100
2026-03-20,247.54823303222656,248.75606899357115,245.56177255944445,247.53824109812177,88331100
2026-03-23,251.04200744628906,254.14646797882926,249.83415620831627,253.51758537106093,40546100
2026-03-24,251.1917266845703,254.37604644028636,249.10545347620703,249.90403139868116,45152300
2026-03-25,252.16998291015625,254.5457480998694,251.15181088451408,253.6473574345128,28476700
2026-03-26,252.43951416015625,256.5421934269488,250.32329549316128,251.67088153367666,41796700
2026-03-27,248.35679626464844,255.03488128462607,247.6281009352486,253.4477020992108,47900000
2026-03-30,246.19065856933594,250.4230956915925,245.07264337813007,249.62453299565456,39446200
2026-03-31,253.33790588378906,255.02489784868362,246.65983587287727,247.4683905467953,49598100
2026-04-01,255.1746368408203,255.72364490973627,252.8787309132899,253.6273948962928,40059400
2026-04-02,255.464111328125,255.6737439434535,250.20349485503914,253.74717405681358,31289400
2026-04-06,258.39886474609375,261.6930045642991,256.0031460821725,256.0530752925303,29329900
2026-04-07,253.0484161376953,255.7436185540334,245.2623079794448,255.70368128016966,62148000
2026-04-08,258.4388122558594,259.28730423338584,256.07303883918246,257.9896321241455,41032800
2026-04-09,260.0259704589844,260.6548530924392,255.61386101634736,258.5386343954405,28121600
2026-04-10,260.0159912109375,261.7229364827484,258.5585701252562,259.5168819122501,31291500
2026-04-13,258.73828125,259.71651601158027,256.2027973984465,259.2673359057164,36234700
2026-04-14,258.3689270019531,261.4634109961452,256.7318642110386,258.7881922504944,48370700
2026-04-15,265.95538330078125,266.08515659729386,257.35074355126085,257.7001261657452,49913500
2026-04-16,262.9307861328125,266.68409800240715,260.80457553569033,266.3247234477873,43323100
2026-04-17,269.7486267089844,271.8149160854778,266.24486962975914,266.4844323486072,61436200
2026-04-20,272.5635681152344,273.7913879220191,269.80850557942483,269.84841238867654,36590200
2026-04-21,265.69586181640625,272.3140256362382,264.9272139873882,271.0163536236942,50209800
2026-04-22,272.68341064453125,273.2523721409737,266.39461467279705,267.3429346055621,43249200
2026-04-23,272.9429016113281,275.2787294551341,271.1660737405759,274.56001085217736,33399600
2026-04-24,270.5771179199219,272.5735550213531,269.16962610782736,272.2741016414235,38157100
2026-04-27,267.1332702636719,267.88193422863776,264.59781690250213,265.6159889280984,41466800
2026-04-28,270.2277526855469,272.7432830913257,268.181416710472,271.8548539018017,40018900
2026-04-29,269.688720703125,270.55716597281076,266.56429174844374,267.07336249706583,30047900
2026-04-30,270.86663818359375,275.50834883767226,267.6623648300734,270.018146234023,91848200
2026-05-01,279.6409912109375,286.70836594964845,277.8741246788477,278.3632420760759,79915400
2026-05-04,276.3368225097656,280.13007120517506,274.3703307853319,279.16179801165765,46668400
2026-05-05,283.67376708984375,284.0630869835518,276.00745521106614,276.43668191704,49311700
2026-05-06,286.99786376953125,287.5169265187869,280.5693330033821,281.4178249779708,58336100
2026-05-07,286.927978515625,291.6096265406606,285.2709318587503,288.75470528792926,45224300
2026-05-08,292.7974853515625,294.2349225642168,289.48339230776435,289.49338424193445,52692800
2026-05-11,292.42779541015625,293.6267735875138,289.979924827367,291.72841688276577,42247300
2026-05-12,294.54595947265625,295.0155556946294,292.3078994315659,292.3078994315659,45748100
2026-05-13,298.6124572753906,300.6607090744109,293.24708951115105,293.24708951115105,52684300
2026-05-14,297.9530334472656,300.1911240450107,295.12548538387824,299.5616620172475,35324900
2026-05-15,299.9713134765625,302.93875555297063,296.26448829773227,297.643304079477,54862800
2026-05-18,297.5833435058594,300.4009207908792,294.6558756451712,299.98126929450746,34483000
2026-05-19,298.7123718261719,300.2510533099592,296.09463441963413,296.7140952726279,42243600
2026-05-20,301.98956298828125,302.5390768782648,297.82314269813475,297.9230626302997,38229800
2026-05-21,304.7271728515625,305.27671719779084,300.1411318265125,300.80056674721834,42965100
2026-05-22,308.55389404296875,311.13165741506583,305.57645096183757,305.85620846339293,43670200
2026-05-26,308.0643005371094,311.5513139598484,307.4048960873393,309.29325163060713,48000500
2026-05-27,310.5821533203125,312.9900803339556,308.0343323058515,308.0643052358437,50430900
2026-05-28,312.24072265625,312.5304508120942,309.30325358892543,310.412282475935,48220400
2026-05-29,311.7911071777344,314.7285763294451,309.2632884033746,311.5113496628706,70026800
2026-06-01,306.0460510253906,310.67206624496237,304.7571540774977,309.363197507879,48849900
2026-06-02,314.92840576171875,315.1781903378333,306.42572903356995,307.1950545511415,44534700
2026-06-03,309.9926452636719,316.6668815001487,308.5838566628498,313.9092501546009,50836700
2026-06-04,310.9618225097656,313.26982953176514,309.38316692864953,312.96009909963743,44869100
2026-06-05,307.0751647949219,314.8984348439246,306.8853260765596,312.5903972939029,65310500
2026-06-08,301.2801818847656,317.1265012321255,300.9105055796523,308.4739595974908,77949100
2026-06-09,290.29962158203125,300.4908444635933,287.5320194610898,300.0212482417878,70108800
2026-06-10,291.3287353515625,294.4960172141002,287.1323727394638,290.4894628291428,52793300
2026-06-11,295.375244140625,296.7440586571729,289.3404406054596,293.4668864344149,42572500
2026-06-12,290.879150390625,296.88398158337014,289.3704417369658,295.7749221682621,38742100
2026-06-15,296.1645812988281,297.5233947188816,291.4486474146935,293.8665449684006,45732600
2026-06-16,298.9821472167969,300.2210994929347,293.71669913987887,294.99559499590845,39874400
2026-06-17,295.6949768066406,301.8096980081642,294.10632015937927,300.59074812548096,42745100
2026-06-18,297.7532043457031,300.31099586682666,295.3652492546472,297.8530937792582,85962200
2026-06-22,296.75408935546875,302.1594314563154,296.5043047694293,297.05381866220307,44879900
2026-06-23,294.04638671875,301.3800886038737,293.9264950024863,297.2836155142734,52010900
2026-06-24,292.8274230957031,299.4417438827621,292.68755959702736,295.1054570720635,53081900
2026-06-25,274.91290283203125,288.55113481081804,273.5141152813601,287.1523472601469,107013700
2026-06-26,283.53546142578125,285.70360492137456,273.9737007161028,274.7630284991681,261775500
2026-06-29,281.4972229003906,288.12151489662153,279.6088673150861,286.4829438934296,66427000
2026-06-30,289.11065673828125,289.69017405322865,280.45814550695326,280.9277417485351,65100200
2026-07-01,294.1263427734375,296.33442991747245,288.95081360688545,293.1871503157195,50164200
2026-07-02,308.3640441894531,309.15337194761725,293.4269150966668,293.866538367699,75352800
2026-07-06,312.3905944824219,313.9292760509671,306.7354678654279,307.0951430290638,53590000
2026-07-07,310.3923034667969,315.20815732134815,309.88273318392555,315.0183186077797,42490000
2026-07-08,313.1199645996094,314.5487250421545,306.7854009831778,311.6412289475945,41323500
2026-07-09,315.947509765625,316.2572401947346,307.8944576262147,310.24243869469103,48124500
2026-07-10,315.0483093261719,316.6369356310425,311.9010296470402,314.4488202226986,34132300
2026-07-13,317.03656005859375,323.171283634363,315.5078797345754,316.7468014245228,43257800
2026-07-14,314.58868408203125,315.91755515351207,311.64124426456783,313.48965629761443,36336800
2026-07-15,327.2178039550781,328.44675508114506,317.0465830462295,317.34631234952286,60957600
2026-07-16,332.97283935546875,334.3915986652446,326.50841333986017,327.72736328456057,62970600
2026-07-17,333.452392578125,334.7013154010385,328.71648699084636,331.693929977533,63407100
2026-07-20,326.3085632324219,333.4224228207836,323.4010672140761,333.2226134619852,53468000
2026-07-21,327.45758056640625,329.3159936819017,321.94234806189104,322.85156758462244,41338900
2026-07-22,325.60919189453125,328.7164973399543,323.0613709608057,327.58746619388995,38755900
2026-07-23,321.3828430175781,323.0214140443725,319.0748358849152,321.4527900194849,40840800
2026-07-24,332.7330322265625,334.0818750563203,321.3428614810286,321.5127284115298,47489400
2026-07-27,336.61968994140625,339.277401491225,333.73216560461384,334.2517370375488,49604300
2026-07-28,339.78692626953125,342.59453283396704,335.31080637618777,339.73698155301014,51859000
2026-07-29,337.8985900878906,344.2730974331505,337.0593175600121,339.43727163464206,56090800
2026-07-30,333.1426696777344,334.4615395264105,329.30598233808786,332.8129674612056,74817800
2026-07-31,308.6438293457031,310.4222943774597,299.7415030462749,304.54735603914753,132489100
2026-08-03,303.1585693359375,311.5313230344714,302.29929450581176,309.313234694189,75052000
2026-08-04,309.1134033203125,310.1525156602479,301.0603512911937,302.46913991298527,68001000
2026-08-05,310.7320251464844,311.4414048335362,305.40663118634393,309.09342362565195,49438800
2026-08-06,312.14080810546875,316.0174696892129,308.96355554648414,314.06913775686996,46139900
2026-08-07,313.05999755859375,314.53873325457766,310.47223295908327,311.1816431226555,34437200
2026-08-10,308.260009765625,308.260009765625,304.6099853515625,306.8299865722656,44812500
2026-08-11,304.9100036621094,309.9700012207031,302.7900085449219,307.75,37476700
2026-08-12,302.25,305.6600036621094,300.57000732421875,305.1000061035156,41657800
2026-08-13,305.260009765625,306.0,302.04998779296875,304.2099914550781,40349300
2026-08-14,305.92999267578125,307.489990234375,304.29998779296875,306.0,26072932
