Date,Close,High,Low,Open,Volume
2021-08-24,243.42523193359375,247.88146296355072,242.39029713291447,247.607753000628,978000
2021-08-25,241.97125244140625,243.50229033055535,240.96197597696437,243.4680700480104,973400
2021-08-26,242.210693359375,243.6561933018116,240.96192737385527,241.38958946090938,960900
2021-08-27,244.19503784179688,244.46018623252073,241.38101416009096,243.61342370101036,882400
2021-08-30,249.48094177246094,249.55791781365954,243.9555550729132,244.19504479078276,1632600
2021-08-31,249.90005493164062,250.3790343416504,247.01759077534805,247.8985735583039,2327100
2021-09-01,254.85235595703125,255.26292091292876,249.7460701475422,250.48166243072282,1658400
2021-09-02,257.3584289550781,257.4354049762276,252.9107340931784,254.9720678897856,1795800
2021-09-03,258.3163757324219,258.5644008661703,254.1766112473561,256.63992211843276,1645300
2021-09-07,255.9301300048828,258.2566130714828,252.40619817659726,257.024944030199,1535200
2021-09-08,259.6934509277344,259.77898854236275,255.20300023510333,255.4510514868011,1512700
2021-09-09,253.87730407714844,259.7704735169236,253.7661077684399,258.7355386709175,1243100
2021-09-10,251.3626251220703,254.1595252477684,248.09528112776198,253.59500826688654,1488700
2021-09-13,251.9870147705078,255.24582353070886,250.76390760024742,253.6121514050294,1270100
2021-09-14,253.5180206298828,254.70693348269984,252.15805864374468,252.5686235480645,1109700
2021-09-15,254.25364685058594,254.74116174309668,251.67911299192988,253.70622690489148,1044200
2021-09-16,254.15101623535156,254.88658243401963,250.47310693475092,253.8516475791229,906500
2021-09-17,251.25143432617188,254.50165520584963,251.09748226503743,251.3284103567391,2994000
2021-09-20,249.06182861328125,251.59358065936942,245.99975369522943,249.36119727098423,2374700
2021-09-21,249.64341735839844,251.6534340244116,248.61704419659978,249.96844466214748,1161500
2021-09-22,251.08038330078125,252.25219926335404,248.20650680602117,249.84017899655294,1172900
2021-09-23,246.33335876464844,251.03764165772333,244.13516940275764,251.03764165772333,1634100
2021-09-24,241.3553466796875,246.70112226938798,240.65397465773805,246.23926605218017,2318700
2021-09-27,235.53778076171875,242.19745883634798,235.1682823365379,241.3897022364601,1776700
2021-09-28,230.94049072265625,233.72465792140295,229.23904064333024,232.70207281338614,2317600
2021-09-29,232.0232391357422,233.20909592383398,230.45928232176126,231.92870101718688,1448500
2021-09-30,228.07034301757812,234.05115616198373,227.95002656960702,233.19184287359715,2090800
2021-10-01,229.1015167236328,231.17246501752624,227.7953698890486,229.44526303856304,1784600
2021-10-04,227.9156951904297,229.76321369616045,225.26899531804483,228.500021989832,1387600
2021-10-05,227.33132934570312,229.3679239516205,225.40647589191894,228.0617509158428,1649200
2021-10-06,230.2616729736328,230.68275448480847,224.37536936274645,226.32602808649878,1421100
2021-10-07,228.67189025878906,233.54420907313124,228.24223353253603,231.32719190429836,1185000
2021-10-08,225.2088623046875,228.69769911332202,224.63313696627725,228.64611617897506,1064300
2021-10-11,224.79638671875,226.40329855253304,223.86831357759226,225.07137329569773,1074800
2021-10-12,227.33132934570312,228.4828322769792,224.77059242397127,225.80175267814357,1352700
2021-10-13,227.01339721679688,227.19387190384626,222.83714687358452,226.2571972639117,1646600
2021-10-14,230.1842498779297,230.63110957817452,227.77818312338366,228.1047263738208,1370000
2021-10-15,231.43882751464844,233.20043542253444,229.50537269019563,231.8341304934869,3091300
2021-10-18,230.2959747314453,232.2294297431832,229.37650316539776,230.67407469834035,1354300
2021-10-19,234.50662231445312,238.4250893322047,231.18968516816085,231.77401198810395,1816900
2021-10-20,237.20489501953125,237.92671517957416,235.53782480794447,235.53782480794447,1109700
2021-10-21,239.7827911376953,240.0749545134819,234.83313812634373,236.99002290613882,1269100
2021-10-22,244.4317169189453,245.1707138849731,239.74844821152732,240.41871164143166,1496300
2021-10-25,244.54339599609375,245.4886459815555,241.14052227259523,244.47466246268007,1194700
2021-10-26,246.57138061523438,248.82277744995076,245.24803068197372,245.7636239490771,1742300
2021-10-27,245.2653350830078,250.20638900487782,245.17079693662777,247.67140302485763,1280300
2021-10-28,245.7722625732422,249.19231352042257,243.0568287658283,245.33400429642586,1391600
2021-10-29,242.3005828857422,244.84414302262667,240.29839434748695,244.24263942072014,2532000
2021-11-01,242.4123077392578,243.32317781659626,237.52281254953718,243.06536807022917,1520500
2021-11-02,242.88490295410156,245.15350269062935,240.18667278474055,243.02239623123913,1532500
2021-11-03,241.12330627441406,245.2652024861118,237.565736786381,243.8043594527905,1133500
2021-11-04,239.70541381835938,243.5723229955565,238.57971568915227,242.15443531792593,1381000
2021-11-05,238.74302673339844,241.84516169653733,237.772024634541,241.41550500310603,1214000
2021-11-08,239.542236328125,239.9375131898739,234.96208075114046,239.10397805747237,1014100
2021-11-09,240.53900146484375,241.9912168819675,239.5765484965743,240.5132231136324,823300
2021-11-10,237.0673828125,241.87954305317567,236.792396233224,239.43049464081574,925300
2021-11-11,234.1456756591797,237.77197849705527,232.3325111281627,237.2821636677885,1221800
2021-11-12,233.81918334960938,236.500236984272,233.38952664599898,235.87292875630175,991200
2021-11-15,223.8511199951172,230.7600064348526,222.68246646680925,229.7202184356288,3467600
2021-11-16,222.59652709960938,225.4236490072808,222.2442054957138,225.25180207982805,2783200
2021-11-17,221.29898071289062,223.76520599575124,218.8671221970028,222.64810905602837,3451600
2021-11-18,222.5277862548828,223.22382799697945,217.75000594471067,221.35913264193746,2436700
2021-11-19,224.26361083984375,227.1079359724693,223.0863295046392,224.19485108529614,2036700
2021-11-22,221.38491821289062,224.332356918037,220.5256048021193,223.4214868005525,1835200
2021-11-23,225.14012145996094,225.32056993973896,220.62872589635484,221.92629758352484,2070900
2021-11-24,228.13055419921875,228.58598929882078,223.8511635889489,225.8963338859353,1320800
2021-11-26,225.88772583007812,229.8663513597603,225.3721325074287,229.0757714351424,1161800
2021-11-29,229.3850860595703,231.42165431065567,224.70181825518802,226.97041787229966,1842900
2021-11-30,225.55259704589844,230.42488947603786,225.44945740668652,226.9962373048905,2759500
2021-12-01,222.5192108154297,229.9007096217964,222.14111082932,226.84155607902773,2629100
2021-12-02,228.7836151123047,230.07258534689024,222.79419903996384,223.18950212663665,1902600
2021-12-03,229.40228271484375,231.3529407870053,226.39468601420833,228.33674256120764,1804000
2021-12-06,231.64511108398438,234.50661306299682,229.72883283116974,230.75141783781044,1864800
2021-12-07,237.8665008544922,238.30475900781323,233.08872123783556,233.08872123783556,2133000
2021-12-08,237.04165649414062,238.82044190008943,235.05664422054656,237.5056931705119,1327600
2021-12-09,232.9254150390625,238.02113560877282,232.81370013624044,237.0673106215794,1116100
2021-12-10,234.22303771972656,235.60651957610952,231.54198435955578,232.79657446288465,1352400
2021-12-13,237.1876678466797,238.31336626771798,232.3153757058236,233.73323752687094,1836400
2021-12-14,234.94482421875,238.97500520855556,232.88247779183416,235.85569410917248,2225100
2021-12-15,235.75262451171875,237.3337579401831,232.97703293057177,235.58935287611232,1932500
2021-12-16,240.15225219726562,240.32412532059084,236.0619131243679,236.1392481626172,1791500
2021-12-17,239.62814331054688,243.83019879544972,238.73447617697815,239.96328815375975,3248700
2021-12-20,239.28439331054688,240.2124664342939,236.31977792296627,237.04159800579015,1551000
2021-12-21,238.7601776123047,242.3607020144292,237.66883306599803,240.86547921558338,1381900
2021-12-22,241.68190002441406,241.75923508552214,238.63992316667404,239.7054896427691,914200
2021-12-23,240.7146759033203,242.20003699573743,238.7457113254105,241.8027969228856,1016000
2021-12-27,246.77706909179688,246.90660105180214,240.47290804256275,241.85464377625908,1235300
2021-12-28,249.1345977783203,249.5232199627607,245.8789052817218,246.77703734625072,1065600
2021-12-29,249.47142028808594,250.0068365849639,247.67515606468524,247.67515606468524,1430600
2021-12-30,251.42311096191406,252.1571340961649,248.2019427304115,250.10180606966932,1370200
2021-12-31,252.59754943847656,254.23834876223728,250.38678325088932,251.6476046654324,1274100
2022-01-03,247.3124542236328,252.64073689006068,242.04460222797093,252.48529855766748,1597900
2022-01-04,244.1949462890625,248.92738268776804,243.92723811594772,248.01198834981085,1813300
2022-01-05,228.47769165039062,241.31914028468023,226.45691474087326,240.9132560536399,4486100
2022-01-06,228.75405883789062,229.17720523339736,221.7417566781221,227.90773969246789,2473100
2022-01-07,230.2135009765625,232.5106304930676,225.3947287171707,228.01137911132003,2244300
2022-01-10,228.33961486816406,230.87854688996472,223.33082575687538,230.87854688996472,2113500
2022-01-11,224.95431518554688,225.9215221571905,221.16320646407797,224.02165884986576,1884300
2022-01-12,224.00437927246094,228.41726732568662,223.53803796371398,224.42752570101374,1876900
2022-01-13,220.59323120117188,224.7297934165904,220.2650660580046,224.53116021035433,1728000
2022-01-14,216.4307861328125,219.52240941007645,212.5187630856272,219.03880589000525,2549900
2022-01-18,216.093994140625,216.73304919171463,213.97822211002295,214.7122716527988,2523600
2022-01-19,215.03179931640625,218.71065186212087,214.2373058961809,216.94032028100142,2200000
2022-01-20,212.38922119140625,218.36520316732904,212.04378070952205,215.80036523961965,2120900
2022-01-21,211.3701934814453,216.56895756212379,210.50661202113628,215.66219439335782,3504900
2022-01-24,214.5135955810547,215.31673306441036,206.3959364074593,208.39080715727061,2708800
2022-01-25,216.35302734375,217.9679201976711,211.9142198799176,212.25964713751182,2065700
2022-01-26,209.5048370361328,219.66917985636437,207.60494755832744,216.43939409850609,2325000
2022-01-27,204.17654418945312,211.6206248220556,203.1316180741129,208.59808992039,2722300
2022-01-28,213.1060028076172,213.17509090640627,201.79308029215102,205.1610559277789,2106700
2022-01-31,217.19073486328125,217.34617319935657,211.56018011478216,212.36331771612612,2665000
2022-02-01,216.02490234375,218.0111423868016,213.81413585928507,216.81940890273677,1665800
2022-02-02,217.91612243652344,219.75555499406312,217.23389894376237,217.51888238064925,1446000
2022-02-03,216.49981689453125,218.21834832705488,215.774411806541,216.67253050921406,1367300
2022-02-04,212.81234741210938,215.8953391806681,211.620614100332,214.30635264682775,1275900
2022-02-07,212.6655731201172,214.47909952116444,211.14567444053637,212.24242662315856,1171600
2022-02-08,211.8538055419922,213.58959949551556,209.91074729872582,212.08696304359506,1303800
2022-02-09,215.8003692626953,216.29261701710442,213.0714487023677,214.29773278720185,1824700
2022-02-10,209.42710876464844,215.4290096980821,208.27854398612908,212.9850728925838,1453100
2022-02-11,204.58241271972656,211.5342450927126,203.36477305366498,209.8157266717496,2379600
2022-02-14,202.32847595214844,206.0159721385565,200.99856642340785,205.44600526457933,1810100
2022-02-15,201.55123901367188,204.79829995681095,200.5926632438987,204.72058080236567,1696300
2022-02-16,200.63587951660156,201.86216359223928,198.40783779814748,201.5599048143734,1275700
2022-02-17,197.4751434326172,200.79129261562207,196.68928125070346,200.35950194563063,1721100
2022-02-18,197.27655029296875,199.74639378892414,195.7825580608595,197.6047154635805,2705400
2022-02-22,197.21607971191406,199.4009395954238,193.89993030499093,197.10382309063607,2521600
2022-02-23,196.4215850830078,199.875910652908,195.79980542624926,198.52872578899994,1934000
2022-02-24,200.13497924804688,200.88629081104244,189.987898315298,191.5509784612664,2699700
2022-02-25,201.78445434570312,202.46667792560854,195.8516405421461,200.0918288254043,2309500
2022-02-28,195.9207000732422,199.83272260276325,192.9240716823261,199.6168272614996,3690400
2022-03-01,197.37155151367188,199.4182354214082,195.75664517228114,196.89657906032164,2467300
2022-03-02,199.4873046875,201.0158474649831,196.67203404912442,197.164268598154,2160300
2022-03-03,203.1488800048828,204.496064792497,199.936356352631,201.62896840679042,2702600
2022-03-04,205.774169921875,206.5945695964357,202.05213628695628,202.05213628695628,2396600
2022-03-07,200.36814880371094,205.4200918021261,199.5131985221919,204.7724057886981,1499200
2022-03-08,196.87066650390625,204.36654725216187,196.4734132343077,200.79996478261776,2058000
2022-03-09,201.30947875976562,204.21111305143629,199.70321668442637,200.04864400456503,1481200
2022-03-10,201.041748046875,201.62897706064672,196.11933681270636,199.42684190459056,1300300
2022-03-11,202.80349731445312,205.55832469329536,202.6653210976037,203.20938171569247,1889000
2022-03-14,202.88116455078125,204.80696048987903,200.73948644679197,203.77929655314207,1652400
2022-03-15,203.98655700683594,205.84325164323556,202.14712450989268,204.3492595935054,1422300
2022-03-16,206.9400177001953,207.6222412168009,203.52022951523358,205.37693745489852,1902000
2022-03-17,211.6983642578125,211.78472767701282,205.95555266559862,205.95555266559862,1876100
2022-03-18,209.4444122314453,214.56545718520428,208.81400144987012,213.45142971303753,3668100
2022-03-21,208.67578125,211.5774148956572,207.2854148535975,208.82258848723447,1601400
2022-03-22,206.97454833984375,210.1007087274454,206.4909448740497,209.18531457044864,1909800
2022-03-23,202.07806396484375,207.44954176201747,201.82763113653382,206.45642834247494,1968600
2022-03-24,203.3647918701172,203.42523571693295,199.2023231307352,201.73262352519922,2081200
2022-03-25,207.8554229736328,208.4081145789712,204.27155202110416,205.0315079198972,1530200
2022-03-28,211.60336303710938,211.74153923255184,208.12313082479662,208.77081691657503,1382800
2022-03-29,216.3703155517578,216.95754456009783,213.53776970365723,213.85729059483012,1917500
2022-03-30,216.64666748046875,216.68984918708185,213.62413249844573,215.16130637798375,1385400
2022-03-31,216.9489288330078,219.4101411899891,216.4998627978561,217.54480213062686,3315600
2022-04-01,221.8972625732422,222.27724051694793,215.98172441107462,216.9489314116295,1636200
2022-04-04,222.65716552734375,223.9870881715591,221.18909306046672,221.92314247111076,1989800
2022-04-05,227.05284118652344,229.1599556298018,221.9749781610822,222.41538676940988,1956200
2022-04-06,231.97525024414062,232.42432947534576,224.9716171728784,225.5588462473921,2749700
2022-04-07,229.47947692871094,231.31026513655337,228.002733875244,229.67808376832488,1752400
2022-04-08,230.0666961669922,231.86293366624085,228.01136846636854,229.8508008430512,1559100
2022-04-11,227.38961791992188,231.2152772236853,226.76783825338595,230.22216387760494,2158500
2022-04-12,223.2830352783203,225.86158301229946,221.93733969968054,224.7589816831974,1518100
2022-04-13,223.26568603515625,224.1946637762603,221.33828640659496,224.05574898826737,1317800
2022-04-14,221.85916137695312,224.29880723866754,221.39034060228687,223.94284311944173,2312200
2022-04-18,220.44403076171875,223.4566771514129,218.91599468075097,220.64371247770248,1072500
2022-04-19,224.66346740722656,225.34066042716745,221.19936770852348,221.26014789506223,1308500
2022-04-20,232.32098388671875,232.63354878853957,224.98473033918458,225.5143181375735,1807500
2022-04-21,231.59169006347656,235.74167317799848,231.07945670256427,233.44964548687764,1712400
2022-04-22,227.38092041015625,231.92160288262912,227.3375211331826,231.92160288262912,1664500
2022-04-25,225.31463623046875,228.33597347868067,221.485894804226,227.55460092172768,1656800
2022-04-26,221.2340850830078,226.78185312418412,220.90416580602917,224.7155389117676,1883300
2022-04-27,219.52377319335938,223.994985630729,218.39511363948964,222.26728084796108,2049600
2022-04-28,218.9420623779297,220.40064122117283,212.89073734990242,219.3240714380087,2417400
2022-04-29,209.25299072265625,218.1867382600816,208.9577934683853,217.31854065401856,2151900
2022-05-02,205.71939086914062,212.95147748949924,202.0555964324616,209.56551260614293,2127600
2022-05-03,209.2443084716797,210.9720265446335,204.3042750275244,205.71942817249126,1367100
2022-05-04,213.2640380859375,213.61131179455964,207.21270031731467,208.91437328390597,1098500
2022-05-05,209.65232849121094,213.98463878330722,208.1069380017554,212.69101973976953,1375900
2022-05-06,211.90098571777344,212.8125825614862,207.3255808480226,207.7162671021343,1843000
2022-05-09,200.63177490234375,210.21668357171802,199.65072064866862,210.21668357171802,2423300
2022-05-10,195.1273651123047,203.2797381459343,193.02632899981126,201.96876484469757,2411700
2022-05-11,195.10134887695312,199.14715252286962,194.4154654135261,196.6033268858565,2104200
2022-05-12,195.77853393554688,196.7075116084331,192.75721038060425,195.05792842934864,2193700
2022-05-13,201.99484252929688,202.19452425385379,196.37760339420987,197.23711047901392,2229500
2022-05-16,199.87643432617188,203.93091515915432,199.71147467757407,201.9514258712666,1203100
2022-05-17,202.29000854492188,202.83697718495398,199.1644923842268,202.46364538770672,1728500
2022-05-18,200.23239135742188,202.55047706599873,199.26000116022763,201.91669660764026,1623800
2022-05-19,202.50704956054688,205.05955211192946,198.99953778940358,199.68540792679863,1825900
2022-05-20,212.08328247070312,212.85597770935055,203.4273524081112,204.4170970199477,2853900
2022-05-23,216.5458221435547,216.80628404703234,211.4408165269069,213.22062407842088,1697400
2022-05-24,224.44642639160156,225.13230989098994,215.91205593135152,216.60661663729337,2174400
2022-05-25,225.98312377929688,226.76449619250167,219.28931554862726,222.94443267605754,2392900
2022-05-26,221.1212158203125,227.70214098696337,220.487435376362,226.35644550617297,1487200
2022-05-27,226.56480407714844,227.9539253265169,221.24276260091358,222.71000519541093,1786300
2022-05-31,222.3714599609375,224.89791820674515,221.59007415677164,223.7866263163995,2829600
2022-06-01,219.27197265625,222.3714442904984,217.78736225395014,222.3714442904984,1418000
2022-06-02,227.78028869628906,228.50090747546045,213.29876041730904,213.62867971425152,2781800
2022-06-03,231.57432556152344,233.97922306548963,226.3824950438828,227.3114727151076,7332200
2022-06-06,232.1212921142578,235.35967862377368,231.08816137042018,234.23103236865109,4197100
2022-06-07,231.07077026367188,231.80005301875823,225.00207792990167,231.0968151300933,2135100
2022-06-08,229.60353088378906,233.5798907465808,228.61379939300036,230.6280241926989,1550400
2022-06-09,225.90499877929688,232.44252485631986,225.7487030937927,226.74715140919184,2050700
2022-06-10,217.92630004882812,223.85609193338166,217.14492741738087,223.1354994998436,2188200
2022-06-13,208.39346313476562,214.5750256374494,207.4731758237081,212.70840614786235,2272900
2022-06-14,203.58363342285156,208.7841278896275,201.99483043249364,207.65546850740336,2584900
2022-06-15,209.5828857421875,212.27430347798,204.03510386217792,204.3737003807647,2076700
2022-06-16,204.5260467529297,206.98023084567606,202.89284698895517,205.05007476649948,1668500
2022-06-17,206.2640838623047,208.0981687943672,202.72692767994837,204.1068558364034,4291800
2022-06-21,215.5916748046875,217.06766086136238,211.25974801495633,211.35581937500842,2502000
2022-06-22,220.09825134277344,226.04591986941662,211.57415400181898,211.63529637703266,3130200
2022-06-23,225.60049438476562,226.90180883902798,220.72708188175832,221.01529595375501,2553100
2022-06-24,228.51754760742188,228.9367753390446,224.08954964407965,227.74026117234567,3131500
2022-06-27,226.49130249023438,230.64855721396535,225.45201546247085,229.0240998557695,2018900
2022-06-28,220.9017333984375,227.49570082138223,220.1943049798109,227.07647312201604,1601700
2022-06-29,221.1026611328125,221.7751473767024,215.85369157446374,218.36900495119775,1863700
2022-06-30,223.22488403320312,225.07642623346797,218.52615725543515,219.74887128833012,1938100
2022-07-01,225.67910766601562,226.23807801494846,220.47382289415168,222.29916546265557,1363200
2022-07-05,223.53062438964844,223.63542466788851,218.019654315744,223.1376100196613,1321600
2022-07-06,225.53065490722656,227.58305590774597,224.19439803536224,225.2948276248439,1170900
2022-07-07,224.6136016845703,227.58305847181606,223.07647315053288,225.7664580800387,1089600
2022-07-08,222.71836853027344,225.22495275195703,221.59172562885254,222.9891247766884,936000
2022-07-11,225.32101440429688,225.73149991082323,220.51748640705955,222.7096431954516,1299500
2022-07-12,223.13758850097656,225.97603126674724,221.0938899862752,224.41271617847107,1650900
2022-07-13,223.51316833496094,225.51318263048873,219.36465490425127,220.4476400500502,1188500
2022-07-14,224.02842712402344,225.19874118780552,219.5916870551243,219.87117220105839,1579200
2022-07-15,224.63107299804688,227.7664722638537,222.99785986687885,226.97170130992683,1181100
2022-07-18,217.687744140625,225.14634071067798,217.1025871096278,224.37776988711855,1608200
2022-07-19,224.59613037109375,224.69218840502853,219.65284641443978,219.74891777496083,1506300
2022-07-20,218.11573791503906,225.26863716449532,217.84498163675258,223.58303707084045,1573500
2022-07-21,223.05899047851562,223.57428959469073,216.76199183418404,218.49126301151873,1290300
2022-07-22,226.72714233398438,227.39088624419867,223.37338719001346,224.06334449362194,1587500
2022-07-25,224.75331115722656,226.7795384652527,223.49565466625657,226.50879556194934,1593300
2022-07-26,226.18565368652344,229.75773823365907,225.172540027312,225.8188261026207,1579700
2022-07-27,225.57431030273438,228.15948156700944,223.041539177702,226.65728205131444,1505400
2022-07-28,234.84950256347656,235.42593073474728,227.1289046098159,228.35161891864487,2589500
2022-07-29,236.5351104736328,239.2600510075088,233.6355383447574,236.11590935547792,1821200
2022-08-01,234.60494995117188,237.34734810779923,232.54380686669197,236.05474923323214,1323100
2022-08-02,232.86695861816406,236.84078676839079,232.34293058711248,235.02418646767444,1681000
2022-08-03,234.78834533691406,235.74905889494386,231.3298031811781,233.9237164612729,1370200
2022-08-04,236.9193572998047,237.31238493715804,234.06344353539075,235.0678149214199,1257800
2022-08-05,237.722900390625,237.93250094196534,233.2250442052942,234.38661613153582,1156400
2022-08-08,238.43031311035156,241.81899728280092,236.97177162876474,239.9587125533666,968900
2022-08-09,241.20767211914062,242.20332816528347,236.115929317797,239.15524429407287,1459800
2022-08-10,242.61386108398438,244.5178044366502,240.23828968829386,244.5178044366502,1350800
2022-08-11,239.26002502441406,243.6006804850831,238.6661124162358,243.6006804850831,1260400
2022-08-12,242.5526123046875,242.70981269902194,239.86264116223202,240.77092787605514,1110000
2022-08-15,245.8714141845703,246.7011273628556,242.9107001150725,243.13778512242845,1329100
2022-08-16,243.190185546875,244.61375800491203,240.9543577358456,243.539528644879,1183500
2022-08-17,242.32557678222656,243.65311812502966,240.56137647260806,241.79283311936223,1059000
2022-08-18,240.60501098632812,243.84523716199078,238.36046737416163,242.37795336503095,1139000
2022-08-19,239.6617889404297,242.43910289882908,238.77095993108648,240.16833249793703,2110700
2022-08-22,235.59185791015625,239.43468547963207,234.87568720019286,237.83642806902708,946800
2022-08-23,231.64425659179688,234.84951402011845,229.97611437534255,234.34297044359755,971000
2022-08-24,230.98922729492188,232.93682803585634,230.65734197050054,232.57002705330845,1372900
2022-08-25,234.27305603027344,234.46519873897054,229.09397178866368,232.09837051383394,1367400
2022-08-26,228.11582946777344,234.334228245606,228.01102918662392,233.94994277927486,1227300
2022-08-29,226.83193969726562,229.38219499775056,225.49568300078022,226.90179765680463,1577900
2022-08-30,221.31224060058594,227.6703814065162,220.70088347051302,226.98915298635126,1211100
2022-08-31,221.87994384765625,223.7664154079131,220.93670140423475,221.71400119650994,2005100
2022-09-01,225.015380859375,225.11143890301608,219.75766889466522,220.91052533740975,1590500
2022-09-02,219.08517456054688,227.932429230871,218.76201814899554,226.67477254932038,1387400
2022-09-06,221.9934844970703,223.9935120014527,219.21617048686693,220.1856130487767,1163700
2022-09-07,226.63980102539062,227.1201444703418,221.53057474678525,222.64848869149654,1095800
2022-09-08,228.53504943847656,228.8232502017925,224.68347931876025,226.77956482966871,1518700
2022-09-09,228.46517944335938,229.88003658746646,226.78832158855658,229.25120822862164,880000
2022-09-12,231.52191162109375,231.93239705088996,228.78825616874528,228.87559859803184,946100
2022-09-13,222.38650512695312,229.0066468635532,221.80134804265046,227.55684752398068,1711400
2022-09-14,219.93235778808594,222.78827222220812,218.1506729491412,219.59173020208038,2087000
2022-09-15,214.0283203125,220.08078898451876,213.61783482807138,219.7314325474596,1561400
2022-09-16,214.75323486328125,216.290363313494,213.07636382852561,213.4781071008535,3287400
2022-09-19,216.15936279296875,216.4039056524258,210.98900710838384,213.4519068576546,1249300
2022-09-20,207.7749786376953,214.71828951984722,207.27716404224878,214.28160397136398,2093000
2022-09-21,204.4998779296875,211.74013323467832,204.4125487984738,209.5829051275391,1942400
2022-09-22,203.30337524414062,206.51738863853325,202.80556052048775,203.24224618143427,1446000
2022-09-23,199.8360595703125,202.5173155165994,197.0587455867841,201.67014439736514,1907000
2022-09-26,193.33815002441406,200.1242469881157,190.50843627897345,200.1242469881157,2146900
2022-09-27,192.66567993164062,197.81856435688078,191.67876627321132,195.530336221322,1900800
2022-09-28,193.0674285888672,195.57399958071352,191.97571462704053,195.27705658147744,1988800
2022-09-29,186.65687561035156,192.2901166321496,184.61319040131357,190.6918458938243,2096500
2022-09-30,187.51280212402344,189.80104382954994,185.1809025178691,188.5259159584344,2501700
2022-10-03,189.67001342773438,191.44295581836786,185.46037136170452,189.42547056879087,2102200
2022-10-04,192.21151733398438,195.9320735007457,190.36870374112263,191.2246037056987,2032800
2022-10-05,187.02365112304688,189.9931069656218,184.61315214471838,189.64376392293636,1518700
2022-10-06,177.35549926757812,187.04118285669585,177.10221415199547,186.5695549370668,2908700
2022-10-07,171.22369384765625,176.85402097125836,170.1504106422573,175.17371539614507,3165300
2022-10-10,166.78102111816406,174.33798043242444,166.23558690709706,172.42894726992998,1992300
2022-10-11,166.50830078125,168.892387335542,162.98934274199186,166.65785488706732,2463100
2022-10-12,161.68731689453125,166.57867979339295,160.37651362995913,165.90127661933815,2572500
2022-10-13,167.0185546875,168.41733731470788,156.74319002458392,158.23874453678002,3518100
2022-10-14,163.43798828125,169.499392344671,162.8045748253076,168.5668707077998,2466400
2022-10-17,169.34103393554688,172.34093494571644,166.1211846620141,166.9393358219447,3040900
2022-10-18,173.50222778320312,174.13564130630124,170.8630092448809,171.12693378346506,3253400
2022-10-19,168.02146911621094,172.59611229917445,167.5991844479294,171.55801260268333,1824700
2022-10-20,165.3909912109375,168.17097066788676,163.07727251701215,168.162164683533,2515600
2022-10-21,165.00393676757812,166.2443726714657,161.1066972662442,166.2443726714657,2078000
2022-10-24,163.10369873046875,168.40852686758652,162.03041546130387,167.08012504862452,1856400
2022-10-25,172.01548767089844,172.47295603420204,163.56118934415858,163.59638644643806,2495200
2022-10-26,173.23826599121094,175.34084243764948,170.85417994157592,171.83069112771514,2512300
2022-10-27,174.78663635253906,179.4228672479675,172.58728761592812,174.95378900432297,3414500
2022-10-28,180.09146118164062,183.31129723187883,173.57258890816232,173.57258890816232,2613600
2022-10-31,182.27320861816406,184.63970975435896,176.56369507383624,177.39944481992998,2513500
2022-11-01,182.8802490234375,187.6660339849749,181.7453775668457,184.2262493659,1907000
2022-11-02,180.5137481689453,186.51356451265207,178.01529123810576,181.8685410776019,2655500
2022-11-03,177.11795043945312,179.95950519029435,176.89801557029725,178.77186495110814,1703800
2022-11-04,179.39646911621094,179.80115517436377,175.1913155702835,178.50793709394688,1788100
2022-11-07,177.72494506835938,181.2175113189728,177.44342203640485,180.0298578415198,1828800
2022-11-08,178.60470581054688,180.77766331272153,176.9156076876789,177.72496636590154,2071800
2022-11-09,176.86282348632812,181.86854339798228,176.2997907422828,179.47565087984967,1530300
2022-11-10,194.33447265625,194.9327025657932,184.4286095731408,187.48130706510128,2781200
2022-11-11,196.41061401367188,198.3284528899535,194.44000634484138,196.01473396761273,1915700
2022-11-14,189.478271484375,195.45169595312717,189.34630252345167,195.10859813273873,1628000
2022-11-15,193.17320251464844,193.3843448288346,189.20558217152046,189.49588439585702,2152200
2022-11-16,192.79489135742188,196.23467576188582,191.89756680093788,193.62184857217878,2400800
2022-11-17,190.3227996826172,193.18195244881406,188.60731070765036,191.53684422971213,2144600
2022-11-18,189.96214294433594,193.72744033740085,188.81849233844434,191.45771082667304,2360400
2022-11-21,193.46353149414062,193.75384716224215,189.66305011945946,189.66305011945946,1682400
2022-11-22,191.89756774902344,194.59836084111205,189.55745762416228,194.18488223169078,1562400
2022-11-23,192.00315856933594,193.912191799701,190.25247201603545,191.95916890667564,1210500
2022-11-25,193.613037109375,194.63353797365343,192.11748290414326,193.22594964887233,566500
2022-11-28,188.17625427246094,193.8681693243116,187.419677843542,192.40781210698643,1367200
2022-11-29,191.0970001220703,191.14098977833663,187.66602171343234,188.97682487336303,1848100
2022-11-30,194.642333984375,194.72150730531095,188.85364736734473,189.91813790259388,3889200
2022-12-01,194.68634033203125,198.79472189701752,193.44590450263527,197.4311230832406,1708700
2022-12-02,192.98843383789062,194.34324007300347,190.2612496679863,192.02072852228264,1354400
2022-12-05,189.68064880371094,192.21430305529162,188.77451812252266,189.97975703514462,1454200
2022-12-06,186.9622344970703,190.7715079839676,186.2936239137641,190.26125748440828,1672200
2022-12-07,185.7218017578125,189.67183684701715,184.27023698845764,186.44318114949652,1624800
2022-12-08,186.72471618652344,188.11470626180198,184.05910647104773,185.08840011550032,2465300
2022-12-09,188.12347412109375,190.36681232410263,185.86255079481228,186.47836570330773,1646800
2022-12-12,189.9093475341797,189.9621297524773,186.47836910724934,189.03841408475193,1847700
2022-12-13,196.5250244140625,200.55423330489785,194.34327401237476,196.14674283773113,2179100
2022-12-14,193.4107208251953,199.67446132852152,193.31394895005928,195.9355687168013,1902800
2022-12-15,191.9767608642578,194.76553355702424,190.49879147693815,191.1850006586022,1693100
2022-12-16,187.78038024902344,189.27593460801694,183.05618376526624,189.22315238956847,3724100
2022-12-19,184.4109649658203,187.51644391049055,182.7746491782916,187.51644391049055,1401700
2022-12-20,183.59280395507812,185.123541806658,181.0151607233693,182.9505979992286,1307500
2022-12-21,185.27313232421875,187.72759946716505,184.29662100417374,184.5605320984357,1410200
2022-12-22,185.27313232421875,185.71300204633346,181.5782159194483,184.18225058082118,2212200
2022-12-23,186.90061950683594,187.02378247709592,183.874314039011,184.22621782815168,1146700
2022-12-27,186.90951538085938,187.60078706438347,184.90660172386117,186.99814550359142,1550000
2022-12-28,186.2005157470703,189.87843569673402,186.10302802796068,187.30832459010844,1411700
2022-12-29,191.19895935058594,192.04974901649334,186.22711244531013,187.75145858004032,1323900
2022-12-30,187.76028442382812,190.72034607100179,185.38513550188267,189.94931553111758,1450400
2023-01-03,190.2506866455078,190.76471164925783,186.9715746783322,189.65690263851883,1812400
2023-01-04,194.0880889892578,197.2253973542821,190.99508215487322,192.67895953391027,1796000
2023-01-05,187.99957275390625,193.03344901710673,187.44123283934746,192.37763491866545,1495000
2023-01-06,193.64498901367188,194.38943332315634,186.93609205654715,189.12512344898107,1980200
2023-01-09,194.35398864746094,198.04077977043315,194.21218586817955,195.7276743352526,1727200
2023-01-10,196.70252990722656,197.58877695661533,194.7527891031826,195.94035690382995,1691300
2023-01-11,202.17068481445312,202.7821974792289,198.26234536764113,198.26234536764113,1893900
2023-01-12,205.79542541503906,206.31830790863947,199.9018746482552,203.2164433544552,2364700
2023-01-13,206.32717895507812,208.1528457622436,203.17214153806708,203.17214153806708,2007100
2023-01-17,204.76739501953125,208.773235695247,204.6876360261196,207.58565430453567,2204500
2023-01-18,199.57398986816406,206.0613117139961,198.7320578140419,204.9535028209254,2213000
2023-01-19,197.94326782226562,201.27555158917062,197.6064896434575,198.58136672787273,1864300
2023-01-20,196.22396850585938,196.53414686888297,190.0645540271491,196.17965344741108,2990400
2023-01-23,191.1368865966797,194.96548008226594,190.63173284466964,193.9906029846243,2723600
2023-01-24,190.69378662109375,191.92566954747159,188.4515825430324,190.48108244908656,1991900
2023-01-25,193.78677368164062,194.44258781167719,188.5844945579466,189.57710040087824,1985100
2023-01-26,195.88720703125,196.30374427476121,193.64500281731523,194.8325707561071,1126100
2023-01-27,195.67449951171875,196.68482070740825,194.46920286396127,195.6036116410196,1360200
2023-01-30,193.2550048828125,197.26084482376754,193.06890059898774,194.965468502895,1422200
2023-01-31,197.97874450683594,198.00533083871363,193.24618810979393,193.24618810979393,1548500
2023-02-01,201.3021697998047,202.9240036481749,195.9226568266516,196.64937243127065,2601500
2023-02-02,201.52371215820312,208.7023185299259,199.88414973902675,204.0229352806592,2195800
2023-02-03,196.800048828125,199.74239598970047,193.23733133822304,198.8827351336413,2485700
2023-02-06,195.4794921875,196.3302816688966,191.8901894100298,193.98173270945762,1797800
2023-02-07,194.50465393066406,195.16048165907387,191.25212866613356,194.02607291929382,1834400
2023-02-08,193.618408203125,194.96550760373574,192.2004074105813,193.98177276563476,1936100
2023-02-09,190.71151733398438,195.40862971099037,190.20634999135729,194.46919641714302,1220000
2023-02-10,192.06747436523438,192.49286919070155,188.19457882989406,188.9035656979868,1929800
2023-02-13,192.54605102539062,194.0969835385728,190.88877318154033,192.81192787511924,1352800
2023-02-14,190.676025390625,192.7764398523757,188.90353149520462,192.24468627452748,1017300
2023-02-15,191.9611358642578,191.9877221966036,188.77949835527667,189.22262192511747,1381500
2023-02-16,187.88436889648438,190.33040581193075,186.43092431952817,189.50620257151797,1719700
2023-02-17,186.34230041503906,187.85778882515987,184.77365286850713,186.96268417031672,1793500
2023-02-21,181.37045288085938,184.92431219646704,180.16515635520946,184.92431219646704,1888300
2023-02-22,176.6112823486328,181.7781034334612,175.99976981979438,181.75151710812514,3564500
2023-02-23,178.9864501953125,180.75894419655202,177.24940012395308,178.3572088747278,3234000
2023-02-24,173.46511840820312,177.4975448903941,172.0028162936877,176.17703201580963,2727000
2023-02-27,172.88905334472656,177.12531260341407,171.01021417379292,175.98206000977456,2348100
2023-02-28,175.4857940673828,176.89493731954352,172.23326863548613,172.90682512717657,2741400
2023-03-01,172.72068786621094,176.19477469619164,170.92160742788266,174.16527489205302,3261000
2023-03-02,175.06039428710938,175.63644951166242,171.32930144740962,171.32930144740962,1884900
2023-03-03,179.46502685546875,179.53592824193154,176.44292118239366,176.59358155748083,2044800
2023-03-06,175.98211669921875,180.93623540596107,175.6010233632066,180.68808726658267,1788900
2023-03-07,170.4873504638672,175.70734534697377,170.19488729781852,175.58327129377653,1907000
2023-03-08,173.50059509277344,174.7945082600525,169.6010998167191,170.27465625404105,1603000
2023-03-09,169.450439453125,175.27308927565866,169.05163097064974,173.3410636040043,1463600
2023-03-10,169.51248168945312,172.41049988584095,168.7237223342408,169.4149939703569,2357800
2023-03-13,173.9969024658203,178.12681738011923,167.9881479437537,169.18457346786573,2325200
2023-03-14,177.0988006591797,177.25831868308103,173.1018301801652,176.42525757538388,2461600
2023-03-15,179.3054962158203,180.0942554903144,175.2464834081022,175.38827264795802,3117500
2023-03-16,181.7249755859375,182.6998393090667,178.49903659363363,179.01306154861794,2622400
2023-03-17,178.44586181640625,184.02920781626275,178.02045346507683,182.0440229356232,3456900
2023-03-20,178.9775848388672,180.51078841289774,177.06328801029866,178.08248020769284,2000700
2023-03-21,175.6453094482422,179.32322938959655,172.49027203408681,178.6142290270425,2578100
2023-03-22,170.26580810546875,175.20221151123087,170.0885613696966,173.74876664100464,1943400
2023-03-23,169.82266235351562,173.08405866316795,168.71485349561397,170.42531740420395,2053200
2023-03-24,176.91262817382812,176.96580083205106,167.82859609719569,169.1756953720887,1897500
2023-03-27,171.17864990234375,178.43701700003143,170.83301401783766,177.41783807786368,2389800
2023-03-28,170.9304656982422,172.15349096529664,169.2377440954889,170.15057748311284,1480200
2023-03-29,175.91119384765625,175.9820952392697,172.8890879550389,173.13723606415715,1784100
2023-03-30,178.295166015625,179.67772270310843,177.26712976711244,178.7205743147227,1477800
2023-03-31,181.09571838378906,181.2286635547064,178.14451409377332,178.25973053729032,2558000
2023-04-03,178.22430419921875,181.63634755401387,176.46952513589295,180.07655746522678,2876200
2023-04-04,180.30697631835938,180.89190267107028,177.96728443057367,178.36609293540093,3431500
2023-04-05,181.40591430664062,184.12668577032179,180.29810547289844,180.36013573559833,2060200
2023-04-06,183.1784210205078,183.462013069432,180.37787685094494,182.0085683206684,1273300
2023-04-10,184.64962768554688,184.98639245898028,180.59061348766295,181.79591033910037,1728800
2023-04-11,186.4486541748047,188.3363511497462,183.71901170438093,184.622987459866,2115100
2023-04-12,187.22853088378906,189.19600024817464,186.49294427250476,187.88435851293613,2306200
2023-04-13,188.21961975097656,189.2374569224624,186.43393954670958,187.60355790071907,1686100
2023-04-14,184.7196807861328,188.1839046032151,183.3089918464308,187.93391047452445,1174800
2023-04-17,186.45179748535156,189.22853070805058,184.88932732905985,185.50538917046882,1857900
2023-04-18,185.87142944335938,186.47856774328358,184.07682590169847,186.11250006418646,2116100
2023-04-19,185.81787109375,188.06783188580258,184.62146866908122,184.93396814318737,1186700
2023-04-20,183.5590057373047,185.54111198793242,182.77331565839924,185.54111198793242,1472300
2023-04-21,182.2643585205078,184.4518138133641,181.09474029088895,184.4518138133641,2177300
2023-04-24,182.08578491210938,183.04111659177565,180.1304632060725,182.39827072612908,1356700
2023-04-25,180.12155151367188,183.13934153350928,179.98761733575284,181.58580860944636,1339900
2023-04-26,178.87155151367188,184.34466474227423,178.63941803222596,180.84473378875956,1789300
2023-04-27,183.60362243652344,183.88933778425329,178.87156757309424,178.87156757309424,1744600
2023-04-28,182.48757934570312,184.46968536909174,181.53224756566271,183.6214900366967,2082300
2023-05-01,178.12161254882812,182.13046978589819,177.99661547093322,181.505470772764,2135800
2023-05-02,175.1127166748047,180.12154970885751,174.71092776873112,178.27336433662305,2133800
2023-05-03,171.39849853515625,176.29125799604418,171.06815208962817,175.39841798226462,1491300
2023-05-04,173.56808471679688,175.37162527080267,170.7735048748115,170.7735048748115,1984300
2023-05-05,175.66627502441406,176.46090210219572,172.88954200004753,174.05023675797722,1210800
2023-05-08,172.50563049316406,175.3895000139313,171.91635279582104,174.55915169064653,1311400
2023-05-09,172.7824249267578,174.0502562703149,170.39854342616184,171.70208238033413,1511500
2023-05-10,175.31805419921875,176.9251688437794,173.94308666221806,174.541287797538,1628700
2023-05-11,174.71987915039062,174.97879678172296,172.13063471877427,174.6841579175912,1714500
2023-05-12,178.82693481445312,178.93408488885132,174.6752338643898,174.89844388586974,2130700
2023-05-15,174.51449584960938,180.710793418299,173.47879827812068,179.2554736203571,2134800
2023-05-16,170.56814575195312,175.13055864731768,170.505654036934,174.3091474910832,1395300
2023-05-17,173.88951110839844,173.98772405199648,170.34493526716435,171.42527764674304,1181100
2023-05-18,170.5592498779297,173.44311969899616,167.47003064046336,172.97885263788865,2387500
2023-05-19,170.29136657714844,172.21098071968694,169.26460604354335,170.90742834677428,1250600
2023-05-22,172.7377471923828,174.13057534246744,169.8895855560053,170.53243141353,1754000
2023-05-23,167.9878387451172,173.13060580898681,167.541418749915,171.88955876727104,1755500
2023-05-24,163.7379608154297,167.97002819253677,163.54153488503695,167.63074456301112,2011400
2023-05-25,162.9968719482422,164.86290432124392,162.1843842599814,164.8004126041164,2597900
2023-05-26,162.6575927734375,163.38972814930932,160.85406569251705,162.49688810477758,2692100
2023-05-30,162.49688720703125,168.16642690794848,161.88082539992263,164.52363791154534,2483400
2023-05-31,164.67543029785156,165.7468356936017,159.39874203480016,162.72903179467357,7074800
2023-06-01,166.96998596191406,168.58603763608406,164.41646328511396,164.45218451061092,2618200
2023-06-02,170.66636657714844,171.48779139497316,168.80927130038862,169.8896001092894,2188200
2023-06-05,168.42535400390625,172.95205979878975,168.184283365023,171.35386840871374,1383100
2023-06-06,168.84498596191406,169.4521106693644,166.30932343610695,169.4521106693644,1390400
2023-06-07,170.46994018554688,172.93418738455333,168.77354958003002,169.63960549799134,1823100
2023-06-08,169.65744018554688,170.63955589309236,167.5503374943246,169.82708194490485,1184500
2023-06-09,167.2289276123047,169.62173217118067,165.0146883211027,169.62173217118067,1825300
2023-06-12,168.35391235351562,168.4878465309982,165.9700311298272,167.40750411006525,1533300
2023-06-13,170.55029296875,170.75564234492003,166.9075042972196,168.05926185117642,1946300
2023-06-14,172.33596801757812,173.00559796863095,169.89850518671335,171.64847745320682,2510000
2023-06-15,174.87440490722656,175.48650822685045,170.39159006956285,172.42596415797797,2432500
2023-06-16,173.6322021484375,175.02745563003376,172.4259886808912,173.09209959576202,3283300
2023-06-20,171.0757598876953,173.9202745894185,170.9857382098336,172.46200307326038,2139400
2023-06-21,170.4366455078125,171.0937735636913,167.4211114785514,170.01356832924182,2127600
2023-06-22,167.81716918945312,170.68868772432342,167.70015748755625,170.68868772432342,2431400
2023-06-23,167.45709228515625,170.34661759853194,166.7459705333492,167.43908520392435,4173300
2023-06-26,169.34744262695312,169.97755313540355,166.3679092877685,167.11503148933036,2308800
2023-06-27,168.9783935546875,170.50866604293503,168.4922984351833,170.10359593360195,1776300
2023-06-28,172.47999572753906,172.60601782477565,167.36706977812938,168.99637410470172,2600300
2023-06-29,173.48817443847656,173.74922904411866,169.84251651549803,170.85970371298467,2674200
2023-06-30,174.577392578125,175.80161325189533,172.10194747373046,174.87444763889795,3243100
2023-07-03,175.5675506591797,176.71977039467993,173.4251749246243,174.09128586306315,971000
2023-07-05,178.5561065673828,179.42026799397703,175.36953963603767,175.5315621773729,2178900
2023-07-06,176.4407196044922,177.72795819480254,174.4243658473557,176.43172293071206,1605600
2023-07-07,176.0266571044922,177.43090742944742,172.73206135109405,175.43254697150954,1830200
2023-07-10,174.22634887695312,176.09868738880076,173.68624621060772,174.9464811869532,1615700
2023-07-11,175.1715087890625,175.5495751335397,173.43418920391457,174.30734733355726,1484200
2023-07-12,175.91859436035156,178.52907153042557,175.162461829176,177.5658919188696,1649200
2023-07-13,177.18783569335938,177.28685403534146,173.55118826446596,175.60355595702393,1750000
2023-07-14,174.60440063476562,177.02583828508236,174.28034180915856,176.52174983088918,1712200
2023-07-17,167.6641387939453,173.92027454861773,166.43991814636303,173.66821659773998,4359800
2023-07-18,167.2410430908203,170.07656080388804,163.97346532523218,167.43008309917604,3090300
2023-07-19,170.2296142578125,174.280342731652,169.78852999036863,170.42765097091953,3380800
2023-07-20,166.2148895263672,166.40392956914565,161.31802032262127,164.56760533466348,4164000
2023-07-21,166.43093872070312,167.46611944625235,163.4784086885585,166.4579424797779,4474200
2023-07-24,171.77789306640625,172.2189773319779,165.65678954039873,167.35809494277476,3420600
2023-07-25,168.14122009277344,172.37199162950452,168.0242083963855,171.93090739354892,2353600
2023-07-26,171.0127410888672,171.2467919559552,168.1952438932592,168.36626310371182,3158600
2023-07-27,173.9382781982422,180.76150697423535,173.9022777662014,175.009473045246,2969600
2023-07-28,170.10357666015625,176.59373555455957,170.0765729049524,175.46853330313525,1714400
2023-07-31,171.30978393554688,172.55201157118026,170.13057421667912,170.43662592142462,1812500
2023-08-01,172.14694213867188,173.14612225452328,170.72468489135503,171.70585792586914,2243700
2023-08-02,171.58885192871094,172.77707219469585,169.3474576543724,171.18378183271795,2236400
2023-08-03,167.20504760742188,171.30078637933616,165.34170616357957,170.43662504261687,2493000
2023-08-04,166.32290649414062,169.05039576184245,165.04467833364833,165.7828038977052,1687500
2023-08-07,165.19766235351562,167.4390559696096,164.0454565926588,166.5298976891233,1559600
2023-08-08,166.1788787841797,166.43092300199376,161.89411334596053,164.00948544085585,2047300
2023-08-09,168.4202880859375,168.51029602995374,165.1526961662537,165.56676292656402,1475800
2023-08-10,168.27626037597656,170.42764667285522,167.8801869597512,168.4832937579562,1618300
2023-08-11,168.4292755126953,169.1403972935152,167.26807283036487,167.27706950365862,1073100
2023-08-14,168.46530151367188,168.68134532392807,166.47595131883133,167.31309532973444,1342000
2023-08-15,167.11505126953125,168.465294119763,165.80082258711877,166.83600327814423,1487800
2023-08-16,160.21978759765625,167.58310378742058,159.6886817502338,167.2050375177254,2200300
2023-08-17,158.70753479003906,161.72308250476158,158.3564722152684,159.9137483817761,2370100
2023-08-18,158.83355712890625,160.12079572850217,156.89821462796974,157.24927720324501,1511300
2023-08-21,157.54632568359375,158.32046539870663,155.32292488793397,157.72635530063363,1998500
2023-08-22,158.18545532226562,158.77056882986506,155.9170571021186,157.67237015415427,1658400
2023-08-23,160.08474731445312,160.66986063832164,159.08556731621806,159.7426952215801,1655700
2023-08-24,159.4636993408203,161.60608938393975,158.68056276404891,160.58890188693218,1055700
2023-08-25,159.8057403564453,160.72390933660736,158.13143867985826,159.4096669243997,1174700
2023-08-28,160.38182067871094,161.1739674304766,159.14860345093095,160.3638135974312,1381900
2023-08-29,163.37937927246094,163.51439805869938,160.03077601994704,160.8409162081378,1572900
2023-08-30,164.0814971923828,165.80080958332317,163.6584200336618,164.27953389371518,1858300
2023-08-31,163.2173614501953,165.19771487279638,162.68625549307453,164.80164144120008,1567100
2023-09-01,162.740234375,164.27052031607397,161.38999176961337,164.27052031607397,1654100
2023-09-05,162.40724182128906,164.225573079947,161.57909435085656,162.53326396384654,1715200
2023-09-06,160.23779296875,162.20015278488097,158.5544948411892,162.20015278488097,2313300
2023-09-07,164.3245086669922,165.20666322043775,159.63466052075458,159.88670467888187,2404500
2023-09-08,162.8302459716797,164.99963891997982,161.0029188575748,164.63056933417727,1645800
2023-09-11,162.2811737060547,162.96529175250797,159.82373575466045,162.71324753879466,1393100
2023-09-12,161.30001831054688,161.68708134716687,157.88839690665228,161.44404751572776,1341500
2023-09-13,159.28366088867188,161.06597777742886,158.76156528784773,160.66090763026344,1639000
2023-09-14,163.0012969970703,164.02748087828064,160.79590338008256,160.79590338008256,1444600
2023-09-15,162.15513610839844,164.2165004597826,161.3449960324818,162.90227200459532,3514500
2023-09-18,161.60604858398438,163.50539055171814,160.85891263374626,161.948114466965,1499100
2023-09-19,159.65269470214844,162.02012459150265,159.39165382812212,160.6518748326954,1612600
2023-09-20,159.6977081298828,161.76808301560246,159.36463892404325,161.11996542119667,1885600
2023-09-21,152.41542053222656,159.11261357582015,152.2623809210562,159.11261357582015,2499200
2023-09-22,149.6158905029297,152.82046413509488,149.34583923086873,152.16333616815828,3732500
2023-09-25,149.17483520507812,149.34586816836898,146.7984082741621,148.57172836399735,2681100
2023-09-26,146.64540100097656,148.42771799145072,146.4113500803018,147.03246408458074,2702800
2023-09-27,143.74685668945312,147.13146050474577,142.37860674906648,146.6453791200111,3178700
2023-09-28,146.1142578125,146.99641245719994,142.99069552754526,144.38593521316022,2694000
2023-09-29,148.0316162109375,149.41787317727352,147.36550522031632,149.07580727265398,2529300
2023-10-02,145.56517028808594,147.6265347603806,144.574986816883,147.29347929069368,2061100
2023-10-03,142.31561279296875,145.79923521767458,141.97354684942684,144.92607700891455,1783300
2023-10-04,141.93753051757812,143.5308210243531,140.0922094975331,142.64866615407297,2217100
2023-10-05,142.8647003173828,143.38678212904966,140.07419295032517,141.29841367624084,1486000
2023-10-06,143.63882446289062,144.43996791237387,139.147012153544,141.14537244063777,1878700
2023-10-09,145.84420776367188,146.47431822942454,142.90967172471542,142.90967172471542,1952100
2023-10-10,144.1711883544922,146.16245512630266,143.92568610032433,145.38049680207808,2793900
2023-10-11,150.59051513671875,150.75418793224358,144.41669182504612,145.19865015585694,2782300
2023-10-12,149.3357696533203,151.4088661044106,147.8173182800983,150.8178431243943,1765100
2023-10-13,151.80894470214844,153.2546541920212,150.45415222238236,151.09062678954913,1969200
2023-10-16,153.8274688720703,154.86403096828872,149.59035897675477,151.29065823277466,2062200
2023-10-17,151.7634735107422,154.50032098293102,150.72692529087985,152.1362706981403,1732500
2023-10-18,148.00823974609375,152.34538154018793,147.9354978227637,151.85437702623594,1728500
2023-10-19,144.96226501464844,147.79004368481574,143.6711268327282,144.0893895074292,2672200
2023-10-20,145.5623321533203,147.49904578523115,145.22591293053839,146.18063150432974,2560800
2023-10-23,144.83493041992188,146.61707272634789,142.98006006957027,144.1257140617784,2187700
2023-10-24,148.41738891601562,148.84473900968672,145.39867564964118,145.39867564964118,2404500
2023-10-25,147.23536682128906,148.48105316340948,145.92605384259275,147.49905802380997,2448200
2023-10-26,159.17385864257812,161.1378488309418,147.799106414651,148.20826756870116,5013500
2023-10-27,156.38247680664062,160.0558539575749,154.75490566401942,159.57395082853384,2829500
2023-10-30,156.9734649658203,158.18277333334606,154.30025845593207,156.3188015807823,2568600
2023-10-31,162.01983642578125,162.44718655684866,158.21006314513104,158.27371753125328,2930700
2023-11-01,162.19261169433594,163.0018465943365,160.937837672767,162.2835287018917,1781300
2023-11-02,167.43898010253906,169.61209481072297,164.22931724639514,164.86580561940332,2908000
2023-11-03,173.27639770507812,175.6677243070507,168.99380881291765,169.18475809913392,3417100
2023-11-06,169.75755310058594,173.44911851251413,168.4573278110286,172.70353817579976,1943800
2023-11-07,168.6210174560547,170.6031968145807,168.36642764840607,170.5031783991399,1544400
2023-11-08,167.6844940185547,168.8392496087479,166.5570149177743,168.8392496087479,1447300
2023-11-09,165.33860778808594,168.45735365272043,164.49300892445052,167.84815563960484,1949300
2023-11-10,167.11163330078125,167.79357317538836,163.047284412297,166.88432000924556,1738700
2023-11-13,166.9570770263672,168.46644074844968,164.60211444286836,165.70231697800412,1425200
2023-11-14,176.57696533203125,178.19543488755204,173.56733951669878,175.44950026473958,2910400
2023-11-15,178.1045379638672,180.71409045295889,175.23129425254083,175.58590247884285,3803000
2023-11-16,181.04139709472656,181.7142494272539,177.4407484794619,178.94102451669806,3260600
2023-11-17,179.7957305908203,182.31435193504242,179.16834367054244,181.95974374629006,2593500
2023-11-20,181.5232696533203,181.66875346413676,177.6134789507523,179.53200334933217,1945500
2023-11-21,179.61386108398438,181.45965774201687,178.9592115803857,181.45055633109473,1989300
2023-11-22,180.75045776367188,182.3780289434234,179.8775823634256,182.01431929823386,1393300
2023-11-24,181.23236083984375,181.24144837748548,178.5773291935147,180.02305237653792,614100
2023-11-27,182.95083618164062,184.4329094122556,180.9595695222996,182.28707137912542,2525200
2023-11-28,184.7784423828125,185.0512211264446,182.33254897594654,182.55986228328942,2105200
2023-11-29,187.46981811523438,189.87025988235774,185.47856526149343,186.39690599881055,2933400
2023-11-30,189.83387756347656,189.99755035019692,185.74223825880026,186.88789226943274,2943300
2023-12-01,191.37049865722656,191.70691786027803,187.4243435827001,189.48833810435775,2093300
2023-12-04,189.78843688964844,190.79770860476967,188.842819564918,190.22488846177413,2668500
2023-12-05,191.31597900390625,191.90698806473097,188.58821926329333,189.96118667139123,1738000
2023-12-06,191.63421630859375,193.95281494754124,191.50692140435095,192.5707460771166,2037700
2023-12-07,191.59783935546875,192.8071478012389,191.1704892327491,192.3979866276422,1964500
2023-12-08,187.7152862548828,191.20681457864225,185.5330845210582,190.76128947102572,2364300
2023-12-11,186.94247436523438,189.1155890849262,185.58768202359582,187.21523924184973,2468600
2023-12-12,186.44236755371094,187.28796635253906,185.10576426760636,187.16977287338935,1712900
2023-12-13,191.88876342773438,193.15262465086906,185.17848514818886,186.3786919963113,2244500
2023-12-14,192.91627502441406,198.6536612473604,192.0706760973271,195.90772621337732,2975000
2023-12-15,192.89805603027344,193.47997750882877,189.42471610723766,191.06137460133152,3722400
2023-12-18,191.57054138183594,194.61653099839089,190.86132506072155,192.7980247649486,1804900
2023-12-19,191.85244750976562,193.88007849680207,191.53420330311715,192.2616087225248,1776900
2023-12-20,191.9524688720703,195.04392460933178,190.27944609364891,192.31616465029944,2991200
2023-12-21,194.83480834960938,194.88936133120657,192.34344915519688,193.66187762295374,1685500
2023-12-22,195.66221618652344,197.40798082497219,194.2710597734767,195.4530918161848,1106400
2023-12-26,196.61691284179688,197.29885272750414,194.98025434127894,195.7440236834865,1053100
2023-12-27,198.6147918701172,198.9722099541343,196.1311843746871,196.1311843746871,1860500
2023-12-28,199.01803588867188,200.0811305956322,197.57003047416526,198.60563255801802,1125400
2023-12-29,197.84495544433594,198.6880951174273,197.0384679378837,197.93659285295334,1584400
2024-01-02,200.53016662597656,200.79594726893174,196.49775714258897,196.49775714258897,1566300
2024-01-03,196.75437927246094,200.69515164982957,196.68106095101686,199.3204645868433,1533500
2024-01-04,197.46006774902344,199.48543231249906,194.91230137383397,195.7921073000051,2033000
2024-01-05,196.37864685058594,198.18407048424083,195.24223373586653,195.84709945744498,1884000
2024-01-08,198.0282440185547,198.15654757770324,194.76565581388658,195.59046241069308,1703200
2024-01-09,194.16079711914062,196.50692741824216,192.7036322201886,196.44278262839654,1578800
2024-01-10,191.5122528076172,194.37159764252618,190.96237234673114,193.93170166424196,2088900
2024-01-11,190.30250549316406,191.30145537980914,188.8728331951162,190.88903807656934,2271600
2024-01-12,191.93382263183594,194.12417102348604,191.04487109633357,192.15377762093308,1763400
2024-01-16,190.66909790039062,193.22600967742505,190.2108688806752,191.5122376185822,2400000
2024-01-17,187.8280792236328,192.81361337711343,185.78438163681926,188.2404825595849,2629300
2024-01-18,186.87498474121094,189.51437470432452,185.61942756643808,188.10303530616278,2881000
2024-01-19,186.8383026123047,188.00220827895555,185.83936667026944,187.56231232004797,1986400
2024-01-22,186.9757843017578,189.4227257352856,185.0787093343477,187.04910262738164,2185500
2024-01-23,185.36280822753906,188.13967512119214,184.55633461758075,187.65395345227202,2108900
2024-01-24,180.32228088378906,186.40756177642893,179.58912563102095,186.13263554866091,3308500
2024-01-25,183.4840545654297,184.7945827376114,181.45867631819402,182.73255232490465,2510500
2024-01-26,180.80801391601562,183.13582534064764,180.61556554446065,182.5584522579008,1831100
2024-01-29,182.47596740722656,182.65009667847895,179.40582727019046,180.61555863844458,2466000
2024-01-30,179.22254943847656,182.3751676391323,179.03926060951684,181.91693857471236,2428100
2024-01-31,179.30502319335938,184.08893563468942,178.4802164899746,180.45059582808324,2454100
2024-02-01,181.81613159179688,181.85278376477274,177.21550776901782,179.02093144098365,2700800
2024-02-02,177.3437957763672,179.2133780669082,173.51300776291254,178.70932333249564,2914000
2024-02-05,173.6413116455078,175.67584967967656,172.12916142359015,175.08931707422505,2489100
2024-02-06,175.65750122070312,176.4823218019176,173.3480231709574,173.64129644002188,1777000
2024-02-07,177.44459533691406,177.66455029346366,174.6310765192527,176.22570450610903,2254800
2024-02-08,177.4629364013672,178.0219763717288,175.620860753474,176.5373188042937,2001100
2024-02-09,178.19610595703125,178.26025074900232,175.63002061334586,177.24298175141433,1903900
2024-02-12,175.7491455078125,179.08505189633595,175.4467127053317,178.70014123428,1589700
2024-02-13,172.67901611328125,172.93562323668516,168.67409909497638,172.44990161138207,3512500
2024-02-14,172.74317932128906,174.15451853624637,171.23101517950647,173.0731047718562,1818100
2024-02-15,173.6321563720703,174.79604808113012,172.0558473341196,174.09954496502846,2411900
2024-02-16,171.496826171875,171.93672218908804,169.56309882482222,171.17606021063162,2127500
2024-02-20,172.66070556640625,172.94481933242557,170.25043020108052,171.46014765725184,2241000
2024-02-21,172.4957275390625,173.81542930921142,171.03856266120616,173.41218554788378,1863200
2024-02-22,172.30325317382812,173.21971111866128,170.10375969984395,173.21971111866128,2149700
2024-02-23,174.0628662109375,175.29093059396584,171.79005422139977,172.40407942089408,1458600
2024-02-26,172.03749084472656,175.3917303632503,171.12103287687015,173.39384472162317,3310700
2024-02-27,171.08438110351562,174.68606849154548,166.02554276435612,173.3846997459185,4672100
2024-02-28,177.57289123535156,179.4699659456159,170.91941140731544,170.91941140731544,4059100
2024-02-29,182.2468719482422,184.02480303258835,178.8376464426807,178.89263169534428,4676900
2024-03-01,184.90457153320312,185.17035219933973,179.76324130223446,182.2835009451791,3473500
2024-03-04,188.92782592773438,189.26692492348334,182.36599676083006,184.60214270966225,2851800
2024-03-05,188.25881958007812,192.09878122299492,187.5439833870432,188.73538170344833,2469900
2024-03-06,188.79949951171875,189.917579342864,187.86472246000483,189.21191678140053,1865400
2024-03-07,187.62646484375,190.55912799736285,186.77416551424855,190.28420175174367,2085800
2024-03-08,189.99093627929688,191.6863894454183,188.689567388216,189.3402588257772,2156000
2024-03-11,189.47772216796875,190.91656817319245,187.74561682697995,188.72621977399527,2006300
2024-03-12,187.12240600585938,189.0103214168648,184.7396233635317,188.52459974814244,1746100
2024-03-13,185.44528198242188,187.91971578679897,184.47382475536364,187.2323722864698,1690400
2024-03-14,182.5492706298828,185.62857005865845,179.81822971480253,184.226390442202,2010400
2024-03-15,180.85382080078125,182.1460299543628,178.8284564245521,179.24085973330122,3346800
2024-03-18,179.5432891845703,181.30288685715954,179.1766975960897,180.17564743866504,1833500
2024-03-19,180.20315551757812,180.43227003601717,178.4343841635276,179.7815786506725,1463500
2024-03-20,178.37025451660156,180.28564869723047,177.61875211996727,179.0942503033702,2154800
2024-03-21,177.73789978027344,180.12985616404873,177.48129261132024,179.49749778911337,2658000
2024-03-22,176.68394470214844,178.47104912122623,175.54754564809403,178.47104912122623,2581900
2024-03-25,179.22254943847656,179.82741515968078,177.36214055565495,177.50877721243924,2144800
2024-03-26,177.884521484375,179.14006459717046,177.70121867850176,178.94760224461987,1823400
2024-03-27,180.89048767089844,181.2295726619219,177.81118817781217,179.30500523472816,2494200
2024-03-28,181.0829620361328,181.79779827256914,179.6349564847757,181.79779827256914,2170500
2024-04-01,176.88555908203125,180.15732095677197,176.1340707702111,180.12982833463462,2195800
2024-04-02,176.12489318847656,177.63705729144235,175.35507181826094,175.80414127623976,2321300
2024-04-03,176.24404907226562,177.1055218948669,174.29198890973458,175.3825762496643,2270400
2024-04-04,174.4019775390625,178.5260389491526,174.20951518694704,177.87534755147158,2265400
2024-04-05,174.28282165527344,176.17989648719,173.0089455546289,173.43968194687932,2538800
2024-04-08,172.48658752441406,174.57611090240655,171.0477415753008,174.21869279785628,2296800
2024-04-09,176.7022705078125,176.8672402248954,173.06393101038137,173.54965264750587,1962900
2024-04-10,166.7587127685547,171.82672466139522,165.45733003286696,171.551784449855,4136500
2024-04-11,165.18675231933594,168.55262603000966,164.9001004490606,168.30295558087982,3688600
2024-04-12,165.70455932617188,166.1484068812211,163.79045704463127,165.3161909517964,3839000
2024-04-15,164.7058868408203,166.70322194355867,162.7640450267627,165.7045543921895,2562800
2024-04-16,159.240966796875,164.54868155612942,158.82484475910564,164.54868155612942,3848700
2024-04-17,159.0652618408203,160.3043437095471,158.19605052376633,159.9344731578743,2732800
2024-04-18,158.12210083007812,160.95165195580768,157.81695122303637,160.64650234876592,2276200
2024-04-19,158.39947509765625,159.98068784768762,157.83541336521282,158.86182031737522,2867400
2024-04-22,159.32418823242188,159.91598963357654,158.1313294942196,158.70464724290514,2603800
2024-04-23,161.06260681152344,162.81028564370678,158.51970758453734,159.49989150232574,2659000
2024-04-24,160.29513549804688,162.22773563866957,159.37968664264977,159.6663384967557,3029300
2024-04-25,159.87901306152344,160.17492085200712,158.38101867376486,158.81562442250026,1862300
2024-04-26,158.76016235351562,161.76540738998776,158.4272731081661,159.71259272860925,1701400
2024-04-29,161.81163024902344,162.33869660962074,160.15642599894525,160.2119051832544,2104800
2024-04-30,158.63990783691406,163.59624972856957,157.6227567019633,162.31093043383197,3710600
2024-05-01,163.52227783203125,165.34391939283373,158.58443354980153,160.2303816438781,3877100
2024-05-02,166.11143493652344,166.16691412036087,162.16300174072347,164.60418459719213,3278100
2024-05-03,168.0532989501953,170.9660691162394,167.52621845957466,169.6807495613329,3130300
2024-05-06,165.23294067382812,168.9409443416196,164.15105452800853,168.55257604129895,2297900
2024-05-07,167.62789916992188,167.78509486781977,165.73228074995234,166.42579865167355,2594800
2024-05-08,167.6741485595703,167.84984203150177,165.06651428920463,166.39807101367572,2014400
2024-05-09,172.3345947265625,173.61067235939512,168.25671961712135,168.8855024967051,2588000
2024-05-10,170.59616088867188,172.64897499319608,168.75602165525558,172.42704418661103,3158100
2024-05-13,171.06776428222656,172.20512979134438,169.26462039956195,171.40065346899996,1842700
2024-05-14,172.88014221191406,173.4811853934811,171.43761317877008,172.3253222676543,2008300
2024-05-15,177.55909729003906,179.63039525433751,176.75460685386463,176.75460685386463,2815200
2024-05-16,180.2592010498047,181.43356214868925,177.08750472202826,177.216960851142,2616900
2024-05-17,179.86155700683594,180.83248492357316,178.6409727961027,180.83248492357316,2157300
2024-05-20,177.3186798095703,180.39790146873145,177.22621920731822,179.3899920133255,1733500
2024-05-21,179.5101776123047,179.6951128968968,175.95011341786065,177.07823699642773,1527300
2024-05-22,176.93031311035156,179.61192457520872,175.89466405339166,179.01086716134722,1681100
2024-05-23,172.54727172851562,177.14298514260838,172.4640388511148,175.4877810660037,1768800
2024-05-24,171.92770385742188,174.31340712335307,171.5670751142961,173.05582743533486,1257900
2024-05-28,171.09552001953125,173.57369844598588,170.9475661204109,172.51029566942623,1828300
2024-05-29,171.36367797851562,172.4363084088481,169.25537031627005,169.5420362697969,1977700
2024-05-30,176.4124755859375,176.63440641450552,171.38215634900203,172.36232614994066,2850400
2024-05-31,180.9989471435547,182.33974572140272,176.77310423506034,177.42964078389224,7331900
2024-06-03,182.13632202148438,182.9315565604239,180.30543844938074,181.2393709446691,2333200
2024-06-04,185.3172607421875,186.399147133986,182.16406216808653,183.0887528389905,3236300
2024-06-05,183.26441955566406,185.76108118050036,182.81131611362568,185.17852162783066,1737100
2024-06-06,184.466552734375,184.965879503886,181.94213696562525,183.08875851255533,1865800
2024-06-07,179.63040161132812,181.68321599477807,177.30943314610303,181.11915413068309,2143300
2024-06-10,180.0557861328125,181.30412430418036,178.18790684465787,179.26055151386836,2874700
2024-06-11,178.7149658203125,181.55375877790172,178.59475152075905,180.05576444046127,2781800
2024-06-12,179.22354125976562,183.86547797484576,179.06633143916494,183.04250389423396,3331500
2024-06-13,181.9606170654297,182.6263954332502,179.38073647236942,179.40847606189035,1531300
2024-06-14,183.70416259765625,184.37546758744472,181.7461873396427,181.7461873396427,1933200
2024-06-17,179.27537536621094,181.79276131096194,179.19146582096778,181.6808819173044,1779700
2024-06-18,179.74159240722656,182.72516202449685,179.5364706622784,179.5551219736688,2407800
2024-06-20,181.03756713867188,181.48509898998816,178.5668020746766,178.86515189996044,2236300
2024-06-21,181.6715850830078,183.08877166126138,179.86279212660452,180.9723103355394,2828400
2024-06-24,183.107421875,185.2705185764057,180.6180054961316,181.53172051052073,1792200
2024-06-25,179.6483612060547,184.07710185462136,179.19151074955423,183.0701586056742,1345100
2024-06-26,179.6390380859375,180.1891308643677,177.50392522428982,178.4083217981482,1828500
2024-06-27,182.10980224609375,182.19371180313635,179.17283970856928,180.179797073425,1599300
2024-06-28,181.23338317871094,184.49666553899232,180.683276197052,182.91163129685856,2393900
2024-07-01,180.89772033691406,182.65989214135047,178.66003259639118,181.25200987007474,1691700
2024-07-02,179.26609802246094,182.03522746608914,178.59479305268545,181.2054219099476,1913600
2024-07-03,181.6156463623047,181.88604058763437,179.45256369357898,180.01198922911584,1182600
2024-07-05,182.40814208984375,183.0794469629812,180.38490892908644,181.79277691833764,1018500
2024-07-08,182.9022979736328,184.03978601400618,181.35456647912076,181.93264326758026,1508800
2024-07-09,182.70651245117188,182.9582411172162,179.7042917277249,182.32423884110003,1577100
2024-07-10,183.46173095703125,184.13303586821306,180.6926017551016,184.0397935423561,1576900
2024-07-11,193.1863250732422,193.36347697454934,186.47328949671697,187.48956551004616,2256000
2024-07-12,196.3656768798828,197.83881741512508,193.46601697209724,194.92050619690363,2238600
2024-07-15,194.7153778076172,196.9250956483492,192.93455473156314,195.7969261474304,1585400
2024-07-16,195.936767578125,196.92508778303386,193.09306181241652,196.20716176566907,1329400
2024-07-17,198.70591735839844,198.76185706463332,195.4333165026211,196.07665157788594,1759700
2024-07-18,196.40298461914062,199.95531270104357,195.4985880354696,196.55216666375875,1736300
2024-07-19,195.92745971679688,197.54044948172566,195.16292672529502,197.54044948172566,1404100
2024-07-22,195.20953369140625,198.06257238100255,194.1466366457374,195.76895917935033,1476200
2024-07-23,195.3494110107422,197.83882757750095,194.8366066482753,195.3866994067479,1123600
2024-07-24,195.22821044921875,198.41690200186702,194.46367735793916,196.0300461655069,1922800
2024-07-25,195.72235107421875,201.26060971255473,194.97645511612822,196.30041368401743,1926600
2024-07-26,199.2653350830078,199.63827592784625,195.85287086828924,196.55214562244726,1548200
2024-07-29,200.3934783935547,201.00884355481486,196.72928572990443,199.26532315802478,1607800
2024-07-30,207.9643096923828,208.34658329648647,202.8922346555158,205.12058958236204,2447700
2024-07-31,205.4935302734375,207.29300466052334,203.2558568066455,206.51913891133935,2924200
2024-08-01,212.51426696777344,213.717027592156,206.99465958063357,207.7312370044795,3047000
2024-08-02,218.77044677734375,220.0384656228859,213.31609776504675,214.44426734433796,4750500
2024-08-05,210.89193725585938,220.1596606236911,210.72410392267398,216.1971038189553,4329600
2024-08-06,212.7287139892578,215.05029714100445,209.1390977808685,209.80108416209413,2823200
2024-08-07,210.6868133544922,214.22980812984844,209.8290380681269,211.041117100062,3315700
2024-08-08,208.48643493652344,210.29522788707547,206.51914141760503,208.71952651825887,2942100
2024-08-09,207.53543090820312,210.15537818242157,207.30233931118323,209.63325528138213,2071500
2024-08-12,210.285888671875,210.3977823018888,204.92478245631662,206.59372609737457,1455700
2024-08-13,207.60069274902344,210.86397494012684,207.0132974020548,210.584262192676,5449800
2024-08-14,208.08551025390625,209.98754553002112,207.7312207234779,208.12281287402362,2313700
2024-08-15,203.3118133544922,206.4725348572742,202.78969045076616,206.30471573541178,1858400
2024-08-16,204.98074340820312,205.5308361286554,202.32349367612224,203.16261768268402,1986200
2024-08-19,204.80360412597656,205.95972934152402,204.22552729142078,204.57983107129863,1261900
2024-08-20,205.47488403320312,206.0342952615799,203.53556047591363,204.80357917772673,1631000
2024-08-21,204.6450958251953,205.12059754331347,202.34214979645284,203.60083583621793,2262500
2024-08-22,205.21383666992188,205.69865692236488,203.67542367626248,204.19754654922036,1926500
2024-08-23,211.6471710205078,212.28117333832176,205.64272917870696,206.0250028139206,1804000
2024-08-26,210.07147216796875,212.94316239894232,209.8010921706457,212.32779715799464,1142400
2024-08-27,210.8639678955078,210.98516584148848,207.1624725099746,207.1624725099746,921500
2024-08-28,210.0155029296875,212.25317629349814,209.01786418902492,211.13433961159282,1105500
2024-08-29,208.40252685546875,210.94788296252332,206.28605129484325,209.0738317537572,2003200
2024-08-30,208.90602111816406,210.41645019006472,206.4538928419151,208.7382019887452,1796800
2024-09-03,214.78919982910156,216.01993005850176,207.74051353862222,207.77781615412005,2660100
2024-09-04,216.7938232421875,220.15966626577392,214.68666622923473,215.77753312916303,2261800
2024-09-05,217.8380889892578,219.5070186150642,216.43022082193752,218.53736380165614,1990800
2024-09-06,220.18765258789062,220.44871404192526,216.80315800102292,218.17373774809585,2750000
2024-09-09,222.3973388671875,223.04067390917774,219.14337526393558,219.4790277107661,1984000
2024-09-10,226.40650939941406,227.08713281209924,222.97539403168497,223.1618786723379,2016800
2024-09-11,222.8075714111328,224.84945584374628,220.78433828764642,223.9637107217452,2216500
2024-09-12,221.10133361816406,223.3017185537777,218.11776444108963,222.83553542527295,2003800
2024-09-13,222.36936950683594,222.6304309408608,219.44173980231614,221.6887460700412,1983400
2024-09-16,224.06626892089844,225.60466757627438,222.76094760633137,222.76094760633137,2255500
2024-09-17,223.25511169433594,225.1291770960921,222.98473172226943,223.9357351220462,1526000
2024-09-18,219.99183654785156,224.0289845342456,219.44174381800278,222.70502602981134,1828100
2024-09-19,216.59803771972656,218.69586213533944,212.29982801466625,218.17373922373875,3434300
2024-09-20,219.16204833984375,219.42310979921885,215.13423280464005,215.99200820355583,3683000
2024-09-23,220.29019165039062,220.8682542089795,217.4185017135497,220.0664186147526,1762000
2024-09-24,220.4766845703125,220.98948893758586,217.93132827229664,218.3975114740393,1616100
2024-09-25,219.69349670410156,222.22020165027533,219.2552833633056,220.57924192793817,1447200
2024-09-26,216.0945587158203,218.19238305955645,214.68667638443924,217.3532447859929,2312500
2024-09-27,214.74261474609375,217.70753277472775,214.36965968707068,217.34391048391828,3051000
2024-09-30,216.8311004638672,217.03622218423715,213.27878720248444,214.56545722539047,2256400
2024-10-01,216.37428283691406,218.61195656370154,215.46988626753168,217.6982414517213,2279900
2024-10-02,216.19712829589844,217.28799529137427,213.9967429931966,215.3673227577955,2229500
2024-10-03,213.77294921875,216.0386067796526,212.30914149080243,215.93604591513798,1590900
2024-10-04,208.53306579589844,210.71479968797462,206.5284695636827,210.59358750726534,1942500
2024-10-07,208.26266479492188,208.42116536549418,206.40726488362503,207.24638889883872,1658000
2024-10-08,209.1111297607422,210.3604972906899,208.09485382489436,208.41185497844253,1630900
2024-10-09,207.3455352783203,209.1393152126137,206.05890436758327,208.49129942156486,1574000
2024-10-10,204.64077758789062,208.040510304579,203.33535967181908,206.21855702668958,1924300
2024-10-11,205.9274139404297,206.31245452964046,204.34963456967918,205.73018614522675,1613900
2024-10-14,208.2095489501953,208.481910470994,203.8049332246999,204.4623496788807,1501800
2024-10-15,215.4691619873047,215.7509098329198,209.77791569310062,210.36958473586327,2310100
2024-10-16,213.67539978027344,216.990597944066,213.0085970131173,214.37036156910244,1518100
2024-10-17,210.51983642578125,213.67538053412255,209.7027663015525,212.43569583821116,2021700
2024-10-18,212.52963256835938,213.24338135807932,210.54802563778205,212.12579064567583,1441900
2024-10-21,207.9935302734375,214.12617799683593,206.87593959543213,211.39324833839612,1295700
2024-10-22,207.98414611816406,208.94206871198276,205.90861850430937,206.23732670610175,1971500
2024-10-23,212.50144958496094,212.9616238595934,208.021700597977,208.021700597977,2712800
2024-10-24,212.18215942382812,214.87752975483767,212.06007966451276,212.24790680447597,1618300
2024-10-25,209.24261474609375,214.04167163307102,208.3879848399889,211.92858421507245,2054200
2024-10-28,208.69789123535156,211.9097821631118,208.34100968883703,211.6186479879195,1935000
2024-10-29,199.9544219970703,206.61299179332156,198.67717747459085,202.06750941313837,3591100
2024-10-30,200.48973083496094,203.88946345827242,199.5036205040825,200.5930379044871,2437800
2024-10-31,200.5460662841797,203.12872854708664,196.93973405451754,198.42359263793165,1961500
2024-11-01,198.40481567382812,205.59870781696404,198.08550812624233,204.5092904225395,1989000
2024-11-04,199.20309448242188,201.39131556374863,196.90217999391135,200.08589771947027,2333800
2024-11-05,200.83721923828125,200.92173929312207,196.7519112908186,198.09488881870325,1302400
2024-11-06,185.4539337158203,190.78829832152755,182.5895236267073,188.58130463308564,8133500
2024-11-07,185.82960510253906,188.69401545608468,184.1109588904117,187.32286448703772,4924500
2024-11-08,189.5204620361328,190.85405324029128,186.11134314524958,187.07866644354968,3981600
2024-11-11,184.1485137939453,189.8585468957293,183.9325133297992,187.55763251075683,2699000
2024-11-12,181.93212890625,184.0640032987377,180.07261602339563,183.237546759562,2953300
2024-11-13,183.28451538085938,185.7544701085217,183.15303495554767,184.26122506456187,2354800
2024-11-14,182.91824340820312,184.83410303893942,181.72551893552458,183.04972383060374,2282800
2024-11-15,184.49600219726562,184.75896303311637,181.9603002342529,183.13423765511905,2587300
2024-11-18,186.74057006835938,186.9941445638777,182.31718188923384,182.80552953875483,2374200
2024-11-19,188.91000366210938,189.49228636631148,186.16768757199463,187.12562451801872,2514400
2024-11-20,188.65643310546875,189.2856618075198,186.81569302923933,187.82997662263637,2243400
2024-11-21,190.468994140625,191.12639622256467,186.6184880433838,188.13051999699033,1961700
2024-11-22,191.87774658203125,192.70420322102575,190.45963514947724,190.7413830337065,2016000
2024-11-25,194.9205780029297,195.38075231415988,192.24399487192096,192.9671443570857,3605900
2024-11-26,195.34317016601562,196.1226662666013,192.87320145755075,194.00019274966326,1791400
2024-11-27,196.56410217285156,196.91158309477166,195.18355049617983,195.3432042800429,1669400
2024-11-29,196.28233337402344,197.0054828252512,194.90178184453887,196.5640812162165,1610200
2024-12-02,194.71395874023438,195.8221487906694,193.19254042343687,194.9111722026314,2374800
2024-12-03,195.1459503173828,196.6298088706664,193.9626266089471,195.74700567678843,2551200
2024-12-04,194.87359619140625,195.2868244231645,192.22518670438643,193.96261967965458,2529200
2024-12-05,196.43258666992188,196.5734534157397,192.80746766455155,192.80746766455155,2291100
2024-12-06,194.49795532226562,197.84132676452745,192.54452175739894,196.82704312525297,2677900
2024-12-09,196.31988525390625,197.26843580720356,193.55879663509194,194.11289162684008,2854200
2024-12-10,187.38858032226562,195.38074089432155,186.70300490071622,194.72333882363787,2653300
2024-12-11,187.4449462890625,188.38409629521678,186.0268349386746,187.37921324038348,2356800
2024-12-12,185.81080627441406,188.38406772969483,185.36940469202992,187.41674451645883,1922600
2024-12-13,185.16281127929688,186.49640251529613,184.18608728682702,185.1815839608623,1995500
2024-12-16,181.9415283203125,186.6466790649575,181.79127520899482,184.55236421453938,2218800
2024-12-17,181.5001220703125,184.77776069723967,178.82355319460115,179.56547538203432,2637400
2024-12-18,173.60186767578125,181.1620130340888,173.3107191644258,180.1007833737832,4186100
2024-12-19,168.48350524902344,173.2731760090321,168.14541067384292,172.27767929608166,4709800
2024-12-20,172.55001831054688,175.16085405552957,170.76563911688228,171.00042660711662,5750200
2024-12-23,173.16046142578125,173.37646188815208,170.0236898999528,171.52633545712655,2594100
2024-12-24,173.47039794921875,173.50795764283893,171.43242989561264,171.50756361314436,788400
2024-12-26,172.78482055664062,173.17926185428476,171.47940257266632,173.17926185428476,1464600
2024-12-27,172.32052612304688,174.65136497816798,171.97942810662903,172.44370482435153,1640900
2024-12-30,172.367919921875,172.66164043030443,170.40661698561647,172.32054238170355,1887000
2024-12-31,173.77967834472656,174.38607322970142,171.67624292487116,173.34382524415346,2115500
2025-01-02,171.52464294433594,174.9924705173982,171.08880429537305,174.4239689797309,3142800
2025-01-03,172.97430419921875,174.0828691745372,170.65294944965822,171.7330907941424,1817300
2025-01-06,170.79505920410156,173.8459873960827,170.42553756383523,172.03628700572864,2262400
2025-01-07,167.86732482910156,171.45833121895765,167.6114976835415,170.67191033267676,2096000
2025-01-08,169.78125,169.904428699756,165.6028029658116,167.27986939691465,2048300
2025-01-10,164.35211181640625,167.25143754823054,163.45198206641433,164.44685242436796,3539200
2025-01-13,167.6494140625,167.89575703824934,164.65533270679626,165.48913117486458,2409800
2025-01-14,169.4117431640625,170.83298259587914,167.00510296326638,167.59255842624862,2124300
2025-01-15,170.85194396972656,175.57045504144114,170.61507072073854,174.38608879650104,2230700
2025-01-16,180.08998107910156,180.52581971354883,170.93719626457886,171.49621360152364,3544800
2025-01-17,180.39315795898438,181.6817487763275,179.48355848773323,180.74372567699913,2882500
2025-01-21,179.95730590820312,183.59568935601573,179.3888188858775,181.26485063746046,2460800
2025-01-22,175.5609588623047,179.0477403671017,174.00707103342634,178.56452417691943,2753700
2025-01-23,176.60317993164062,176.82109922445193,173.73227794459692,176.03467847659348,1684000
2025-01-24,175.36196899414062,177.13377590204615,175.18194304909494,176.23366063441046,1218200
2025-01-27,181.95652770996094,182.72400909302857,178.10023917672157,180.02364858127186,2862400
2025-01-28,177.11483764648438,181.26486109967982,176.39474826027262,180.23209732722515,1997200
2025-01-29,173.98812866210938,177.92968820196606,173.50489802244826,177.0295728239544,1735100
2025-01-30,176.06312561035156,177.4748806822112,174.38605924359905,176.4515866850873,1457000
2025-01-31,175.2388153076172,177.77810388949558,174.66084403938925,175.5514897108482,1570200
2025-02-03,175.63674926757812,176.70742084065665,172.585821059459,175.11563975342608,1832100
2025-02-04,174.4618682861328,175.12511040934163,172.57635225381625,174.12077027168343,1450200
2025-02-05,177.6170196533203,178.33710902930724,175.115639056489,177.00114061367393,1869700
2025-02-06,179.78677368164062,179.90046820062187,176.91587141661245,178.4223816234898,1407000
2025-02-07,178.92454528808594,179.81519087514346,176.88744145541952,179.81519087514346,1588200
2025-02-10,179.90997314453125,180.10893857570974,177.39910805237872,179.6162526315373,1957900
2025-02-11,183.2640838623047,183.3398850328886,179.07616677630978,179.24670856692734,1825700
2025-02-12,179.56886291503906,180.5068716564706,177.24750814391587,179.4551539330514,1766400
2025-02-13,180.01417541503906,180.73426479086126,179.2088006932218,179.9383742505956,1855000
2025-02-14,179.4362030029297,183.3872465063224,179.18037588181974,180.63950852934855,1776000
2025-02-18,179.59727478027344,180.63950825331747,178.29919972891665,178.65925164269947,2301200
2025-02-19,178.6592559814453,180.81953860141726,178.4602905719604,179.45514653457306,2470000
2025-02-20,182.2786865234375,182.83770385785255,177.2001240625682,178.6213633953757,2848500
2025-02-21,181.4922637939453,182.86612557644645,180.52581700961187,182.21235317697364,3304300
2025-02-24,181.9186248779297,183.46304283014615,179.502515249751,180.68688129713337,2393200
2025-02-25,193.05166625976562,195.43935226604935,184.78005780998868,187.13930573007033,5179700
2025-02-26,190.19024658203125,194.6150367090381,189.11010524971687,193.8475697699719,2512100
2025-02-27,193.26014709472656,193.4496428019603,188.8637801819637,189.54597629408173,2553100
2025-02-28,194.823486328125,195.50568237573188,191.97153789132017,194.23604535397246,3466800
2025-03-03,198.60397338867188,199.2482615757436,194.226561124763,194.23603084836347,2229700
2025-03-04,196.24472045898438,203.8530871202403,196.07417868042083,200.63161711489238,4031300
2025-03-05,197.73228454589844,198.5660828776557,192.06628136918658,193.66753213617534,1969800
2025-03-06,196.06468200683594,198.04495298541585,193.55383182066535,197.42907397879017,2416200
2025-03-07,201.1432647705078,201.80652137776437,196.02680880729292,197.07852652232643,3599400
2025-03-10,201.88230895996094,205.90915358185208,201.1622051394217,202.2802542229778,4156600
2025-03-11,198.7650604248047,203.33198316587246,198.2344667112985,201.92021353289792,2698100
2025-03-12,195.83729553222656,197.86492961205184,194.41605628587445,197.08797855106792,2519800
2025-03-13,196.86061096191406,198.02602322270582,194.24552121099276,196.07419009171633,2691100
2025-03-14,199.85467529296875,200.13892606136523,195.1645882160079,196.86060864429703,3789000
2025-03-17,201.5222625732422,204.97113607151232,200.25262558630402,201.05798585820034,3097600
2025-03-18,203.58779907226562,204.93323728361085,200.27157385261916,201.52227144653125,3996500
2025-03-19,202.53607177734375,204.2984091033396,200.52739150855484,203.00981821489538,2244200
2025-03-20,203.01930236816406,203.83414681894288,201.49383826115698,203.61621304823194,1839300
2025-03-21,204.8763885498047,208.07891922248663,201.4748924616263,202.63083497220637,6326100
2025-03-24,201.62648010253906,205.61541687968145,201.25695847166847,202.6781977377236,2879900
2025-03-25,198.49977111816406,201.4180511110418,197.26802740347748,200.887457377354,2646600
2025-03-26,198.99246215820312,200.44212513314696,196.7468941624791,198.49976180392858,1607400
2025-03-27,202.80136108398438,203.7583381051107,198.65135227652647,199.98732065056262,2458400
2025-03-28,204.2415771484375,204.4879345672847,202.15709555853306,204.31737831903703,1907500
2025-03-31,206.1744384765625,207.85149031832523,204.3931473911998,205.1795681478739,3281300
2025-04-01,207.91783142089844,209.11166719627636,206.17444806262142,208.52422626106406,2124800
2025-04-02,206.4586944580078,208.9032278433179,204.93323033042418,208.3347407852235,2794100
2025-04-03,216.20840454101562,218.8992808745453,208.4484354709502,213.1858999134718,5852900
2025-04-04,208.60951232910156,221.5238453231227,208.47686389996124,220.9079662568614,9877200
2025-04-07,202.18551635742188,210.25816019322536,200.5274037249765,205.93759473275426,5082200
2025-04-08,193.91387939453125,205.31221659116457,191.40301480675134,203.7962223322185,5455000
2025-04-09,196.5858154296875,200.81163996565306,187.1298406924437,191.49778337501158,5646900
2025-04-10,197.38172912597656,201.97706104571574,192.81480637921663,196.84165122988824,3565200
2025-04-11,203.68661499023438,204.1929167287481,195.9774298040141,197.2861849601278,2555400
2025-04-14,208.0522918701172,209.04580014876078,201.7187385440884,203.4764660197848,2080600
2025-04-15,208.262451171875,210.94682423695565,206.3614362897062,209.4756717096755,3854900
2025-04-16,208.25291442871094,210.67934105470414,206.82952916969165,210.4500811201031,3376800
2025-04-17,212.70452880859375,214.32851625090348,208.50125090177136,209.15085462462218,2599000
2025-04-21,208.2433624267578,213.55476458974567,205.5112365098159,211.43402277984092,2781000
2025-04-22,211.09010314941406,212.28421378651012,208.09049781209063,209.9533074906513,2747400
2025-04-23,203.09434509277344,210.08704947627606,200.0087526794253,209.94376202895788,7046000
2025-04-24,201.47991943359375,205.6545258953465,201.3366173995792,204.74700465277593,2885500
2025-04-25,201.39393615722656,202.32055262672844,199.12989241484425,202.02441551281441,2464500
2025-04-28,201.8524627685547,204.04962923172215,199.99920074811382,201.0404617137279,3390200
2025-04-29,211.4340057373047,211.85433501011485,200.95448971214853,202.1772578276622,3174900
2025-04-30,215.3315887451172,215.98117794183497,210.72709108296843,211.46266732464264,3491100
2025-05-01,214.01329040527344,215.74236033006406,213.09622156993137,214.81572928033432,2253000
2025-05-02,213.60250854492188,215.87608520022368,211.30025982498807,215.44620830237784,2732600
2025-05-05,213.86045837402344,215.91433764987028,212.50395028484448,215.03547386997465,1832900
2025-05-06,213.80313110351562,215.53220107151716,212.41796560149842,214.28077538535237,1637100
2025-05-07,209.67630004882812,214.9017298566347,209.4661353907171,212.6281383242776,3571500
2025-05-08,208.13827514648438,210.0679475335703,207.82302817396916,209.1508786831139,3007500
2025-05-09,210.13482666015625,210.72710090554128,206.89639901016466,207.3644956542395,2499800
2025-05-12,198.6235809326172,207.71793143156995,197.6682924433819,207.71793143156995,4450800
2025-05-13,194.8406524658203,199.17765592209847,192.7008009388129,199.17765592209847,4525300
2025-05-14,195.3564910888672,196.01564246195215,192.0225290985229,193.82802371427755,4060300
2025-05-15,202.21548461914062,202.30147167164304,195.83416374365117,197.0187268597064,3115600
2025-05-16,203.8394775390625,203.91590237302626,201.9479956956893,203.43825809316272,2812700
2025-05-19,205.51124572753906,205.86469785286081,202.47342033255057,204.08786043450274,1733400
2025-05-20,205.76914978027344,206.20858893109883,203.87768251486543,203.96365498680518,1755900
2025-05-21,204.17381286621094,206.87728114775894,203.91589545894328,205.99841745179484,2231500
2025-05-22,200.8685302734375,206.01753504622718,199.72218691286153,204.84251961833112,1969800
2025-05-23,202.38742065429688,203.982750687982,201.1455426984298,203.59107890758892,1573200
2025-05-27,204.14517211914062,205.37750258333816,201.585005652653,201.585005652653,1867000
2025-05-28,202.9606170654297,203.57200117038965,201.30795733550693,203.47646648226748,1787600
2025-05-29,204.15472412109375,204.52728607561033,201.23152888964057,202.1963796621028,1790600
2025-05-30,205.0526885986328,205.74049754481274,202.82687902664566,203.59109823213717,5861500
2025-06-02,204.53683471679688,204.85208169163346,201.47035201723858,203.83947814754745,2142600
2025-06-03,203.84902954101562,204.79477048294825,202.2632469995497,203.61975503421613,2035500
2025-06-04,204.77566528320312,206.79132481624308,202.7026907662976,203.71529435204852,1579000
2025-06-05,206.55247497558594,207.4791059613154,204.49861058749005,205.5112140374925,2526800
2025-06-06,203.0370330810547,206.46653024084395,202.60715612540983,205.69274880537375,2516300
2025-06-09,203.31407165527344,204.36488035470865,200.9736175331825,202.62626270673,1777800
2025-06-10,205.01446533203125,205.76913683248227,203.21851828960425,204.3744237869536,1625000
2025-06-11,204.77566528320312,206.06531072636724,203.41915721771161,205.01448743367445,1577900
2025-06-12,207.96630859375,208.0331857871188,204.9571555761666,206.13215637831726,1738000
2025-06-13,206.81094360351562,209.27572713793623,206.10809861704462,207.48490555569802,2455600
2025-06-16,206.98426818847656,209.2372479890025,205.0779142261275,205.0779142261275,2424500
2025-06-17,207.13832092285156,207.73525662945622,204.8660955570805,207.11906066710833,1659500
2025-06-18,207.46566772460938,208.60178773073523,205.64596291141495,207.59083734756712,1665700
2025-06-20,209.39126586914062,210.7103214720246,206.32954660797864,207.13830097606643,4018600
2025-06-23,213.38693237304688,214.33047917371056,209.45867782436554,210.51775677046197,2618000
2025-06-24,215.58213806152344,216.66047729618356,210.8547517453462,212.65519629420274,2219000
2025-06-25,212.0293731689453,214.54230019789756,211.34577368818728,213.49284402226266,1727300
2025-06-26,209.42979431152344,213.33878859664918,207.79302525944755,212.5781627975613,2040100
2025-06-27,209.68011474609375,211.70201539454996,207.84114978475026,208.25516444894268,2086300
2025-06-30,212.79962158203125,212.90553094681323,207.25384348620423,209.3046272354961,2071800
2025-07-01,216.12130737304688,216.8819185054319,212.41449422224235,212.68407903052594,2567600
2025-07-02,214.54229736328125,216.59308108718963,214.2630750908258,214.53267458160923,1937900
2025-07-03,213.50245666503906,214.86001808901676,209.79564376187793,214.20530167601797,1369100
2025-07-07,211.8367919921875,214.68669237393436,209.9400611008561,214.031990691276,1894900
2025-07-08,212.49151611328125,212.93441382693572,209.5357060658897,209.91120023324615,2022600
2025-07-09,213.57948303222656,213.74315846269164,209.28535725841223,211.53833685081602,1712900
2025-07-10,212.78997802734375,215.36067105401295,212.0101066777246,212.28932894565583,1459200
2025-07-11,211.0858154296875,213.1751048909899,209.42014871466463,211.89456979704278,1358500
2025-07-14,213.53134155273438,214.03200532098623,210.72956957458612,210.80659589979945,1475900
2025-07-15,210.77772521972656,213.0692107825207,209.87268420950465,213.02106749003164,1754200
2025-07-16,215.05258178710938,215.1296081135286,210.95102907135643,211.49019866502127,2426500
2025-07-17,214.74447631835938,215.93836234004604,213.57948802391883,214.5230348121158,1522400
2025-07-18,216.41014099121094,217.37294802452345,214.86964386140315,215.11034561973128,1253800
2025-07-21,218.07579040527344,219.2792991823445,216.9781909882354,217.59438689444502,1458800
2025-07-22,223.7082061767578,223.90076463321057,219.48148415060137,221.05084952739657,2274400
2025-07-23,221.61891174316406,223.8237480354433,221.05085913000778,222.35065447724796,1839700
2025-07-24,222.63951110839844,225.6145814147994,219.9821542052854,222.13884732079788,2034700
2025-07-25,221.32046508789062,222.93798866786415,219.76072227503127,222.0425704184767,1031300
2025-07-28,215.8709716796875,220.55021445523118,215.0429570423273,219.2504190820865,2176300
2025-07-29,206.7243194580078,210.85475546389495,203.92254726361003,210.85475546389495,3704000
2025-07-30,200.97634887695312,207.08054204717052,199.9365155001503,203.69145711810242,3693300
2025-07-31,200.6393585205078,201.80436150331352,198.05904270456986,199.5128760464212,2774000
2025-08-01,204.2113800048828,209.3046228058779,203.27745599646232,203.54704079360744,3232200
2025-08-04,205.0586395263672,206.36805769008285,203.1522856982988,203.4988968207903,2804500
2025-08-05,202.2376251220703,204.87570705402402,200.0520489906273,204.3654204894664,1854800
2025-08-06,201.13038635253906,203.71071687938007,200.74526941003487,202.67088350509516,1634100
2025-08-07,202.19911193847656,203.21969979583795,200.26387497397957,201.1496557349505,2025800
2025-08-08,198.82928466796875,203.04638437673364,198.1553226506769,202.50721476290016,1727500
2025-08-11,198.41526794433594,200.1483234792827,197.23101945015102,198.2708380798502,2339200
2025-08-12,197.00958251953125,199.0892493647441,195.6616584668583,198.4826761954061,1757100
2025-08-13,196.55703735351562,197.67389696635038,195.40167192597931,197.25989702041784,2717800
2025-08-14,195.89273071289062,196.59557575249332,193.32202293672046,195.6423914751065,2636900
2025-08-15,198.4537811279297,200.46605899416238,195.6327635703883,196.5955706042964,2640400
2025-08-18,195.5749969482422,199.32031571194753,195.12247646827808,198.91593852179716,3227700
2025-08-19,198.96408081054688,199.13739372754762,195.67128230023667,195.96975014984142,1669400
2025-08-20,201.70806884765625,203.28707175838332,199.95575303545218,200.73563905519507,2217500
2025-08-21,201.9295196533203,203.15228872746295,200.6201014700802,200.6201014700802,1483300
2025-08-22,203.9995574951172,206.8013147771297,202.43017734056912,203.05599603134496,2343000
2025-08-25,203.267822265625,204.03807085362067,202.10283394750184,203.15229011937012,1238900
2025-08-26,199.73431396484375,201.32295436741015,196.94217947490662,201.32295436741015,3538700
2025-08-27,195.70977783203125,200.29273374207233,195.65201176416073,200.0231489644975,3083500
2025-08-28,195.02618408203125,196.83626594799517,194.20780694464145,195.700146045549,2978200
2025-08-29,196.26820373535156,196.27782651604903,194.1788997138116,195.44981194675196,2618100
2025-09-02,193.03317260742188,197.58724541250015,191.35788320896228,195.0646958797061,2601200
2025-09-03,188.96051025390625,195.25727671830305,187.93993711039283,193.99600180730928,3630500
2025-09-04,187.8340301513672,190.81873798286804,185.86991016772436,190.55877595710334,3523700
2025-09-05,190.9438934326172,191.9837120759587,188.97975890348528,189.74038466912378,4126100
2025-09-08,186.43795776367188,188.19989643936398,181.98015639252844,187.15044027407401,5376600
2025-09-09,187.3622589111328,187.53555712934508,184.85895468986632,186.71716525551224,3383900
2025-09-10,186.553466796875,188.46945789008018,186.12984408532228,186.79416853108967,2539100
2025-09-11,189.23973083496094,189.75964018389925,185.8891663752245,187.092675201838,2277400
2025-09-12,187.8243865966797,189.23971402636695,187.35260588969442,188.46946550749513,3096400
2025-09-15,185.34034729003906,189.41301678187008,181.53726258260113,188.7679378555531,3883400
2025-09-16,187.48741149902344,187.8917886944097,184.3582886071173,184.85895238337775,3253800
2025-09-17,189.8848114013672,191.72377642981627,187.19857145064418,187.70887271339188,3041900
2025-09-18,185.85064697265625,189.15308285201456,185.08039838078176,187.96881958185867,2368700
2025-09-19,186.1202392578125,187.40077447138415,184.94561341352184,186.3513182520448,5329500
2025-09-22,186.02394104003906,189.2300753201369,184.81079485606517,187.06375963877602,3471300
2025-09-23,187.0541534423828,187.50667393346734,185.5521767874085,186.2261387875547,2774700
2025-09-24,185.75436401367188,188.2865513505608,185.3885073111275,186.53425009384563,2963500
2025-09-25,186.50535583496094,190.06773889986627,185.95654877725957,187.19856337906737,3022700
2025-09-26,187.04452514648438,188.18063038591336,186.1876274805741,187.10229121746968,2608300
2025-09-29,187.31410217285156,188.22876587182662,185.1574092341079,187.3237249538604,3314300
2025-09-30,186.79933166503906,188.23684311596855,185.6434890471688,187.35296172338835,3426900
2025-10-01,187.7706298828125,188.9167500959002,186.59535720426234,186.7604754644135,2960500
2025-10-02,185.6823272705078,187.66377591779013,183.45806987198443,185.468641341472,2822300
2025-10-03,184.74989318847656,186.8867376596202,184.02142247189752,185.51720915546565,2863100
2025-10-06,180.2430877685547,184.0116995201406,180.0099718044338,184.0116995201406,2968100
2025-10-07,181.6029052734375,181.62233531019777,178.66959219520893,180.91327976581542,2741700
2025-10-08,180.26251220703125,183.46778647902218,178.4947642228462,181.35037194115128,3329700
2025-10-09,180.00025939941406,181.15608711950654,178.70843625496153,180.95212362451488,2211000
2025-10-10,181.3212127685547,182.5936207507145,178.72785876664085,181.40864051932357,3154400
2025-10-13,177.9411163330078,180.72874110754788,177.26121327364748,179.06782130039073,3242800
2025-10-14,181.15609741210938,181.16581984055847,177.87313270450457,178.53360572494012,4174900
2025-10-15,184.57504272460938,184.73045335955987,180.42761218160814,180.58302281655864,3353900
2025-10-16,185.97372436523438,188.5088031295736,184.77903650319118,185.09956540681742,3394700
2025-10-17,185.79888916015625,186.98386944943678,182.7587479314591,186.5662199941009,1981400
2025-10-20,187.5375213623047,187.57636661650685,185.14813065752855,186.43995396619815,1782100
2025-10-21,186.84788513183594,188.81961143198356,185.37152842425687,186.6341991940172,1749500
2025-10-22,185.70175170898438,187.8774413633738,185.39093043220063,186.51763532938043,1535700
2025-10-23,184.83731079101562,186.70219409411786,182.08854610579633,185.77946746060854,2279900
2025-10-24,186.0222930908203,187.19755092328003,184.5167839243963,185.81831476162986,1721800
2025-10-27,184.28366088867188,185.604621711579,183.32208903001515,184.54591449593036,2979100
2025-10-28,177.4748992919922,180.99097998687105,172.39503414947066,180.6024681872776,6047500
2025-10-29,173.9393768310547,178.64043746467866,173.61884794865657,177.4263196468559,4501500
2025-10-30,174.29876708984375,177.33892312961655,173.3469027824142,175.07580552930227,2954900
2025-10-31,173.84225463867188,174.89125429118195,171.81225305056944,172.04536902471898,2604700
2025-11-03,171.56942749023438,172.90981838978135,169.97650540385214,172.6475647744841,3481700
2025-11-04,175.17294311523438,175.58088496645303,172.3464729809599,173.52173085263783,2663800
2025-11-05,174.27932739257812,176.80469847563933,173.58971674610677,175.41575475449795,2330500
2025-11-06,172.977783203125,176.8823900974845,172.74468207680556,173.74511393265593,1960500
2025-11-07,172.84181213378906,173.35659691048681,170.34559357028144,172.64755624422327,4255800
2025-11-10,174.56100463867188,175.77512245703522,170.9477888255606,171.18090478216504,2911100
2025-11-11,179.48548889160156,179.65062198486268,175.61974125970616,176.27050674094855,2429500
2025-11-12,178.08680725097656,180.05853339929345,176.70755636916337,178.7181425872414,2947600
2025-11-13,175.9305419921875,178.95126786987504,175.65858077278202,177.76628763356194,3072000
2025-11-14,178.31991577148438,179.10666177782838,174.4541686335007,177.60116747965145,3807200
2025-11-17,175.28948974609375,179.39806063152142,174.79413497094052,178.41705868908159,3253600
2025-11-18,176.33847045898438,177.1252164141316,173.80339192530238,174.83296143800237,3436500
2025-11-19,175.31863403320312,177.1252421567918,173.78398714793738,176.3287736582918,2673200
2025-11-20,173.9782257080078,175.47402719039056,172.90008847046812,175.31861654948273,3094500
2025-11-21,174.4055938720703,176.7658466160273,173.87137906823034,175.1923398464646,2609900
2025-11-24,174.4153289794922,175.18264497477233,171.51115361350745,174.42503658725894,6032500
2025-11-25,174.599853515625,176.7755580268185,174.3181846970527,175.0563630104771,2005100
2025-11-26,176.03736877441406,177.06693827047758,173.3760172911609,174.8523886470423,1941700
2025-11-28,176.0665283203125,176.82413671623036,174.85241040111396,175.2312145990729,1088800
2025-12-01,171.21005249023438,173.95881717111223,169.88909163335975,173.37603465572417,3329600
2025-12-02,170.7632598876953,172.62814328943836,170.17076973239344,171.97737784357824,2467200
2025-12-03,171.12261962890625,171.69569451954416,169.34516413367245,170.97693141479678,2693000
2025-12-04,173.69656372070312,173.96852494260037,170.36501652129942,170.5301495967424,2804200
2025-12-05,173.72569274902344,175.19234175300488,172.98751444344936,173.6868474995824,2998000
2025-12-08,177.9411163330078,178.04795930096265,171.82195915721454,173.4148812480481,5804200
2025-12-09,174.39590454101562,179.31065160984141,174.2016486340186,177.94112301123246,3161100
2025-12-10,175.08551025390625,177.38748788971037,174.39589958056544,174.64843077040112,2500900
2025-12-11,176.493896484375,177.95083795674773,175.5517398132453,176.44532880447423,4370000
2025-12-12,175.51287841796875,177.90226893578944,175.14379665921024,176.94068223579302,5329400
2025-12-15,175.08551025390625,176.71729243197404,172.80297747525717,176.52303653050234,5020800
2025-12-16,173.98794555664062,175.78483104538464,173.57028131798955,175.09522042033817,3198300
2025-12-17,173.36631774902344,175.58086747547358,172.69612233850776,173.41487060538898,4084700
2025-12-18,169.28688049316406,174.21134980899814,169.18975995363976,173.47317146135782,3950800
2025-12-19,167.4608612060547,169.821099345184,167.014059287207,169.20919398732204,6033000
2025-12-22,167.57740783691406,168.39329150869384,165.86793516926477,166.70324887726076,4154500
2025-12-23,169.5005645751953,169.5685622908162,167.18889419726017,167.9853478240584,3358100
2025-12-24,169.78224182128906,170.15132356676492,169.28687225694802,169.70453650098509,1040000
2025-12-26,171.3460235595703,171.6276923731655,169.4908479703588,169.4908479703588,1463200
2025-12-29,172.44447326660156,173.11137298552958,171.51276808751663,171.6991121163312,2177300
2025-12-30,173.31732177734375,173.44482346335212,171.6304385554852,172.28753615301352,1718900
2025-12-31,172.18948364257812,173.35655814259653,172.0227437490163,172.5327355667055,1680100
2026-01-02,171.43429565429688,172.4248431020727,169.83567589388826,171.8854301493287,1786500
2026-01-05,172.85638427734375,172.8760033763945,167.74669393623867,170.90469545895854,3433400
2026-01-06,172.43466186523438,174.37653354962814,171.40487621146946,172.0031314987053,2362300
2026-01-07,166.177490234375,173.59192249572692,166.13825204098944,173.58212042987356,2756800
2026-01-08,167.0503692626953,168.02131261634588,165.09868048858505,165.32426271008177,2714700
2026-01-09,165.26541137695312,166.79538685866044,163.66680646011852,166.17751243268225,2359900
2026-01-12,168.2272491455078,169.55126135760077,166.1382567555347,166.1382567555347,2732700
2026-01-13,170.61048889160156,170.76739679372852,166.44232063565318,168.0997679127225,2870300
2026-01-14,174.06268310546875,177.13242088522364,170.90468183450352,171.12044701189768,3604700
2026-01-15,178.0543212890625,178.3093096926725,172.97405259416786,174.03325936798743,3868300
2026-01-16,180.0354461669922,180.62388444730274,175.21016547151723,176.22033206945528,4130800
2026-01-20,174.32749938964844,180.41793506684334,174.20981472737972,179.37833234518192,5038500
2026-01-21,174.73941040039062,176.220330603253,173.2879113630496,175.54362883127436,2755700
2026-01-22,173.5428924560547,177.5933756749414,173.1211791247353,173.87634229453795,3741500
2026-01-23,175.3082275390625,176.23993260851063,171.77753836906456,172.98386589838907,2869700
2026-01-26,176.0045623779297,179.1233253241402,175.54361087858624,176.35763129306542,4304100
2026-01-27,176.6028289794922,177.8679839438357,173.6703948856442,175.15131503227684,2867000
2026-01-28,174.0921173095703,177.39723961177617,172.83676434614674,176.6028382014052,3437700
2026-01-29,177.84835815429688,178.38777108972408,173.405582916573,174.09210166848652,3496100
2026-01-30,175.82803344726562,177.72087984387272,171.92467096028125,177.72087984387272,3504300
2026-02-02,170.35548400878906,176.35765642131338,170.2476014092097,175.53381885862186,2968500
2026-02-03,169.7964630126953,170.87527401895238,168.1390008227772,169.70818454960232,3147200
2026-02-04,173.15060424804688,174.49422066411879,169.06089770494103,170.77720216371384,4518900
2026-02-05,168.1880340576172,170.37509210973576,166.04019923690993,169.25704295217423,4730000
2026-02-06,167.97225952148438,170.25739797239981,165.4321177031363,169.44337753980008,3481800
2026-02-09,170.3652801513672,170.90467811813656,166.05980869333123,167.7564939468661,2507800
2026-02-10,175.07286071777344,176.21052900424468,170.2475950146227,170.9929711164427,2680700
2026-02-11,177.00491333007812,177.06375565560066,172.21888628608397,174.09209849682418,2089100
2026-02-12,184.5664825439453,186.6750792059206,178.34856018757415,178.95661755772772,4537000
2026-02-13,188.4011993408203,188.50908193457354,184.47821769886664,185.03723480105162,3413100
2026-02-17,189.3721160888672,189.89190992730266,186.27295719046913,188.79347992381432,3166000
2026-02-18,183.02670288085938,188.47964494387907,182.05577450650097,188.37177731560573,2636100
2026-02-19,181.23194885253906,184.75283646392631,180.84945871776299,182.9874916245796,2257500
2026-02-20,183.7034149169922,183.81129750749946,179.87851391716438,182.4186408623061,2484100
2026-02-23,186.3906707763672,187.80294658096278,183.0855485221438,183.88976695281144,2966400
2026-02-24,186.52796936035156,191.6866847587016,183.4288103157213,184.52724037103852,3535100
2026-02-25,178.96641540527344,187.95984887739726,178.78007138591312,187.91082357966002,3406300
2026-02-26,181.44769287109375,183.78187160646098,177.69143636295544,179.6431250081982,2918200
2026-02-27,188.1658172607422,188.2736998557601,181.12405734909262,182.57557134842222,4964400
2026-03-02,186.5377655029297,188.5384944287044,184.90972460479642,186.36123852035428,3390200
2026-03-03,186.58680725097656,187.49889326485732,182.66382575818335,183.91917863867823,2361100
2026-03-04,187.126220703125,187.31256471893235,183.61515046182208,184.88030541206052,2457200
2026-03-05,184.02706909179688,185.39030462019403,181.46732295977202,185.36088345493985,3430400
2026-03-06,184.95877075195312,186.4887311762409,182.28134000944954,184.27225196733517,2747300
2026-03-09,183.0463104248047,185.88066387066323,181.73211525530323,184.60569193033191,2800900
2026-03-10,182.53631591796875,184.37031986012562,180.97693443582935,182.90900393193394,3288700
2026-03-11,179.3292999267578,182.0361518063929,178.97623098898046,182.0361518063929,1587900
2026-03-12,176.39688110351562,180.63369375862396,176.14189266832008,177.57377267632415,3070400
2026-03-13,180.85926818847656,180.98675491807964,177.52472475023887,178.5937486414463,3194200
2026-03-16,181.1534881591797,182.6246062489522,180.60425816840882,182.1538376854343,2267300
2026-03-17,181.50656127929688,184.22321530618208,180.59446026083958,182.0263551524547,2728900
2026-03-18,177.2108917236328,180.65330274857678,176.7303210820931,179.6137150013566,3654800
2026-03-19,179.2410125732422,179.54505619858986,174.91593700634715,176.81857039134874,3615200
2026-03-20,173.38597106933594,182.14403519170048,172.21889662477614,180.47677102019944,6368000
2026-03-23,173.1015625,176.17130038015566,169.81605943539324,175.7495720778241,4363100
2026-03-24,167.0797882080078,172.9838797509199,166.824799789472,172.1110169369086,4558300
2026-03-25,164.04928588867188,168.678405335508,161.90145108607368,166.21672482431686,4107600
2026-03-26,165.66751098632812,165.81463177515536,162.55854986761474,164.06889119732583,2890300
2026-03-27,166.25596618652344,168.35476076649957,164.73580780717447,165.54001126203153,2468500
2026-03-30,167.0797882080078,169.6983766500417,166.51095407590117,168.23706060557876,3106500
2026-03-31,169.25704956054688,169.77684344571728,167.1974781538427,169.30608982546607,4425800
2026-04-01,167.72708129882812,170.561434885961,166.52075369066347,169.3453052112618,2311000
2026-04-02,170.3848876953125,173.0721353768785,167.06016151389773,168.18802766015116,4241600
2026-04-06,172.74850463867188,173.81751359793557,168.41361150345682,169.41397606234895,2898900
2026-04-07,170.72816467285156,172.98388213400864,169.5610752275362,172.43466709268083,3617100
2026-04-08,172.7877197265625,173.7880842382935,170.3848964570506,171.63044732209886,3465200
2026-04-09,176.46551513671875,178.84873427424714,171.86583171619836,171.86583171619836,3273800
2026-04-10,175.8378448486328,178.0837603057291,174.8767184994543,177.07359369113593,3179700
2026-04-13,177.45606994628906,177.72087538683914,175.04342974736056,176.0241751190412,2597700
2026-04-14,174.74197387695312,177.14898996367043,171.36421321443456,176.75277817545296,2887200
2026-04-15,175.31649780273438,177.01032063946218,174.5537742129766,176.08912139747187,2129100
2026-04-16,176.91127014160156,176.9508852748888,174.9103658340989,175.49478351577932,1915900
2026-04-17,180.63571166992188,181.3390049777776,175.73251898228753,176.60418794184883,4708600
2026-04-20,179.9423370361328,181.6955901090591,178.793301663885,179.65507063581524,2778700
2026-04-21,173.10757446289062,180.160262521242,172.66183240135226,180.0215868773298,3564000
2026-04-22,174.64291381835938,176.50514247965808,173.16701205614834,175.25704662601706,2269500
2026-04-23,177.3173828125,177.51550382344712,174.7122608010692,175.87119616545678,2433900
2026-04-24,176.52496337890625,177.9216198060643,174.5933892783155,177.19852646553437,3065000
2026-04-27,173.64247131347656,177.20842280293343,173.0481385079782,176.95088664829007,3046500
2026-04-28,176.71315002441406,178.47631819756813,172.6420111269603,174.8311213362868,4484600
2026-04-29,176.50514221191406,177.52540192641558,174.92026482838173,175.86127916225553,2775000
2026-04-30,180.98240661621094,181.2498427699997,175.39573579718424,176.3070349958044,3006400
2026-05-01,179.89280700683594,182.3691685288096,179.1597985551077,182.0323869893039,1943200
2026-05-04,179.16970825195312,180.90316126487215,177.53530062820874,178.9616872400181,1625500
2026-05-05,176.43580627441406,178.9715981321101,175.03914982035496,178.29803503250847,2244200
2026-05-06,178.45652770996094,179.53621775060589,176.72307457305854,177.45606794051824,2116000
2026-05-07,178.07020568847656,179.25885617699282,176.7428644470309,177.80275441634433,2589500
2026-05-08,174.86083984375,178.1296400992734,174.44481291879413,178.1296400992734,3510200
2026-05-11,175.79196166992188,177.29759378219237,174.4844354663552,175.3759347272903,2456400
2026-05-12,177.1291961669922,178.80320387825884,172.87975128393842,172.9391815428044,3384000
2026-05-13,172.22598266601562,175.13818617283923,169.3930245399674,175.098571039707,3271000
2026-05-14,168.8878631591797,173.64248051149005,168.580796735394,172.97881740841828,2922200
2026-05-15,169.01663208007812,170.72037002286564,165.78744696980092,168.57087491281098,4632900
2026-05-18,175.60374450683594,176.0990168040945,169.01662899910144,169.27416515245193,3242300
2026-05-19,181.26966857910156,182.37907373594743,176.0197789798646,177.1192841315642,4659700
2026-05-20,182.280029296875,182.280029296875,178.95179869437166,180.23950975218463,2812700
2026-05-21,182.0422821044922,183.09225694328478,180.26921395276878,181.46776443308457,2929200
2026-05-22,182.11163330078125,183.31018381940456,179.90270792946393,183.27056868523582,2069900
2026-05-26,183.2012176513672,185.22193706534733,181.23994360857188,182.0521823073009,2795400
2026-05-27,183.23094177246094,186.80680849811574,182.9635056043026,183.52810818492623,2741200
2026-05-28,184.91485595703125,186.5195484633293,182.27010372761833,183.8054508579696,2411200
2026-05-29,185.19223022460938,185.8261781816865,183.2507561041479,185.16249998043105,4326800
2026-06-01,185.7568359375,186.12333261924934,182.27011455748038,183.07246841555795,2479200
2026-06-02,183.77574157714844,185.59834004488917,181.33901028353037,185.5488249056498,2610600
2026-06-03,180.51686096191406,186.80681036860418,179.75413735566875,182.47813512060452,5585700
2026-06-04,192.07650756835938,193.1264824290708,183.30028178242588,185.4299466327737,4071300
2026-06-05,192.28451538085938,194.22598947213817,191.19492537559515,192.1458397396617,3060800
2026-06-08,187.31199645996094,191.65057168190268,187.09407543117487,191.17511448932925,2800200
2026-06-09,189.025634765625,192.09631406955774,186.945484983516,187.3714270366863,2665700
2026-06-10,190.67984008789062,191.11568214069908,186.80680698122006,190.47181906650061,2179000
2026-06-11,187.52000427246094,191.11568616941605,186.2719234613457,190.28363229533923,3337500
2026-06-12,187.17999267578125,190.13999938964844,186.7899932861328,187.72999572753906,2985700
2026-06-15,185.75999450683594,188.02000427246094,183.69000244140625,186.1199951171875,3906300
2026-06-16,184.47000122070312,187.36000061035156,183.47000122070312,186.49000549316406,2682000
2026-06-17,181.08999633789062,183.85000610351562,180.7899932861328,182.63999938964844,2007900
2026-06-18,176.0500030517578,181.89999389648438,175.0,181.63999938964844,4453100
2026-06-22,176.42999267578125,178.42999267578125,173.99000549316406,175.72999572753906,3031800
2026-06-23,179.3800048828125,179.75,175.99000549316406,178.49000549316406,3507900
2026-06-24,174.4600067138672,180.47000122070312,173.33999633789062,179.89999389648438,4636500
2026-06-25,168.72000122070312,175.2899932861328,167.24000549316406,175.22999572753906,3382100
2026-06-26,175.58999633789062,176.61000061035156,171.13999938964844,172.3699951171875,7260600
2026-06-29,168.6699981689453,175.82000732421875,167.63999938964844,174.94000244140625,3600300
2026-06-30,163.57000732421875,168.60000610351562,162.39999389648438,167.69000244140625,5368900
2026-07-01,166.0800018310547,168.14999389648438,162.27000427246094,163.52999877929688,4626500
2026-07-02,166.02999877929688,169.6999969482422,165.44000244140625,167.16000366210938,3857600
2026-07-06,162.11000061035156,165.7899932861328,160.05999755859375,165.0,3989400
2026-07-07,165.25,166.4199981689453,163.92999267578125,164.22999572753906,2737000
2026-07-08,165.0399932861328,166.72999572753906,163.83999633789062,165.60000610351562,3625700
2026-07-09,165.0,166.07000732421875,163.66000366210938,164.0800018310547,3132600
2026-07-10,168.58999633789062,168.92999267578125,166.17999267578125,166.5,2458200
2026-07-13,169.5,170.89999389648438,168.97000122070312,170.0,2135300
2026-07-14,168.8300018310547,169.38999938964844,166.6999969482422,169.0,2200500
2026-07-15,168.6300048828125,171.3000030517578,167.77999877929688,168.1999969482422,2072300
2026-07-16,168.9199981689453,170.10000610351562,167.55999755859375,169.77999877929688,2375400
2026-07-17,170.05999755859375,172.67999267578125,168.89999389648438,171.94000244140625,2849600
2026-07-20,167.05999755859375,169.77000427246094,166.36000061035156,168.22999572753906,2570600
2026-07-21,163.38999938964844,166.61000061035156,163.07000732421875,165.30999755859375,2758700
2026-07-22,166.05999755859375,166.82000732421875,163.47000122070312,163.74000549316406,2702300
2026-07-23,164.64999389648438,168.22999572753906,163.58999633789062,166.17999267578125,3619800
2026-07-24,166.6699981689453,169.49000549316406,166.4199981689453,166.52999877929688,3343500
2026-07-27,166.74000549316406,168.22999572753906,165.5500030517578,166.4199981689453,3520800
2026-07-28,171.5,178.60000610351562,169.16000366210938,169.5399932861328,4395600
2026-07-29,179.25999450683594,180.3699951171875,172.58999633789062,174.9600067138672,5367700
2026-07-30,174.4600067138672,179.86000061035156,172.82000732421875,177.3000030517578,3697400
2026-07-31,173.36000061035156,174.1699981689453,170.9600067138672,172.69000244140625,4302400
2026-08-03,173.0,175.16000366210938,171.7899932861328,174.6699981689453,2505900
2026-08-04,175.25,175.5500030517578,169.02999877929688,170.5,2990800
2026-08-05,168.07000732421875,173.91000366210938,162.5,173.91000366210938,5294200
2026-08-06,171.1999969482422,172.3800048828125,167.38999938964844,169.69000244140625,2896000
2026-08-07,172.5399932861328,173.77000427246094,170.50999450683594,170.50999450683594,1560500
2026-08-10,169.11000061035156,171.6199951171875,168.72000122070312,171.25999450683594,1801100
2026-08-11,169.5500030517578,171.6199951171875,168.5,168.5,1584100
2026-08-12,170.42999267578125,172.38999938964844,168.92999267578125,169.22000122070312,1797300
2026-08-13,174.19000244140625,175.0,171.25,171.35000610351562,1357000
2026-08-14,175.5800018310547,176.58999633789062,173.77000427246094,174.25999450683594,1853100
2026-08-17,172.22999572753906,175.22000122070312,170.14999389648438,174.9199981689453,2678300
2026-08-18,172.3300018310547,175.3300018310547,172.25,174.86000061035156,1869100
2026-08-19,174.49000549316406,175.75999450683594,172.6199951171875,173.0,1435300
2026-08-20,175.72000122070312,177.91000366210938,174.9600067138672,177.0399932861328,1904200
2026-08-21,175.8000030517578,178.02000427246094,174.4199981689453,175.9600067138672,1746100
2026-08-24,178.17999267578125,178.8300018310547,175.89999389648438,176.4600067138672,789377
