Date,Close,High,Low,Open,Volume
2021-08-13,241.98826599121094,242.01392466588703,238.8149953092424,239.85849158343055,808000
2021-08-16,242.22779846191406,243.3910267226834,241.00466514642645,241.98830875514273,1066600
2021-08-17,245.0760040283203,245.24707928279608,240.4658208775342,240.4658208775342,922500
2021-08-18,242.3817901611328,245.7261111111962,242.33900828717455,244.58851524124574,1146200
2021-08-19,247.30845642089844,247.81309457620574,240.85074292662074,240.85074292662074,1203200
2021-08-20,248.745361328125,249.60068542916187,246.11951007336097,247.53078961958778,1712800
2021-08-23,246.76953125,248.32620106476804,245.7431320270963,247.51365894051776,1071400
2021-08-24,243.42526245117188,247.88149403979477,242.39032752074556,247.60778404255777,978000
2021-08-25,241.97122192382812,243.50225961988167,240.96194558667685,243.4680393416526,973400
2021-08-26,242.21066284179688,243.6561626021063,240.9618970136167,241.38955904678707,960900
2021-08-27,244.19503784179688,244.46018623252073,241.38101416009096,243.61342370101036,882400
2021-08-30,249.4809112548828,249.55788728666542,243.95552523122407,244.19501491979824,1632600
2021-08-31,249.90003967285156,250.37901905361508,247.017575692561,247.89855842172443,2327100
2021-09-01,254.85238647460938,255.26295147967045,249.74610005366247,250.48169242492742,1658400
2021-09-02,257.3583984375,257.43537444952165,252.9107041030082,254.97203765518228,1795800
2021-09-03,258.3163757324219,258.5644008661703,254.1766112473561,256.63992211843276,1645300
2021-09-07,255.93006896972656,258.2565514814983,252.4061379818412,257.02488273394744,1535200
2021-09-08,259.6934509277344,259.77898854236275,255.20300023510333,255.4510514868011,1512700
2021-09-09,253.87725830078125,259.7704266779648,253.76606201212238,258.73549201856673,1243100
2021-09-10,251.3626708984375,254.15957153348708,248.0953263091038,253.59505444979942,1488700
2021-09-13,251.98707580566406,255.24588535519902,250.76396833914816,253.61221283381892,1270100
2021-09-14,253.51809692382812,254.7070101344377,252.1581345284218,252.5686995562974,1109700
2021-09-15,254.2537384033203,254.7412534713775,251.67920361761514,253.70631826050854,1044200
2021-09-16,254.15098571777344,254.88655182811726,250.47307685880344,253.85161709749192,906500
2021-09-17,251.25146484375,254.5016861182071,251.0975127639162,251.32844088366693,2994000
2021-09-20,249.061767578125,251.59351900378132,245.99969341046602,249.36113616246462,2374700
2021-09-21,249.6433868408203,251.65340326111968,248.6170138044903,249.9684141048365,1161500
2021-09-22,251.08038330078125,252.25219926335404,248.20650680602117,249.84017899655294,1172900
2021-09-23,246.33331298828125,251.0375950071547,244.13512403488212,251.0375950071547,1634100
2021-09-24,241.3553009033203,246.70107547912076,240.65392901439571,246.23921934951036,2318700
2021-09-27,235.5377960205078,242.1974745265694,235.16829757138984,241.3897178743528,1776700
2021-09-28,230.94046020507812,233.7246270359117,229.23901035058984,232.70204206302415,2317600
2021-09-29,232.02322387695312,233.20908058705814,230.45926716582431,231.928685764615,1448500
2021-09-30,228.0703582763672,234.05117182091234,227.95004182034643,233.1918584750344,2090800
2021-10-01,229.1015167236328,231.17246501752624,227.7953698890486,229.44526303856304,1784600
2021-10-04,227.91567993164062,229.7631983136814,225.26898023645043,228.50000669192272,1387600
2021-10-05,227.33132934570312,229.3679239516205,225.40647589191894,228.0617509158428,1649200
2021-10-06,230.26158142089844,230.68266276465081,224.37528015042412,226.32593809858867,1421100
2021-10-07,228.671875,233.5441934892227,228.24221830241706,231.32717646832668,1185000
2021-10-08,225.2088165283203,228.69765262780743,224.63309130693304,228.64606970394533,1064300
2021-10-11,224.79637145996094,226.4032831846696,223.86829838179918,225.07135801824305,1074800
2021-10-12,227.33132934570312,228.4828322769792,224.77059242397127,225.80175267814357,1352700
2021-10-13,227.01341247558594,227.193887174766,222.83716185166537,226.2572124718725,1646600
2021-10-14,230.1842498779297,230.63110957817452,227.77818312338366,228.1047263738208,1370000
2021-10-15,231.4388427734375,233.20045079746652,229.5053878215118,231.83414577833832,3091300
2021-10-18,230.29600524902344,232.22946051697235,229.3765335611325,230.67410526602225,1354300
2021-10-19,234.50656127929688,238.42502727718704,231.18962499630547,231.77395166416557,1816900
2021-10-20,237.20494079589844,237.92676109523993,235.53787026259647,235.53787026259647,1109700
2021-10-21,239.78282165527344,240.0749850682442,234.83316801397078,236.9900530682764,1269100
2021-10-22,244.43173217773438,245.17072918989447,239.74846317796067,240.41872664970657,1496300
2021-10-25,244.54339599609375,245.4886459815555,241.14052227259523,244.47466246268007,1194700
2021-10-26,246.57139587402344,248.82279284806495,245.2480458588688,245.76363915787908,1742300
2021-10-27,245.26524353027344,250.206295607745,245.1707054191826,247.6713105739853,1280300
2021-10-28,245.772216796875,249.19226710705303,243.05678349522483,245.33395860168653,1391600
2021-10-29,242.300537109375,244.84409676572022,240.29834894938097,244.2425932774521,2532000
2021-11-01,242.4123077392578,243.32317781659626,237.52281254953718,243.06536807022917,1520500
2021-11-02,242.88490295410156,245.15350269062935,240.18667278474055,243.02239623123913,1532500
2021-11-03,241.123291015625,245.26518696521487,237.56572175272242,243.80434402433877,1133500
2021-11-04,239.70550537109375,243.57241602521248,238.57980681193914,242.15452780603596,1381000
2021-11-05,238.7430419921875,241.84517715359323,237.77203983127038,241.41552043270127,1214000
2021-11-08,239.54220581054688,239.93748262193765,234.96205081707217,239.10394759572816,1014100
2021-11-09,240.53900146484375,241.9912168819675,239.5765484965743,240.5132231136324,823300
2021-11-10,237.06741333007812,241.879574190221,236.79242671540322,239.43052546259617,925300
2021-11-11,234.14573669433594,237.77204047748614,232.33257169067826,237.28222552053847,1221800
2021-11-12,233.8191680908203,236.50022155052025,233.38951141524888,235.87291336348747,991200
2021-11-15,223.85113525390625,230.7600221645852,222.68248164593714,229.72023409448434,3467600
2021-11-16,222.59652709960938,225.4236490072808,222.2442054957138,225.25180207982805,2783200
2021-11-17,221.29896545410156,223.76519056691345,218.86710710589284,222.64809370421554,3451600
2021-11-18,222.52781677246094,223.22385861001314,217.7500358070615,221.35916299924583,2436700
2021-11-19,224.26361083984375,227.1079359724693,223.0863295046392,224.19485108529614,2036700
2021-11-22,221.38490295410156,224.3323414560979,220.52558960255774,223.42147140139446,1835200
2021-11-23,225.14007568359375,225.3205241266823,220.6286810372622,221.92625246060487,2070900
2021-11-24,228.13052368164062,228.585958720318,223.85113364383523,225.89630366723424,1320800
2021-11-26,225.88766479492188,229.8662892495743,225.37207161158642,229.0757095385721,1161800
2021-11-29,229.38511657714844,231.4216850991805,224.7018481497004,226.9704480686284,1842900
2021-11-30,225.55255126953125,230.42484271082884,225.44941165125172,226.99619123553356,2759500
2021-12-01,222.51922607421875,229.9007253867563,222.14112606218163,226.84157163421256,2629100
2021-12-02,228.78355407714844,230.07252396786103,222.7941396026709,223.1894425838843,1902600
2021-12-03,229.40232849121094,231.35298695261903,226.39473119042086,228.3367881249503,1804000
2021-12-06,231.64512634277344,234.506628510277,229.72884796373086,230.75143303773064,1864800
2021-12-07,237.86654663085938,238.3048048685213,233.08876609473998,233.08876609473998,2133000
2021-12-08,237.04159545898438,238.82038040691896,235.05658369650524,237.50563201587224,1327600
2021-12-09,232.92550659179688,238.02122916441076,232.8137916450646,237.0674038023107,1116100
2021-12-10,234.2230682373047,235.60655027394537,231.54201452781192,232.79660479460486,1352400
2021-12-13,237.1876678466797,238.31336626771798,232.3153757058236,233.73323752687094,1836400
2021-12-14,234.94483947753906,238.9750207290898,232.88249291668154,235.85570942711914,2225100
2021-12-15,235.75265502929688,237.33378866243493,232.97706308885662,235.58938337255535,1932500
2021-12-16,240.1522979736328,240.32417112971945,236.06195812105943,236.1392931740499,1791500
2021-12-17,239.6281280517578,243.83018326908658,238.7344609750951,239.96327287362968,3248700
2021-12-20,239.2844696044922,240.21254302414803,236.3198532716673,237.04167358463783,1551000
2021-12-21,238.76025390625,242.3607794588939,237.66890901121275,240.86555618226134,1381900
2021-12-22,241.6819305419922,241.75926561286548,238.63995330013665,239.70551991078256,914200
2021-12-23,240.71470642089844,242.20006770162823,238.74574159336515,241.80282757841465,1016000
2021-12-27,246.77706909179688,246.90660105180214,240.47290804256275,241.85464377625908,1235300
2021-12-28,249.13461303710938,249.52323524535174,245.8789203411089,246.77705246064588,1065600
2021-12-29,249.471435546875,250.0068518765014,247.67517121360675,247.67517121360675,1430600
2021-12-30,251.42315673828125,252.15718000617497,248.20198792030365,250.1018516054678,1370200
2021-12-31,252.5975799560547,254.2383794780486,250.3868135013737,251.64763506824292,1274100
2022-01-03,247.31246948242188,252.64075247759638,242.0446171617418,252.4853141356129,1597900
2022-01-04,244.1949005126953,248.92733602426642,243.92719238976463,248.0119418579075,1813300
2022-01-05,228.47775268554688,241.31920475028002,226.45697523620248,240.91332041081247,4486100
2022-01-06,228.75405883789062,229.17720523339736,221.7417566781221,227.90773969246789,2473100
2022-01-07,230.2135009765625,232.5106304930676,225.3947287171707,228.01137911132003,2244300
2022-01-10,228.33953857421875,230.87846974769909,223.33075113649113,230.87846974769909,2113500
2022-01-11,224.95431518554688,225.9215221571905,221.16320646407797,224.02165884986576,1884300
2022-01-12,224.00440979003906,228.41729844446127,223.53806841775938,224.42755627623984,1876900
2022-01-13,220.59320068359375,224.72976232674696,220.2650355858259,224.53112914799044,1728000
2022-01-14,216.43075561523438,219.52237845656748,212.51873311965946,219.03877500468624,2549900
2022-01-18,216.093994140625,216.73304919171463,213.97822211002295,214.7122716527988,2523600
2022-01-19,215.03176879882812,218.71062082243546,214.23727549135828,216.94028949256366,2200000
2022-01-20,212.38922119140625,218.36520316732904,212.04378070952205,215.80036523961965,2120900
2022-01-21,211.3701629638672,216.56892629394935,210.50658162824183,215.66216325610162,3504900
2022-01-24,214.51361083984375,215.31674838032822,206.39595108882273,208.39082198053325,2708800
2022-01-25,216.35302734375,217.9679201976711,211.9142198799176,212.25964713751182,2065700
2022-01-26,209.50485229492188,219.66919585544926,207.60496267874254,216.4394098623572,2325000
2022-01-27,204.176513671875,211.62059319183587,203.13158771271634,208.59805874193836,2722300
2022-01-28,213.10595703125,213.17504511519854,201.79303694586318,205.16101185803095,2106700
2022-01-31,217.19070434570312,217.3461426599377,211.56015038835605,212.36328787685076,2665000
2022-02-01,216.0248565673828,218.0110961895438,213.81409055138639,216.8193629580111,1665800
2022-02-02,217.9160919189453,219.75552421888577,217.23386852172473,217.51885191870173,1446000
2022-02-03,216.49984741210938,218.2183790868753,215.7744422218668,216.67256105113768,1367300
2022-02-04,212.8123321533203,215.89532370082642,211.62059892699102,214.3063372809175,1275900
2022-02-07,212.66555786132812,214.47908413225454,211.14565929080027,212.2424113947303,1171600
2022-02-08,211.85382080078125,213.58961487932535,209.91076241756596,212.08697831917732,1303800
2022-02-09,215.8003692626953,216.29261701710442,213.0714487023677,214.29773278720185,1824700
2022-02-10,209.42710876464844,215.4290096980821,208.27854398612908,212.9850728925838,1453100
2022-02-11,204.58242797851562,211.53426087000443,203.36478822163636,209.81574232086564,2379600
2022-02-14,202.32847595214844,206.0159721385565,200.99856642340785,205.44600526457933,1810100
2022-02-15,201.55123901367188,204.79829995681095,200.5926632438987,204.72058080236567,1696300
2022-02-16,200.6358642578125,201.8621482401887,198.40782270880578,201.55988948531024,1275700
2022-02-17,197.47515869140625,200.79130813064805,196.68929644876943,200.35951742729242,1721100
2022-02-18,197.2765350341797,199.7463783390996,195.78254291762656,197.6047001794088,2705400
2022-02-22,197.21609497070312,199.40095502325747,193.89994530720648,197.1038383407397,2521600
2022-02-23,196.4215850830078,199.875910652908,195.79980542624926,198.52872578899994,1934000
2022-02-24,200.13497924804688,200.88629081104244,189.987898315298,191.5509784612664,2699700
2022-02-25,201.78443908691406,202.46666261523026,195.85162573199196,200.0918136946103,2309500
2022-02-28,195.9207000732422,199.83272260276325,192.9240716823261,199.6168272614996,3690400
2022-03-01,197.37155151367188,199.4182354214082,195.75664517228114,196.89657906032164,2467300
2022-03-02,199.48731994628906,201.0158628406904,196.67204909257336,197.16428367925394,2160300
2022-03-03,203.14886474609375,204.49604943251907,199.93634133513896,201.628953262164,2702600
2022-03-04,205.77418518066406,206.5945849160599,202.05215126974505,202.05215126974505,2396600
2022-03-07,200.36813354492188,205.42007615861257,199.51318332851054,204.7723901945083,1499200
2022-03-08,196.8706817626953,204.36656309193168,196.473428462307,200.79998034595363,2058000
2022-03-09,201.30947875976562,204.21111305143629,199.70321668442637,200.04864400456503,1481200
2022-03-10,201.04176330566406,201.62899236400565,196.1193516978913,199.4268570408105,1300300
2022-03-11,202.80345153808594,205.5582782951145,202.66527535242534,203.20933584770992,1889000
2022-03-14,202.88116455078125,204.80696048987903,200.73948644679197,203.77929655314207,1652400
2022-03-15,203.986572265625,205.8432670409108,202.14713963108682,204.34927487942565,1422300
2022-03-16,206.9399871826172,207.62221059861483,203.52019950197382,205.37690716782885,1902000
2022-03-17,211.69833374023438,211.7846971469849,205.95552297588094,205.95552297588094,1876100
2022-03-18,209.44442749023438,214.56547281708012,208.81401666273146,213.45144526375242,3668100
2022-03-21,208.6758270263672,211.5774613085441,207.28546032496558,208.82263429580615,1601400
2022-03-22,206.9745330810547,210.10069323818638,206.49092965091336,209.18529914867523,1909800
2022-03-23,202.0780487060547,207.44952609763146,201.82761589665478,206.45641275307833,1968600
2022-03-24,203.3647918701172,203.42523571693295,199.2023231307352,201.73262352519922,2081200
2022-03-25,207.8553924560547,208.40808398024623,204.27152202971416,205.03147781692957,1530200
2022-03-28,211.6033477783203,211.74152396379887,208.12311581696827,208.77080186204182,1382800
2022-03-29,216.3703155517578,216.95754456009783,213.53776970365723,213.85729059483012,1917500
2022-03-30,216.6466827392578,216.68986444891226,213.62414754435258,215.16132153215634,1385400
2022-03-31,216.94891357421875,219.41012575809424,216.49984757065147,217.54478682992794,3315600
2022-04-01,221.89723205566406,222.27720994711134,215.98169470706173,216.94890157459642,1636200
2022-04-04,222.6571807861328,223.9871035214883,221.18910821864816,221.92315767959693,1989800
2022-04-05,227.05282592773438,229.15994022940689,221.97496324354427,222.41537182227486,1956200
2022-04-06,231.97525024414062,232.42432947534576,224.9716171728784,225.5588462473921,2749700
2022-04-07,229.47952270507812,231.3103112781246,228.00277935703176,229.67812958430997,1752400
2022-04-08,230.0667266845703,231.8629644220839,228.0113987113143,229.85083133199154,1559100
2022-04-11,227.38961791992188,231.2152772236853,226.76783825338595,230.22216387760494,2158500
2022-04-12,223.28305053710938,225.86159844730216,221.937354866507,224.75899704285015,1518100
2022-04-13,223.26568603515625,224.1946637762603,221.33828640659496,224.05574898826737,1317800
2022-04-14,221.85919189453125,224.2988380918283,221.3903710553769,223.94287392363825,2312200
2022-04-18,220.4440155029297,223.4566616840932,218.91597952773017,220.64369720509177,1072500
2022-04-19,224.66346740722656,225.34066042716745,221.19936770852348,221.26014789506223,1308500
2022-04-20,232.32095336914062,232.63351822990305,224.98470078529334,225.51428851411586,1807500
2022-04-21,231.5916748046875,235.74165764578112,231.0794414775245,233.4496301056742,1712400
2022-04-22,227.38095092773438,231.92163400962792,227.33755164493598,231.92163400962792,1664500
2022-04-25,225.31460571289062,228.33594255187973,221.48586480522903,227.55457010075918,1656800
2022-04-26,221.23406982421875,226.78183748275862,220.90415056999507,224.71552341285837,1883300
2022-04-27,219.5237579345703,223.99497006115223,218.39509845915208,222.26726539847465,2049600
2022-04-28,218.94204711914062,220.40062586073066,212.89072251285003,219.32405615259617,2417400
2022-04-29,209.2529754638672,218.18672234984103,208.95777823112206,217.31852480708721,2151900
2022-05-02,205.71939086914062,212.95147748949924,202.0555964324616,209.56551260614293,2127600
2022-05-03,209.24429321289062,210.9720111598535,204.30426012897897,205.71941317074817,1367100
2022-05-04,213.2640380859375,213.61131179455964,207.21270031731467,208.91437328390597,1098500
2022-05-05,209.65235900878906,213.9846699315085,208.10696829438217,212.691050699668,1375900
2022-05-06,211.90098571777344,212.8125825614862,207.3255808480226,207.7162671021343,1843000
2022-05-09,200.63180541992188,210.21671554723173,199.65075101702115,210.21671554723173,2423300
2022-05-10,195.12744140625,203.27981762742175,193.02640447226065,201.96884381360022,2411700
2022-05-11,195.10133361816406,199.14713694766007,194.4154502083797,196.60331150959843,2104200
2022-05-12,195.778564453125,196.70754227081846,192.7572404272243,195.05795883460016,2193700
2022-05-13,201.99485778808594,202.19453952772687,196.37761822866995,197.23712537840157,2229500
2022-05-16,199.87646484375,203.9309462957796,199.7115051699658,201.95145670565904,1203100
2022-05-17,202.29000854492188,202.83697718495398,199.1644923842268,202.46364538770672,1728500
2022-05-18,200.23239135742188,202.55047706599873,199.26000116022763,201.91669660764026,1623800
2022-05-19,202.50706481933594,205.0595675630481,198.99955278390365,199.68542297297864,1825900
2022-05-20,212.0832977294922,212.85599302373285,203.4273670441307,204.41711172717655,2853900
2022-05-23,216.54583740234375,216.8062993241747,211.44083142597438,213.22063910290157,1697400
2022-05-24,224.44644165039062,225.1323251964082,215.91207060993906,216.6066313631,2174400
2022-05-25,225.98316955566406,226.7645421271479,219.28935996906037,222.94447783689102,2392900
2022-05-26,221.1212615966797,227.70218812570928,220.48748102152436,226.35649236633392,1487200
2022-05-27,226.5648193359375,227.95394067886113,221.24277750127138,222.71002019458524,1786300
2022-05-31,222.37144470214844,224.8979027745944,221.59005895160007,223.78661096050388,2829600
2022-06-01,219.27200317382812,222.37147523945117,217.7873925649049,222.37147523945117,1418000
2022-06-02,227.78030395507812,228.50092278252308,213.29877470599402,213.6286940250375,2781800
2022-06-03,231.57431030273438,233.97920764823814,226.38248012719146,227.3114577372045,7332200
2022-06-06,232.12127685546875,235.35966315210516,231.08814617954528,234.23101697117556,4197100
2022-06-07,231.07077026367188,231.80005301875823,225.00207792990167,231.0968151300933,2135100
2022-06-08,229.60348510742188,233.57984417744137,228.6137538139573,230.62797821207707,1550400
2022-06-09,225.9049835205078,232.44250915595256,225.74868784556065,226.74713609351946,2050700
2022-06-10,217.92626953125,223.85606058541785,217.14489700922323,223.13546825278883,2188200
2022-06-13,208.39344787597656,214.57500992603977,207.4731606323034,212.70839057312858,2272900
2022-06-14,203.5836639404297,208.78415918676976,201.99486071190714,207.6554996353574,2584900
2022-06-15,209.5828857421875,212.27430347798,204.03510386217792,204.3737003807647,2076700
2022-06-16,204.52606201171875,206.98024628756102,202.89286212589838,205.05009006438397,1668500
2022-06-17,206.26406860351562,208.09815339989814,202.72691268282736,204.1068407371995,4291800
2022-06-21,215.5916748046875,217.06766086136238,211.25974801495633,211.35581937500842,2502000
2022-06-22,220.0982666015625,226.04593554054074,211.5741686696565,211.63531104910902,3130200
2022-06-23,225.60047912597656,226.9017934922228,220.727066952589,221.01528100509194,2553100
2022-06-24,228.517578125,228.93680591260886,224.0895795703169,227.7402915861204,3131500
2022-06-27,226.4913330078125,230.64858829169452,225.4520458400148,229.0241307146183,2018900
2022-06-28,220.9017791748047,227.4957479641845,220.19435060958125,227.07652017794382,1601700
2022-06-29,221.1026153564453,221.77510146110586,215.8536468848259,218.36895974079772,1863700
2022-06-30,223.22491455078125,225.07645700417459,218.5261871306397,219.74890133069468,1938100
2022-07-01,225.67910766601562,226.23807801494846,220.47382289415168,222.29916546265557,1363200
2022-07-05,223.53062438964844,223.63542466788851,218.019654315744,223.1376100196613,1321600
2022-07-06,225.5306396484375,227.58304051009705,224.19438286698067,225.29481238201024,1170900
2022-07-07,224.6136016845703,227.58305847181606,223.07647315053288,225.7664580800387,1089600
2022-07-08,222.71836853027344,225.22495275195703,221.59172562885254,222.9891247766884,936000
2022-07-11,225.3209991455078,225.73148462423597,220.51747147356647,222.70962811350518,1299500
2022-07-12,223.1376190185547,225.9760621725271,221.09392022434537,224.412746870443,1650900
2022-07-13,223.51316833496094,225.51318263048873,219.36465490425127,220.4476400500502,1188500
2022-07-14,224.02845764160156,225.19877186480605,219.59171696832126,219.87120215232733,1579200
2022-07-15,224.6310577392578,227.76645679208252,222.99784471903104,226.97168589214306,1181100
2022-07-18,217.68777465820312,225.14637227387445,217.10261754517293,224.3778013425693,1608200
2022-07-19,224.59613037109375,224.69218840502853,219.65284641443978,219.74891777496083,1506300
2022-07-20,218.11570739746094,225.2686056461221,217.8449511570572,223.5830057883073,1573500
2022-07-21,223.05897521972656,223.5742743006516,216.7619770061536,218.49124806519404,1290300
2022-07-22,226.7271270751953,227.39087094073946,223.37337215693287,224.06332941410707,1587500
2022-07-25,224.75332641601562,226.77955386160494,223.49566983966173,226.50881093992047,1593300
2022-07-26,226.18565368652344,229.75773823365907,225.172540027312,225.8188261026207,1579700
2022-07-27,225.57431030273438,228.15948156700944,223.041539177702,226.65728205131444,1505400
2022-07-28,234.8494873046875,235.42591543850617,227.12888985265434,228.35160408204038,2589500
2022-07-29,236.5350799560547,239.26002013836094,233.63550820127986,236.1158788919848,1821200
2022-08-01,234.60498046875,237.34737898211046,232.54383711615512,236.0547799394012,1323100
2022-08-02,232.866943359375,236.84077124921353,232.34291536266076,235.02417106753134,1681000
2022-08-03,234.78839111328125,235.74910485862006,231.329848283238,233.92376206906457,1370200
2022-08-04,236.91937255859375,237.31240022126005,234.0634586102447,235.0678300609604,1257800
2022-08-05,237.72288513183594,237.93248566972258,233.22502923521034,234.3866010868938,1156400
2022-08-08,238.4303436279297,241.8190282341093,236.97180195965876,239.95874326657028,968900
2022-08-09,241.20761108398438,242.20326687818655,236.11586957105467,239.1551837782627,1459800
2022-08-10,242.6138153076172,244.51775830104714,240.23824436014934,244.51775830104714,1350800
2022-08-11,239.2600860595703,243.60074262753918,238.66617329988512,243.60074262753918,1260400
2022-08-12,242.5526580810547,242.70985850505716,239.86268643092748,240.77097331616935,1110000
2022-08-15,245.87139892578125,246.70111205257453,242.91068504002547,243.13777003328852,1329100
2022-08-16,243.19021606445312,244.61378870113214,240.95438797285297,243.53955920629565,1183500
2022-08-17,242.32554626464844,243.65308744026592,240.56134617720673,241.79280266887582,1059000
2022-08-18,240.60504150390625,243.84526809054896,238.36049760704896,242.3779841074835,1139000
2022-08-19,239.66177368164062,242.43908746321392,238.7709447290147,240.16831720689734,2110700
2022-08-22,235.59190368652344,239.43473200267482,234.87573283740542,237.83647428152253,946800
2022-08-23,231.6442413330078,234.8494985501938,229.97609922643676,234.34295500703976,971000
2022-08-24,230.9892120361328,232.9368126484118,230.6573267336353,232.5700116900942,1372900
2022-08-25,234.27305603027344,234.46519873897054,229.09397178866368,232.09837051383394,1367400
2022-08-26,228.11582946777344,234.334228245606,228.01102918662392,233.94994277927486,1227300
2022-08-29,226.8319854736328,229.38224128877818,225.49572850748092,226.9018434472697,1577900
2022-08-30,221.312255859375,227.67039710367928,220.7008986871509,226.9891686365457,1211100
2022-08-31,221.87997436523438,223.76644618495828,220.9367317920784,221.71403169126415,2005100
2022-09-01,225.01536560058594,225.11142363771313,219.7576539924132,220.91051035697998,1590500
2022-09-02,219.08517456054688,227.932429230871,218.76201814899554,226.67477254932038,1387400
2022-09-06,221.9934844970703,223.9935120014527,219.21617048686693,220.1856130487767,1163700
2022-09-07,226.6398162841797,227.12015976147055,221.53058966158966,222.64850368156584,1095800
2022-09-08,228.53506469726562,228.82326547982407,224.68349432038835,226.7795799712479,1518700
2022-09-09,228.46517944335938,229.88003658746646,226.78832158855658,229.25120822862164,880000
2022-09-12,231.52195739746094,231.93244290841807,228.78830140461585,228.8756438511717,946100
2022-09-13,222.38650512695312,229.0066468635532,221.80134804265046,227.55684752398068,1711400
2022-09-14,219.93235778808594,222.78827222220812,218.1506729491412,219.59173020208038,2087000
2022-09-15,214.02833557128906,220.0808046748084,213.61785005759558,219.73144821284245,1561400
2022-09-16,214.7532501220703,216.2903786815001,213.0763789681685,213.4781222690413,3287400
2022-09-19,216.1593475341797,216.40389037637433,210.9889922145726,213.4518917899861,1249300
2022-09-20,207.77500915527344,214.71832105724513,207.2771944867089,214.2816354446224,2093000
2022-09-21,204.4998321533203,211.74008583761292,204.41250304165484,209.58285821335943,1942400
2022-09-22,203.30331420898438,206.51732663847514,202.80549963478398,203.24218516463,1446000
2022-09-23,199.83604431152344,202.51730005307894,197.0587305400611,201.6701289985317,1907000
2022-09-26,193.33816528320312,200.12426278248256,190.50845131443356,200.12426278248256,2146900
2022-09-27,192.66567993164062,197.81856435688078,191.67876627321132,195.530336221322,1900800
2022-09-28,193.06744384765625,195.5740150376056,191.97572979954762,195.27707201490105,1988800
2022-09-29,186.65689086914062,192.29013235144373,184.61320549303588,190.69186148246334,2096500
2022-09-30,187.51280212402344,189.80104382954994,185.1809025178691,188.5259159584344,2501700
2022-10-03,189.6699981689453,191.44294041694712,185.46035644157752,189.4254553296751,2102200
2022-10-04,192.2115020751953,195.93205794659877,190.36868862862607,191.2245885252562,2032800
2022-10-05,187.02371215820312,189.99316896985977,184.61321239320844,189.64382581316622,1518700
2022-10-06,177.35546875,187.0411506725012,177.10218367800013,186.5695228340252,2908700
2022-10-07,171.22369384765625,176.85402097125836,170.1504106422573,175.17371539614507,3165300
2022-10-10,166.78103637695312,174.3379963825994,166.23560211598434,172.42896304544757,1992300
2022-10-11,166.50830078125,168.892387335542,162.98934274199186,166.65785488706732,2463100
2022-10-12,161.68731689453125,166.57867979339295,160.37651362995913,165.90127661933815,2572500
2022-10-13,167.01856994628906,168.4173527012895,156.74320434461728,158.238758993447,3518100
2022-10-14,163.43800354003906,169.49940816936086,162.80459002496036,168.5668864454282,2466400
2022-10-17,169.341064453125,172.34096600391788,166.12121459933115,166.93936590670384,3040900
2022-10-18,173.50222778320312,174.13564130630124,170.8630092448809,171.12693378346506,3253400
2022-10-19,168.02146911621094,172.59611229917445,167.5991844479294,171.55801260268333,1824700
2022-10-20,165.39102172851562,168.17100169842053,163.07730260766806,168.1621957124419,2515600
2022-10-21,165.00396728515625,166.2444034184632,161.10672706302552,166.2444034184632,2078000
2022-10-24,163.1036834716797,168.40851111251652,162.03040030292334,167.0801094178301,1856400
2022-10-25,172.01548767089844,172.47295603420204,163.56118934415858,163.59638644643806,2495200
2022-10-26,173.23829650878906,175.34087332561657,170.8542100391745,171.83072139733548,2512300
2022-10-27,174.78665161132812,179.4228829114973,172.58730268271512,174.9538042777044,3414500
2022-10-28,180.09144592285156,183.3112817002795,173.57257420170427,173.57257420170427,2613600
2022-10-31,182.2732391357422,184.63974066815484,176.56372463548382,177.3994745215052,2513500
2022-11-01,182.88023376464844,187.66601832687928,181.7453624027457,184.2262339948061,1907000
2022-11-02,180.5137481689453,186.51356451265207,178.01529123810576,181.8685410776019,2655500
2022-11-03,177.117919921875,179.95947418311385,176.8979850906141,178.7718341485591,1703800
2022-11-04,179.39646911621094,179.80115517436377,175.1913155702835,178.50793709394688,1788100
2022-11-07,177.72499084472656,181.21755799491544,177.44346774026053,180.02990421156017,1828800
2022-11-08,178.60470581054688,180.77766331272153,176.9156076876789,177.72496636590154,2071800
2022-11-09,176.86282348632812,181.86854339798228,176.2997907422828,179.47565087984967,1530300
2022-11-10,194.3344268798828,194.93265664851023,184.42856613014462,187.48126290302835,2781200
2022-11-11,196.41065979003906,198.3284991133011,194.44005166192963,196.01477965171432,1915700
2022-11-14,189.47828674316406,195.4517116929594,189.34631777161323,195.1086138449411,1628000
2022-11-15,193.17320251464844,193.3843448288346,189.20558217152046,189.49588439585702,2152200
2022-11-16,192.794921875,196.23470682394876,191.89759717647814,193.6218792206563,2400800
2022-11-17,190.32281494140625,193.1819679368306,188.60732582890319,191.53685958583506,2144600
2022-11-18,189.962158203125,193.727455898639,188.81850750536918,191.4577262055942,2360400
2022-11-21,193.4635009765625,193.75381659886867,189.66302020138187,189.66302020138187,1682400
2022-11-22,191.89759826660156,194.59839178819882,189.55748776959138,194.18491311302182,1562400
2022-11-23,192.00314331054688,193.91217638919812,190.25245689637617,191.95915365138254,1210500
2022-11-25,193.61305236816406,194.63355331286897,192.11749804506658,193.22596487715475,566500
2022-11-28,188.17625427246094,193.8681693243116,187.419677843542,192.40781210698643,1367200
2022-11-29,191.09701538085938,191.1410050406382,187.66603669826327,188.9768399628595,1848100
2022-11-30,194.64236450195312,194.7215378353025,188.8536769773264,189.91816767947486,3889200
2022-12-01,194.68634033203125,198.79472189701752,193.44590450263527,197.4311230832406,1708700
2022-12-02,192.9884796142578,194.34328617072728,190.26129479747235,192.0207740691126,1354400
2022-12-05,189.68063354492188,192.2142875926837,188.77450293662693,189.9797417522939,1454200
2022-12-06,186.96224975585938,190.77152355364782,186.293639117985,190.26127301244475,1672200
2022-12-07,185.72183227539062,189.6718680136602,184.27026726751643,186.44321178561086,1624800
2022-12-08,186.72470092773438,188.1146908894256,184.05909143008722,185.0883849904279,2465300
2022-12-09,188.12347412109375,190.36681232410263,185.86255079481228,186.47836570330773,1646800
2022-12-12,189.90933227539062,189.96211448944732,186.47835412413167,189.03839889594042,1847700
2022-12-13,196.5250244140625,200.55423330489785,194.34327401237476,196.14674283773113,2179100
2022-12-14,193.4107208251953,199.67446132852152,193.31394895005928,195.9355687168013,1902800
2022-12-15,191.97674560546875,194.7655180765766,190.49877633562176,191.1849854627442,1693100
2022-12-16,187.7803955078125,189.27594998833283,183.05619864017325,189.22316776559532,3724100
2022-12-19,184.41098022460938,187.51645942623747,182.77466430168633,187.51645942623747,1401700
2022-12-20,183.5928192138672,185.12355719266995,181.01517576792492,182.95061320464254,1307500
2022-12-21,185.2731475830078,187.72761492809997,184.29663618253898,184.5605472985362,1410200
2022-12-22,185.2731475830078,185.71301734134948,181.57823087393018,184.18226574976703,2212200
2022-12-23,186.90066528320312,187.02382828362863,183.87435907416463,184.22626294949484,1146700
2022-12-27,186.9095001220703,187.60077174916083,184.90658662858456,186.99813023756684,1550000
2022-12-28,186.20054626464844,189.87846681710965,186.1030585295609,187.30835528925235,1411700
2022-12-29,191.19894409179688,192.04973368980632,186.2270975833034,187.75144359638188,1323900
2022-12-30,187.7602996826172,190.72036157034734,185.3851505676496,189.9493309678035,1450400
2023-01-03,190.25070190429688,190.76472694927355,186.9715896741247,189.65691784968428,1812400
2023-01-04,194.08810424804688,197.22541285971963,190.99509717049673,192.6789746819166,1796000
2023-01-05,187.99961853027344,193.03349601918185,187.4412784797634,192.3776817610552,1495000
2023-01-06,193.64498901367188,194.38943332315634,186.93609205654715,189.12512344898107,1980200
2023-01-09,194.35397338867188,198.04076422219305,194.21217062052347,195.72765896861506,1727200
2023-01-10,196.7025604248047,197.58880761169098,194.75281931826657,195.9403873031601,1691300
2023-01-11,202.170654296875,202.7821668693432,198.26231544002516,198.26231544002516,1893900
2023-01-12,205.7954559326172,206.31833850375628,199.90190429187365,203.21647348959388,2364700
2023-01-13,206.32716369628906,208.15283036843854,203.17212651260672,203.17212651260672,2007100
2023-01-17,204.76739501953125,208.773235695247,204.6876360261196,207.58565430453567,2204500
2023-01-18,199.573974609375,206.06129595920714,198.73204261962425,204.95348715083597,2213000
2023-01-19,197.94329833984375,201.2755826204981,197.6065201091134,198.5813973438287,1864300
2023-01-20,196.22396850585938,196.53414686888297,190.0645540271491,196.17965344741108,2990400
2023-01-23,191.1368865966797,194.96548008226594,190.63173284466964,193.9906029846243,2723600
2023-01-24,190.6938018798828,191.92568490483248,188.45159762240647,190.4810976908556,1991900
2023-01-25,193.7867889404297,194.4426031221051,188.5845094071077,189.5771153281972,1985100
2023-01-26,195.88717651367188,196.30371369229007,193.64497264905364,194.83254040283242,1126100
2023-01-27,195.6744842529297,196.68480536983387,194.46918769916178,195.6035963877584,1360200
2023-01-30,193.2550506591797,197.26089154899915,193.06894633127234,194.96551468442019,1422200
2023-01-31,197.978759765625,198.0053460995518,193.24620300383134,193.24620300383134,1548500
2023-02-01,201.30218505859375,202.92401902989965,195.92267167767133,196.64938733737574,2601500
2023-02-02,201.52371215820312,208.7023185299259,199.88414973902675,204.0229352806592,2195800
2023-02-03,196.80003356933594,199.74238050277805,193.23731635566745,198.88271971337224,2485700
2023-02-06,195.47952270507812,196.330312319297,191.89021936725845,193.98176299321074,1797800
2023-02-07,194.504638671875,195.16046634883546,191.25211366250343,194.02605769804921,1834400
2023-02-08,193.61837768554688,194.96547687383168,192.2003771165044,193.98174219078416,1936100
2023-02-09,190.71153259277344,195.4086453455944,190.206365209728,194.4692119765832,1220000
2023-02-10,192.0674591064453,192.49285389811706,188.19456387878697,188.9035506905543,1929800
2023-02-13,192.54603576660156,194.09696815687627,190.88875805408637,192.8119125952601,1352800
2023-02-14,190.67605590820312,192.77647070612383,188.9035617290962,192.2447170431688,1017300
2023-02-15,191.9611358642578,191.9877221966036,188.77949835527667,189.22262192511747,1381500
2023-02-16,187.8843994140625,190.33043672681242,186.430954601027,189.5062333525264,1719700
2023-02-17,186.34230041503906,187.85778882515987,184.77365286850713,186.96268417031672,1793500
2023-02-21,181.3704833984375,184.92434331202116,180.16518666998314,184.92434331202116,1888300
2023-02-22,176.61131286621094,181.7781348438411,175.9998002317061,181.75154851391105,3564500
2023-02-23,178.9864501953125,180.75894419655202,177.24940012395308,178.3572088747278,3234000
2023-02-24,173.46514892578125,177.49757611739375,172.0028465540042,176.17706301049253,2727000
2023-02-27,172.8890838623047,177.12534386875714,171.01024435972704,175.98209107331596,2348100
2023-02-28,175.48577880859375,176.89492193822701,172.23325365950967,172.90681009263324,2741400
2023-03-01,172.720703125,176.19479026189447,170.92162252773426,174.16529027846227,3261000
2023-03-02,175.06036376953125,175.63641889366286,171.32927158025797,171.32927158025797,1884900
2023-03-03,179.4650421142578,179.5359435067489,176.44293618423197,176.59359657212886,2044800
2023-03-06,175.9821014404297,180.93621971761786,175.6010081374608,180.6880715997555,1788900
2023-03-07,170.4873504638672,175.70734534697377,170.19488729781852,175.58327129377653,1907000
2023-03-08,173.50059509277344,174.7945082600525,169.6010998167191,170.27465625404105,1603000
2023-03-09,169.45045471191406,175.2731050587697,169.05164619352664,173.34107921313895,1463600
2023-03-10,169.51251220703125,172.41053092515347,168.72375270981743,169.41502447038417,2357800
2023-03-13,173.9969024658203,178.12681738011923,167.9881479437537,169.18457346786573,2325200
2023-03-14,177.09873962402344,177.25825759294867,173.10177052252092,176.42519677235686,2461600
2023-03-15,179.30551147460938,180.09427081622638,175.24649832147173,175.3882875733937,3117500
2023-03-16,181.72496032714844,182.69982396842184,178.499021605715,179.0130465175385,2622400
2023-03-17,178.4458465576172,184.02919208004542,178.02043824266417,182.04400736915775,3456900
2023-03-20,178.97763061523438,180.51083458140616,177.06333329705396,178.08252575512276,2000700
2023-03-21,175.64529418945312,179.32321381129648,172.49025704938447,178.61421351033528,2578100
2023-03-22,170.2657928466797,175.20219581005387,170.08854612679195,173.74875107008168,1943400
2023-03-23,169.82264709472656,173.08404311133816,168.714838336363,170.42530209126554,2053200
2023-03-24,176.91262817382812,176.96580083205106,167.82859609719569,169.1756953720887,1897500
2023-03-27,171.1786346435547,178.43700109423474,170.8329987898584,177.41782226291613,2389800
2023-03-28,170.93048095703125,172.15350633326392,169.2377592031704,170.15059267228207,1480200
2023-03-29,175.91119384765625,175.9820952392697,172.8890879550389,173.13723606415715,1784100
2023-03-30,178.295166015625,179.67772270310843,177.26712976711244,178.7205743147227,1477800
2023-03-31,181.09571838378906,181.2286635547064,178.14451409377332,178.25973053729032,2558000
2023-04-03,178.2242889404297,181.63633200310048,176.46951002734042,180.07654204785584,2876200
2023-04-04,180.30697631835938,180.89190267107028,177.96728443057367,178.36609293540093,3431500
2023-04-05,181.40589904785156,184.12667028267757,180.2980903072917,180.36012056477395,2060200
2023-04-06,183.17840576171875,183.46199778701967,180.3778618254416,182.00855315932824,1273300
2023-04-10,184.64956665039062,184.98633131250784,180.59055379419675,181.79585024722834,1728800
2023-04-11,186.4486541748047,188.3363511497462,183.71901170438093,184.622987459866,2115100
2023-04-12,187.22853088378906,189.19600024817464,186.49294427250476,187.88435851293613,2306200
2023-04-13,188.21958923339844,189.23742623985405,186.4339093186583,187.60352748302805,1686100
2023-04-14,184.71966552734375,188.18388905826347,183.30897670417187,187.93389495022362,1174800
2023-04-17,186.4517822265625,189.22851522202004,184.88931219813978,185.50537398913164,1857900
2023-04-18,185.87142944335938,186.47856774328358,184.07682590169847,186.11250006418646,2116100
2023-04-19,185.81784057617188,188.0678009987048,184.62143834799284,184.93393777077597,1186700
2023-04-20,183.55899047851562,185.54109656437595,182.77330046492258,185.54109656437595,1472300
2023-04-21,182.2643585205078,184.4518138133641,181.09474029088895,184.4518138133641,2177300
2023-04-24,182.08578491210938,183.04111659177565,180.1304632060725,182.39827072612908,1356700
2023-04-25,180.12155151367188,183.13934153350928,179.98761733575284,181.58580860944636,1339900
2023-04-26,178.87158203125,184.34469619362946,178.6394485101994,180.84476464298564,1789300
2023-04-27,183.60366821289062,183.8893836318555,178.87161216965745,178.87161216965745,1744600
2023-04-28,182.48757934570312,184.46968536909174,181.53224756566271,183.6214900366967,2082300
2023-05-01,178.12159729003906,182.13045418369035,177.99660022285204,181.5054552240967,2135800
2023-05-02,175.1127166748047,180.12154970885751,174.71092776873112,178.27336433662305,2133800
2023-05-03,171.3985137939453,176.29127369041225,171.0681673190081,175.3984335971474,1491300
2023-05-04,173.56808471679688,175.37162527080267,170.7735048748115,170.7735048748115,1984300
2023-05-05,175.666259765625,176.46088677438348,172.88952698245208,174.05022163956107,1210800
2023-05-08,172.505615234375,175.38948450005282,171.9163375891559,174.55913625021557,1311400
2023-05-09,172.7824249267578,174.0502562703149,170.39854342616184,171.70208238033413,1511500
2023-05-10,175.3180694580078,176.92518424244352,173.94310180133698,174.54130298872127,1628700
2023-05-11,174.71986389160156,174.97878150032187,172.13061968611137,174.68414266192175,1714500
2023-05-12,178.826904296875,178.93405435298754,174.67520405531712,174.8984140387053,2130700
2023-05-15,174.51454162597656,180.71084081999814,173.47884378281717,179.25552064031575,2134800
2023-05-16,170.56817626953125,175.13058998119004,170.50568454333128,174.30917867799096,1395300
2023-05-17,173.88951110839844,173.98772405199648,170.34493526716435,171.42527764674304,1181100
2023-05-18,170.5592498779297,173.44311969899616,167.47003064046336,172.97885263788865,2387500
2023-05-19,170.29136657714844,172.21098071968694,169.26460604354335,170.90742834677428,1250600
2023-05-22,172.73776245117188,174.13059072429198,169.889600563202,170.53244647751248,1754000
2023-05-23,167.9878692626953,173.1306372608278,167.54144918639406,171.8895899936567,1755500
2023-05-24,163.7379150390625,167.96998123300673,163.54148916358474,167.63069769833493,2011400
2023-05-25,162.996826171875,164.86285802081647,162.1843387117949,164.80036632123924,2597900
2023-05-26,162.65760803222656,163.38974347677947,160.8540807821186,162.49690334849106,2692100
2023-05-30,162.4969024658203,168.16644269911887,161.88084060086223,164.52365336065043,2483400
2023-05-31,164.6754150390625,165.74682033553646,159.39872726494787,162.72901671623737,7074800
2023-06-01,166.97000122070312,168.5860530425583,164.41647831054573,164.45219953930712,2618200
2023-06-02,170.66636657714844,171.48779139497316,168.80927130038862,169.8896001092894,2188200
2023-06-05,168.42535400390625,172.95205979878975,168.184283365023,171.35386840871374,1383100
2023-06-06,168.84498596191406,169.4521106693644,166.30932343610695,169.4521106693644,1390400
2023-06-07,170.4699249267578,172.93417190518915,168.77353447308514,169.63959031352564,1823100
2023-06-08,169.65745544433594,170.63957124021175,167.55035256360333,169.82709721895128,1184500
2023-06-09,167.2289581298828,169.62176312542127,165.01471843460467,169.62176312542127,1825300
2023-06-12,168.35386657714844,168.48780071821358,165.96998600165062,167.40745859103177,1533300
2023-06-13,170.55030822753906,170.7556576220813,166.90751923009572,168.05927688709795,1946300
2023-06-14,172.3359832763672,173.00561328670966,169.89852022968716,171.6484926511248,2510000
2023-06-15,174.8744354248047,175.4865388512476,170.39161980483865,172.4259942482753,2432500
2023-06-16,173.63223266601562,175.0274863928415,172.42601898646538,173.09213001841178,3283300
2023-06-20,171.07579040527344,173.9203056144192,170.9857687113531,172.46203383812536,2139400
2023-06-21,170.4366455078125,171.0937735636913,167.4211114785514,170.01356832924182,2127600
2023-06-22,167.8171844482422,170.68870324420553,167.70017273570602,170.68870324420553,2431400
2023-06-23,167.45712280273438,170.3466486427006,166.74600092133167,167.43911571822085,4173300
2023-06-26,169.34744262695312,169.97755313540355,166.3679092877685,167.11503148933036,2308800
2023-06-27,168.9783935546875,170.50866604293503,168.4922984351833,170.10359593360195,1776300
2023-06-28,172.47999572753906,172.60601782477565,167.36706977812938,168.99637410470172,2600300
2023-06-29,173.48818969726562,173.74924432586823,169.84253145364087,170.8597187405921,2674200
2023-06-30,174.57740783691406,175.80162861768633,172.10196251615534,174.87446292365084,3243100
2023-07-03,175.5675811767578,176.71980111253967,173.42520506980946,174.09131612403334,971000
2023-07-05,178.55613708496094,179.42029865925167,175.36956960898974,175.53159217801672,2178900
2023-07-06,176.4407196044922,177.72795819480254,174.4243658473557,176.43172293071206,1605600
2023-07-07,176.0266571044922,177.43090742944742,172.73206135109405,175.43254697150954,1830200
2023-07-10,174.226318359375,176.09865654326285,173.68621578763427,174.94645054323632,1615700
2023-07-11,175.17149353027344,175.54955984181814,173.43417409645946,174.30733215004332,1484200
2023-07-12,175.91860961914062,178.5290870156416,175.1624770223798,177.56590732054158,1649200
2023-07-13,177.18783569335938,177.28685403534146,173.55118826446596,175.60355595702393,1750000
2023-07-14,174.60440063476562,177.02583828508236,174.28034180915856,176.52174983088918,1712200
2023-07-17,167.66415405273438,173.9202903767656,166.4399332937381,173.66823240294855,4359800
2023-07-18,167.24107360839844,170.07659183888182,163.97349524655382,167.43011365124957,3090300
2023-07-19,170.22962951660156,174.28035835353424,169.78854520962042,170.4276662474599,3380800
2023-07-20,166.2148895263672,166.40392956914565,161.31802032262127,164.56760533466348,4164000
2023-07-21,166.43092346191406,167.46610409255544,163.4783937004645,166.45792721851308,4474200
2023-07-24,171.7778778076172,172.21896203400794,165.65677482533872,167.35808007659017,3420600
2023-07-25,168.14120483398438,172.3719759867736,168.02419314821523,171.93089179084635,2353600
2023-07-26,171.01272583007812,171.24677667628268,168.19522888586422,168.36624808105748,3158600
2023-07-27,173.938232421875,180.7614594021586,173.90223199930867,175.0094269869661,2969600
2023-07-28,170.10357666015625,176.59373555455957,170.0765729049524,175.46853330313525,1714400
2023-07-31,171.309814453125,172.55204231005212,170.13060452418972,170.43665628345607,1812500
2023-08-01,172.14695739746094,173.14613760187783,170.72470002407783,171.7058731455613,2243700
2023-08-02,171.58885192871094,172.77707219469585,169.3474576543724,171.18378183271795,2236400
2023-08-03,167.205078125,171.3008176444517,165.34173634106827,170.43665615000924,2493000
2023-08-04,166.32289123535156,169.05038025282815,165.04466319212642,165.78278868846618,1687500
2023-08-07,165.19769287109375,167.4390869012487,164.04548689738567,166.5299284528102,1559600
2023-08-08,166.17886352539062,166.43090772006164,161.89409848060492,164.0094703812637,2047300
2023-08-09,168.42027282714844,168.51028076301,165.15268120350672,165.56674792630284,1475800
2023-08-10,168.2762451171875,170.42763121898489,167.88017173687692,168.48327848039398,1618300
2023-08-11,168.4292755126953,169.1403972935152,167.26807283036487,167.27706950365862,1073100
2023-08-14,168.4652862548828,168.6813300455708,166.4759362402282,167.31308017530677,1342000
2023-08-15,167.11502075195312,168.4652633556114,165.80079230953746,166.83597281152424,1487800
2023-08-16,160.21978759765625,167.58310378742058,159.6886817502338,167.2050375177254,2200300
2023-08-17,158.70753479003906,161.72308250476158,158.3564722152684,159.9137483817761,2370100
2023-08-18,158.83355712890625,160.12079572850217,156.89821462796974,157.24927720324501,1511300
2023-08-21,157.54632568359375,158.32046539870663,155.32292488793397,157.72635530063363,1998500
2023-08-22,158.18544006347656,158.7705535146351,155.9170420621424,157.6723549448581,1658400
2023-08-23,160.08480834960938,160.66992189656276,159.08562797041915,159.74275612632292,1655700
2023-08-24,159.4636688232422,161.60605845635888,158.6805323963446,160.5888711540169,1055700
2023-08-25,159.80572509765625,160.72389399014844,158.13142358093717,159.40965170342906,1174700
2023-08-28,160.38182067871094,161.1739674304766,159.14860345093095,160.3638135974312,1381900
2023-08-29,163.37939453125,163.5144133300985,160.03079096599387,160.84093122984754,1572900
2023-08-30,164.08151245117188,165.800825002,163.65843525310672,164.2795491709207,1858300
2023-08-31,163.2173614501953,165.19771487279638,162.68625549307453,164.80164144120008,1567100
2023-09-01,162.7402801513672,164.27056652288744,161.39003716617773,164.27056652288744,1654100
2023-09-05,162.4071807861328,164.22551136143372,161.579033626931,162.53320288132923,1715200
2023-09-06,160.23779296875,162.20015278488097,158.5544948411892,162.20015278488097,2313300
2023-09-07,164.3245391845703,165.20669390184548,159.63469016735607,159.88673437229184,2404500
2023-09-08,162.8302764892578,164.99966984414468,161.00294903267604,164.63060018917128,1645800
2023-09-11,162.28118896484375,162.9653070756225,159.8237507823843,162.71326283821028,1393100
2023-09-12,161.30001831054688,161.68708134716687,157.88839690665228,161.44404751572776,1341500
2023-09-13,159.2836456298828,161.0659623479004,158.7615500790735,160.6608922395392,1639000
2023-09-14,163.00128173828125,164.027465523429,160.7958883277436,160.7958883277436,1444600
2023-09-15,162.15516662597656,164.21653136530927,161.34502639759168,162.90230266278436,3514500
2023-09-18,161.60604858398438,163.50539055171814,160.85891263374626,161.948114466965,1499100
2023-09-19,159.65269470214844,162.02012459150265,159.39165382812212,160.6518748326954,1612600
2023-09-20,159.69773864746094,161.76811392882072,159.3646693779732,161.11999621056233,1885600
2023-09-21,152.41539001464844,159.11258171728775,152.26235043412063,159.11258171728775,2499200
2023-09-22,149.6158905029297,152.82046413509488,149.34583923086873,152.16333616815828,3732500
2023-09-25,149.1748504638672,149.34588344465266,146.79842328987132,148.57174356109584,2681100
2023-09-26,146.64535522460938,148.42767165872107,146.4113043769952,147.03241818738917,2702800
2023-09-27,143.74685668945312,147.13146050474577,142.37860674906648,146.6453791200111,3178700
2023-09-28,146.1142578125,146.99641245719994,142.99069552754526,144.38593521316022,2694000
2023-09-29,148.03163146972656,149.41788857895506,147.36552041044408,149.07582263907608,2529300
2023-10-02,145.565185546875,147.62655023525107,144.57500197187665,147.29349473065182,2061100
2023-10-03,142.3155975341797,145.79921958537864,141.97353162731338,144.92606147023687,1783300
2023-10-04,141.9375,143.53079016420617,140.0921793767121,142.64863548359563,2217100
2023-10-05,142.86471557617188,143.38679744360013,140.07420791107165,141.29842876774129,1486000
2023-10-06,143.6388397216797,144.43998325626862,139.1470269351667,141.1453874345468,1878700
2023-10-09,145.84423828125,146.47434887885188,142.9097016282484,142.9097016282484,1952100
2023-10-10,144.17117309570312,146.16243965676193,143.92567086751873,145.38048141529822,2793900
2023-10-11,150.59051513671875,150.75418793224358,144.41669182504612,145.19865015585694,2782300
2023-10-12,149.33575439453125,151.40885063379727,147.81730317646117,150.81782771417036,1765100
2023-10-13,151.80892944335938,153.25463878791936,150.4541370997677,151.09061160296045,1969200
2023-10-16,153.82745361328125,154.86401560667872,149.5903441382623,151.29064322562243,2062200
2023-10-17,151.76345825195312,154.5003054489705,150.7269101363087,152.13625540186902,1732500
2023-10-18,148.0082550048828,152.3453972461111,147.9355130740535,151.8543926815394,1728500
2023-10-19,144.9622344970703,147.79001257193124,143.67109658696157,144.08935917360955,2672200
2023-10-20,145.5623321533203,147.49904578523115,145.22591293053839,146.18063150432974,2560800
2023-10-23,144.83493041992188,146.61707272634789,142.98006006957027,144.1257140617784,2187700
2023-10-24,148.41741943359375,148.84476961513656,145.3987055465116,145.3987055465116,2404500
2023-10-25,147.23536682128906,148.48105316340948,145.92605384259275,147.49905802380997,2448200
2023-10-26,159.17384338378906,161.13783338387992,147.79909224627306,148.20825336110005,5013500
2023-10-27,156.3824462890625,160.05582272314808,154.75487546405702,159.573919688149,2829500
2023-10-30,156.97348022460938,158.18278870968734,154.30027345486897,156.31881677593404,2568600
2023-10-31,162.0198211669922,162.4471712578124,158.21004824514083,158.27370262526819,2930700
2023-11-01,162.1925811767578,163.00181592449567,160.93780739128263,162.28349816720694,1781300
2023-11-02,167.43894958496094,169.612063897071,164.22928731381305,164.86577557081426,2908000
2023-11-03,173.27638244628906,175.66770883768046,168.99379393125508,169.18474320065627,3417100
2023-11-06,169.75758361816406,173.44914969373067,168.4573580948632,172.70356922298217,1943800
2023-11-07,168.6210174560547,170.6031968145807,168.36642764840607,170.5031783991399,1544400
2023-11-08,167.6844940185547,168.8392496087479,166.5570149177743,168.8392496087479,1447300
2023-11-09,165.33860778808594,168.45735365272043,164.49300892445052,167.84815563960484,1949300
2023-11-10,167.1116485595703,167.79358849644464,163.04729929997458,166.88433524727887,1738700
2023-11-13,166.9570770263672,168.46644074844968,164.60211444286836,165.70231697800412,1425200
2023-11-14,176.5769805908203,178.19545028620016,173.5673545154129,175.44951542609945,2910400
2023-11-15,178.10452270507812,180.71407497060105,175.2312792399118,175.5858874358334,3803000
2023-11-16,181.04141235351562,181.71426474275324,177.44076343477593,178.94103959846052,3260600
2023-11-17,179.79576110839844,182.31438288011805,179.1683740816312,181.95977463117634,2593500
2023-11-20,181.52333068847656,181.6688145482103,177.6135386712854,179.53206371494755,1945500
2023-11-21,179.61387634277344,181.45967315761243,178.95922678356013,181.4505717459171,1989300
2023-11-22,180.7504425048828,182.3780135472363,179.8775671783239,182.01430393275075,1393300
2023-11-24,181.2323760986328,181.24146363703966,178.57734422876436,180.02306753350973,614100
2023-11-27,182.9508514404297,184.43292479465518,180.95958461500953,182.287086582554,2525200
2023-11-28,184.7784423828125,185.0512211264446,182.33254897594654,182.55986228328942,2105200
2023-11-29,187.4698028564453,189.87024442818878,185.47855016477902,186.39689082734938,2933400
2023-11-30,189.83387756347656,189.99755035019692,185.74223825880026,186.88789226943274,2943300
2023-12-01,191.3705291748047,191.70694843150446,187.42437347099056,189.48836832179046,2093300
2023-12-04,189.7884063720703,190.79767792490279,188.8427891993931,190.2248578740155,2668500
2023-12-05,191.3159637451172,191.9069727588048,188.58820422206222,189.96117152065636,1738000
2023-12-06,191.63421630859375,193.95281494754124,191.50692140435095,192.5707460771166,2037700
2023-12-07,191.59783935546875,192.8071478012389,191.1704892327491,192.3979866276422,1964500
2023-12-08,187.71531677246094,191.20684566385125,185.53311468386764,190.761320483804,2364300
2023-12-11,186.94247436523438,189.1155890849262,185.58768202359582,187.21523924184973,2468600
2023-12-12,186.44236755371094,187.28796635253906,185.10576426760636,187.16977287338935,1712900
2023-12-13,191.8887939453125,193.15265536944895,185.17851459857872,186.37872163757945,2244500
2023-12-14,192.91624450683594,198.6536298221806,192.07064571351492,195.90769522257915,2975000
2023-12-15,192.8980712890625,193.4799928136495,189.4247310912756,191.0613897148338,3722400
2023-12-18,191.570556640625,194.61654649979613,190.86134026302082,192.79804012150797,1804900
2023-12-19,191.8524169921875,193.8800476566928,191.53417283616147,192.26157813986225,1776900
2023-12-20,191.95245361328125,195.04390910479506,190.27943096785268,192.3161493625993,2991200
2023-12-21,194.8347930908203,194.88934606814513,192.34343409152248,193.66186245602458,1685500
2023-12-22,195.6622314453125,197.40799621990536,194.27107492377596,195.45310705866524,1106400
2023-12-26,196.61692810058594,197.2988680392163,194.98026947305235,195.7440388745335,1053100
2023-12-27,198.6147918701172,198.9722099541343,196.1311843746871,196.1311843746871,1860500
2023-12-28,199.0180206298828,200.08111525533528,197.57001532639535,198.60561733084808,1125400
2023-12-29,197.84498596191406,198.68812576505968,197.03849833106116,197.93662338466652,1584400
2024-01-02,200.53018188476562,200.79596254794464,196.49777209454297,196.49777209454297,1566300
2024-01-03,196.75437927246094,200.69515164982957,196.68106095101686,199.3204645868433,1533500
2024-01-04,197.46009826660156,199.48546314309857,194.9123314976532,195.7921375597989,2033000
2024-01-05,196.37863159179688,198.18405508516878,195.24221856537773,195.8470842399576,1884000
2024-01-08,198.02825927734375,198.15656284637856,194.76567082128147,195.5904774816423,1703200
2024-01-09,194.16079711914062,196.50692741824216,192.7036322201886,196.44278262839654,1578800
2024-01-10,191.51226806640625,194.3716131291343,190.96238756170834,193.93171711580123,2088900
2024-01-11,190.30252075195312,191.30147071869578,188.87284833927163,190.8890533823876,2271600
2024-01-12,191.9337921142578,194.1241401576414,191.04484072009922,192.15374706838202,1763400
2024-01-16,190.66912841796875,193.2260406042502,190.21089932491142,191.5122682711092,2400000
2024-01-17,187.82809448242188,192.81362904091762,185.78439672958228,188.24049785187682,2629300
2024-01-18,186.8749542236328,189.5143437557214,185.61939725389846,188.10300458803815,2881000
2024-01-19,186.83831787109375,188.00222363279894,185.83938184747694,187.56232763796575,1986400
2024-01-22,186.9757843017578,189.4227257352856,185.0787093343477,187.04910262738164,2185500
2024-01-23,185.36280822753906,188.13967512119214,184.55633461758075,187.65395345227202,2108900
2024-01-24,180.322265625,186.40754600270617,179.58911043427113,186.13261979820228,3308500
2024-01-25,183.48406982421875,184.7945981053858,181.4586914085498,182.73256752119772,2510500
2024-01-26,180.80799865722656,183.1358098854094,180.61555030191272,182.55843685138834,1831100
2024-01-29,182.47598266601562,182.65011195182885,179.40584227225187,180.61557374166475,2466000
2024-01-30,179.22254943847656,182.3751676391323,179.03926060951684,181.91693857471236,2428100
2024-01-31,179.30502319335938,184.08893563468942,178.4802164899746,180.45059582808324,2454100
2024-02-01,181.81610107421875,181.8527532410426,177.21547802364782,179.02090139257587,2700800
2024-02-02,177.3437957763672,179.2133780669082,173.51300776291254,178.70932333249564,2914000
2024-02-05,173.64129638671875,175.67583424210176,172.12914629768179,175.08930168819202,2489100
2024-02-06,175.6575164794922,176.48233713235612,173.34803822912968,173.64131152366986,1777000
2024-02-07,177.44461059570312,177.66456557116706,174.63109153610208,176.22571966008343,2254800
2024-02-08,177.4629364013672,178.0219763717288,175.620860753474,176.5373188042937,2001100
2024-02-09,178.1961212158203,178.26026601328405,175.63003565240308,177.24299692858813,1903900
2024-02-12,175.74917602539062,179.0850829931703,175.44674317039454,178.70017226427737,1589700
2024-02-13,172.6790313720703,172.93563851814935,168.67411399987077,172.44991684992544,3512500
2024-02-14,172.74319458007812,174.15453391970217,171.2310303047227,173.0731200597883,1818100
2024-02-15,173.6321258544922,174.79601735898646,172.05581709359345,174.09951436530216,2411900
2024-02-16,171.49679565429688,171.93669159323116,169.56306865134772,171.17602975013327,2127500
2024-02-20,172.66070556640625,172.94481933242557,170.25043020108052,171.46014765725184,2241000
2024-02-21,172.49575805664062,173.8154600602684,171.03859292098574,173.41221622759969,1863200
2024-02-22,172.30328369140625,173.21974179855832,170.10378982785767,173.21974179855832,2149700
2024-02-23,174.0628662109375,175.29093059396584,171.79005422139977,172.40407942089408,1458600
2024-02-26,172.0375213623047,175.39176147583402,171.12106323187862,173.3938754798037,3310700
2024-02-27,171.0843963623047,174.68608407156427,166.0255575719541,173.38471520986994,4672100
2024-02-28,177.57290649414062,179.46998136742008,170.91942609437282,170.91942609437282,4059100
2024-02-29,182.2468719482422,184.02480303258835,178.8376464426807,178.89263169534428,4676900
2024-03-01,184.9045867919922,185.17036748006169,179.76325613674805,182.28351598767085,3473500
2024-03-04,188.92779541015625,189.26689435113045,182.3659673031865,184.60211289081326,2851800
2024-03-05,188.25880432128906,192.09876565296855,187.54396818619318,188.73536640603285,2469900
2024-03-06,188.7995147705078,189.91759469201634,187.86473764324512,189.21193207352115,1865400
2024-03-07,187.62646484375,190.55912799736285,186.77416551424855,190.28420175174367,2085800
2024-03-08,189.9909210205078,191.68637405046192,188.68955223394408,189.34024361924617,2156000
2024-03-11,189.47769165039062,190.91653742387152,187.7455865883774,188.72618937745528,2006300
2024-03-12,187.12242126464844,189.01033682960283,184.73963842801814,188.52461512127257,1746100
2024-03-13,185.44529724121094,187.91973124918914,184.47383993421937,187.23238769230406,1690400
2024-03-14,182.54930114746094,185.62860109101683,179.8182597758203,184.22642124015172,2010400
2024-03-15,180.8538360595703,182.14604532217663,178.82847151245946,179.24087485600342,3346800
2024-03-18,179.54330444335938,181.30290226549099,179.17671282372336,180.17566275119614,1833500
2024-03-19,180.2031707763672,180.43228531420664,178.4343992725451,179.7815938737643,1463500
2024-03-20,178.3702392578125,180.28563327458787,177.61873692546592,179.0942349826465,2154800
2024-03-21,177.73788452148438,180.12984069991035,177.4812773745609,179.49748237926292,2658000
2024-03-22,176.68394470214844,178.47104912122623,175.54754564809403,178.47104912122623,2581900
2024-03-25,179.22254943847656,179.82741515968078,177.36214055565495,177.50877721243924,2144800
2024-03-26,177.88453674316406,179.140079963659,177.70123392156725,178.94761759459914,1823400
2024-03-27,180.8905029296875,181.22958794931404,177.8112031768508,179.30502035977582,2494200
2024-03-28,181.08294677734375,181.79778295354507,179.6349413480015,181.79778295354507,2170500
2024-04-01,176.8855743408203,180.15733649779506,176.13408596417403,180.1298438732861,2195800
2024-04-02,176.12489318847656,177.63705729144235,175.35507181826094,175.80414127623976,2321300
2024-04-03,176.2440643310547,177.10553722824025,174.29200399951893,175.3825914338691,2270400
2024-04-04,174.40196228027344,178.52602332954086,174.2094999449969,177.8753319887902,2265400
2024-04-05,174.2827911376953,176.17986563742696,173.00891526011128,173.43965157693813,2538800
2024-04-08,172.486572265625,174.57609545877065,171.04772644379725,174.2186773858389,2296800
2024-04-09,176.70228576660156,176.86725549793013,173.06394595498855,173.5496676340566,1962900
2024-04-10,166.75872802734375,171.82674038391855,165.45734517257665,171.5518001472207,4136500
2024-04-11,165.1867218017578,168.55259489060012,164.90006998444025,168.3029244875959,3688600
2024-04-12,165.7045440673828,166.14839158156065,163.790441962101,165.31617572876996,3839000
2024-04-15,164.70590209960938,166.70323738738614,162.7640601056544,165.70456974349776,2562800
2024-04-16,159.24098205566406,164.54869732351435,158.82485997802104,164.54869732351435,3848700
2024-04-17,159.0652618408203,160.3043437095471,158.19605052376633,159.9344731578743,2732800
2024-04-18,158.12210083007812,160.95165195580768,157.81695122303637,160.64650234876592,2276200
2024-04-19,158.39950561523438,159.98071866990554,157.8354437741176,158.86185092402977,2867400
2024-04-22,159.32418823242188,159.91598963357654,158.1313294942196,158.70464724290514,2603800
2024-04-23,161.06260681152344,162.81028564370678,158.51970758453734,159.49989150232574,2659000
2024-04-24,160.29513549804688,162.22773563866957,159.37968664264977,159.6663384967557,3029300
2024-04-25,159.87901306152344,160.17492085200712,158.38101867376486,158.81562442250026,1862300
2024-04-26,158.76014709472656,161.76539184235799,158.42725788137176,159.71257737828,1701400
2024-04-29,161.81163024902344,162.33869660962074,160.15642599894525,160.2119051832544,2104800
2024-04-30,158.6399383544922,163.5962811995998,157.62278702387195,162.31096165760516,3710600
2024-05-01,163.5222930908203,165.343934821606,158.58444834782446,160.23039659548976,3877100
2024-05-02,166.11141967773438,166.16689885647557,162.16298684463254,164.60416947685718,3278100
2024-05-03,168.05325317382812,170.96602254645705,167.52617282677997,169.68070334166129,3130300
2024-05-06,165.2329864501953,168.94099114525736,164.15110000464844,168.5526227373426,2297900
2024-05-07,167.6279296875,167.78512541401622,165.73231092242276,166.4258289504027,2594800
2024-05-08,167.67413330078125,167.84982675672413,165.06649926771715,166.39805587101307,2014400
2024-05-09,172.33457946777344,173.61065698762005,168.25670471939407,168.88548754330435,2588000
2024-05-10,170.59619140625,172.6490058779977,168.75605184365517,172.4270750317119,3158100
2024-05-13,171.0677490234375,172.20511443110536,169.2646053016085,171.40063818051806,1842700
2024-05-14,172.8801727294922,173.48121601715803,171.43764344170648,172.32535268729308,2008300
2024-05-15,177.55909729003906,179.63039525433751,176.75460685386463,176.75460685386463,2815200
2024-05-16,180.25917053222656,181.43353143229376,177.08747474141296,177.21693084861002,2616900
2024-05-17,179.861572265625,180.83250026473215,178.6409879513419,180.83250026473215,2157300
2024-05-20,177.31869506835938,180.3979169924965,177.2262344581508,179.39000745035702,1733500
2024-05-21,179.5102081298828,179.69514344591482,175.95014333021106,177.0782671005645,1527300
2024-05-22,176.93028259277344,179.6118935950966,175.894633714446,179.0108362849076,1681100
2024-05-23,172.54727172851562,177.14298514260838,172.4640388511148,175.4877810660037,1768800
2024-05-24,171.92771911621094,174.31342259387617,171.56709034107894,173.05584279424625,1257900
2024-05-28,171.0955047607422,173.57368296618574,170.94755087481678,172.51028028446342,1828300
2024-05-29,171.36367797851562,172.4363084088481,169.25537031627005,169.5420362697969,1977700
2024-05-30,176.41249084472656,176.63442169249046,171.38217117269386,172.36234105841223,2850400
2024-05-31,180.9989471435547,182.33974572140272,176.77310423506034,177.42964078389224,7331900
2024-06-03,182.13633728027344,182.93157188583515,180.30545355478435,181.23938612831452,2333200
2024-06-04,185.31724548339844,186.39913178611576,182.16404716892782,183.08873776369396,3236300
2024-06-05,183.26443481445312,185.7610966471641,182.81133133468887,185.1785370459899,1737100
2024-06-06,184.46653747558594,184.96586420379336,181.94212191565197,183.08874336773528,1865800
2024-06-07,179.63038635253906,181.68320056161173,177.3094180844697,181.11913874543126,2143300
2024-06-10,180.05575561523438,181.30409357502194,178.18787664366582,179.2605211310742,2874700
2024-06-11,178.71495056152344,181.55374327673482,178.59473627223394,180.05574906719403,2781800
2024-06-12,179.22354125976562,183.86547797484576,179.06633143916494,183.04250389423396,3331500
2024-06-13,181.9606170654297,182.6263954332502,179.38073647236942,179.40847606189035,1531300
2024-06-14,183.7041473388672,184.3754522728959,181.74617224348648,181.74617224348648,1933200
2024-06-17,179.27540588378906,181.7927922570681,179.1914963242622,181.6809128443656,1779700
2024-06-18,179.74156188964844,182.72513100035084,179.53644017952703,179.55509148775073,2407800
2024-06-20,181.03758239746094,181.48511428649755,178.5668171252167,178.865166975647,2236300
2024-06-21,181.67160034179688,183.08878703908144,179.86280723347116,180.97232553559564,2828400
2024-06-24,183.107421875,185.2705185764057,180.6180054961316,181.53172051052073,1792200
2024-06-25,179.6483154296875,184.0770549497626,179.19146508959753,183.07011195739562,1345100
2024-06-26,179.63902282714844,180.189115558853,177.5039101468602,178.40830664389787,1828500
2024-06-27,182.10980224609375,182.19371180313635,179.17283970856928,180.179797073425,1599300
2024-06-28,181.23336791992188,184.49665000545397,180.6832609845787,182.91161589677085,2393900
2024-07-01,180.897705078125,182.65987673392158,178.66001752635188,181.25199458140122,1691700
2024-07-02,179.2660675048828,182.035196477105,178.59476264938772,181.20539106222637,1913600
2024-07-03,181.6156463623047,181.88604058763437,179.45256369357898,180.01198922911584,1182600
2024-07-05,182.4081573486328,183.07946227792618,180.38492401862817,181.79279212565024,1018500
2024-07-08,182.90231323242188,184.03980136769118,181.35458160878892,181.93265844547497,1508800
2024-07-09,182.70651245117188,182.9582411172162,179.7042917277249,182.32423884110003,1577100
2024-07-10,183.4617462158203,184.13305118283557,180.69261678357802,184.03980884922353,1576900
2024-07-11,193.18629455566406,193.36344642898658,186.47326003959478,187.4895358923832,2256000
2024-07-12,196.3656768798828,197.83881741512508,193.46601697209724,194.92050619690363,2238600
2024-07-15,194.71539306640625,196.9251110803019,192.93456985079874,195.79694149097455,1585400
2024-07-16,195.93678283691406,196.92510311878942,193.09307684974888,196.20717704551535,1329400
2024-07-17,198.7059326171875,198.76187232771804,195.43333151010447,196.07666663477156,1759700
2024-07-18,196.40296936035156,199.9552971662698,195.49857284694423,196.55215139337955,1736300
2024-07-19,195.92745971679688,197.54044948172566,195.16292672529502,197.54044948172566,1404100
2024-07-22,195.2095184326172,198.0625568992023,194.14662147003096,195.7689438768331,1476200
2024-07-23,195.3494110107422,197.83882757750095,194.8366066482753,195.3866994067479,1123600
2024-07-24,195.22817993164062,198.41687098584072,194.4636469598709,196.03001552258783,1922800
2024-07-25,195.7223663330078,201.2606254031142,194.97647031676618,196.30042898787306,1926600
2024-07-26,199.2653350830078,199.63827592784625,195.85287086828924,196.55214562244726,1548200
2024-07-29,200.39349365234375,201.00885886046038,196.7293007096867,199.26533833091145,1607800
2024-07-30,207.9643096923828,208.34658329648647,202.8922346555158,205.12058958236204,2447700
2024-07-31,205.4935302734375,207.29300466052334,203.2558568066455,206.51913891133935,2924200
2024-08-01,212.51426696777344,213.717027592156,206.99465958063357,207.7312370044795,3047000
2024-08-02,218.7704315185547,220.03845027565512,213.3160828866873,214.44425238729102,4750500
2024-08-05,210.89193725585938,220.1596606236911,210.72410392267398,216.1971038189553,4329600
2024-08-06,212.7287139892578,215.05029714100445,209.1390977808685,209.80108416209413,2823200
2024-08-07,210.68679809570312,214.22979261446142,209.82902287146138,211.04110181561285,3315700
2024-08-08,208.48643493652344,210.29522788707547,206.51914141760503,208.71952651825887,2942100
2024-08-09,207.53543090820312,210.15537818242157,207.30233931118323,209.63325528138213,2071500
2024-08-12,210.285888671875,210.3977823018888,204.92478245631662,206.59372609737457,1455700
2024-08-13,207.60067749023438,210.86395944148438,207.0132821864397,210.5842467145926,5449800
2024-08-14,208.0854949951172,209.98753013175693,207.73120549066866,208.1227976124992,2313700
2024-08-15,203.31179809570312,206.47251936126932,202.78967523116305,206.30470025200188,1858400
2024-08-16,204.98074340820312,205.5308361286554,202.32349367612224,203.16261768268402,1986200
2024-08-19,204.8035888671875,205.95971399659842,204.22551207570103,204.57981582918168,1261900
2024-08-20,205.47491455078125,206.034325862243,203.53559070545919,204.80360959560122,1631000
2024-08-21,204.6450958251953,205.12059754331347,202.34214979645284,203.60083583621793,2262500
2024-08-22,205.21385192871094,205.69867221720304,203.675438820662,204.1975617324426,1926500
2024-08-23,211.64715576171875,212.28115803382406,205.64271435281057,206.02498796046405,1804000
2024-08-26,210.0714569091797,212.94314693156468,209.80107693149603,212.32778173531477,1142400
2024-08-27,210.86398315429688,210.9851811090478,207.16248750091165,207.16248750091165,921500
2024-08-28,210.0155029296875,212.25317629349814,209.01786418902492,211.13433961159282,1105500
2024-08-29,208.40252685546875,210.94788296252332,206.28605129484325,209.0738317537572,2003200
2024-08-30,208.906005859375,210.41643482095182,206.4538777622329,208.73818674221388,1796800
2024-09-03,214.7892303466797,216.0199607509439,207.7405430547122,207.77784567551006,2660100
2024-09-04,216.7938232421875,220.15966626577392,214.68666622923473,215.77753312916303,2261800
2024-09-05,217.8380584716797,219.50698786368082,216.4301905015918,218.53733318611455,1990800
2024-09-06,220.18763732910156,220.4486987650449,216.80314297677603,218.17372262886911,2750000
2024-09-09,222.3973388671875,223.04067390917774,219.14337526393558,219.4790277107661,1984000
2024-09-10,226.40652465820312,227.0871481167593,222.97540905923216,223.16189371245335,2016800
2024-09-11,222.80758666992188,224.8494712423721,220.78435340787607,223.9637260597115,2216500
2024-09-12,221.10134887695312,223.30173396442115,218.11777949397467,222.83555080374387,2003800
2024-09-13,222.36935424804688,222.63041566415794,219.44172474441842,221.6887308579559,1983400
2024-09-16,224.06629943847656,225.60469830338067,222.76097794612616,222.76097794612616,2255500
2024-09-17,223.25511169433594,225.1291770960921,222.98473172226943,223.9357351220462,1526000
2024-09-18,219.99185180664062,224.0290000730541,219.44175903863703,222.70504147678915,1828100
2024-09-19,216.59805297851562,218.69587754191497,212.29984297065718,218.17375459353204,3434300
2024-09-20,219.16204833984375,219.42310979921885,215.13423280464005,215.99200820355583,3683000
2024-09-23,220.2902069091797,220.8682695078091,217.4185167734261,220.06643385804165,1762000
2024-09-24,220.47666931152344,220.98947364330655,217.93131318966707,218.39749635914603,1616100
2024-09-25,219.69349670410156,222.22020165027533,219.2552833633056,220.57924192793817,1447200
2024-09-26,216.09454345703125,218.1923676526366,214.68666122506306,217.35322943832597,2312500
2024-09-27,214.74261474609375,217.70753277472775,214.36965968707068,217.34391048391828,3051000
2024-09-30,216.8311004638672,217.03622218423715,213.27878720248444,214.56545722539047,2256400
2024-10-01,216.37425231933594,218.61192573052034,215.46985587751024,217.6982107474111,2279900
2024-10-02,216.19711303710938,217.28797995559387,213.99672788970662,215.36730755757256,2229500
2024-10-03,213.77294921875,216.0386067796526,212.30914149080243,215.93604591513798,1590900
2024-10-04,208.53305053710938,210.71478426954363,206.52845445157402,210.5935720977037,1942500
2024-10-07,208.26266479492188,208.42116536549418,206.40726488362503,207.24638889883872,1658000
2024-10-08,209.1111297607422,210.3604972906899,208.09485382489436,208.41185497844253,1630900
2024-10-09,207.3455352783203,209.1393152126137,206.05890436758327,208.49129942156486,1574000
2024-10-10,204.64076232910156,208.04049479229303,203.33534451036692,206.21854165025536,1924300
2024-10-11,205.9274139404297,206.31245452964046,204.34963456967918,205.73018614522675,1613900
2024-10-14,208.2095489501953,208.481910470994,203.8049332246999,204.4623496788807,1501800
2024-10-15,215.4691619873047,215.7509098329198,209.77791569310062,210.36958473586327,2310100
2024-10-16,213.6754150390625,216.99061343959693,213.0086122242893,214.3703768775195,1518100
2024-10-17,210.51986694335938,213.6754115091377,209.70279670068572,212.43572663351793,2021700
2024-10-18,212.52964782714844,213.24339666811272,210.54804075429956,212.12580587547066,1441900
2024-10-21,207.9935302734375,214.12617799683593,206.87593959543213,211.39324833839612,1295700
2024-10-22,207.98414611816406,208.94206871198276,205.90861850430937,206.23732670610175,1971500
2024-10-23,212.50148010253906,212.9616544432577,208.02173047221322,208.02173047221322,2712800
2024-10-24,212.18214416503906,214.8775143022147,212.06006441450288,212.24789154095876,1618300
2024-10-25,209.24261474609375,214.04167163307102,208.3879848399889,211.92858421507245,2054200
2024-10-28,208.69790649414062,211.90979765673586,208.34102492153295,211.6186634602575,1935000
2024-10-29,199.9544219970703,206.61299179332156,198.67717747459085,202.06750941313837,3591100
2024-10-30,200.48973083496094,203.88946345827242,199.5036205040825,200.5930379044871,2437800
2024-10-31,200.54608154296875,203.12874400238064,196.93974903891447,198.42360773522975,1961500
2024-11-01,198.40480041503906,205.59869200491175,198.08549289201036,204.50927469427143,1989000
2024-11-04,199.20309448242188,201.39131556374863,196.90217999391135,200.08589771947027,2333800
2024-11-05,200.83721923828125,200.92173929312207,196.7519112908186,198.09488881870325,1302400
2024-11-06,185.4539337158203,190.78829832152755,182.5895236267073,188.58130463308564,8133500
2024-11-07,185.82958984375,188.69399996209395,184.11094377274364,187.32284910563456,4924500
2024-11-08,189.5204620361328,190.85405324029128,186.11134314524958,187.07866644354968,3981600
2024-11-11,184.14852905273438,189.85856262765924,183.9325285706902,187.55764805202998,2699000
2024-11-12,181.93214416503906,184.06401873632873,180.0726311262259,183.23756212783746,2953300
2024-11-13,183.2845001220703,185.75445464410416,183.1530197077046,184.26120972445986,2354800
2024-11-14,182.91822814941406,184.83408762033199,181.72550377623097,183.04970856084677,2282800
2024-11-15,184.4960174560547,184.7589783136537,181.96031528332608,183.13425280128303,2587300
2024-11-18,186.74058532714844,186.99415984338665,182.3171967865827,182.80554447600716,2374200
2024-11-19,188.91001892089844,189.49230167213312,186.16770260927916,187.12563963267849,2514400
2024-11-20,188.6564483642578,189.28567711720171,186.8157081391468,187.8299918145805,2243400
2024-11-21,190.468994140625,191.12639622256467,186.6184880433838,188.13051999699033,1961700
2024-11-22,191.87771606445312,192.70417257200216,190.45960485744547,190.74135269686357,2016000
2024-11-25,194.92056274414062,195.3807370193474,192.2439798226604,192.96712925121548,3605900
2024-11-26,195.34320068359375,196.12269690595656,192.87323158925687,194.0002230574341,1791400
2024-11-27,196.5640869140625,196.9115678090085,195.18353534455957,195.34318911602912,1669400
2024-11-29,196.2823486328125,197.00549814025715,194.90179699600526,196.56409649690835,1610200
2024-12-02,194.71397399902344,195.82216413630195,193.19255556299976,194.91118747687514,2374800
2024-12-03,195.1459503173828,196.6298088706664,193.9626266089471,195.74700567678843,2551200
2024-12-04,194.87359619140625,195.2868244231645,192.22518670438643,193.96261967965458,2529200
2024-12-05,196.43258666992188,196.5734534157397,192.80746766455155,192.80746766455155,2291100
2024-12-06,194.49794006347656,197.84131124344358,192.54450665186098,196.82702768374187,2677900
2024-12-09,196.31991577148438,197.26846647223218,193.55882672346374,194.11292180134498,2854200
2024-12-10,187.38858032226562,195.38074089432155,186.70300490071622,194.72333882363787,2653300
2024-12-11,187.4449462890625,188.38409629521678,186.0268349386746,187.37921324038348,2356800
2024-12-12,185.81082153320312,188.3840831998002,185.36941991457107,187.41675990712758,1922600
2024-12-13,185.1627960205078,186.49638714660924,184.18607210852727,185.1815687005262,1995500
2024-12-16,181.9415283203125,186.6466790649575,181.79127520899482,184.55236421453938,2218800
2024-12-17,181.5001220703125,184.77776069723967,178.82355319460115,179.56547538203432,2637400
2024-12-18,173.60186767578125,181.1620130340888,173.3107191644258,180.1007833737832,4186100
2024-12-19,168.48348999023438,173.27316031646424,168.14539544567356,172.27766369367143,4709800
2024-12-20,172.5500030517578,175.1608385658614,170.76562401588785,171.00041148535968,5750200
2024-12-23,173.1604766845703,173.37647716597496,170.02370488233157,171.52635057191748,2594100
2024-12-24,173.4703826904297,173.50794238074604,171.43241481608715,171.50754852701,788400
2024-12-26,172.78482055664062,173.17926185428476,171.47940257266632,173.17926185428476,1464600
2024-12-27,172.32052612304688,174.65136497816798,171.97942810662903,172.44370482435153,1640900
2024-12-30,172.36790466308594,172.6616251455139,170.40660190045082,172.32052712710856,1887000
2024-12-31,173.77967834472656,174.38607322970142,171.67624292487116,173.34382524415346,2115500
2025-01-02,171.524658203125,174.99248608468434,171.08881951539004,174.42398449644327,3142800
2025-01-03,172.9743194580078,174.08288453111743,170.65296450367083,171.73310594343883,1817300
2025-01-06,170.79505920410156,173.8459873960827,170.42553756383523,172.03628700572864,2262400
2025-01-07,167.8673095703125,171.45831563375359,167.61148244800657,170.6718948189567,2096000
2025-01-08,169.78126525878906,169.90444396961556,165.60281784907014,167.27988443089657,2048300
2025-01-10,164.35214233398438,167.25146860416743,163.45201241685265,164.44688295953793,3539200
2025-01-13,167.6494140625,167.89575703824934,164.65533270679626,165.48913117486458,2409800
2025-01-14,169.41172790527344,170.8329672090801,167.0050879212416,167.59254333131216,2124300
2025-01-15,170.85189819335938,175.57040800084312,170.6150250078368,174.3860420732303,2230700
2025-01-16,180.08998107910156,180.52581971354883,170.93719626457886,171.49621360152364,3544800
2025-01-17,180.39317321777344,181.68176414411369,179.48357366958265,180.74374096544142,2882500
2025-01-21,179.9573211669922,183.59570492330758,179.3888340964639,181.26486600711777,2460800
2025-01-22,175.5609588623047,179.0477403671017,174.00707103342634,178.56452417691943,2753700
2025-01-23,176.6031951904297,176.82111450206955,173.7322929553356,176.03469368626313,1684000
2025-01-24,175.36199951171875,177.1338067279651,175.18197353534381,176.23369130368576,1218200
2025-01-27,181.95651245117188,182.72399376987886,178.10022424131907,180.0236334845731,2862400
2025-01-28,177.11483764648438,181.26486109967982,176.39474826027262,180.23209732722515,1997200
2025-01-29,173.98812866210938,177.92968820196606,173.50489802244826,177.0295728239544,1735100
2025-01-30,176.06314086914062,177.47489606335228,174.38607435704253,176.45160197754296,1457000
2025-01-31,175.2388153076172,177.77810388949558,174.66084403938925,175.5514897108482,1570200
2025-02-03,175.6367645263672,176.7074361924624,172.58583605319265,175.11565496694274,1832100
2025-02-04,174.46188354492188,175.12512572613917,172.57636734769426,174.12078550063939,1450200
2025-02-05,177.61703491210938,178.337124349958,175.1156541003885,177.00115581955384,1869700
2025-02-06,179.78680419921875,179.90049873749885,176.9159014468745,178.4224119094717,1407000
2025-02-07,178.924560546875,179.81520620988732,176.88745654048319,179.81520620988732,1588200
2025-02-10,179.9099578857422,180.10892330004575,177.39909300654483,179.6162373976597,1957900
2025-02-11,183.26406860351562,183.33986976778826,179.07615186621177,179.24669364262982,1825700
2025-02-12,179.56886291503906,180.5068716564706,177.24750814391587,179.4551539330514,1766400
2025-02-13,180.01419067382812,180.73428011068825,179.2088158837438,179.9383895029594,1855000
2025-02-14,179.4362030029297,183.3872465063224,179.18037588181974,180.63950852934855,1776000
2025-02-18,179.59727478027344,180.63950825331747,178.29919972891665,178.65925164269947,2301200
2025-02-19,178.65924072265625,180.81952315812447,178.46027533016442,179.45513120780922,2470000
2025-02-20,182.2786865234375,182.83770385785255,177.2001240625682,178.6213633953757,2848500
2025-02-21,181.49224853515625,182.86611020215128,180.5258018320759,182.21233785764377,3304300
2025-02-24,181.9186553955078,183.46307360680657,179.50254536201706,180.68691160808157,2393200
2025-02-25,193.0516815185547,195.43936771356096,184.78007241499043,187.13932052154686,5179700
2025-02-26,190.19024658203125,194.6150367090381,189.11010524971687,193.8475697699719,2512100
2025-02-27,193.2601318359375,193.44962752820965,188.8637652702883,189.54596132854374,2553100
2025-02-28,194.82350158691406,195.50569768795128,191.97155292674148,194.23606056675249,3466800
2025-03-03,198.60398864746094,199.2482768840335,194.22657604723446,194.23604577156252,2229700
2025-03-04,196.24472045898438,203.8530871202403,196.07417868042083,200.63161711489238,4031300
2025-03-05,197.7322998046875,198.56609820078808,192.06629619073624,193.6675470812918,1969800
2025-03-06,196.06471252441406,198.04498381122428,193.55386194742823,197.42910470873667,2416200
2025-03-07,201.1432342529297,201.80649075955654,196.0267790659866,197.07849662145287,3599400
2025-03-10,201.88230895996094,205.90915358185208,201.1622051394217,202.2802542229778,4156600
2025-03-11,198.7650604248047,203.33198316587246,198.2344667112985,201.92021353289792,2698100
2025-03-12,195.83731079101562,197.86494502882533,194.41607143392676,197.08799390730476,2519800
2025-03-13,196.860595703125,198.02600787358494,194.24550615490094,196.07417489388325,2691100
2025-03-14,199.8546600341797,200.1389107808738,195.16457331530427,196.86059361410324,3789000
2025-03-17,201.5222625732422,204.97113607151232,200.25262558630402,201.05798585820034,3097600
2025-03-18,203.5878143310547,204.9332526432397,200.27158886285903,201.5222865505102,3996500
2025-03-19,202.5360565185547,204.2983937117785,200.527376401097,203.00980292041493,2244200
2025-03-20,203.01931762695312,203.83416213897507,201.4938534052932,203.6162283518844,1839300
2025-03-21,204.87637329101562,208.0789037251794,201.47487745617394,202.6308198806617,6326100
2025-03-24,201.62649536132812,205.61543244034726,201.2569737024927,202.67821307610507,2879900
2025-03-25,198.499755859375,201.4180356279229,197.26801223937323,200.88744193502214,2646600
2025-03-26,198.99244689941406,200.4421097631974,196.7468790758807,198.4997465829199,1607400
2025-03-27,202.8013916015625,203.75836876669487,198.65138216961068,199.98735074468354,2458400
2025-03-28,204.24156188964844,204.48791929009042,202.1570804554746,204.31736305458492,1907500
2025-03-31,206.17446899414062,207.85152108413763,204.39317764511435,205.17959851819307,3281300
2025-04-01,207.9178466796875,209.11168254267932,206.1744631934661,208.52424156435558,2124800
2025-04-02,206.4586944580078,208.9032278433179,204.93323033042418,208.3347407852235,2794100
2025-04-03,216.2084197998047,218.89929632324146,208.4484501820837,213.18591495894924,5852900
2025-04-04,208.6094970703125,221.5238291197119,208.4768486508748,220.9079500984992,9877200
2025-04-07,202.1855010986328,210.25814432519994,200.52738859132396,205.9375791907987,5082200
2025-04-08,193.9138946533203,205.3122327468715,191.40302986796428,203.7962383686341,5455000
2025-04-09,196.5858154296875,200.81163996565306,187.1298406924437,191.49778337501158,5646900
2025-04-10,197.38172912597656,201.97706104571574,192.81480637921663,196.84165122988824,3565200
2025-04-11,203.68661499023438,204.1929167287481,195.9774298040141,197.2861849601278,2555400
2025-04-14,208.0522918701172,209.04580014876078,201.7187385440884,203.4764660197848,2080600
2025-04-15,208.262451171875,210.94682423695565,206.3614362897062,209.4756717096755,3854900
2025-04-16,208.2528839111328,210.67931018155517,206.82949886069775,210.45005028055013,3376800
2025-04-17,212.70455932617188,214.32854700148164,208.50128081628822,209.1508846323403,2599000
2025-04-21,208.24334716796875,213.55474894176982,205.51122145122014,211.4340072872599,2781000
2025-04-22,211.09011840820312,212.28422913161626,208.0905128540512,209.95332266726632,2747400
2025-04-23,203.09437561035156,210.0870810445994,200.0087827333529,209.94379357575036,7046000
2025-04-24,201.47991943359375,205.6545258953465,201.3366173995792,204.74700465277593,2885500
2025-04-25,201.39393615722656,202.32055262672844,199.12989241484425,202.02441551281441,2464500
2025-04-28,201.85247802734375,204.0496446566033,199.99921586680782,201.04047691113473,3390200
2025-04-29,211.43402099609375,211.85435029923826,200.95450421465088,202.17727241840942,3174900
2025-04-30,215.33160400390625,215.9811932466551,210.7271060154744,211.46268230927285,3491100
2025-05-01,214.01329040527344,215.74236033006406,213.09622156993137,214.81572928033432,2253000
2025-05-02,213.60252380371094,215.8761006214267,211.300274919315,215.4462236928724,2732600
2025-05-05,213.86044311523438,215.9143222445384,212.50393512284128,215.03545852734908,1832900
2025-05-06,213.80313110351562,215.53220107151716,212.41796560149842,214.28077538535237,1637100
2025-05-07,209.67628479003906,214.90171421757503,209.46612014722237,212.62812285067417,3571500
2025-05-08,208.13829040527344,210.06796293382527,207.82304340964723,209.15089401613776,3007500
2025-05-09,210.1348419189453,210.72711620733793,206.89641403379764,207.364510711863,2499800
2025-05-12,198.62359619140625,207.71794738901107,197.66830762878317,207.71794738901107,4450800
2025-05-13,194.84066772460938,199.17767152053648,192.70081603002123,199.17767152053648,4525300
2025-05-14,195.3565216064453,196.0156730824995,192.0225590952868,193.8280539930864,4060300
2025-05-15,202.2154541015625,202.3014411410881,195.8341341891173,197.01869712640283,3115600
2025-05-16,203.83946228027344,203.91588710851627,201.94798057849067,203.4382428644077,2812700
2025-05-19,205.51123046875,205.86468256782868,202.47340529931384,204.08784528139716,1733400
2025-05-20,205.76914978027344,206.20858893109883,203.87768251486543,203.96365498680518,1755900
2025-05-21,204.17381286621094,206.87728114775894,203.91589545894328,205.99841745179484,2231500
2025-05-22,200.86851501464844,206.0175193962988,199.72217174115335,204.8425040576617,1969800
2025-05-23,202.38743591308594,203.98276606704928,201.14555786358878,203.59109425712654,1573200
2025-05-27,204.14517211914062,205.37750258333816,201.585005652653,201.585005652653,1867000
2025-05-28,202.96060180664062,203.5719858656361,201.30794220096652,203.47645118469634,1787600
2025-05-29,204.1547088623047,204.52727078897553,201.23151384933493,202.19636454968298,1790600
2025-05-30,205.05267333984375,205.7404822348411,202.82686393348797,203.59108308211088,5861500
2025-06-02,204.5368194580078,204.85206640932645,201.47033698721424,203.83946294078237,2142600
2025-06-03,203.84901428222656,204.79475515336728,202.26323185946183,203.61973979258903,2035500
2025-06-04,204.77565002441406,206.79130940725784,202.70267566197555,203.71527917227263,1579000
2025-06-05,206.55247497558594,207.4791059613154,204.49861058749005,205.5112140374925,2526800
2025-06-06,203.03701782226562,206.46651472431878,202.60714089892718,205.69273334700037,2516300
2025-06-09,203.31405639648438,204.36486501705605,200.97360245004532,202.62624749956123,1777800
2025-06-10,205.01446533203125,205.76913683248227,203.21851828960425,204.3744237869536,1625000
2025-06-11,204.77565002441406,206.0652953714807,203.4191420600023,205.01447215708964,1577900
2025-06-12,207.96632385253906,208.03320105081477,204.95717061416977,206.13217150253195,1738000
2025-06-13,206.8109588623047,209.27574257858035,206.10811382397682,207.4849208642129,2455600
2025-06-16,206.98426818847656,209.2372479890025,205.0779142261275,205.0779142261275,2424500
2025-06-17,207.13832092285156,207.73525662945622,204.8660955570805,207.11906066710833,1659500
2025-06-18,207.4656524658203,208.60177238838622,205.64594778646244,207.59082207957204,1665700
2025-06-20,209.3912811279297,210.71033682693604,206.32956164365368,207.13831607067712,4018600
2025-06-23,213.3869171142578,214.33046384745072,209.45866284647656,210.5177417168408,2618000
2025-06-24,215.58212280273438,216.6604619610702,210.85473682115904,212.65518124258105,2219000
2025-06-25,212.0293731689453,214.54230019789756,211.34577368818728,213.49284402226266,1727300
2025-06-26,209.42979431152344,213.33878859664918,207.79302525944755,212.5781627975613,2040100
2025-06-27,209.68011474609375,211.70201539454996,207.84114978475026,208.25516444894268,2086300
2025-06-30,212.79962158203125,212.90553094681323,207.25384348620423,209.3046272354961,2071800
2025-07-01,216.1212921142578,216.8819031929415,212.41447922516502,212.68406401441513,2567600
2025-07-02,214.54229736328125,216.59308108718963,214.2630750908258,214.53267458160923,1937900
2025-07-03,213.50245666503906,214.86001808901676,209.79564376187793,214.20530167601797,1369100
2025-07-07,211.83682250976562,214.68672330207414,209.94009134518785,214.0320215250983,1894900
2025-07-08,212.4915008544922,212.93439853634266,209.5356910193542,209.91118515974682,2022600
2025-07-09,213.57948303222656,213.74315846269164,209.28535725841223,211.53833685081602,1712900
2025-07-10,212.78997802734375,215.36067105401295,212.0101066777246,212.28932894565583,1459200
2025-07-11,211.0858154296875,213.1751048909899,209.42014871466463,211.89456979704278,1358500
2025-07-14,213.53134155273438,214.03200532098623,210.72956957458612,210.80659589979945,1475900
2025-07-15,210.77772521972656,213.0692107825207,209.87268420950465,213.02106749003164,1754200
2025-07-16,215.0525665283203,215.12959284927422,210.95101410358794,211.49018365899667,2426500
2025-07-17,214.74447631835938,215.93836234004604,213.57948802391883,214.5230348121158,1522400
2025-07-18,216.41014099121094,217.37294802452345,214.86964386140315,215.11034561973128,1253800
2025-07-21,218.07579040527344,219.2792991823445,216.9781909882354,217.59438689444502,1458800
2025-07-22,223.70823669433594,223.90079517705692,219.4815140915832,221.05087968246636,2274400
2025-07-23,221.61891174316406,223.8237480354433,221.05085913000778,222.35065447724796,1839700
2025-07-24,222.63949584960938,225.61456595211138,219.98213912862056,222.13883209632223,2034700
2025-07-25,221.32044982910156,222.937973297556,219.76070712377762,222.0425551099026,1031300
2025-07-28,215.8709716796875,220.55021445523118,215.0429570423273,219.2504190820865,2176300
2025-07-29,206.72430419921875,210.85473990022908,203.92253221162613,210.85473990022908,3704000
2025-07-30,200.97634887695312,207.08054204717052,199.9365155001503,203.69145711810242,3693300
2025-07-31,200.63934326171875,201.80434615592503,198.05902764201596,199.5128608733021,2774000
2025-08-01,204.21136474609375,209.30460716651888,203.2774408074566,203.5470255844582,3232200
2025-08-04,205.0586395263672,206.36805769008285,203.1522856982988,203.4988968207903,2804500
2025-08-05,202.2376251220703,204.87570705402402,200.0520489906273,204.3654204894664,1854800
2025-08-06,201.13037109375,203.71070142483381,200.74525418046278,202.67086812943603,1634100
2025-08-07,202.19911193847656,203.21969979583795,200.26387497397957,201.1496557349505,2025800
2025-08-08,198.8292694091797,203.046368794311,198.15530744360981,202.5071992218551,1727500
2025-08-11,198.415283203125,200.14833887134947,197.23103461786746,198.27085332753214,2339200
2025-08-12,197.0095672607422,199.08923394488065,195.66164331246867,198.48266082252294,1757100
2025-08-13,196.5570526123047,197.67391231184163,195.401687095077,197.25991233377013,2717800
2025-08-14,195.89273071289062,196.59557575249332,193.32202293672046,195.6423914751065,2636900
2025-08-15,198.4537811279297,200.46605899416238,195.6327635703883,196.5955706042964,2640400
2025-08-18,195.5749969482422,199.32031571194753,195.12247646827808,198.91593852179716,3227700
2025-08-19,198.9640655517578,199.137378455467,195.6712672939762,195.9697351206911,1669400
2025-08-20,201.7080841064453,203.2870871366206,199.95576816168224,200.73565424042187,2217500
2025-08-21,201.92953491210938,203.15230407865045,200.62011662992316,200.62011662992316,1483300
2025-08-22,203.9995574951172,206.8013147771297,202.43017734056912,203.05599603134496,2343000
2025-08-25,203.267822265625,204.03807085362067,202.10283394750184,203.15229011937012,1238900
2025-08-26,199.73431396484375,201.32295436741015,196.94217947490662,201.32295436741015,3538700
2025-08-27,195.70977783203125,200.29273374207233,195.65201176416073,200.0231489644975,3083500
2025-08-28,195.0261993408203,196.8362813484045,194.20782213940095,195.70016135706865,2978200
2025-08-29,196.2682342529297,196.2778570351234,194.1789299065256,195.44984233707902,2618100
2025-09-02,193.03318786621094,197.5872610312773,191.35789833532394,195.064711299082,2601200
2025-09-03,188.9604949951172,195.2572609510425,187.93992193401627,193.99598614189821,3630500
2025-09-04,187.83401489257812,190.8187224816148,185.86989506849153,190.55876047696822,3523700
2025-09-05,190.9438934326172,191.9837120759587,188.97975890348528,189.74038466912378,4126100
2025-09-08,186.43795776367188,188.19989643936398,181.98015639252844,187.15044027407401,5376600
2025-09-09,187.3622589111328,187.53555712934508,184.85895468986632,186.71716525551224,3383900
2025-09-10,186.55349731445312,188.46948872108806,186.12987453360157,186.79419908804329,2539100
2025-09-11,189.23973083496094,189.75964018389925,185.8891663752245,187.092675201838,2277400
2025-09-12,187.82440185546875,189.23972940013675,187.35262111015618,188.4694808186902,3096400
2025-09-15,185.34034729003906,189.41301678187008,181.53726258260113,188.7679378555531,3883400
2025-09-16,187.48739624023438,187.89177340271016,184.35827360299402,184.85893733850762,3253800
2025-09-17,189.8848114013672,191.72377642981627,187.19857145064418,187.70887271339188,3041900
2025-09-18,185.8506317138672,189.15306732208748,185.08038318523197,187.96880414916248,2368700
2025-09-19,186.1202392578125,187.40077447138415,184.94561341352184,186.3513182520448,5329500
2025-09-22,186.0239715576172,189.23010636368738,184.81082517462437,187.06379032693835,3471300
2025-09-23,187.0541534423828,187.50667393346734,185.5521767874085,186.2261387875547,2774700
2025-09-24,185.75433349609375,188.28652041696972,185.388476853656,186.53421944814005,2963500
2025-09-25,186.50535583496094,190.06773889986627,185.95654877725957,187.19856337906737,3022700
2025-09-26,187.0445098876953,188.18061503444267,186.18761229168936,187.10227595396813,2608300
2025-09-29,187.31411743164062,188.2287812051251,185.15742431721065,187.32374021343333,3314300
2025-09-30,186.79931640625,188.2368277397557,185.64347388279526,187.35294641937574,3426900
2025-10-01,187.7706298828125,188.9167500959002,186.59535720426234,186.7604754644135,2960500
2025-10-02,185.6823272705078,187.66377591779013,183.45806987198443,185.468641341472,2822300
2025-10-03,184.74989318847656,186.8867376596202,184.02142247189752,185.51720915546565,2863100
2025-10-06,180.2430877685547,184.0116995201406,180.0099718044338,184.0116995201406,2968100
2025-10-07,181.6029052734375,181.62233531019777,178.66959219520893,180.91327976581542,2741700
2025-10-08,180.2624969482422,183.46777094891434,178.49474911369273,181.3503565902775,3329700
2025-10-09,180.00025939941406,181.15608711950654,178.70843625496153,180.95212362451488,2211000
2025-10-10,181.3212127685547,182.5936207507145,178.72785876664085,181.40864051932357,3154400
2025-10-13,177.9411163330078,180.72874110754788,177.26121327364748,179.06782130039073,3242800
2025-10-14,181.15609741210938,181.16581984055847,177.87313270450457,178.53360572494012,4174900
2025-10-15,184.57504272460938,184.73045335955987,180.42761218160814,180.58302281655864,3353900
2025-10-16,185.97372436523438,188.5088031295736,184.77903650319118,185.09956540681742,3394700
2025-10-17,185.79888916015625,186.98386944943678,182.7587479314591,186.5662199941009,1981400
2025-10-20,187.5375213623047,187.57636661650685,185.14813065752855,186.43995396619815,1782100
2025-10-21,186.84786987304688,188.819596012175,185.37151328603332,186.63418395267865,1749500
2025-10-22,185.70176696777344,187.87745680093548,185.39094566545003,186.5176506552092,1535700
2025-10-23,184.83731079101562,186.70219409411786,182.08854610579633,185.77946746060854,2279900
2025-10-24,186.0222930908203,187.19755092328003,184.5167839243963,185.81831476162986,1721800
2025-10-27,184.28366088867188,185.604621711579,183.32208903001515,184.54591449593036,2979100
2025-10-28,177.4748992919922,180.99097998687105,172.39503414947066,180.6024681872776,6047500
2025-10-29,173.93939208984375,178.64045313586712,173.61886317932732,177.42633521153616,4501500
2025-10-30,174.29876708984375,177.33892312961655,173.3469027824142,175.07580552930227,2954900
2025-10-31,173.84225463867188,174.89125429118195,171.81225305056944,172.04536902471898,2604700
2025-11-03,171.56942749023438,172.90981838978135,169.97650540385214,172.6475647744841,3481700
2025-11-04,175.1729278564453,175.58086967212935,172.34645796837614,173.5217157376809,2663800
2025-11-05,174.27932739257812,176.80469847563933,173.58971674610677,175.41575475449795,2330500
2025-11-06,172.977783203125,176.8823900974845,172.74468207680556,173.74511393265593,1960500
2025-11-07,172.84181213378906,173.35659691048681,170.34559357028144,172.64755624422327,4255800
2025-11-10,174.56101989746094,175.7751378219532,170.94780376850994,171.18091974549162,2911100
2025-11-11,179.4854736328125,179.650606712035,175.61972632955997,176.27049175547816,2429500
2025-11-12,178.08682250976562,180.05854882702343,176.7075715097758,178.71815790012437,2947600
2025-11-13,175.93055725097656,178.9512833906574,175.6585960079834,177.7663030515687,3072000
2025-11-14,178.31991577148438,179.10666177782838,174.4541686335007,177.60116747965145,3807200
2025-11-17,175.28948974609375,179.39806063152142,174.79413497094052,178.41705868908159,3253600
2025-11-18,176.33848571777344,177.12523174099874,173.8034069647279,174.83297656651786,3436500
2025-11-19,175.31863403320312,177.1252421567918,173.78398714793738,176.3287736582918,2673200
2025-11-20,173.9782257080078,175.47402719039056,172.90008847046812,175.31861654948273,3094500
2025-11-21,174.4055938720703,176.7658466160273,173.87137906823034,175.1923398464646,2609900
2025-11-24,174.41531372070312,175.18262964885434,171.5111386087912,174.4250213276206,6032500
2025-11-25,174.599853515625,176.7755580268185,174.3181846970527,175.0563630104771,2005100
2025-11-26,176.03738403320312,177.06695361850896,173.376032319266,174.85240380311814,1941700
2025-11-28,176.0665283203125,176.82413671623036,174.85241040111396,175.2312145990729,1088800
2025-12-01,171.21005249023438,173.95881717111223,169.88909163335975,173.37603465572417,3329600
2025-12-02,170.7632598876953,172.62814328943836,170.17076973239344,171.97737784357824,2467200
2025-12-03,171.12261962890625,171.69569451954416,169.34516413367245,170.97693141479678,2693000
2025-12-04,173.69656372070312,173.96852494260037,170.36501652129942,170.5301495967424,2804200
2025-12-05,173.7257080078125,175.19235714061364,172.98752963740228,173.68686275495958,2998000
2025-12-08,177.9411163330078,178.04795930096265,171.82195915721454,173.4148812480481,5804200
2025-12-09,174.39590454101562,179.31065160984141,174.2016486340186,177.94112301123246,3161100
2025-12-10,175.08551025390625,177.38748788971037,174.39589958056544,174.64843077040112,2500900
2025-12-11,176.493896484375,177.95083795674773,175.5517398132453,176.44532880447423,4370000
2025-12-12,175.51287841796875,177.90226893578944,175.14379665921024,176.94068223579302,5329400
2025-12-15,175.08551025390625,176.71729243197404,172.80297747525717,176.52303653050234,5020800
2025-12-16,173.9879608154297,175.78484646176102,173.57029654014934,175.0952357762355,3198300
2025-12-17,173.36631774902344,175.58086747547358,172.69612233850776,173.41487060538898,4084700
2025-12-18,169.286865234375,174.21133410633863,169.18974470360473,173.47315582523456,3950800
2025-12-19,167.4608612060547,169.821099345184,167.014059287207,169.20919398732204,6033000
2025-12-22,167.57740783691406,168.39329150869384,165.86793516926477,166.70324887726076,4154500
2025-12-23,169.5005645751953,169.5685622908162,167.18889419726017,167.9853478240584,3358100
2025-12-24,169.78224182128906,170.15132356676492,169.28687225694802,169.70453650098509,1040000
2025-12-26,171.3460235595703,171.6276923731655,169.4908479703588,169.4908479703588,1463200
2025-12-29,172.44447326660156,173.11137298552958,171.51276808751663,171.6991121163312,2177300
2025-12-30,173.31732177734375,173.44482346335212,171.6304385554852,172.28753615301352,1718900
2025-12-31,172.18948364257812,173.35655814259653,172.0227437490163,172.5327355667055,1680100
2026-01-02,171.43429565429688,172.4248431020727,169.83567589388826,171.8854301493287,1786500
2026-01-05,172.85638427734375,172.8760033763945,167.74669393623867,170.90469545895854,3433400
2026-01-06,172.43466186523438,174.37653354962814,171.40487621146946,172.0031314987053,2362300
2026-01-07,166.177490234375,173.59192249572692,166.13825204098944,173.58212042987356,2756800
2026-01-08,167.0503692626953,168.02131261634588,165.09868048858505,165.32426271008177,2714700
2026-01-09,165.26541137695312,166.79538685866044,163.66680646011852,166.17751243268225,2359900
2026-01-12,168.2272491455078,169.55126135760077,166.1382567555347,166.1382567555347,2732700
2026-01-13,170.61048889160156,170.76739679372852,166.44232063565318,168.0997679127225,2870300
2026-01-14,174.06268310546875,177.13242088522364,170.90468183450352,171.12044701189768,3604700
2026-01-15,178.0543212890625,178.3093096926725,172.97405259416786,174.03325936798743,3868300
2026-01-16,180.0354461669922,180.62388444730274,175.21016547151723,176.22033206945528,4130800
2026-01-20,174.32749938964844,180.41793506684334,174.20981472737972,179.37833234518192,5038500
2026-01-21,174.73941040039062,176.220330603253,173.2879113630496,175.54362883127436,2755700
2026-01-22,173.5428924560547,177.5933756749414,173.1211791247353,173.87634229453795,3741500
2026-01-23,175.3082275390625,176.23993260851063,171.77753836906456,172.98386589838907,2869700
2026-01-26,176.0045623779297,179.1233253241402,175.54361087858624,176.35763129306542,4304100
2026-01-27,176.6028289794922,177.8679839438357,173.6703948856442,175.15131503227684,2867000
2026-01-28,174.0921173095703,177.39723961177617,172.83676434614674,176.6028382014052,3437700
2026-01-29,177.84835815429688,178.38777108972408,173.405582916573,174.09210166848652,3496100
2026-01-30,175.82803344726562,177.72087984387272,171.92467096028125,177.72087984387272,3504300
2026-02-02,170.35548400878906,176.35765642131338,170.2476014092097,175.53381885862186,2968500
2026-02-03,169.7964630126953,170.87527401895238,168.1390008227772,169.70818454960232,3147200
2026-02-04,173.15060424804688,174.49422066411879,169.06089770494103,170.77720216371384,4518900
2026-02-05,168.1880340576172,170.37509210973576,166.04019923690993,169.25704295217423,4730000
2026-02-06,167.97225952148438,170.25739797239981,165.4321177031363,169.44337753980008,3481800
2026-02-09,170.3652801513672,170.90467811813656,166.05980869333123,167.7564939468661,2507800
2026-02-10,175.07286071777344,176.21052900424468,170.2475950146227,170.9929711164427,2680700
2026-02-11,177.00491333007812,177.06375565560066,172.21888628608397,174.09209849682418,2089100
2026-02-12,184.5664825439453,186.6750792059206,178.34856018757415,178.95661755772772,4537000
2026-02-13,188.4011993408203,188.50908193457354,184.47821769886664,185.03723480105162,3413100
2026-02-17,189.3721160888672,189.89190992730266,186.27295719046913,188.79347992381432,3166000
2026-02-18,183.02670288085938,188.47964494387907,182.05577450650097,188.37177731560573,2636100
2026-02-19,181.23194885253906,184.75283646392631,180.84945871776299,182.9874916245796,2257500
2026-02-20,183.7034149169922,183.81129750749946,179.87851391716438,182.4186408623061,2484100
2026-02-23,186.3906707763672,187.80294658096278,183.0855485221438,183.88976695281144,2966400
2026-02-24,186.52796936035156,191.6866847587016,183.4288103157213,184.52724037103852,3535100
2026-02-25,178.96641540527344,187.95984887739726,178.78007138591312,187.91082357966002,3406300
2026-02-26,181.44769287109375,183.78187160646098,177.69143636295544,179.6431250081982,2918200
2026-02-27,188.1658172607422,188.2736998557601,181.12405734909262,182.57557134842222,4964400
2026-03-02,186.5377655029297,188.5384944287044,184.90972460479642,186.36123852035428,3390200
2026-03-03,186.58680725097656,187.49889326485732,182.66382575818335,183.91917863867823,2361100
2026-03-04,187.126220703125,187.31256471893235,183.61515046182208,184.88030541206052,2457200
2026-03-05,184.02706909179688,185.39030462019403,181.46732295977202,185.36088345493985,3430400
2026-03-06,184.95877075195312,186.4887311762409,182.28134000944954,184.27225196733517,2747300
2026-03-09,183.0463104248047,185.88066387066323,181.73211525530323,184.60569193033191,2800900
2026-03-10,182.53631591796875,184.37031986012562,180.97693443582935,182.90900393193394,3288700
2026-03-11,179.3292999267578,182.0361518063929,178.97623098898046,182.0361518063929,1587900
2026-03-12,176.39688110351562,180.63369375862396,176.14189266832008,177.57377267632415,3070400
2026-03-13,180.85926818847656,180.98675491807964,177.52472475023887,178.5937486414463,3194200
2026-03-16,181.1534881591797,182.6246062489522,180.60425816840882,182.1538376854343,2267300
2026-03-17,181.50656127929688,184.22321530618208,180.59446026083958,182.0263551524547,2728900
2026-03-18,177.2108917236328,180.65330274857678,176.7303210820931,179.6137150013566,3654800
2026-03-19,179.2410125732422,179.54505619858986,174.91593700634715,176.81857039134874,3615200
2026-03-20,173.38597106933594,182.14403519170048,172.21889662477614,180.47677102019944,6368000
2026-03-23,173.1015625,176.17130038015566,169.81605943539324,175.7495720778241,4363100
2026-03-24,167.0797882080078,172.9838797509199,166.824799789472,172.1110169369086,4558300
2026-03-25,164.04928588867188,168.678405335508,161.90145108607368,166.21672482431686,4107600
2026-03-26,165.66751098632812,165.81463177515536,162.55854986761474,164.06889119732583,2890300
2026-03-27,166.25596618652344,168.35476076649957,164.73580780717447,165.54001126203153,2468500
2026-03-30,167.0797882080078,169.6983766500417,166.51095407590117,168.23706060557876,3106500
2026-03-31,169.25704956054688,169.77684344571728,167.1974781538427,169.30608982546607,4425800
2026-04-01,167.72708129882812,170.561434885961,166.52075369066347,169.3453052112618,2311000
2026-04-02,170.3848876953125,173.0721353768785,167.06016151389773,168.18802766015116,4241600
2026-04-06,172.74850463867188,173.81751359793557,168.41361150345682,169.41397606234895,2898900
2026-04-07,170.72816467285156,172.98388213400864,169.5610752275362,172.43466709268083,3617100
2026-04-08,172.7877197265625,173.7880842382935,170.3848964570506,171.63044732209886,3465200
2026-04-09,176.46551513671875,178.84873427424714,171.86583171619836,171.86583171619836,3273800
2026-04-10,175.8378448486328,178.0837603057291,174.8767184994543,177.07359369113593,3179700
2026-04-13,177.45606994628906,177.72087538683914,175.04342974736056,176.0241751190412,2597700
2026-04-14,174.74197387695312,177.14898996367043,171.36421321443456,176.75277817545296,2887200
2026-04-15,175.31649780273438,177.01032063946218,174.5537742129766,176.08912139747187,2129100
2026-04-16,176.91127014160156,176.9508852748888,174.9103658340989,175.49478351577932,1915900
2026-04-17,180.63571166992188,181.3390049777776,175.73251898228753,176.60418794184883,4708600
2026-04-20,179.9423370361328,181.6955901090591,178.793301663885,179.65507063581524,2778700
2026-04-21,173.10757446289062,180.160262521242,172.66183240135226,180.0215868773298,3564000
2026-04-22,174.64291381835938,176.50514247965808,173.16701205614834,175.25704662601706,2269500
2026-04-23,177.3173828125,177.51550382344712,174.7122608010692,175.87119616545678,2433900
2026-04-24,176.52496337890625,177.9216198060643,174.5933892783155,177.19852646553437,3065000
2026-04-27,173.64247131347656,177.20842280293343,173.0481385079782,176.95088664829007,3046500
2026-04-28,176.71315002441406,178.47631819756813,172.6420111269603,174.8311213362868,4484600
2026-04-29,176.50514221191406,177.52540192641558,174.92026482838173,175.86127916225553,2775000
2026-04-30,180.98240661621094,181.2498427699997,175.39573579718424,176.3070349958044,3006400
2026-05-01,179.89280700683594,182.3691685288096,179.1597985551077,182.0323869893039,1943200
2026-05-04,179.16970825195312,180.90316126487215,177.53530062820874,178.9616872400181,1625500
2026-05-05,176.43580627441406,178.9715981321101,175.03914982035496,178.29803503250847,2244200
2026-05-06,178.45652770996094,179.53621775060589,176.72307457305854,177.45606794051824,2116000
2026-05-07,178.07020568847656,179.25885617699282,176.7428644470309,177.80275441634433,2589500
2026-05-08,174.86083984375,178.1296400992734,174.44481291879413,178.1296400992734,3510200
2026-05-11,175.79196166992188,177.29759378219237,174.4844354663552,175.3759347272903,2456400
2026-05-12,177.1291961669922,178.80320387825884,172.87975128393842,172.9391815428044,3384000
2026-05-13,172.22598266601562,175.13818617283923,169.3930245399674,175.098571039707,3271000
2026-05-14,168.8878631591797,173.64248051149005,168.580796735394,172.97881740841828,2922200
2026-05-15,169.01663208007812,170.72037002286564,165.78744696980092,168.57087491281098,4632900
2026-05-18,175.60374450683594,176.0990168040945,169.01662899910144,169.27416515245193,3242300
2026-05-19,181.26966857910156,182.37907373594743,176.0197789798646,177.1192841315642,4659700
2026-05-20,182.280029296875,182.280029296875,178.95179869437166,180.23950975218463,2812700
2026-05-21,182.0422821044922,183.09225694328478,180.26921395276878,181.46776443308457,2929200
2026-05-22,182.11163330078125,183.31018381940456,179.90270792946393,183.27056868523582,2069900
2026-05-26,183.2012176513672,185.22193706534733,181.23994360857188,182.0521823073009,2795400
2026-05-27,183.23094177246094,186.80680849811574,182.9635056043026,183.52810818492623,2741200
2026-05-28,184.91485595703125,186.5195484633293,182.27010372761833,183.8054508579696,2411200
2026-05-29,185.19223022460938,185.8261781816865,183.2507561041479,185.16249998043105,4326800
2026-06-01,185.7568359375,186.12333261924934,182.27011455748038,183.07246841555795,2479200
2026-06-02,183.77574157714844,185.59834004488917,181.33901028353037,185.5488249056498,2610600
2026-06-03,180.51686096191406,186.80681036860418,179.75413735566875,182.47813512060452,5585700
2026-06-04,192.07650756835938,193.1264824290708,183.30028178242588,185.4299466327737,4071300
2026-06-05,192.28451538085938,194.22598947213817,191.19492537559515,192.1458397396617,3060800
2026-06-08,187.31199645996094,191.65057168190268,187.09407543117487,191.17511448932925,2800200
2026-06-09,189.025634765625,192.09631406955774,186.945484983516,187.3714270366863,2665700
2026-06-10,190.67984008789062,191.11568214069908,186.80680698122006,190.47181906650061,2179000
2026-06-11,187.52000427246094,191.11568616941605,186.2719234613457,190.28363229533923,3337500
2026-06-12,187.17999267578125,190.13999938964844,186.7899932861328,187.72999572753906,2985700
2026-06-15,185.75999450683594,188.02000427246094,183.69000244140625,186.1199951171875,3906300
2026-06-16,184.47000122070312,187.36000061035156,183.47000122070312,186.49000549316406,2682000
2026-06-17,181.08999633789062,183.85000610351562,180.7899932861328,182.63999938964844,2007900
2026-06-18,176.0500030517578,181.89999389648438,175.0,181.63999938964844,4453100
2026-06-22,176.42999267578125,178.42999267578125,173.99000549316406,175.72999572753906,3031800
2026-06-23,179.3800048828125,179.75,175.99000549316406,178.49000549316406,3507900
2026-06-24,174.4600067138672,180.47000122070312,173.33999633789062,179.89999389648438,4636500
2026-06-25,168.72000122070312,175.2899932861328,167.24000549316406,175.22999572753906,3382100
2026-06-26,175.58999633789062,176.61000061035156,171.13999938964844,172.3699951171875,7260600
2026-06-29,168.6699981689453,175.82000732421875,167.63999938964844,174.94000244140625,3600300
2026-06-30,163.57000732421875,168.60000610351562,162.39999389648438,167.69000244140625,5368900
2026-07-01,166.0800018310547,168.14999389648438,162.27000427246094,163.52999877929688,4626500
2026-07-02,166.02999877929688,169.6999969482422,165.44000244140625,167.16000366210938,3857600
2026-07-06,162.11000061035156,165.7899932861328,160.05999755859375,165.0,3989400
2026-07-07,165.25,166.4199981689453,163.92999267578125,164.22999572753906,2737000
2026-07-08,165.0399932861328,166.72999572753906,163.83999633789062,165.60000610351562,3625700
2026-07-09,165.0,166.07000732421875,163.66000366210938,164.0800018310547,3132600
2026-07-10,168.58999633789062,168.92999267578125,166.17999267578125,166.5,2458200
2026-07-13,169.5,170.89999389648438,168.97000122070312,170.0,2135300
2026-07-14,168.8300018310547,169.38999938964844,166.6999969482422,169.0,2200500
2026-07-15,168.6300048828125,171.3000030517578,167.77999877929688,168.1999969482422,2072300
2026-07-16,168.9199981689453,170.10000610351562,167.55999755859375,169.77999877929688,2375400
2026-07-17,170.05999755859375,172.67999267578125,168.89999389648438,171.94000244140625,2849600
2026-07-20,167.05999755859375,169.77000427246094,166.36000061035156,168.22999572753906,2570600
2026-07-21,163.38999938964844,166.61000061035156,163.07000732421875,165.30999755859375,2758700
2026-07-22,166.05999755859375,166.82000732421875,163.47000122070312,163.74000549316406,2702300
2026-07-23,164.64999389648438,168.22999572753906,163.58999633789062,166.17999267578125,3619800
2026-07-24,166.6699981689453,169.49000549316406,166.4199981689453,166.52999877929688,3343500
2026-07-27,166.74000549316406,168.22999572753906,165.5500030517578,166.4199981689453,3520800
2026-07-28,171.5,178.60000610351562,169.16000366210938,169.5399932861328,4395600
2026-07-29,179.25999450683594,180.3699951171875,172.58999633789062,174.9600067138672,5367700
2026-07-30,174.4600067138672,179.86000061035156,172.82000732421875,177.3000030517578,3697400
2026-07-31,173.36000061035156,174.1699981689453,170.9600067138672,172.69000244140625,4302400
2026-08-03,173.0,175.16000366210938,171.7899932861328,174.6699981689453,2505900
2026-08-04,175.25,175.5500030517578,169.02999877929688,170.5,2990800
2026-08-05,168.07000732421875,173.91000366210938,162.5,173.91000366210938,5294200
2026-08-06,171.1999969482422,172.3800048828125,167.38999938964844,169.69000244140625,2896000
2026-08-07,172.5399932861328,173.77000427246094,170.50999450683594,170.50999450683594,1560500
2026-08-10,169.11000061035156,171.6199951171875,168.72000122070312,171.25999450683594,1801100
2026-08-11,169.5500030517578,171.6199951171875,168.5,168.5,1584100
2026-08-12,170.42999267578125,172.38999938964844,168.92999267578125,169.22000122070312,1797300
2026-08-13,174.19000244140625,175.0,171.25,171.35000610351562,1356939
