Date,Close,High,Low,Open,Volume
2021-08-16,242.22779846191406,243.3910267226834,241.00466514642645,241.98830875514273,1066600
2021-08-17,245.07603454589844,245.24710982167696,240.46585082103888,240.46585082103888,922500
2021-08-18,242.38177490234375,245.72609564187036,242.3389930310788,244.58849984353557,1146200
2021-08-19,247.30841064453125,247.8130487064309,240.85069834556512,240.85069834556512,1203200
2021-08-20,248.74530029296875,249.600624184133,246.1194496825152,247.5307288824535,1712800
2021-08-23,246.7695770263672,248.32624712990136,245.74317761306384,247.51370485492248,1071400
2021-08-24,243.4252166748047,247.88144742542872,242.39028193899895,247.60773747966317,978000
2021-08-25,241.97119140625,243.50222890920801,240.96191519638938,243.46800863529484,973400
2021-08-26,242.210693359375,243.6561933018116,240.96192737385527,241.38958946090938,960900
2021-08-27,244.19500732421875,244.46015568180647,241.38098399418743,243.6133932561178,882400
2021-08-30,249.48089599609375,249.5578720231683,243.95551031037948,244.19499998430595,1632600
2021-08-31,249.9000244140625,250.3790037655797,247.01756060977394,247.89854328514494,2327100
2021-09-01,254.8523406982422,255.26290562955793,249.74605519448207,250.48164743362054,1658400
2021-09-02,257.35845947265625,257.4354355029335,252.91076408334857,254.97209812438885,1795800
2021-09-03,258.31640625,258.56443141305016,254.17664127586116,256.6399524379541,1645300
2021-09-07,255.93006896972656,258.2565514814983,252.4061379818412,257.02488273394744,1535200
2021-09-08,259.69354248046875,259.77908012525273,255.20309020476722,255.45114154391337,1512700
2021-09-09,253.87728881835938,259.7704579039373,253.76609251633406,258.7355231201339,1243100
2021-09-10,251.36264038085938,254.15954067634127,248.09529618820923,253.59502366119082,1488700
2021-09-13,251.9870147705078,255.24582353070886,250.76390760024742,253.6121514050294,1270100
2021-09-14,253.5180206298828,254.70693348269984,252.15805864374468,252.5686235480645,1109700
2021-09-15,254.25363159179688,254.74114645504986,251.679097887649,253.7062116789553,1044200
2021-09-16,254.1510467529297,254.886613039922,250.47313701069834,253.85167806075384,906500
2021-09-17,251.2514190673828,254.50163974967094,251.09746701559806,251.32839509327522,2994000
2021-09-20,249.06190490722656,251.59365772885448,245.99982905118364,249.36127365663373,2374700
2021-09-21,249.64349365234375,251.6535109326415,248.61712017687347,249.96852105542493,1161500
2021-09-22,251.08038330078125,252.25219926335404,248.20650680602117,249.84017899655294,1172900
2021-09-23,246.3333282470703,251.0376105573442,244.13513915750727,251.0376105573442,1634100
2021-09-24,241.3553466796875,246.70112226938798,240.65397465773805,246.23926605218017,2318700
2021-09-27,235.53782653808594,242.19750590701227,235.1683280410937,241.38974915013824,1776700
2021-09-28,230.94046020507812,233.7246270359117,229.23901035058984,232.70204206302415,2317600
2021-09-29,232.02322387695312,233.20908058705814,230.45926716582431,231.928685764615,1448500
2021-09-30,228.0703582763672,234.05117182091234,227.95004182034643,233.1918584750344,2090800
2021-10-01,229.10153198242188,231.17248041424614,227.79538506084472,229.44527832024656,1784600
2021-10-04,227.9156951904297,229.76321369616045,225.26899531804483,228.500021989832,1387600
2021-10-05,227.33132934570312,229.3679239516205,225.40647589191894,228.0617509158428,1649200
2021-10-06,230.26161193847656,230.68269333803673,224.3753098878649,226.3259680945587,1421100
2021-10-07,228.67185974121094,233.54417790531414,228.24220307229805,231.32716103235498,1185000
2021-10-08,225.2088623046875,228.69769911332202,224.63313696627725,228.64611617897506,1064300
2021-10-11,224.79638671875,226.40329855253304,223.86831357759226,225.07137329569773,1074800
2021-10-12,227.33132934570312,228.4828322769792,224.77059242397127,225.80175267814357,1352700
2021-10-13,227.01339721679688,227.19387190384626,222.83714687358452,226.2571972639117,1646600
2021-10-14,230.18426513671875,230.63112486658568,227.77819822267585,228.10474149475937,1370000
2021-10-15,231.43887329101562,233.20048154733067,229.5054180841441,231.83417634804118,3091300
2021-10-18,230.29600524902344,232.22946051697235,229.3765335611325,230.67410526602225,1354300
2021-10-19,234.50660705566406,238.42507381845027,231.189670125197,231.77399690711937,1816900
2021-10-20,237.20486450195312,237.92668456913032,235.53779450484313,235.53779450484313,1109700
2021-10-21,239.78277587890625,240.0749392361008,234.8331231825302,236.99000782507002,1269100
2021-10-22,244.4316864013672,245.1706832751304,239.74841827866064,240.41868162488183,1496300
2021-10-25,244.54339599609375,245.4886459815555,241.14052227259523,244.47466246268007,1194700
2021-10-26,246.57138061523438,248.82277744995076,245.24803068197372,245.7636239490771,1742300
2021-10-27,245.2652587890625,250.2063111739338,245.17072067209014,247.67132598246403,1280300
2021-10-28,245.772216796875,249.19226710705303,243.05678349522483,245.33395860168653,1391600
2021-10-29,242.3006591796875,244.8442201174707,240.29847001099682,244.24271632616689,2532000
2021-11-01,242.41226196289062,243.3231318682233,237.52276769648668,243.06532217054018,1520500
2021-11-02,242.88494873046875,245.15354889455813,240.18671805257398,243.02244203351958,1532500
2021-11-03,241.1233673095703,245.2652645696996,237.5657969210154,243.80442116659745,1133500
2021-11-04,239.7054443359375,243.5723540054418,238.57974606341455,242.15446614729595,1381000
2021-11-05,238.7430419921875,241.84517715359323,237.77203983127038,241.41552043270127,1214000
2021-11-08,239.54222106933594,239.93749790590576,234.9620657841063,239.10396282660025,1014100
2021-11-09,240.53904724121094,241.99126293470212,239.5765940897795,240.51326888509377,823300
2021-11-10,237.06741333007812,241.879574190221,236.79242671540322,239.43052546259617,925300
2021-11-11,234.14573669433594,237.77204047748614,232.33257169067826,237.28222552053847,1221800
2021-11-12,233.81915283203125,236.50020611676848,233.3894961844987,235.8728979706732,991200
2021-11-15,223.8511199951172,230.7600064348526,222.68246646680925,229.7202184356288,3467600
2021-11-16,222.5965576171875,225.4236799124522,222.2442359649893,225.25183296143953,2783200
2021-11-17,221.29896545410156,223.76519056691345,218.86710710589284,222.64809370421554,3451600
2021-11-18,222.5277862548828,223.22382799697945,217.75000594471067,221.35913264193746,2436700
2021-11-19,224.2636260986328,227.1079514247849,223.0863446833266,224.19486633940681,2036700
2021-11-22,221.3849334716797,224.33237237997602,220.52562000168078,223.4215021997105,1835200
2021-11-23,225.14010620117188,225.32055466872006,220.62871094332397,221.92628254255152,2070900
2021-11-24,228.13052368164062,228.585958720318,223.85113364383523,225.89630366723424,1320800
2021-11-26,225.8876953125,229.8663203046673,225.37210205950757,229.07574048685726,1161800
2021-11-29,229.38511657714844,231.4216850991805,224.7018481497004,226.9704480686284,1842900
2021-11-30,225.55258178710938,230.42487388763487,225.44944215487493,226.9962219484382,2759500
2021-12-01,222.51922607421875,229.9007253867563,222.14112606218163,226.84157163421256,2629100
2021-12-02,228.78355407714844,230.07252396786103,222.7941396026709,223.1894425838843,1902600
2021-12-03,229.4022979736328,231.3529561755432,226.39470107294582,228.33675774912183,1804000
2021-12-06,231.6451416015625,234.50664395755723,229.72886309629197,230.75144823765086,1864800
2021-12-07,237.86654663085938,238.3048048685213,233.08876609473998,233.08876609473998,2133000
2021-12-08,237.0415496826172,238.8203342870411,235.05653830347427,237.50558614989245,1327600
2021-12-09,232.925537109375,238.02126034962342,232.81382214800598,237.06743486255448,1116100
2021-12-10,234.2230682373047,235.60655027394537,231.54201452781192,232.79660479460486,1352400
2021-12-13,237.18765258789062,238.31335093651035,232.31536076047954,233.73322249031276,1836400
2021-12-14,234.9448699951172,238.97505177015836,232.88252316637625,235.85574006301246,2225100
2021-12-15,235.75262451171875,237.3337579401831,232.97703293057177,235.58935287611232,1932500
2021-12-16,240.1522979736328,240.32417112971945,236.06195812105943,236.1392931740499,1791500
2021-12-17,239.62811279296875,243.8301677427234,238.734445773212,239.9632575934996,3248700
2021-12-20,239.284423828125,240.21249707023554,236.31980806244667,237.0416282373292,1551000
2021-12-21,238.76022338867188,242.36074848110798,237.66887863312684,240.86552539559014,1381900
2021-12-22,241.6818389892578,241.75917403083542,238.6398628997488,239.70542910674214,914200
2021-12-23,240.71463012695312,242.19999093690123,238.7456659234785,241.80275093959196,1016000
2021-12-27,246.77703857421875,246.90657051820554,240.47287830458598,241.85461386741054,1235300
2021-12-28,249.13462829589844,249.52325052794285,245.87893540049603,246.77706757504106,1065600
2021-12-29,249.47140502929688,250.00682129342638,247.67514091576376,247.67514091576376,1430600
2021-12-30,251.42311096191406,252.1571340961649,248.2019427304115,250.10180606966932,1370200
2021-12-31,252.59754943847656,254.23834876223728,250.38678325088932,251.6476046654324,1274100
2022-01-03,247.31240844726562,252.64069012745352,242.04455742665826,252.48525182383125,1597900
2022-01-04,244.19491577148438,248.92735157876697,243.92720763182567,248.0119573552086,1813300
2022-01-05,228.4777069091797,241.3191564010802,226.4569298647056,240.91327214293307,4486100
2022-01-06,228.75413513183594,229.17728166847027,221.7418306333277,227.90781570414924,2473100
2022-01-07,230.2135009765625,232.5106304930676,225.3947287171707,228.01137911132003,2244300
2022-01-10,228.3395538330078,230.87848517615222,223.33076606056798,230.87848517615222,2113500
2022-01-11,224.95431518554688,225.9215221571905,221.16320646407797,224.02165884986576,1884300
2022-01-12,224.00440979003906,228.41729844446127,223.53806841775938,224.42755627623984,1876900
2022-01-13,220.59320068359375,224.72976232674696,220.2650355858259,224.53112914799044,1728000
2022-01-14,216.43075561523438,219.52237845656748,212.51873311965946,219.03877500468624,2549900
2022-01-18,216.093994140625,216.73304919171463,213.97822211002295,214.7122716527988,2523600
2022-01-19,215.03176879882812,218.71062082243546,214.23727549135828,216.94028949256366,2200000
2022-01-20,212.38919067382812,218.36517179107977,212.04375024157926,215.80033423190434,2120900
2022-01-21,211.37017822265625,216.56894192803654,210.50659682468904,215.66217882472972,3504900
2022-01-24,214.51361083984375,215.31674838032822,206.39595108882273,208.39082198053325,2708800
2022-01-25,216.35304260253906,217.96793557035414,211.9142348256497,212.25966210760595,2065700
2022-01-26,209.50486755371094,219.6692118545342,207.60497779915767,216.43942562620833,2325000
2022-01-27,204.176513671875,211.62059319183587,203.13158771271634,208.59805874193836,2722300
2022-01-28,213.10598754882812,213.17507564267038,201.79306584338843,205.16104123786292,2106700
2022-01-31,217.19070434570312,217.3461426599377,211.56015038835605,212.36328787685076,2665000
2022-02-01,216.02487182617188,218.01111158862972,213.81410565401927,216.81937827291966,1665800
2022-02-02,217.91612243652344,219.75555499406312,217.23389894376237,217.51888238064925,1446000
2022-02-03,216.49986267089844,218.21839446678555,215.77445742952972,216.67257632209953,1367300
2022-02-04,212.8123321533203,215.89532370082642,211.62059892699102,214.3063372809175,1275900
2022-02-07,212.66554260253906,214.47906874334467,211.14564414106417,212.2423961663021,1171600
2022-02-08,211.85377502441406,213.58956872789605,209.9107170610456,212.08693249243058,1303800
2022-02-09,215.80038452148438,216.29263231069928,213.07146376820052,214.29774793974266,1824700
2022-02-10,209.42710876464844,215.4290096980821,208.27854398612908,212.9850728925838,1453100
2022-02-11,204.5824432373047,211.53427664729622,203.3648033896077,209.81575796998166,2379600
2022-02-14,202.3284912109375,206.0159876754415,200.99858158190057,205.44602075847976,1810100
2022-02-15,201.55126953125,204.79833096603795,200.59269361633554,204.72061179982492,1696300
2022-02-16,200.6358642578125,201.8621482401887,198.40782270880578,201.55988948531024,1275700
2022-02-17,197.47515869140625,200.79130813064805,196.68929644876943,200.35951742729242,1721100
2022-02-18,197.27655029296875,199.74639378892414,195.7825580608595,197.6047154635805,2705400
2022-02-22,197.216064453125,199.40092416759012,193.8999153027754,197.1038078405324,2521600
2022-02-23,196.4215850830078,199.875910652908,195.79980542624926,198.52872578899994,1934000
2022-02-24,200.13497924804688,200.88629081104244,189.987898315298,191.5509784612664,2699700
2022-02-25,201.78443908691406,202.46666261523026,195.85162573199196,200.0918136946103,2309500
2022-02-28,195.92068481445312,199.83270703929622,192.92405665692186,199.61681171484702,3690400
2022-03-01,197.37155151367188,199.4182354214082,195.75664517228114,196.89657906032164,2467300
2022-03-02,199.4873046875,201.0158474649831,196.67203404912442,197.164268598154,2160300
2022-03-03,203.1488800048828,204.496064792497,199.936356352631,201.62896840679042,2702600
2022-03-04,205.77415466308594,206.59455427681144,202.05212130416749,202.05212130416749,2396600
2022-03-07,200.3681640625,205.42010744563967,199.5132137158733,204.77242138288793,1499200
2022-03-08,196.87066650390625,204.36654725216187,196.4734132343077,200.79996478261776,2058000
2022-03-09,201.30947875976562,204.21111305143629,199.70321668442637,200.04864400456503,1481200
2022-03-10,201.04177856445312,201.62900766736456,196.1193665830762,199.42687217703042,1300300
2022-03-11,202.80345153808594,205.5582782951145,202.66527535242534,203.20933584770992,1889000
2022-03-14,202.8811798095703,204.8069758935081,200.73950154450438,203.77931187948008,1652400
2022-03-15,203.986572265625,205.8432670409108,202.14713963108682,204.34927487942565,1422300
2022-03-16,206.94003295898438,207.6222565258939,203.52024452186345,205.37695259843335,1902000
2022-03-17,211.69833374023438,211.7846971469849,205.95552297588094,205.95552297588094,1876100
2022-03-18,209.4443817138672,214.56542592145254,208.81397102414743,213.45139861160774,3668100
2022-03-21,208.67581176757812,211.5774458375818,207.2854451678429,208.82261902628227,1601400
2022-03-22,206.97454833984375,210.1007087274454,206.4909448740497,209.18531457044864,1909800
2022-03-23,202.07806396484375,207.44954176201747,201.82763113653382,206.45642834247494,1968600
2022-03-24,203.3647918701172,203.42523571693295,199.2023231307352,201.73262352519922,2081200
2022-03-25,207.8554229736328,208.4081145789712,204.27155202110416,205.0315079198972,1530200
2022-03-28,211.60330200195312,211.7414781575399,208.1230707934832,208.77075669844217,1382800
2022-03-29,216.37030029296875,216.95752925989643,213.53775464462393,213.8572755132637,1917500
2022-03-30,216.64666748046875,216.68984918708185,213.62413249844573,215.16130637798375,1385400
2022-03-31,216.9488983154297,219.41011032619934,216.4998323434468,217.54477152922897,3315600
2022-04-01,221.8972930908203,222.27727108678448,215.98175411508748,216.94896124866256,1636200
2022-04-04,222.65721130371094,223.98713422134676,221.18913853501104,221.92318809656922,1989800
2022-04-05,227.05282592773438,229.15994022940689,221.97496324354427,222.41537182227486,1956200
2022-04-06,231.97525024414062,232.42432947534576,224.9716171728784,225.5588462473921,2749700
2022-04-07,229.4794921875,231.3102805170771,228.0027490358399,229.6780990403199,1752400
2022-04-08,230.06671142578125,231.86294904416238,228.01138358884143,229.85081608752137,1559100
2022-04-11,227.38963317871094,231.215292739192,226.767853470451,230.2221793264696,2158500
2022-04-12,223.28302001953125,225.86156757729677,221.93732453285406,224.75896632354463,1518100
2022-04-13,223.26565551757812,224.19463313170274,221.33825615246784,224.0557183626977,1317800
2022-04-14,221.8592071533203,224.2988535184087,221.39038628192193,223.94288932573653,2312200
2022-04-18,220.4440155029297,223.4566616840932,218.91597952773017,220.64369720509177,1072500
2022-04-19,224.66346740722656,225.34066042716745,221.19936770852348,221.26014789506223,1308500
2022-04-20,232.3209686279297,232.6335335092213,224.984715562239,225.5143033258447,1807500
2022-04-21,231.59164428710938,235.74162658134645,231.07941102744502,233.44959934326735,1712400
2022-04-22,227.3809356689453,231.92161844612852,227.3375363890593,231.92161844612852,1664500
2022-04-25,225.3145751953125,228.33591162507875,221.485834806232,227.55453927979065,1656800
2022-04-26,221.23411560058594,226.7818844070351,220.9041962780974,224.7155699095861,1883300
2022-04-27,219.52377319335938,223.994985630729,218.39511363948964,222.26728084796108,2049600
2022-04-28,218.94203186035156,220.40061050028845,212.89070767579761,219.32404086718367,2417400
2022-04-29,209.2529754638672,218.18672234984103,208.95777823112206,217.31852480708721,2151900
2022-05-02,205.71939086914062,212.95147748949924,202.0555964324616,209.56551260614293,2127600
2022-05-03,209.24427795410156,210.9719957750735,204.3042452304335,205.71939816900505,1367100
2022-05-04,213.26406860351562,213.61134236183182,207.21272996896073,208.9144031790574,1098500
2022-05-05,209.65232849121094,213.98463878330722,208.1069380017554,212.69101973976953,1375900
2022-05-06,211.9009552001953,212.81255191262161,207.32555098938562,207.7162371872314,1843000
2022-05-09,200.63174438476562,210.21665159620431,199.65069028031613,210.21665159620431,2423300
2022-05-10,195.1273956298828,203.27976993852926,193.02635918879102,201.9687964322586,2411700
2022-05-11,195.10133361816406,199.14713694766007,194.4154502083797,196.60331150959843,2104200
2022-05-12,195.77853393554688,196.7075116084331,192.75721038060425,195.05792842934864,2193700
2022-05-13,201.9948272705078,202.19450897998064,196.3775885597498,197.23709557962624,2229500
2022-05-16,199.87644958496094,203.93093072746697,199.71148992376996,201.95144128846283,1203100
2022-05-17,202.29005432128906,202.83702308509515,199.16453745331847,202.46369120336635,1728500
2022-05-18,200.23236083984375,202.55044619511932,199.25997079085224,201.9166658333558,1623800
2022-05-19,202.50706481933594,205.0595675630481,198.99955278390365,199.68542297297864,1825900
2022-05-20,212.08328247070312,212.85597770935055,203.4273524081112,204.4170970199477,2853900
2022-05-23,216.54583740234375,216.8062993241747,211.44083142597438,213.22063910290157,1697400
2022-05-24,224.4464111328125,225.1322945855717,215.91204125276397,216.60660191148673,2174400
2022-05-25,225.9831085205078,226.76448088095293,219.28930074181625,222.94441762244642,2392900
2022-05-26,221.1212158203125,227.70214098696337,220.487435376362,226.35644550617297,1487200
2022-05-27,226.5648193359375,227.95394067886113,221.24277750127138,222.71002019458524,1786300
2022-05-31,222.37142944335938,224.89788734244362,221.59004374642848,223.78659560460827,2829600
2022-06-01,219.27197265625,222.3714442904984,217.78736225395014,222.3714442904984,1418000
2022-06-02,227.78028869628906,228.50090747546045,213.29876041730904,213.62867971425152,2781800
2022-06-03,231.5743408203125,233.9792384827411,226.38250996057417,227.31148769301075,7332200
2022-06-06,232.1212615966797,235.3596476804366,231.0881309886704,234.23100157370004,4197100
2022-06-07,231.07073974609375,231.80002240486357,225.00204821381737,231.09678460907543,2135100
2022-06-08,229.60354614257812,233.5799062696273,228.61381458601474,230.62803951957284,1550400
2022-06-09,225.905029296875,232.4425562570545,225.7487335902568,226.74718204053664,2050700
2022-06-10,217.9262237548828,223.85601356347206,217.14485139698675,223.13542138220663,2188200
2022-06-13,208.39346313476562,214.5750256374494,207.4731758237081,212.70840614786235,2272900
2022-06-14,203.58363342285156,208.7841278896275,201.99483043249364,207.65546850740336,2584900
2022-06-15,209.5829315185547,212.2743498421973,204.0351484268178,204.37374501935966,2076700
2022-06-16,204.5260009765625,206.98018452002123,202.89280157812553,205.050028872846,1668500
2022-06-17,206.26406860351562,208.09815339989814,202.72691268282736,204.1068407371995,4291800
2022-06-21,215.59169006347656,217.06767622461632,211.25976296714748,211.35583433399916,2502000
2022-06-22,220.09825134277344,226.04591986941662,211.57415400181898,211.63529637703266,3130200
2022-06-23,225.60047912597656,226.9017934922228,220.727066952589,221.01528100509194,2553100
2022-06-24,228.51756286621094,228.93679062582672,224.08956460719827,227.74027637923302,3131500
2022-06-27,226.49131774902344,230.64857275282995,225.45203065124284,229.0241152851939,2018900
2022-06-28,220.90176391601562,227.49573224991704,220.19433539965777,227.07650449263454,1601700
2022-06-29,221.10263061523438,221.7751167663047,215.85366178137184,218.36897481093106,1863700
2022-06-30,223.22494506835938,225.07648777488123,218.5262170058443,219.74893137305926,1938100
2022-07-01,225.6790771484375,226.23804742178325,220.47379308046098,222.29913540213192,1363200
2022-07-05,223.53062438964844,223.63542466788851,218.019654315744,223.1376100196613,1321600
2022-07-06,225.5306396484375,227.58304051009705,224.19438286698067,225.29481238201024,1170900
2022-07-07,224.61358642578125,227.58304301130138,223.07645799616634,225.76644274293204,1089600
2022-07-08,222.7183837890625,225.22496818247618,221.59174081045353,222.98914005402742,936000
2022-07-11,225.32102966308594,225.73151519741046,220.51750134055266,222.70965827739806,1299500
2022-07-12,223.13758850097656,225.97603126674724,221.0938899862752,224.41271617847107,1650900
2022-07-13,223.51312255859375,225.51313644451082,219.36460997751578,220.44759490151512,1188500
2022-07-14,224.0284423828125,225.19875652630577,219.5917020117228,219.87118717669284,1579200
2022-07-15,224.63108825683594,227.76648773562485,222.99787501472667,226.97171672771063,1181100
2022-07-18,217.68777465820312,225.14637227387445,217.10261754517293,224.3778013425693,1608200
2022-07-19,224.59613037109375,224.69218840502853,219.65284641443978,219.74891777496083,1506300
2022-07-20,218.11570739746094,225.2686056461221,217.8449511570572,223.5830057883073,1573500
2022-07-21,223.05897521972656,223.5742743006516,216.7619770061536,218.49124806519404,1290300
2022-07-22,226.72715759277344,227.39090154765782,223.37340222309402,224.06335957313678,1587500
2022-07-25,224.7533416748047,226.77956925795715,223.4956850130669,226.50882631789162,1593300
2022-07-26,226.1856689453125,229.75775373342577,225.17255521775508,225.8188413366631,1579700
2022-07-27,225.57431030273438,228.15948156700944,223.041539177702,226.65728205131444,1505400
2022-07-28,234.8494873046875,235.42591543850617,227.12888985265434,228.35160408204038,2589500
2022-07-29,236.53509521484375,239.26003557293487,233.63552327301863,236.11589412373135,1821200
2022-08-01,234.6049346923828,237.34733267064362,232.54379174196038,236.0547338801476,1323100
2022-08-02,232.86692810058594,236.84075573003628,232.34290013820902,235.02415566738824,1681000
2022-08-03,234.78836059570312,235.74907421616925,231.3298182151981,233.92373166387011,1370200
2022-08-04,236.91940307617188,237.31243078946406,234.06348875995266,235.0678603400414,1257800
2022-08-05,237.72291564941406,237.9325162142081,233.22505917537808,234.38663117617781,1156400
2022-08-08,238.4303436279297,241.8190282341093,236.97180195965876,239.95874326657028,968900
2022-08-09,241.20767211914062,242.20332816528347,236.115929317797,239.15524429407287,1459800
2022-08-10,242.6137237548828,244.51766602984094,240.23815370386026,244.51766602984094,1350800
2022-08-11,239.26004028320312,243.60069602069711,238.66612763714812,243.60069602069711,1260400
2022-08-12,242.55264282226562,242.70984323637876,239.86267134136233,240.77095816946462,1110000
2022-08-15,245.8714141845703,246.7011273628556,242.9107001150725,243.13778512242845,1329100
2022-08-16,243.19020080566406,244.61377335302208,240.9543728543493,243.53954392558734,1183500
2022-08-17,242.32559204101562,243.6531334674115,240.5613916203087,241.79284834460537,1059000
2022-08-18,240.60499572753906,243.84522169771174,238.36045225771798,242.37793799380472,1139000
2022-08-19,239.66177368164062,242.43908746321392,238.7709447290147,240.16831720689734,2110700
2022-08-22,235.59185791015625,239.43468547963207,234.87568720019286,237.83642806902708,946800
2022-08-23,231.6442108154297,234.84946761034448,229.97606892862518,234.34292413392416,971000
2022-08-24,230.98919677734375,232.93679726096727,230.65731149677006,232.56999632688,1372900
2022-08-25,234.27308654785156,234.46522928157813,229.0940016315884,232.09840074812666,1367400
2022-08-26,228.11581420898438,234.3342125708649,228.01101393484495,233.94992713023882,1227300
2022-08-29,226.83197021484375,229.38222585843562,225.49571333858069,226.90182818378133,1577900
2022-08-30,221.31227111816406,227.67041280084234,220.7009139037888,226.98918428674023,1211100
2022-08-31,221.87997436523438,223.76644618495828,220.9367317920784,221.71403169126415,2005100
2022-09-01,225.01539611816406,225.11145416831903,219.75768379691723,220.9105403178395,1590500
2022-09-02,219.0851287841797,227.93238160592972,218.76197244014972,226.67472518715797,1387400
2022-09-06,221.99346923828125,223.99349660519113,219.21615541897737,220.1855979142522,1163700
2022-09-07,226.63980102539062,227.1201444703418,221.53057474678525,222.64848869149654,1095800
2022-09-08,228.53504943847656,228.8232502017925,224.68347931876025,226.77956482966871,1518700
2022-09-09,228.46517944335938,229.88003658746646,226.78832158855658,229.25120822862164,880000
2022-09-12,231.52195739746094,231.93244290841807,228.78830140461585,228.8756438511717,946100
2022-09-13,222.38650512695312,229.0066468635532,221.80134804265046,227.55684752398068,1711400
2022-09-14,219.93231201171875,222.7882258514155,218.15062754361102,219.59168449661087,2087000
2022-09-15,214.0283660888672,220.08083605538764,213.61788051664394,219.73147954360815,1561400
2022-09-16,214.7532501220703,216.2903786815001,213.0763789681685,213.4781222690413,3287400
2022-09-19,216.1593780517578,216.40392092847725,210.98902200219513,213.4519219253231,1249300
2022-09-20,207.77496337890625,214.71827375114827,207.27714882001874,214.28158823473478,2093000
2022-09-21,204.49984741210938,211.74010163663473,204.41251829392786,209.58287385141932,1942400
2022-09-22,203.30335998535156,206.51737313851874,202.8055452990618,203.2422309272332,1446000
2022-09-23,199.8360595703125,202.5173155165994,197.0587455867841,201.67014439736514,1907000
2022-09-26,193.33816528320312,200.12426278248256,190.50845131443356,200.12426278248256,2146900
2022-09-27,192.6656951904297,197.81858002376939,191.67878145383852,195.5303517069869,1900800
2022-09-28,193.06741333007812,195.57398412382148,191.9756994545334,195.2770411480538,1988800
2022-09-29,186.65692138671875,192.29016379003198,184.61323567648046,190.69189265974134,2096500
2022-09-30,187.51278686523438,189.80102838455602,185.18088744883755,188.52590061720358,2501700
2022-10-03,189.67002868652344,191.44297121978863,185.4603862818315,189.42548580790668,2102200
2022-10-04,192.21156311035156,195.93212016318645,190.3687490786123,191.2246492470263,2032800
2022-10-05,187.02371215820312,189.99316896985977,184.61321239320844,189.64382581316622,1518700
2022-10-06,177.35546875,187.0411506725012,177.10218367800013,186.5695228340252,2908700
2022-10-07,171.2237091064453,176.85403673180025,170.15042580539955,175.17373100694468,3165300
2022-10-10,166.781005859375,174.33796448224948,166.23557169820972,172.42893149441235,1992300
2022-10-11,166.50828552246094,168.8923718582757,162.98932780567944,166.65783961457316,2463100
2022-10-12,161.6873016357422,166.57866407299517,160.3764984948735,165.9012609628684,2572500
2022-10-13,167.01852416992188,168.41730654154463,156.7431613845172,158.23871562344607,3518100
2022-10-14,163.43800354003906,169.49940816936086,162.80459002496036,168.5668864454282,2466400
2022-10-17,169.34109497070312,172.34099706211933,166.12124453664828,166.93939599146302,3040900
2022-10-18,173.50221252441406,174.1356259918061,170.8629942182,171.1269187335731,3253400
2022-10-19,168.02145385742188,172.59609662494137,167.5991692274899,171.55799702272478,1824700
2022-10-20,165.39102172851562,168.17100169842053,163.07730260766806,168.1621957124419,2515600
2022-10-21,165.00392150878906,166.24435729796696,161.10668236785355,166.24435729796696,2078000
2022-10-24,163.10366821289062,168.40849535744655,162.0303851445428,167.08009378703568,1856400
2022-10-25,172.0154571533203,172.47292543546362,163.5611603264728,163.59635742250788,2495200
2022-10-26,173.23829650878906,175.34087332561657,170.8542100391745,171.83072139733548,2512300
2022-10-27,174.78663635253906,179.4228672479675,172.58728761592812,174.95378900432297,3414500
2022-10-28,180.0914764404297,183.31131276347816,173.5726036146204,173.5726036146204,2613600
2022-10-31,182.27322387695312,184.63972521125692,176.56370985466003,177.3994596707176,2513500
2022-11-01,182.88026428222656,187.66604964307052,181.74539273094564,184.22626473699387,1907000
2022-11-02,180.51376342773438,186.51358027860434,178.01530628570077,181.8685564509113,2655500
2022-11-03,177.11798095703125,179.95953619747488,176.89804604998042,178.7718957536572,1703800
2022-11-04,179.39646911621094,179.80115517436377,175.1913155702835,178.50793709394688,1788100
2022-11-07,177.72499084472656,181.21755799491544,177.44346774026053,180.02990421156017,1828800
2022-11-08,178.604736328125,180.77769420158552,176.91563791664657,177.7249967331616,2071800
2022-11-09,176.8628387451172,181.86855908863836,176.29980595249637,179.47566636405966,1530300
2022-11-10,194.33445739746094,194.93268726003222,184.42859509214207,187.48129234441032,2781200
2022-11-11,196.41062927246094,198.32846829773604,194.44002145053747,196.0147491956466,1915700
2022-11-14,189.47828674316406,195.4517116929594,189.34631777161323,195.1086138449411,1628000
2022-11-15,193.17318725585938,193.38432955336737,189.20556722613452,189.49586942754004,2152200
2022-11-16,192.794921875,196.23470682394876,191.89759717647814,193.6218792206563,2400800
2022-11-17,190.3228302001953,193.1819834248471,188.607340950156,191.53687494195796,2144600
2022-11-18,189.96212768554688,193.7274247761627,188.8184771715195,191.45769544775186,2360400
2022-11-21,193.46351623535156,193.7538318805554,189.66303516042066,189.66303516042066,1682400
2022-11-22,191.89756774902344,194.59836084111205,189.55745762416228,194.18488223169078,1562400
2022-11-23,192.00315856933594,193.912191799701,190.25247201603545,191.95916890667564,1210500
2022-11-25,193.61309814453125,194.63359933051547,192.11754346783653,193.226010562002,566500
2022-11-28,188.17628479003906,193.8682007649789,187.41970823842195,192.40784331081957,1367200
2022-11-29,191.09701538085938,191.1410050406382,187.66603669826327,188.9768399628595,1848100
2022-11-30,194.642333984375,194.72150730531095,188.85364736734473,189.91813790259388,3889200
2022-12-01,194.68634033203125,198.79472189701752,193.44590450263527,197.4311230832406,1708700
2022-12-02,192.98846435546875,194.34327080481933,190.26127975431032,192.02075888683595,1354400
2022-12-05,189.6806182861328,192.21427213007576,188.77448775073123,189.9797264694432,1454200
2022-12-06,186.96224975585938,190.77152355364782,186.293639117985,190.26127301244475,1672200
2022-12-07,185.7218017578125,189.67183684701715,184.27023698845764,186.44318114949652,1624800
2022-12-08,186.72467041015625,188.11466014467277,184.0590613481662,185.08835474028305,2465300
2022-12-09,188.1234893798828,190.36682776484997,185.86256587021674,186.47838082866122,1646800
2022-12-12,189.9093475341797,189.9621297524773,186.47836910724934,189.03841408475193,1847700
2022-12-13,196.52500915527344,200.55421773326898,194.34325892298332,196.146727608313,2179100
2022-12-14,193.41073608398438,199.67447708147708,193.3139642012137,195.93558417478368,1902800
2022-12-15,191.97679138183594,194.7655645179195,190.49882175957094,191.1850310503182,1693100
2022-12-16,187.7803955078125,189.27594998833283,183.05619864017325,189.22316776559532,3724100
2022-12-19,184.41094970703125,187.51642839474363,182.77463405489684,187.51642839474363,1401700
2022-12-20,183.59283447265625,185.1235725786819,181.01519081248057,182.9506284100565,1307500
2022-12-21,185.27313232421875,187.72759946716505,184.29662100417374,184.5605320984357,1410200
2022-12-22,185.27313232421875,185.71300204633346,181.5782159194483,184.18225058082118,2212200
2022-12-23,186.90065002441406,187.0238130147844,183.87434406244677,184.22624790904715,1146700
2022-12-27,186.90951538085938,187.60078706438347,184.90660172386117,186.99814550359142,1550000
2022-12-28,186.20053100585938,189.87845125692184,186.1030432787608,187.3083399396804,1411700
2022-12-29,191.19895935058594,192.04974901649334,186.22711244531013,187.75145858004032,1323900
2022-12-30,187.76028442382812,190.72034607100179,185.38513550188267,189.94931553111758,1450400
2023-01-03,190.2506561279297,190.7646810492264,186.9715446867472,189.6568722161879,1812400
2023-01-04,194.088134765625,197.22544387059463,190.9951272017437,192.67900497792925,1796000
2023-01-05,187.99960327148438,193.03348035182347,187.44126326629143,192.37766614692526,1495000
2023-01-06,193.6449737548828,194.38941800570674,186.93607732640405,189.12510854634724,1980200
2023-01-09,194.35397338867188,198.04076422219305,194.21217062052347,195.72765896861506,1727200
2023-01-10,196.7025146484375,197.5887616290775,194.75277399564064,195.94034170416487,1691300
2023-01-11,202.1707000732422,202.78221278417175,198.26236033144912,198.26236033144912,1893900
2023-01-12,205.79544067382812,206.3183232061979,199.90188947006442,203.21645842202454,2364700
2023-01-13,206.3271942138672,208.15286115604863,203.17215656352747,203.17215656352747,2007100
2023-01-17,204.76739501953125,208.773235695247,204.6876360261196,207.58565430453567,2204500
2023-01-18,199.573974609375,206.06129595920714,198.73204261962425,204.95348715083597,2213000
2023-01-19,197.94329833984375,201.2755826204981,197.6065201091134,198.5813973438287,1864300
2023-01-20,196.22396850585938,196.53414686888297,190.0645540271491,196.17965344741108,2990400
2023-01-23,191.13690185546875,194.96549564669826,190.63174806313143,193.9906184712305,2723600
2023-01-24,190.6937713623047,191.92565419011066,188.4515674636583,190.4810672073175,1991900
2023-01-25,193.7867889404297,194.4426031221051,188.5845094071077,189.5771153281972,1985100
2023-01-26,195.88719177246094,196.30372898352564,193.64498773318445,194.83255557946976,1126100
2023-01-27,195.67449951171875,196.68482070740825,194.46920286396127,195.6036116410196,1360200
2023-01-30,193.25503540039062,197.26087597392194,193.06893108717748,194.96549929057844,1422200
2023-01-31,197.97872924804688,198.00531557787548,193.24617321575656,193.24617321575656,1548500
2023-02-01,201.30218505859375,202.92401902989965,195.92267167767133,196.64938733737574,2601500
2023-02-02,201.5237274169922,208.70233433225818,199.88416487367294,204.02295072868216,2195800
2023-02-03,196.80001831054688,199.74236501585565,193.23730137311182,198.8827042931032,2485700
2023-02-06,195.47952270507812,196.330312319297,191.89021936725845,193.98176299321074,1797800
2023-02-07,194.50465393066406,195.16048165907387,191.25212866613356,194.02607291929382,1834400
2023-02-08,193.618408203125,194.96550760373574,192.2004074105813,193.98177276563476,1936100
2023-02-09,190.7115020751953,195.4086140763863,190.20633477298654,194.46918085770284,1220000
2023-02-10,192.0674591064453,192.49285389811706,188.19456387878697,188.9035506905543,1929800
2023-02-13,192.54605102539062,194.0969835385728,190.88877318154033,192.81192787511924,1352800
2023-02-14,190.6760711669922,192.77648613299792,188.90357684604203,192.24473242748948,1017300
2023-02-15,191.9611358642578,191.9877221966036,188.77949835527667,189.22262192511747,1381500
2023-02-16,187.88438415527344,190.33042126937158,186.43093946027759,189.50621796202216,1719700
2023-02-17,186.34231567382812,187.85780420804593,184.77366799884626,186.96269947990643,1793500
2023-02-21,181.37045288085938,184.92431219646704,180.16515635520946,184.92431219646704,1888300
2023-02-22,176.611328125,181.77815054903104,175.99981543766197,181.751564216804,3564500
2023-02-23,178.9864959716797,180.75899042624033,177.24944545606408,178.35725449016448,3234000
2023-02-24,173.46511840820312,177.4975448903941,172.0028162936877,176.17703201580963,2727000
2023-02-27,172.88909912109375,177.1253595014287,171.0102594526941,175.98210660508667,2348100
2023-02-28,175.4857635498047,176.89490655691054,172.23323868353324,172.90679505808993,2741400
2023-03-01,172.72071838378906,176.1948058275973,170.92163762758585,174.16530566487154,3261000
2023-03-02,175.0603790283203,175.63643420266266,171.3292865138338,171.3292865138338,1884900
2023-03-03,179.46505737304688,179.53595877156627,176.44295118607027,176.59361158677686,2044800
2023-03-06,175.98208618164062,180.9362040292746,175.600992911715,180.6880559329283,1788900
2023-03-07,170.4873504638672,175.70734534697377,170.19488729781852,175.58327129377653,1907000
2023-03-08,173.5006103515625,174.79452363263684,169.6011147325608,170.27467122911972,1603000
2023-03-09,169.450439453125,175.27308927565866,169.05163097064974,173.3410636040043,1463600
2023-03-10,169.51248168945312,172.41049988584095,168.7237223342408,169.4149939703569,2357800
2023-03-13,173.99691772460938,178.1268330010843,167.9881626756005,169.184588304634,2325200
2023-03-14,177.09877014160156,177.25828813801485,173.10180035134306,176.42522717387035,2461600
2023-03-15,179.3055419921875,180.09430146805042,175.2465281482108,175.38831742426515,3117500
2023-03-16,181.7249755859375,182.6998393090667,178.49903659363363,179.01306154861794,2622400
2023-03-17,178.4458465576172,184.02919208004542,178.02043824266417,182.04400736915775,3456900
2023-03-20,178.9775848388672,180.51078841289774,177.06328801029866,178.08248020769284,2000700
2023-03-21,175.6453094482422,179.32322938959655,172.49027203408681,178.6142290270425,2578100
2023-03-22,170.2657928466797,175.20219581005387,170.08854612679195,173.74875107008168,1943400
2023-03-23,169.8226776123047,173.08407421499774,168.71486865486494,170.42533271714237,2053200
2023-03-24,176.9126434326172,176.9658160954263,167.82861057248314,169.17570996356406,1897500
2023-03-27,171.1786346435547,178.43700109423474,170.8329987898584,177.41782226291613,2389800
2023-03-28,170.9304656982422,172.15349096529664,169.2377440954889,170.15057748311284,1480200
2023-03-29,175.9111785888672,175.98207997433056,172.88907295839164,173.13722104598517,1784100
2023-03-30,178.295166015625,179.67772270310843,177.26712976711244,178.7205743147227,1477800
2023-03-31,181.09571838378906,181.2286635547064,178.14451409377332,178.25973053729032,2558000
2023-04-03,178.2242889404297,181.63633200310048,176.46951002734042,180.07654204785584,2876200
2023-04-04,180.30697631835938,180.89190267107028,177.96728443057367,178.36609293540093,3431500
2023-04-05,181.40591430664062,184.12668577032179,180.29810547289844,180.36013573559833,2060200
2023-04-06,183.1784210205078,183.462013069432,180.37787685094494,182.0085683206684,1273300
2023-04-10,184.64959716796875,184.98636188574406,180.59058364092985,181.79588029316437,1728800
2023-04-11,186.44866943359375,188.33636656302266,183.7190267397785,184.62300256924414,2115100
2023-04-12,187.2285614013672,189.1960310864432,186.4929746701849,187.8843891374118,2306200
2023-04-13,188.21958923339844,189.23742623985405,186.4339093186583,187.60352748302805,1686100
2023-04-14,184.71966552734375,188.18388905826347,183.30897670417187,187.93389495022362,1174800
2023-04-17,186.45176696777344,189.22849973598946,184.8892970672197,185.50535880779447,1857900
2023-04-18,185.8714141845703,186.47855243465258,184.07681079023425,186.11248478560714,2116100
2023-04-19,185.81787109375,188.06783188580258,184.62146866908122,184.93396814318737,1186700
2023-04-20,183.5589599609375,185.54106571726302,182.77327007796927,185.54106571726302,1472300
2023-04-21,182.2643585205078,184.4518138133641,181.09474029088895,184.4518138133641,2177300
2023-04-24,182.0857696533203,183.0411012529298,180.1304481111394,182.39825544115374,1356700
2023-04-25,180.1215362548828,183.13932601907163,179.98760208830987,181.58579322661447,1339900
2023-04-26,178.87158203125,184.34469619362946,178.6394485101994,180.84476464298564,1789300
2023-04-27,183.60362243652344,183.88933778425329,178.87156757309424,178.87156757309424,1744600
2023-04-28,182.48757934570312,184.46968536909174,181.53224756566271,183.6214900366967,2082300
2023-05-01,178.12158203125,182.1304385814825,177.99658497477085,181.50543967542941,2135800
2023-05-02,175.1127166748047,180.12154970885751,174.71092776873112,178.27336433662305,2133800
2023-05-03,171.3984832763672,176.29124230167616,171.0681368602483,175.39840236738186,1491300
2023-05-04,173.56809997558594,175.37164068814536,170.7735198879223,170.7735198879223,1984300
2023-05-05,175.66624450683594,176.46087144657122,172.88951196485664,174.05020652114493,1210800
2023-05-08,172.50564575195312,175.38951552780975,171.91636800248622,174.55916713107746,1311400
2023-05-09,172.7823944091797,174.05022552880692,170.39851332963516,171.70205205357078,1511500
2023-05-10,175.31805419921875,176.9251688437794,173.94308666221806,174.541287797538,1628700
2023-05-11,174.7198944091797,174.97881206312405,172.13064975143718,174.6841731732606,1714500
2023-05-12,178.826904296875,178.93405435298754,174.67520405531712,174.8984140387053,2130700
2023-05-15,174.51454162597656,180.71084081999814,173.47884378281717,179.25552064031575,2134800
2023-05-16,170.56814575195312,175.13055864731768,170.505654036934,174.3091474910832,1395300
2023-05-17,173.88951110839844,173.98772405199648,170.34493526716435,171.42527764674304,1181100
2023-05-18,170.5592498779297,173.44311969899616,167.47003064046336,172.97885263788865,2387500
2023-05-19,170.29135131835938,172.21096528889277,169.26459087675616,170.90741303278364,1250600
2023-05-22,172.73776245117188,174.13059072429198,169.889600563202,170.53244647751248,1754000
2023-05-23,167.9878387451172,173.13060580898681,167.541418749915,171.88955876727104,1755500
2023-05-24,163.7379150390625,167.96998123300673,163.54148916358474,167.63069769833493,2011400
2023-05-25,162.99685668945312,164.8628888877681,162.18436907725257,164.80039717649066,2597900
2023-05-26,162.65757751464844,163.3897128218392,160.85405060291555,162.4968728610641,2692100
2023-05-30,162.49685668945312,168.16639532560768,161.88079499804343,164.52360701333515,2483400
2023-05-31,164.67539978027344,165.7468049774712,159.39871249509557,162.72900163780116,7074800
2023-06-01,166.9700164794922,168.58606844903252,164.41649333597752,164.45221456800334,2618200
2023-06-02,170.66635131835938,171.48777606274285,168.80925620763708,169.88958491994876,2188200
2023-06-05,168.42535400390625,172.95205979878975,168.184283365023,171.35386840871374,1383100
2023-06-06,168.844970703125,169.4520953557085,166.3093084064697,169.4520953557085,1390400
2023-06-07,170.46995544433594,172.93420286391753,168.77356468697494,169.639620682457,1823100
2023-06-08,169.657470703125,170.63958658733114,167.55036763288206,169.8271124929977,1184500
2023-06-09,167.22894287109375,169.62174764830098,165.0147033778537,169.62174764830098,1825300
2023-06-12,168.35394287109375,168.48787707285464,165.97006121527826,167.4075344560876,1533300
2023-06-13,170.55029296875,170.75564234492003,166.9075042972196,168.05926185117642,1946300
2023-06-14,172.3359832763672,173.00561328670966,169.89852022968716,171.6484926511248,2510000
2023-06-15,174.87445068359375,175.48655416344616,170.39163467247656,172.42600929342393,2432500
2023-06-16,173.63223266601562,175.0274863928415,172.42601898646538,173.09213001841178,3283300
2023-06-20,171.07574462890625,173.92025907691814,170.98572295907385,172.4619876908279,2139400
2023-06-21,170.43663024902344,171.0937582460711,167.42109648973596,170.01355310832986,2127600
2023-06-22,167.81716918945312,170.68868772432342,167.70015748755625,170.68868772432342,2431400
2023-06-23,167.45712280273438,170.3466486427006,166.74600092133167,167.43911571822085,4173300
2023-06-26,169.34744262695312,169.97755313540355,166.3679092877685,167.11503148933036,2308800
2023-06-27,168.97840881347656,170.50868143990806,168.49231365007788,170.10361129399706,1776300
2023-06-28,172.48001098632812,172.6060330947135,167.36708458459316,168.9963890553052,2600300
2023-06-29,173.48818969726562,173.74924432586823,169.84253145364087,170.8597187405921,2674200
2023-06-30,174.577392578125,175.80161325189533,172.10194747373046,174.87444763889795,3243100
2023-07-03,175.5675506591797,176.71977039467993,173.4251749246243,174.09128586306315,971000
2023-07-05,178.55609130859375,179.4202526613397,175.3695246495616,175.53154717705095,2178900
2023-07-06,176.44073486328125,177.72797356491344,174.42438093176827,176.43173818872307,1605600
2023-07-07,176.0266571044922,177.43090742944742,172.73206135109405,175.43254697150954,1830200
2023-07-10,174.22633361816406,176.09867196603182,173.686230999121,174.94646586509475,1615700
2023-07-11,175.17147827148438,175.54954455009656,173.4341589890043,174.30731696652936,1484200
2023-07-12,175.9186248779297,178.52910250085768,175.1624922155836,177.5659227222136,1649200
2023-07-13,177.1878662109375,177.2868845699738,173.5512181556937,175.60358620173693,1750000
2023-07-14,174.60438537597656,177.02582281468233,174.2803265786892,176.52173440454177,1712200
2023-07-17,167.6641387939453,173.92027454861773,166.43991814636303,173.66821659773998,4359800
2023-07-18,167.2410430908203,170.07656080388804,163.97346532523218,167.43008309917604,3090300
2023-07-19,170.2296142578125,174.280342731652,169.78852999036863,170.42765097091953,3380800
2023-07-20,166.21487426757812,166.40391429300237,161.3180055133725,164.5675902270977,4164000
2023-07-21,166.430908203125,167.4660887388585,163.47837871237047,166.45791195724823,4474200
2023-07-24,171.77786254882812,172.218946736038,165.65676011027867,167.35806521040558,3420600
2023-07-25,168.14122009277344,172.37199162950452,168.0242083963855,171.93090739354892,2353600
2023-07-26,171.0127410888672,171.2467919559552,168.1952438932592,168.36626310371182,3158600
2023-07-27,173.93826293945312,180.7614911168764,173.9022625105705,175.00945769248602,2969600
2023-07-28,170.1035919189453,176.5937513955349,170.07658816131914,175.4685490431766,1714400
2023-07-31,171.30979919433594,172.55202694061617,170.13058937043442,170.43664110244035,1812500
2023-08-01,172.14694213867188,173.14612225452328,170.72468489135503,171.70585792586914,2243700
2023-08-02,171.58885192871094,172.77707219469585,169.3474576543724,171.18378183271795,2236400
2023-08-03,167.205078125,171.3008176444517,165.34173634106827,170.43665615000924,2493000
2023-08-04,166.32290649414062,169.05039576184245,165.04467833364833,165.7828038977052,1687500
2023-08-07,165.1976776123047,167.43907143542913,164.04547174502224,166.52991307096676,1559600
2023-08-08,166.1788787841797,166.43092300199376,161.89411334596053,164.00948544085585,2047300
2023-08-09,168.4202880859375,168.51029602995374,165.1526961662537,165.56676292656402,1475800
2023-08-10,168.27626037597656,170.42764667285522,167.8801869597512,168.4832937579562,1618300
2023-08-11,168.4292755126953,169.1403972935152,167.26807283036487,167.27706950365862,1073100
2023-08-14,168.4652862548828,168.6813300455708,166.4759362402282,167.31308017530677,1342000
2023-08-15,167.11502075195312,168.4652633556114,165.80079230953746,166.83597281152424,1487800
2023-08-16,160.21981811523438,167.5831357075132,159.68871216665048,167.20506936580654,2200300
2023-08-17,158.70755004882812,161.72309805347768,158.3564874403049,159.91376375653547,2370100
2023-08-18,158.8335723876953,160.1208111109534,156.89822970083472,157.2492923098358,1511300
2023-08-21,157.5463409423828,158.32048073247321,155.32293993138063,157.72637057685904,1998500
2023-08-22,158.18544006347656,158.7705535146351,155.9170420621424,157.6723549448581,1658400
2023-08-23,160.0847625732422,160.6698759528819,159.08558247976833,159.7427104477658,1655700
2023-08-24,159.4636688232422,161.60605845635888,158.6805323963446,160.5888711540169,1055700
2023-08-25,159.8057403564453,160.72390933660736,158.13143867985826,159.4096669243997,1174700
2023-08-28,160.3818359375,161.1739827646308,159.14861859239122,160.36382885450706,1381900
2023-08-29,163.37936401367188,163.51438278730026,160.0307610739002,160.84090118642806,1572900
2023-08-30,164.08151245117188,165.800825002,163.65843525310672,164.2795491709207,1858300
2023-08-31,163.2173614501953,165.19771487279638,162.68625549307453,164.80164144120008,1567100
2023-09-01,162.74026489257812,164.2705511206163,161.3900220339896,164.2705511206163,1654100
2023-09-05,162.4071807861328,164.22551136143372,161.579033626931,162.53320288132923,1715200
2023-09-06,160.23779296875,162.20015278488097,158.5544948411892,162.20015278488097,2313300
2023-09-07,164.32452392578125,165.20667856114162,159.63467534405532,159.88671952558687,2404500
2023-09-08,162.83023071289062,164.99962345789737,161.0029037700242,164.6305539066803,1645800
2023-09-11,162.28115844726562,162.96527642939344,159.82372072693656,162.71323223937907,1393100
2023-09-12,161.29998779296875,161.68705075635737,157.88836703454476,161.44401697089967,1341500
2023-09-13,159.28366088867188,161.06597777742886,158.76156528784773,160.66090763026344,1639000
2023-09-14,163.00128173828125,164.027465523429,160.7958883277436,160.7958883277436,1444600
2023-09-15,162.15516662597656,164.21653136530927,161.34502639759168,162.90230266278436,3514500
2023-09-18,161.60606384277344,163.50540598984244,160.858927821991,161.94812975805178,1499100
2023-09-19,159.6527099609375,162.02014007655856,159.39166906196223,160.65189018698098,1612600
2023-09-20,159.69772338867188,161.7680984722116,159.36465415100824,161.1199808158795,1885600
2023-09-21,152.41539001464844,159.11258171728775,152.26235043412063,159.11258171728775,2499200
2023-09-22,149.6159210205078,152.820495306319,149.34586969336374,152.16336720534613,3732500
2023-09-25,149.17483520507812,149.34586816836898,146.7984082741621,148.57172836399735,2681100
2023-09-26,146.64537048339844,148.42768710296428,146.4113196114307,147.03243348645302,2702800
2023-09-27,143.74684143066406,147.1314448866796,142.37859163551772,146.6453635535427,3178700
2023-09-28,146.11428833007812,146.99644315902583,142.99072539273286,144.38596536975908,2694000
2023-09-29,148.0316162109375,149.41787317727352,147.36550522031632,149.07580727265398,2529300
2023-10-02,145.56517028808594,147.6265347603806,144.574986816883,147.29347929069368,2061100
2023-10-03,142.31558227539062,145.7992039530827,141.97351640519994,144.92604593155917,1783300
2023-10-04,141.93753051757812,143.5308210243531,140.0922094975331,142.64866615407297,2217100
2023-10-05,142.8647003173828,143.38678212904966,140.07419295032517,141.29841367624084,1486000
2023-10-06,143.6388397216797,144.43998325626862,139.1470269351667,141.1453874345468,1878700
2023-10-09,145.84423828125,146.47434887885188,142.9097016282484,142.9097016282484,1952100
2023-10-10,144.1711883544922,146.16245512630266,143.92568610032433,145.38049680207808,2793900
2023-10-11,150.5904998779297,150.75417265687017,144.4166771918281,145.19863544340595,2782300
2023-10-12,149.3357696533203,151.4088661044106,147.8173182800983,150.8178431243943,1765100
2023-10-13,151.80892944335938,153.25463878791936,150.4541370997677,151.09061160296045,1969200
2023-10-16,153.82745361328125,154.86401560667872,149.5903441382623,151.29064322562243,2062200
2023-10-17,151.76345825195312,154.5003054489705,150.7269101363087,152.13625540186902,1732500
2023-10-18,148.00823974609375,152.34538154018793,147.9354978227637,151.85437702623594,1728500
2023-10-19,144.9622039794922,147.7899814590468,143.67106634119494,144.0893288397899,2672200
2023-10-20,145.56234741210938,147.49906124703912,145.22592815406182,146.18064682793295,2560800
2023-10-23,144.83494567871094,146.61708817289093,142.98007513294326,144.12572924584944,2187700
2023-10-24,148.4174041748047,148.84475431241165,145.3986905980764,145.3986905980764,2404500
2023-10-25,147.2353973388672,148.4810839391819,145.92608408878868,147.49908859604358,2448200
2023-10-26,159.17385864257812,161.1378488309418,147.799106414651,148.20826756870116,5013500
2023-10-27,156.38246154785156,160.05583834036148,154.75489056403822,159.57393525834144,2829500
2023-10-30,156.97349548339844,158.18280408602863,154.30028845380588,156.31883197108576,2568600
2023-10-31,162.01983642578125,162.44718655684866,158.21006314513104,158.27371753125328,2930700
2023-11-01,162.19261169433594,163.0018465943365,160.937837672767,162.2835287018917,1781300
2023-11-02,167.43898010253906,169.61209481072297,164.22931724639514,164.86580561940332,2908000
2023-11-03,173.27638244628906,175.66770883768046,168.99379393125508,169.18474320065627,3417100
2023-11-06,169.757568359375,173.4491341031224,168.4573429529459,172.703553699391,1943800
2023-11-07,168.62100219726562,170.60318137642102,168.36641241265525,170.50316297003104,1544400
2023-11-08,167.68446350097656,168.83921888101116,166.55698460539062,168.83921888101116,1447300
2023-11-09,165.33859252929688,168.45733810610815,164.4929937437002,167.84814014921432,1949300
2023-11-10,167.11163330078125,167.79357317538836,163.047284412297,166.88432000924556,1738700
2023-11-13,166.95709228515625,168.46645614518476,164.6021294864292,165.7023321221163,1425200
2023-11-14,176.57696533203125,178.19543488755204,173.56733951669878,175.44950026473958,2910400
2023-11-15,178.10455322265625,180.7141059353167,175.23130926516987,175.5859175218523,3803000
2023-11-16,181.0414276123047,181.71428005825263,177.44077839009,178.941054680223,3260600
2023-11-17,179.79574584960938,182.31436740758022,179.16835887608684,181.9597591887332,2593500
2023-11-20,181.5233154296875,181.6687992771919,177.61352374115214,179.53204862354372,1945500
2023-11-21,179.61387634277344,181.45967315761243,178.95922678356013,181.4505717459171,1989300
2023-11-22,180.75042724609375,182.37799815104916,179.8775519932222,182.01428856726767,1393300
2023-11-24,181.23236083984375,181.24144837748548,178.5773291935147,180.02305237653792,614100
2023-11-27,182.95083618164062,184.4329094122556,180.9595695222996,182.28707137912542,2525200
2023-11-28,184.77842712402344,185.0512058451298,182.33253391913652,182.55984720770812,2105200
2023-11-29,187.46981811523438,189.87025988235774,185.47856526149343,186.39690599881055,2933400
2023-11-30,189.8339080810547,189.99758089408695,185.74226811860893,186.88792231341606,2943300
2023-12-01,191.37049865722656,191.70691786027803,187.4243435827001,189.48833810435775,2093300
2023-12-04,189.7884063720703,190.79767792490279,188.8427891993931,190.2248578740155,2668500
2023-12-05,191.3159637451172,191.9069727588048,188.58820422206222,189.96117152065636,1738000
2023-12-06,191.6342010498047,193.95279950413482,191.5069061556977,192.57073074375677,2037700
2023-12-07,191.5978546142578,192.80716315633688,191.17050445750414,192.39800195015474,1964500
2023-12-08,187.71533203125,191.20686120645573,185.53312976527232,190.76133599019315,2364300
2023-12-11,186.9424591064453,189.1155736487612,185.58766687538886,187.2152239607968,2468600
2023-12-12,186.44236755371094,187.28796635253906,185.10576426760636,187.16977287338935,1712900
2023-12-13,191.88880920410156,193.1526707287389,185.1785293237736,186.3787364582135,2244500
2023-12-14,192.91627502441406,198.6536612473604,192.0706760973271,195.90772621337732,2975000
2023-12-15,192.89804077148438,193.47996220400805,189.42470112319975,191.06135948782924,3722400
2023-12-18,191.57057189941406,194.61656200120137,190.86135546532006,192.7980554780673,1804900
2023-12-19,191.85243225097656,193.88006307674743,191.5341880696393,192.26159343119352,1776900
2023-12-20,191.9524383544922,195.04389360025831,190.27941584205644,192.3161340748991,2991200
2023-12-21,194.8347930908203,194.88934606814513,192.34343409152248,193.66186245602458,1685500
2023-12-22,195.66220092773438,197.40796543003904,194.2710446231775,195.4530765737044,1106400
2023-12-26,196.61691284179688,197.29885272750414,194.98025434127894,195.7440236834865,1053100
2023-12-27,198.61477661132812,198.97219466788624,196.1311693067038,196.1311693067038,1860500
2023-12-28,199.0180206298828,200.08111525533528,197.57001532639535,198.60561733084808,1125400
2023-12-29,197.84500122070312,198.68814108887588,197.03851352764985,197.9366386505231,1584400
2024-01-02,200.53018188476562,200.79596254794464,196.49777209454297,196.49777209454297,1566300
2024-01-03,196.7543487548828,200.69512052101814,196.6810304448108,199.32043367125263,1533500
2024-01-04,197.46005249023438,199.48541689719934,194.9122863119244,195.79209217010822,2033000
2024-01-05,196.37864685058594,198.18407048424083,195.24223373586653,195.84709945744498,1884000
2024-01-08,198.02822875976562,198.15653230902794,194.7656408064917,195.5904473397439,1703200
2024-01-09,194.16078186035156,196.50691197507444,192.70361707591582,196.44276719026985,1578800
2024-01-10,191.51223754882812,194.37158215591808,190.96235713175395,193.93168621268268,2088900
2024-01-11,190.30250549316406,191.30145537980914,188.8728331951162,190.88903807656934,2271600
2024-01-12,191.9337921142578,194.1241401576414,191.04484072009922,192.15374706838202,1763400
2024-01-16,190.66909790039062,193.22600967742505,190.2108688806752,191.5122376185822,2400000
2024-01-17,187.82806396484375,192.81359771330924,185.7843665440562,188.24046726729298,2629300
2024-01-18,186.87496948242188,189.51435923002296,185.61941241016825,188.10301994710045,2881000
2024-01-19,186.83828735351562,188.00219292511215,185.83935149306188,187.56229700213018,1986400
2024-01-22,186.9757843017578,189.4227257352856,185.0787093343477,187.04910262738164,2185500
2024-01-23,185.36280822753906,188.13967512119214,184.55633461758075,187.65395345227202,2108900
2024-01-24,180.322265625,186.40754600270617,179.58911043427113,186.13261979820228,3308500
2024-01-25,183.48406982421875,184.7945981053858,181.4586914085498,182.73256752119772,2510500
2024-01-26,180.8079833984375,183.1357944301712,180.6155350593648,182.5584214448759,1831100
2024-01-29,182.47598266601562,182.65011195182885,179.40584227225187,180.61557374166475,2466000
2024-01-30,179.22254943847656,182.3751676391323,179.03926060951684,181.91693857471236,2428100
2024-01-31,179.30503845214844,184.0889513005876,178.48023167857292,180.45061118436007,2454100
2024-02-01,181.81610107421875,181.8527532410426,177.21547802364782,179.02090139257587,2700800
2024-02-02,177.3437957763672,179.2133780669082,173.51300776291254,178.70932333249564,2914000
2024-02-05,173.64129638671875,175.67583424210176,172.12914629768179,175.08930168819202,2489100
2024-02-06,175.6575164794922,176.48233713235612,173.34803822912968,173.64131152366986,1777000
2024-02-07,177.44459533691406,177.66455029346366,174.6310765192527,176.22570450610903,2254800
2024-02-08,177.46295166015625,178.02199167858578,175.62087585387593,176.53733398349542,2001100
2024-02-09,178.1961212158203,178.26026601328405,175.63003565240308,177.24299692858813,1903900
2024-02-12,175.7491912841797,179.08509854158746,175.44675840292595,178.70018777927604,1589700
2024-02-13,172.6790313720703,172.93563851814935,168.67411399987077,172.44991684992544,3512500
2024-02-14,172.74319458007812,174.15453391970217,171.2310303047227,173.0731200597883,1818100
2024-02-15,173.63217163085938,174.79606344220196,172.05586245438263,174.0995602648916,2411900
2024-02-16,171.49681091308594,171.93670689115962,169.56308373808497,171.17604498038244,2127500
2024-02-20,172.6607208251953,172.94483461632302,170.2504452468629,171.4601628099423,2241000
2024-02-21,172.49574279785156,173.81544468473993,171.03857779109595,173.41220088774173,1863200
2024-02-22,172.30325317382812,173.21971111866128,170.10375969984395,173.21971111866128,2149700
2024-02-23,174.06288146972656,175.2909459604101,171.79006928094842,172.40409453426972,1458600
2024-02-26,172.0375213623047,175.39176147583402,171.12106323187862,173.3938754798037,3310700
2024-02-27,171.0843963623047,174.68608407156427,166.0255575719541,173.38471520986994,4672100
2024-02-28,177.5729217529297,179.46999678922424,170.9194407814302,170.9194407814302,4059100
2024-02-29,182.24685668945312,184.02478762494036,178.8376314693322,178.89261671739212,4676900
2024-03-01,184.90455627441406,185.17033691861778,179.76322646772087,182.28348590268737,3473500
2024-03-04,188.92782592773438,189.26692492348334,182.36599676083006,184.60214270966225,2851800
2024-03-05,188.25880432128906,192.09876565296855,187.54396818619318,188.73536640603285,2469900
2024-03-06,188.79953002929688,189.9176100411687,187.86475282648544,189.21194736564183,1865400
2024-03-07,187.62644958496094,190.55911250007392,186.77415032477305,190.2841862768132,2085800
2024-03-08,189.9909210205078,191.68637405046192,188.68955223394408,189.34024361924617,2156000
2024-03-11,189.4777374267578,190.9165835478529,187.7456319462812,188.72623497226525,2006300
2024-03-12,187.12240600585938,189.0103214168648,184.7396233635317,188.52459974814244,1746100
2024-03-13,185.44528198242188,187.91971578679897,184.47382475536364,187.2323722864698,1690400
2024-03-14,182.5492706298828,185.62857005865845,179.81822971480253,184.226390442202,2010400
2024-03-15,180.85385131835938,182.1460606899905,178.8284866003668,179.24088997870558,3346800
2024-03-18,179.54331970214844,181.3029176738224,179.17672805135703,180.17567806372722,1833500
2024-03-19,180.203125,180.4322394796383,178.4343539454926,179.7815482044888,1463500
2024-03-20,178.3702392578125,180.28563327458787,177.61873692546592,179.0942349826465,2154800
2024-03-21,177.73788452148438,180.12984069991035,177.4812773745609,179.49748237926292,2658000
2024-03-22,176.68394470214844,178.47104912122623,175.54754564809403,178.47104912122623,2581900
2024-03-25,179.22254943847656,179.82741515968078,177.36214055565495,177.50877721243924,2144800
2024-03-26,177.884521484375,179.14006459717046,177.70121867850176,178.94760224461987,1823400
2024-03-27,180.89051818847656,181.2296032367062,177.81121817588945,179.30503548482352,2494200
2024-03-28,181.0829620361328,181.79779827256914,179.6349564847757,181.79779827256914,2170500
2024-04-01,176.8855743408203,180.15733649779506,176.13408596417403,180.1298438732861,2195800
2024-04-02,176.1248779296875,177.63704190164515,175.35505662616626,175.80412604523943,2321300
2024-04-03,176.2440643310547,177.10553722824025,174.29200399951893,175.3825914338691,2270400
2024-04-04,174.40199279785156,178.52605456876432,174.2095304288972,177.87536311415298,2265400
2024-04-05,174.2828369140625,176.17991191207153,173.0089607018877,173.43969713184993,2538800
2024-04-08,172.48660278320312,174.57612634604243,171.04775670680434,174.21870820987365,2296800
2024-04-09,176.7022705078125,176.8672402248954,173.06393101038137,173.54965264750587,1962900
2024-04-10,166.7587432861328,171.82675610644185,165.45736031228634,171.55181584458634,4136500
2024-04-11,165.1867218017578,168.55259489060012,164.90006998444025,168.3029244875959,3688600
2024-04-12,165.70455932617188,166.1484068812211,163.79045704463127,165.3161909517964,3839000
2024-04-15,164.70590209960938,166.70323738738614,162.7640601056544,165.70456974349776,2562800
2024-04-16,159.24098205566406,164.54869732351435,158.82485997802104,164.54869732351435,3848700
2024-04-17,159.06527709960938,160.30435908719863,158.19606569917383,159.93448850004492,2732800
2024-04-18,158.12208557128906,160.95163642396682,157.81693599369424,160.64648684637203,2276200
2024-04-19,158.3994903564453,159.98070325879658,157.83542856966523,158.8618356207025,2867400
2024-04-22,159.32418823242188,159.91598963357654,158.1313294942196,158.70464724290514,2603800
2024-04-23,161.06259155273438,162.81027021934565,158.51969256665808,159.4998763915856,2659000
2024-04-24,160.29510498046875,162.2277047531559,159.37965629935817,159.66630809889028,3029300
2024-04-25,159.87899780273438,160.17490556497674,158.38100355794379,158.81560926520058,1862300
2024-04-26,158.76014709472656,161.76539184235799,158.42725788137176,159.71257737828,1701400
2024-04-29,161.81163024902344,162.33869660962074,160.15642599894525,160.2119051832544,2104800
2024-04-30,158.6399383544922,163.5962811995998,157.62278702387195,162.31096165760516,3710600
2024-05-01,163.5222625732422,165.3439039640614,158.58441875177857,160.23036669226644,3877100
2024-05-02,166.11143493652344,166.16691412036087,162.16300174072347,164.60418459719213,3278100
2024-05-03,168.0532684326172,170.96603806971785,167.52618803771153,169.68071874821848,3130300
2024-05-06,165.2329864501953,168.94099114525736,164.15110000464844,168.5526227373426,2297900
2024-05-07,167.6279296875,167.78512541401622,165.73231092242276,166.4258289504027,2594800
2024-05-08,167.67416381835938,167.84985730627938,165.0665293106921,166.39808615633834,2014400
2024-05-09,172.3345947265625,173.61067235939512,168.25671961712135,168.8855024967051,2588000
2024-05-10,170.59619140625,172.6490058779977,168.75605184365517,172.4270750317119,3158100
2024-05-13,171.06776428222656,172.20512979134438,169.26462039956195,171.40065346899996,1842700
2024-05-14,172.8801727294922,173.48121601715803,171.43764344170648,172.32535268729308,2008300
2024-05-15,177.55908203125,179.63037981754857,176.75459166421058,176.75459166421058,2815200
2024-05-16,180.25918579101562,181.4335467904915,177.0874897317206,177.216945849876,2616900
2024-05-17,179.86158752441406,180.83251560589113,178.64100310658114,180.83251560589113,2157300
2024-05-20,177.31866455078125,180.3978859449664,177.22620395648568,179.38997657629398,1733500
2024-05-21,179.5102081298828,179.69514344591482,175.95014333021106,177.0782671005645,1527300
2024-05-22,176.9302978515625,179.61190908515266,175.89464888391882,179.01085172312742,1681100
2024-05-23,172.54725646972656,177.14296947740883,172.46402359968621,175.487765547178,1768800
2024-05-24,171.927734375,174.31343806439924,171.56710556786177,173.05585815315763,1257900
2024-05-28,171.0955047607422,173.57368296618574,170.94755087481678,172.51028028446342,1828300
2024-05-29,171.3636932373047,172.43632376314773,169.25538538732843,169.54205136638097,1977700
2024-05-30,176.4124755859375,176.63440641450552,171.38215634900203,172.36232614994066,2850400
2024-05-31,180.99893188476562,182.3397303495801,176.77308933252337,177.4296258260071,7331900
2024-06-03,182.13629150390625,182.93152590960145,180.30540823857356,181.23934057737824,2333200
2024-06-04,185.3172607421875,186.399147133986,182.16406216808653,183.0887528389905,3236300
2024-06-05,183.26441955566406,185.76108118050036,182.81131611362568,185.17852162783066,1737100
2024-06-06,184.46652221679688,184.96584890370076,181.94210686567868,183.08872822291522,1865800
2024-06-07,179.63038635253906,181.68320056161173,177.3094180844697,181.11913874543126,2143300
2024-06-10,180.05575561523438,181.30409357502194,178.18787664366582,179.2605211310742,2874700
2024-06-11,178.7149658203125,181.55375877790172,178.59475152075905,180.05576444046127,2781800
2024-06-12,179.22354125976562,183.86547797484576,179.06633143916494,183.04250389423396,3331500
2024-06-13,181.96060180664062,182.62638011863052,179.38072142992306,179.40846101711782,1531300
2024-06-14,183.7041473388672,184.3754522728959,181.74617224348648,181.74617224348648,1933200
2024-06-17,179.27540588378906,181.7927922570681,179.1914963242622,181.6809128443656,1779700
2024-06-18,179.74156188964844,182.72513100035084,179.53644017952703,179.55509148775073,2407800
2024-06-20,181.03759765625,181.4851295830069,178.5668321757568,178.8651820513336,2236300
2024-06-21,181.6715850830078,183.08877166126138,179.86279212660452,180.9723103355394,2828400
2024-06-24,183.10743713378906,185.27053401545086,180.6180205474715,181.53173563800274,1792200
2024-06-25,179.64834594726562,184.07708621966844,179.19149552956864,183.070143056248,1345100
2024-06-26,179.6390380859375,180.1891308643677,177.50392522428982,178.4083217981482,1828500
2024-06-27,182.1097869873047,182.1936965373166,179.17282469586524,180.17978197634903,1599300
2024-06-28,181.23336791992188,184.49665000545397,180.6832609845787,182.91161589677085,2393900
2024-07-01,180.89773559570312,182.6599075487794,178.66004766643044,181.25202515874827,1691700
2024-07-02,179.26608276367188,182.03521197159708,178.59477785103658,181.20540648608699,1913600
2024-07-03,181.6156463623047,181.88604058763437,179.45256369357898,180.01198922911584,1182600
2024-07-05,182.4081573486328,183.07946227792618,180.38492401862817,181.79279212565024,1018500
2024-07-08,182.9022979736328,184.03978601400618,181.35456647912076,181.93264326758026,1508800
2024-07-09,182.70652770996094,182.95825639702846,179.70430673578258,182.32425406796338,1577100
2024-07-10,183.46176147460938,184.1330664974581,180.69263181205443,184.03982415609093,1576900
2024-07-11,193.18630981445312,193.36346170176796,186.47327476815587,187.48955070121468,2256000
2024-07-12,196.3656768798828,197.83881741512508,193.46601697209724,194.92050619690363,2238600
2024-07-15,194.7153778076172,196.9250956483492,192.93455473156314,195.7969261474304,1585400
2024-07-16,195.93678283691406,196.92510311878942,193.09307684974888,196.20717704551535,1329400
2024-07-17,198.70594787597656,198.76188759080276,195.43334651758784,196.07668169165714,1759700
2024-07-18,196.40296936035156,199.9552971662698,195.49857284694423,196.55215139337955,1736300
2024-07-19,195.92747497558594,197.54046486613402,195.1629419245424,197.54046486613402,1404100
2024-07-22,195.20953369140625,198.06257238100255,194.1466366457374,195.76895917935033,1476200
2024-07-23,195.34939575195312,197.83881212426294,194.83659142954153,195.38668414504625,1123600
2024-07-24,195.22817993164062,198.41687098584072,194.4636469598709,196.03001552258783,1922800
2024-07-25,195.72235107421875,201.26060971255473,194.97645511612822,196.30041368401743,1926600
2024-07-26,199.26531982421875,199.63826064049914,195.85285587081043,196.5521305714213,1548200
2024-07-29,200.39349365234375,201.00885886046038,196.7293007096867,199.26533833091145,1607800
2024-07-30,207.96429443359375,208.34656800964916,202.8922197688758,205.12057453222286,2447700
2024-07-31,205.49354553222656,207.2930200529312,203.2558718992776,206.51915424628433,2924200
2024-08-01,212.51426696777344,213.717027592156,206.99465958063357,207.7312370044795,3047000
2024-08-02,218.77044677734375,220.0384656228859,213.31609776504675,214.44426734433796,4750500
2024-08-05,210.89193725585938,220.1596606236911,210.72410392267398,216.1971038189553,4329600
2024-08-06,212.7287139892578,215.05029714100445,209.1390977808685,209.80108416209413,2823200
2024-08-07,210.68682861328125,214.22982364523548,209.8290532647924,211.04113238451117,3315700
2024-08-08,208.4864501953125,210.2952432782472,206.51915653241102,208.71954179410753,2942100
2024-08-09,207.53541564941406,210.1553627310041,207.30232406953195,209.63323986835312,2071500
2024-08-12,210.2859344482422,210.39782810261372,204.92482706564417,206.5937710700084,1455700
2024-08-13,207.60069274902344,210.86397494012684,207.0132974020548,210.584262192676,5449800
2024-08-14,208.08551025390625,209.98754553002112,207.7312207234779,208.12281287402362,2313700
2024-08-15,203.3118133544922,206.4725348572742,202.78969045076616,206.30471573541178,1858400
2024-08-16,204.98072814941406,205.5308208289174,202.32347861513912,203.16260255923643,1986200
2024-08-19,204.8035888671875,205.95971399659842,204.22551207570103,204.57981582918168,1261900
2024-08-20,205.4748992919922,206.03431056191147,203.53557559068642,204.80359438666397,1631000
2024-08-21,204.6450958251953,205.12059754331347,202.34214979645284,203.60083583621793,2262500
2024-08-22,205.21383666992188,205.69865692236488,203.67542367626248,204.19754654922036,1926500
2024-08-23,211.64715576171875,212.28115803382406,205.64271435281057,206.02498796046405,1804000
2024-08-26,210.07147216796875,212.94316239894232,209.8010921706457,212.32779715799464,1142400
2024-08-27,210.8639678955078,210.98516584148848,207.1624725099746,207.1624725099746,921500
2024-08-28,210.01551818847656,212.25319171486655,209.01787937532998,211.13435495167155,1105500
2024-08-29,208.40252685546875,210.94788296252332,206.28605129484325,209.0738317537572,2003200
2024-08-30,208.906005859375,210.41643482095182,206.4538777622329,208.73818674221388,1796800
2024-09-03,214.7892303466797,216.0199607509439,207.7405430547122,207.77784567551006,2660100
2024-09-04,216.79383850097656,220.15968176146404,214.68668133971394,215.77754831642167,2261800
2024-09-05,217.8380584716797,219.50698786368082,216.4301905015918,218.53733318611455,1990800
2024-09-06,220.18763732910156,220.4486987650449,216.80314297677603,218.17372262886911,2750000
2024-09-09,222.39735412597656,223.04068921210634,219.14339029946862,219.47904276932843,1984000
2024-09-10,226.40652465820312,227.0871481167593,222.97540905923216,223.16189371245335,2016800
2024-09-11,222.80758666992188,224.8494712423721,220.78435340787607,223.9637260597115,2216500
2024-09-12,221.10134887695312,223.30173396442115,218.11777949397467,222.83555080374387,2003800
2024-09-13,222.369384765625,222.63044621756367,219.44175486021385,221.68876128212648,1983400
2024-09-16,224.06629943847656,225.60469830338067,222.76097794612616,222.76097794612616,2255500
2024-09-17,223.25511169433594,225.1291770960921,222.98473172226943,223.9357351220462,1526000
2024-09-18,219.99185180664062,224.0290000730541,219.44175903863703,222.70504147678915,1828100
2024-09-19,216.5980224609375,218.69584672876388,212.29981305867526,218.17372385394543,3434300
2024-09-20,219.16204833984375,219.42310979921885,215.13423280464005,215.99200820355583,3683000
2024-09-23,220.29019165039062,220.8682542089795,217.4185017135497,220.0664186147526,1762000
2024-09-24,220.47666931152344,220.98947364330655,217.93131318966707,218.39749635914603,1616100
2024-09-25,219.69351196289062,222.22021708455642,219.2552985916586,220.5792572482466,1447200
2024-09-26,216.0945587158203,218.19238305955645,214.68667638443924,217.3532447859929,2312500
2024-09-27,214.74261474609375,217.70753277472775,214.36965968707068,217.34391048391828,3051000
2024-09-30,216.83111572265625,217.036237457461,213.27880221129092,214.56547232474222,2256400
2024-10-01,216.37428283691406,218.61195656370154,215.46988626753168,217.6982414517213,2279900
2024-10-02,216.19711303710938,217.28797995559387,213.99672788970662,215.36730755757256,2229500
2024-10-03,213.77296447753906,216.0386222001609,212.30915664510712,215.93606132832562,1590900
2024-10-04,208.53305053710938,210.71478426954363,206.52845445157402,210.5935720977037,1942500
2024-10-07,208.2626495361328,208.42115009509223,206.4072497607756,207.2463737145092,1658000
2024-10-08,209.1111297607422,210.3604972906899,208.09485382489436,208.41185497844253,1630900
2024-10-09,207.3455352783203,209.1393152126137,206.05890436758327,208.49129942156486,1574000
2024-10-10,204.64077758789062,208.040510304579,203.33535967181908,206.21855702668958,1924300
2024-10-11,205.9274139404297,206.31245452964046,204.34963456967918,205.73018614522675,1613900
2024-10-14,208.20953369140625,208.4818951922447,203.80491828870632,204.4623346947079,1501800
2024-10-15,215.4691619873047,215.7509098329198,209.77791569310062,210.36958473586327,2310100
2024-10-16,213.67539978027344,216.990597944066,213.0085970131173,214.37036156910244,1518100
2024-10-17,210.5198516845703,213.67539602163012,209.7027815011191,212.43571123586452,2021700
2024-10-18,212.52963256835938,213.24338135807932,210.54802563778205,212.12579064567583,1441900
2024-10-21,207.99351501464844,214.1261622881445,206.87592441863157,211.39323283019746,1295700
2024-10-22,207.98416137695312,208.94208404104995,205.90863361082702,206.2373418367351,1971500
2024-10-23,212.50146484375,212.96163915142554,208.02171553509513,208.02171553509513,2712800
2024-10-24,212.18215942382812,214.87752975483767,212.06007966451276,212.24790680447597,1618300
2024-10-25,209.2425994873047,214.04165602431598,208.38796964352278,211.92856876041202,2054200
2024-10-28,208.6979217529297,211.9098131503599,208.3410401542289,211.6186789325955,1935000
2024-10-29,199.9544219970703,206.61299179332156,198.67717747459085,202.06750941313837,3591100
2024-10-30,200.4897003173828,203.8894324232034,199.50359013660534,200.59300737118406,2437800
2024-10-31,200.5460662841797,203.12872854708664,196.93973405451754,198.42359263793165,1961500
2024-11-01,198.40478515625,205.5986761928595,198.0854776577784,204.5092589660034,1989000
2024-11-04,199.20310974121094,201.39133099015356,196.9021950764523,200.0859130458813,2333800
2024-11-05,200.8372039794922,200.92172402791152,196.75189634241448,198.0948737682652,1302400
2024-11-06,185.4539337158203,190.78829832152755,182.5895236267073,188.58130463308564,8133500
2024-11-07,185.82958984375,188.69399996209395,184.11094377274364,187.32284910563456,4924500
2024-11-08,189.52047729492188,190.85406860645128,186.11135812956152,187.07868150574336,3981600
2024-11-11,184.1485137939453,189.8585468957293,183.9325133297992,187.55763251075683,2699000
2024-11-12,181.93215942382812,184.06403417391974,180.07264622905618,183.23757749611295,2953300
2024-11-13,183.28451538085938,185.7544701085217,183.15303495554767,184.26122506456187,2354800
2024-11-14,182.91824340820312,184.83410303893942,181.72551893552458,183.04972383060374,2282800
2024-11-15,184.49598693847656,184.75894775257908,181.96028518517974,183.13422250895508,2587300
2024-11-18,186.74057006835938,186.9941445638777,182.31718188923384,182.80552953875483,2374200
2024-11-19,188.90997314453125,189.49225575466812,186.16765749742558,187.12559428869918,2514400
2024-11-20,188.6564483642578,189.28567711720171,186.8157081391468,187.8299918145805,2243400
2024-11-21,190.468994140625,191.12639622256467,186.6184880433838,188.13051999699033,1961700
2024-11-22,191.87774658203125,192.70420322102575,190.45963514947724,190.7413830337065,2016000
2024-11-25,194.92056274414062,195.3807370193474,192.2439798226604,192.96712925121548,3605900
2024-11-26,195.3431854248047,196.12268158627893,192.87321652340378,194.00020790354867,1791400
2024-11-27,196.56410217285156,196.91158309477166,195.18355049617983,195.3432042800429,1669400
2024-11-29,196.2823486328125,197.00549814025715,194.90179699600526,196.56409649690835,1610200
2024-12-02,194.71395874023438,195.8221487906694,193.19254042343687,194.9111722026314,2374800
2024-12-03,195.14596557617188,196.62982424548088,193.96264177521007,195.74702098257504,2551200
2024-12-04,194.87359619140625,195.2868244231645,192.22518670438643,193.96261967965458,2529200
2024-12-05,196.43260192871094,196.57346868547123,192.80748264174312,192.80748264174312,2291100
2024-12-06,194.49795532226562,197.84132676452745,192.54452175739894,196.82704312525297,2677900
2024-12-09,196.31988525390625,197.26843580720356,193.55879663509194,194.11289162684008,2854200
2024-12-10,187.38858032226562,195.38074089432155,186.70300490071622,194.72333882363787,2653300
2024-12-11,187.4449462890625,188.38409629521678,186.0268349386746,187.37921324038348,2356800
2024-12-12,185.8108367919922,188.38409866990557,185.36943513711222,187.41677529779633,1922600
2024-12-13,185.16281127929688,186.49640251529613,184.18608728682702,185.1815839608623,1995500
2024-12-16,181.94151306152344,186.64666341156416,181.79125996280695,184.5523487367888,2218800
2024-12-17,181.50009155273438,184.77772962855673,178.82352312706348,179.56544518974925,2637400
2024-12-18,173.6018829345703,181.16202895737914,173.31073439762426,180.10079920379644,4186100
2024-12-19,168.48348999023438,173.27316031646424,168.14539544567356,172.27766369367143,4709800
2024-12-20,172.55001831054688,175.16085405552957,170.76563911688228,171.00042660711662,5750200
2024-12-23,173.16046142578125,173.37646188815208,170.0236898999528,171.52633545712655,2594100
2024-12-24,173.4703826904297,173.50794238074604,171.43241481608715,171.50754852701,788400
2024-12-26,172.78480529785156,173.17924656066222,171.47938742915994,173.17924656066222,1464600
2024-12-27,172.32052612304688,174.65136497816798,171.97942810662903,172.44370482435153,1640900
2024-12-30,172.36788940429688,172.66160986072336,170.40658681528518,172.32051187251358,1887000
2024-12-31,173.77967834472656,174.38607322970142,171.67624292487116,173.34382524415346,2115500
2025-01-02,171.52464294433594,174.9924705173982,171.08880429537305,174.4239689797309,3142800
2025-01-03,172.97430419921875,174.0828691745372,170.65294944965822,171.7330907941424,1817300
2025-01-06,170.79505920410156,173.8459873960827,170.42553756383523,172.03628700572864,2262400
2025-01-07,167.8673095703125,171.45831563375359,167.61148244800657,170.6718948189567,2096000
2025-01-08,169.78126525878906,169.90444396961556,165.60281784907014,167.27988443089657,2048300
2025-01-10,164.35211181640625,167.25143754823054,163.45198206641433,164.44685242436796,3539200
2025-01-13,167.64939880371094,167.89574175703913,164.65531772051668,165.48911611269597,2409800
2025-01-14,169.4117431640625,170.83298259587914,167.00510296326638,167.59255842624862,2124300
2025-01-15,170.85191345214844,175.57042368104248,170.61504024547074,174.3860576476539,2230700
2025-01-16,180.08999633789062,180.52583500926593,170.9372107478644,171.496228132174,3544800
2025-01-17,180.39315795898438,181.6817487763275,179.48355848773323,180.74372567699913,2882500
2025-01-21,179.9573211669922,183.59570492330758,179.3888340964639,181.26486600711777,2460800
2025-01-22,175.5609588623047,179.0477403671017,174.00707103342634,178.56452417691943,2753700
2025-01-23,176.60321044921875,176.8211297796872,173.73230796607427,176.0347088959328,1684000
2025-01-24,175.3619842529297,177.13379131500562,175.18195829221938,176.2336759690481,1218200
2025-01-27,181.95652770996094,182.72400909302857,178.10023917672157,180.02364858127186,2862400
2025-01-28,177.11483764648438,181.26486109967982,176.39474826027262,180.23209732722515,1997200
2025-01-29,173.98812866210938,177.92968820196606,173.50489802244826,177.0295728239544,1735100
2025-01-30,176.06314086914062,177.47489606335228,174.38607435704253,176.45160197754296,1457000
2025-01-31,175.23880004882812,177.77808840959986,174.6608288309266,175.55147442483323,1570200
2025-02-03,175.63674926757812,176.70742084065665,172.585821059459,175.11563975342608,1832100
2025-02-04,174.4618682861328,175.12511040934163,172.57635225381625,174.12077027168343,1450200
2025-02-05,177.6170196533203,178.33710902930724,175.115639056489,177.00114061367393,1869700
2025-02-06,179.78677368164062,179.90046820062187,176.91587141661245,178.4223816234898,1407000
2025-02-07,178.924560546875,179.81520620988732,176.88745654048319,179.81520620988732,1588200
2025-02-10,179.9099578857422,180.10892330004575,177.39909300654483,179.6162373976597,1957900
2025-02-11,183.2640838623047,183.3398850328886,179.07616677630978,179.24670856692734,1825700
2025-02-12,179.56886291503906,180.5068716564706,177.24750814391587,179.4551539330514,1766400
2025-02-13,180.01417541503906,180.73426479086126,179.2088006932218,179.9383742505956,1855000
2025-02-14,179.43621826171875,183.38726210109795,179.18039111885392,180.63952389046358,1776000
2025-02-18,179.59727478027344,180.63950825331747,178.29919972891665,178.65925164269947,2301200
2025-02-19,178.6592559814453,180.81953860141726,178.4602905719604,179.45514653457306,2470000
2025-02-20,182.2786865234375,182.83770385785255,177.2001240625682,178.6213633953757,2848500
2025-02-21,181.4922637939453,182.86612557644645,180.52581700961187,182.21235317697364,3304300
2025-02-24,181.9186248779297,183.46304283014615,179.502515249751,180.68688129713337,2393200
2025-02-25,193.05166625976562,195.43935226604935,184.78005780998868,187.13930573007033,5179700
2025-02-26,190.1902618408203,194.61505232282403,189.1101204218472,193.84758532218464,2512100
2025-02-27,193.26010131835938,193.4495969807084,188.86373544693748,189.5459313974678,2553100
2025-02-28,194.823486328125,195.50568237573188,191.97153789132017,194.23604535397246,3466800
2025-03-03,198.6039581298828,199.24824626745377,194.22654620229153,194.23601592516445,2229700
2025-03-04,196.2447052001953,203.85307126987118,196.07416343489206,200.63160151500506,4031300
2025-03-05,197.73228454589844,198.5660828776557,192.06628136918658,193.66753213617534,1969800
2025-03-06,196.064697265625,198.04496839832007,193.55384688404678,197.42908934376342,2416200
2025-03-07,201.1432647705078,201.80652137776437,196.02680880729292,197.07852652232643,3599400
2025-03-10,201.88232421875,205.9091691450005,201.16222034378345,202.28026951184458,4156600
2025-03-11,198.7650604248047,203.33198316587246,198.2344667112985,201.92021353289792,2698100
2025-03-12,195.83731079101562,197.86494502882533,194.41607143392676,197.08799390730476,2519800
2025-03-13,196.86062622070312,198.02603857182672,194.2455362670846,196.0742052895494,2691100
2025-03-14,199.8546600341797,200.1389107808738,195.16457331530427,196.86059361410324,3789000
2025-03-17,201.52224731445312,204.97112055158271,200.2526104236489,201.0579706345652,3097600
2025-03-18,203.5878143310547,204.9332526432397,200.27158886285903,201.5222865505102,3996500
2025-03-19,202.53607177734375,204.2984091033396,200.52739150855484,203.00981821489538,2244200
2025-03-20,203.019287109375,203.8341314989107,201.49382311702075,203.6161977445795,1839300
2025-03-21,204.87637329101562,208.0789037251794,201.47487745617394,202.6308198806617,6326100
2025-03-24,201.62648010253906,205.61541687968145,201.25695847166847,202.6781977377236,2879900
2025-03-25,198.49977111816406,201.4180511110418,197.26802740347748,200.887457377354,2646600
2025-03-26,198.99246215820312,200.44212513314696,196.7468941624791,198.49976180392858,1607400
2025-03-27,202.80136108398438,203.7583381051107,198.65135227652647,199.98732065056262,2458400
2025-03-28,204.2415771484375,204.4879345672847,202.15709555853306,204.31737831903703,1907500
2025-03-31,206.17446899414062,207.85152108413763,204.39317764511435,205.17959851819307,3281300
2025-04-01,207.91783142089844,209.11166719627636,206.17444806262142,208.52422626106406,2124800
2025-04-02,206.4586944580078,208.9032278433179,204.93323033042418,208.3347407852235,2794100
2025-04-03,216.20840454101562,218.8992808745453,208.4484354709502,213.1858999134718,5852900
2025-04-04,208.60951232910156,221.5238453231227,208.47686389996124,220.9079662568614,9877200
2025-04-07,202.1855010986328,210.25814432519994,200.52738859132396,205.9375791907987,5082200
2025-04-08,193.91390991210938,205.31224890257843,191.4030449291772,203.79625440504975,5455000
2025-04-09,196.5858154296875,200.81163996565306,187.1298406924437,191.49778337501158,5646900
2025-04-10,197.38172912597656,201.97706104571574,192.81480637921663,196.84165122988824,3565200
2025-04-11,203.68663024902344,204.19293202546578,195.97744448528445,197.286199739441,2555400
2025-04-14,208.0522918701172,209.04580014876078,201.7187385440884,203.4764660197848,2080600
2025-04-15,208.262451171875,210.94682423695565,206.3614362897062,209.4756717096755,3854900
2025-04-16,208.25291442871094,210.67934105470414,206.82952916969165,210.4500811201031,3376800
2025-04-17,212.7045440673828,214.32853162619256,208.50126585902981,209.15086962848127,2599000
2025-04-21,208.2433319091797,213.554733293794,205.51120639262442,211.43399179467895,2781000
2025-04-22,211.09010314941406,212.28421378651012,208.09049781209063,209.9533074906513,2747400
2025-04-23,203.09434509277344,210.08704947627606,200.0087526794253,209.94376202895788,7046000
2025-04-24,201.47988891601562,205.65449474545287,201.33658690370663,204.7469736403419,2885500
2025-04-25,201.39393615722656,202.32055262672844,199.12989241484425,202.02441551281441,2464500
2025-04-28,201.8524627685547,204.04962923172215,199.99920074811382,201.0404617137279,3390200
2025-04-29,211.43402099609375,211.85435029923826,200.95450421465088,202.17727241840942,3174900
2025-04-30,215.3315887451172,215.98117794183497,210.72709108296843,211.46266732464264,3491100
2025-05-01,214.0133056640625,215.7423757121329,213.09623676333496,214.81574459633595,2253000
2025-05-02,213.60250854492188,215.87608520022368,211.30025982498807,215.44620830237784,2732600
2025-05-05,213.86045837402344,215.91433764987028,212.50395028484448,215.03547386997465,1832900
2025-05-06,213.80313110351562,215.53220107151716,212.41796560149842,214.28077538535237,1637100
2025-05-07,209.67628479003906,214.90171421757503,209.46612014722237,212.62812285067417,3571500
2025-05-08,208.13827514648438,210.0679475335703,207.82302817396916,209.1508786831139,3007500
2025-05-09,210.13482666015625,210.72710090554128,206.89639901016466,207.3644956542395,2499800
2025-05-12,198.6235809326172,207.71793143156995,197.6682924433819,207.71793143156995,4450800
2025-05-13,194.8406524658203,199.17765592209847,192.7008009388129,199.17765592209847,4525300
2025-05-14,195.35650634765625,196.01565777222584,192.02254409690485,193.82803885368196,4060300
2025-05-15,202.21548461914062,202.30147167164304,195.83416374365117,197.0187268597064,3115600
2025-05-16,203.8394775390625,203.91590237302626,201.9479956956893,203.43825809316272,2812700
2025-05-19,205.51121520996094,205.8646672827965,202.47339026607708,204.08783012829153,1733400
2025-05-20,205.7691650390625,206.20860422247446,203.87769763339293,203.96367011170798,1755900
2025-05-21,204.17381286621094,206.87728114775894,203.91589545894328,205.99841745179484,2231500
2025-05-22,200.8685302734375,206.01753504622718,199.72218691286153,204.84251961833112,1969800
2025-05-23,202.38742065429688,203.982750687982,201.1455426984298,203.59107890758892,1573200
2025-05-27,204.1451416015625,205.37747188153946,201.5849755177931,201.5849755177931,1867000
2025-05-28,202.9606170654297,203.57200117038965,201.30795733550693,203.47646648226748,1787600
2025-05-29,204.15472412109375,204.52728607561033,201.23152888964057,202.1963796621028,1790600
2025-05-30,205.05267333984375,205.7404822348411,202.82686393348797,203.59108308211088,5861500
2025-06-02,204.53680419921875,204.85205112701942,201.4703219571899,203.83944773401726,2142600
2025-06-03,203.84901428222656,204.79475515336728,202.26323185946183,203.61973979258903,2035500
2025-06-04,204.77565002441406,206.79130940725784,202.70267566197555,203.71527917227263,1579000
2025-06-05,206.55250549316406,207.4791366158008,204.49864080161518,205.5112444012271,2526800
2025-06-06,203.0370330810547,206.46653024084395,202.60715612540983,205.69274880537375,2516300
2025-06-09,203.31405639648438,204.36486501705605,200.97360245004532,202.62624749956123,1777800
2025-06-10,205.0144805908203,205.76915214743994,203.21853341472485,204.37443899810575,1625000
2025-06-11,204.77565002441406,206.0652953714807,203.4191420600023,205.01447215708964,1577900
2025-06-12,207.96630859375,208.0331857871188,204.9571555761666,206.13215637831726,1738000
2025-06-13,206.8109588623047,209.27574257858035,206.10811382397682,207.4849208642129,2455600
2025-06-16,206.9842529296875,209.23723256412475,205.077899107874,205.077899107874,2424500
2025-06-17,207.1383056640625,207.73524132669405,204.86608046567432,207.11904540973808,1659500
2025-06-18,207.4656524658203,208.60177238838622,205.64594778646244,207.59082207957204,1665700
2025-06-20,209.39126586914062,210.7103214720246,206.32954660797864,207.13830097606643,4018600
2025-06-23,213.3869171142578,214.33046384745072,209.45866284647656,210.5177417168408,2618000
2025-06-24,215.5821075439453,216.6604466259569,210.85472189697185,212.65516619095936,2219000
2025-06-25,212.0293731689453,214.54230019789756,211.34577368818728,213.49284402226266,1727300
2025-06-26,209.42979431152344,213.33878859664918,207.79302525944755,212.5781627975613,2040100
2025-06-27,209.68011474609375,211.70201539454996,207.84114978475026,208.25516444894268,2086300
2025-06-30,212.79962158203125,212.90553094681323,207.25384348620423,209.3046272354961,2071800
2025-07-01,216.12130737304688,216.8819185054319,212.41449422224235,212.68407903052594,2567600
2025-07-02,214.5422821044922,216.59306568254365,214.26305985189572,214.53265932350456,1937900
2025-07-03,213.50245666503906,214.86001808901676,209.79564376187793,214.20530167601797,1369100
2025-07-07,211.83680725097656,214.68670783800425,209.94007622302198,214.03200610818715,1894900
2025-07-08,212.49151611328125,212.93441382693572,209.5357060658897,209.91120023324615,2022600
2025-07-09,213.57948303222656,213.74315846269164,209.28535725841223,211.53833685081602,1712900
2025-07-10,212.78997802734375,215.36067105401295,212.0101066777246,212.28932894565583,1459200
2025-07-11,211.0858154296875,213.1751048909899,209.42014871466463,211.89456979704278,1358500
2025-07-14,213.53134155273438,214.03200532098623,210.72956957458612,210.80659589979945,1475900
2025-07-15,210.77772521972656,213.0692107825207,209.87268420950465,213.02106749003164,1754200
2025-07-16,215.05258178710938,215.1296081135286,210.95102907135643,211.49019866502127,2426500
2025-07-17,214.74447631835938,215.93836234004604,213.57948802391883,214.5230348121158,1522400
2025-07-18,216.41012573242188,217.37293269784817,214.86962871123245,215.110330452589,1253800
2025-07-21,218.0758056640625,219.27931452534318,216.97820617022532,217.5944021195502,1458800
2025-07-22,223.70822143554688,223.90077990513376,219.48149912109227,221.05086460493146,2274400
2025-07-23,221.61892700195312,223.8237634460386,221.05087434968559,222.3506697864186,1839700
2025-07-24,222.63949584960938,225.61456595211138,219.98213912862056,222.13883209632223,2034700
2025-07-25,221.32044982910156,222.937973297556,219.76070712377762,222.0425551099026,1031300
2025-07-28,215.8709716796875,220.55021445523118,215.0429570423273,219.2504190820865,2176300
2025-07-29,206.7243194580078,210.85475546389495,203.92254726361003,210.85475546389495,3704000
2025-07-30,200.97634887695312,207.08054204717052,199.9365155001503,203.69145711810242,3693300
2025-07-31,200.6393585205078,201.80436150331352,198.05904270456986,199.5128760464212,2774000
2025-08-01,204.2113800048828,209.3046228058779,203.27745599646232,203.54704079360744,3232200
2025-08-04,205.0586395263672,206.36805769008285,203.1522856982988,203.4988968207903,2804500
2025-08-05,202.2376251220703,204.87570705402402,200.0520489906273,204.3654204894664,1854800
2025-08-06,201.13038635253906,203.71071687938007,200.74526941003487,202.67088350509516,1634100
2025-08-07,202.19911193847656,203.21969979583795,200.26387497397957,201.1496557349505,2025800
2025-08-08,198.82928466796875,203.04638437673364,198.1553226506769,202.50721476290016,1727500
2025-08-11,198.41526794433594,200.1483234792827,197.23101945015102,198.2708380798502,2339200
2025-08-12,197.0095672607422,199.08923394488065,195.66164331246867,198.48266082252294,1757100
2025-08-13,196.5570526123047,197.67391231184163,195.401687095077,197.25991233377013,2717800
2025-08-14,195.89271545410156,196.5955604389571,193.32200787817305,195.64237623581727,2636900
2025-08-15,198.45379638671875,200.4660744076722,195.6327786122739,196.59558572021066,2640400
2025-08-18,195.57501220703125,199.3203312629469,195.1224916917614,198.91595404124695,3227700
2025-08-19,198.96408081054688,199.13739372754762,195.67128230023667,195.96975014984142,1669400
2025-08-20,201.7080841064453,203.2870871366206,199.95576816168224,200.73565424042187,2217500
2025-08-21,201.9295196533203,203.15228872746295,200.6201014700802,200.6201014700802,1483300
2025-08-22,203.99957275390625,206.80133024548502,202.43019248197146,203.05601121955738,2343000
2025-08-25,203.267822265625,204.03807085362067,202.10283394750184,203.15229011937012,1238900
2025-08-26,199.7343292236328,201.32296974756406,196.94219452038936,201.32296974756406,3538700
2025-08-27,195.7097930908203,200.292749358178,195.65202701844598,200.02316455958461,3083500
2025-08-28,195.0261993408203,196.8362813484045,194.20782213940095,195.70016135706865,2978200
2025-08-29,196.26821899414062,196.2778417755862,194.1789148101686,195.44982714191548,2618100
2025-09-02,193.03318786621094,197.5872610312773,191.35789833532394,195.064711299082,2601200
2025-09-03,188.96051025390625,195.25727671830305,187.93993711039283,193.99600180730928,3630500
2025-09-04,187.8340301513672,190.81873798286804,185.86991016772436,190.55877595710334,3523700
2025-09-05,190.94390869140625,191.98372741784218,188.9797740053156,189.74039983173756,4126100
2025-09-08,186.4379425048828,188.19988103637115,181.98014149858273,187.15042495697267,5376600
2025-09-09,187.3622589111328,187.53555712934508,184.85895468986632,186.71716525551224,3383900
2025-09-10,186.55348205566406,188.4694733055841,186.12985930946192,186.79418380956648,2539100
2025-09-11,189.23973083496094,189.75964018389925,185.8891663752245,187.092675201838,2277400
2025-09-12,187.82440185546875,189.23972940013675,187.35262111015618,188.4694808186902,3096400
2025-09-15,185.34033203125,189.41300118778432,181.53724763691426,188.76792231457574,3883400
2025-09-16,187.48741149902344,187.8917886944097,184.3582886071173,184.85895238337775,3253800
2025-09-17,189.88479614257812,191.72376102325143,187.19855640771635,187.70885762945719,3041900
2025-09-18,185.85064697265625,189.15308285201456,185.08039838078176,187.96881958185867,2368700
2025-09-19,186.12022399902344,187.40075910761232,184.94559825103272,186.35130297431107,5329500
2025-09-22,186.02395629882812,189.23009084191213,184.81081001534477,187.06377498285718,3471300
2025-09-23,187.05413818359375,187.50665863776427,185.55216165114197,186.22612359631026,2774700
2025-09-24,185.75436401367188,188.2865513505608,185.3885073111275,186.53425009384563,2963500
2025-09-25,186.50535583496094,190.06773889986627,185.95654877725957,187.19856337906737,3022700
2025-09-26,187.04452514648438,188.18063038591336,186.1876274805741,187.10229121746968,2608300
2025-09-29,187.31411743164062,188.2287812051251,185.15742431721065,187.32374021343333,3314300
2025-09-30,186.79933166503906,188.23684311596855,185.6434890471688,187.35296172338835,3426900
2025-10-01,187.77061462402344,188.91673474397408,186.59534204097935,186.76046028771253,2960500
2025-10-02,185.6823272705078,187.66377591779013,183.45806987198443,185.468641341472,2822300
2025-10-03,184.74989318847656,186.8867376596202,184.02142247189752,185.51720915546565,2863100
2025-10-06,180.2430877685547,184.0116995201406,180.0099718044338,184.0116995201406,2968100
2025-10-07,181.6029052734375,181.62233531019777,178.66959219520893,180.91327976581542,2741700
2025-10-08,180.2624969482422,183.46777094891434,178.49474911369273,181.3503565902775,3329700
2025-10-09,180.00027465820312,181.1561024762762,178.70845140424154,180.95213896399437,2211000
2025-10-10,181.3212127685547,182.5936207507145,178.72785876664085,181.40864051932357,3154400
2025-10-13,177.9411163330078,180.72874110754788,177.26121327364748,179.06782130039073,3242800
2025-10-14,181.1560821533203,181.1658045809505,177.8731177222398,178.5335906870437,4174900
2025-10-15,184.57504272460938,184.73045335955987,180.42761218160814,180.58302281655864,3353900
2025-10-16,185.97373962402344,188.50881859636104,184.7790516639584,185.09958059388342,3394700
2025-10-17,185.7988739013672,186.98385409333088,182.75873292234257,186.5662046722946,1981400
2025-10-20,187.53750610351562,187.57635135455718,185.1481155931497,186.43993879671146,1782100
2025-10-21,186.84786987304688,188.819596012175,185.37151328603332,186.63418395267865,1749500
2025-10-22,185.70176696777344,187.87745680093548,185.39094566545003,186.5176506552092,1535700
2025-10-23,184.8373260498047,186.70220950685777,182.08856113766788,185.77948279717504,2279900
2025-10-24,186.0222930908203,187.19755092328003,184.5167839243963,185.81831476162986,1721800
2025-10-27,184.28366088867188,185.604621711579,183.32208903001515,184.54591449593036,2979100
2025-10-28,177.4748992919922,180.99097998687105,172.39503414947066,180.6024681872776,6047500
2025-10-29,173.93939208984375,178.64045313586712,173.61886317932732,177.42633521153616,4501500
2025-10-30,174.2987518310547,177.33890760468046,173.34688760695502,175.07579020248826,2954900
2025-10-31,173.84225463867188,174.89125429118195,171.81225305056944,172.04536902471898,2604700
2025-11-03,171.56944274902344,172.90983376778013,169.97652052097223,172.64758012915894,3481700
2025-11-04,175.17294311523438,175.58088496645303,172.3464729809599,173.52173085263783,2663800
2025-11-05,174.27932739257812,176.80469847563933,173.58971674610677,175.41575475449795,2330500
2025-11-06,172.97779846191406,176.88240570070838,172.74469731503223,173.74512925913308,1960500
2025-11-07,172.84181213378906,173.35659691048681,170.34559357028144,172.64755624422327,4255800
2025-11-10,174.56100463867188,175.77512245703522,170.9477888255606,171.18090478216504,2911100
2025-11-11,179.48545837402344,179.6505914392073,175.6197113994138,176.27047677000778,2429500
2025-11-12,178.08682250976562,180.05854882702343,176.7075715097758,178.71815790012437,2947600
2025-11-13,175.9305419921875,178.95126786987504,175.65858077278202,177.76628763356194,3072000
2025-11-14,178.3199005126953,179.10664645171767,174.45415370550262,177.6011522823655,3807200
2025-11-17,175.28948974609375,179.39806063152142,174.79413497094052,178.41705868908159,3253600
2025-11-18,176.33848571777344,177.12523174099874,173.8034069647279,174.83297656651786,3436500
2025-11-19,175.31863403320312,177.1252421567918,173.78398714793738,176.3287736582918,2673200
2025-11-20,173.9782257080078,175.47402719039056,172.90008847046812,175.31861654948273,3094500
2025-11-21,174.4055938720703,176.7658466160273,173.87137906823034,175.1923398464646,2609900
2025-11-24,174.4153289794922,175.18264497477233,171.51115361350745,174.42503658725894,6032500
2025-11-25,174.599853515625,176.7755580268185,174.3181846970527,175.0563630104771,2005100
2025-11-26,176.03738403320312,177.06695361850896,173.376032319266,174.85240380311814,1941700
2025-11-28,176.06651306152344,176.82412139178325,174.85239524754633,175.2311994126762,1088800
2025-12-01,171.21005249023438,173.95881717111223,169.88909163335975,173.37603465572417,3329600
2025-12-02,170.7632598876953,172.62814328943836,170.17076973239344,171.97737784357824,2467200
2025-12-03,171.12261962890625,171.69569451954416,169.34516413367245,170.97693141479678,2693000
2025-12-04,173.69656372070312,173.96852494260037,170.36501652129942,170.5301495967424,2804200
2025-12-05,173.7257080078125,175.19235714061364,172.98752963740228,173.68686275495958,2998000
2025-12-08,177.9411163330078,178.04795930096265,171.82195915721454,173.4148812480481,5804200
2025-12-09,174.39590454101562,179.31065160984141,174.2016486340186,177.94112301123246,3161100
2025-12-10,175.0854949951172,177.3874724303028,174.3958843818763,174.64841554970377,2500900
2025-12-11,176.493896484375,177.95083795674773,175.5517398132453,176.44532880447423,4370000
2025-12-12,175.5128631591797,177.90225346927087,175.14378143250852,176.94066685287314,5329400
2025-12-15,175.0854949951172,176.71727703097437,172.80296241539196,176.52302114643217,5020800
2025-12-16,173.9879608154297,175.78484646176102,173.57029654014934,175.0952357762355,3198300
2025-12-17,173.36631774902344,175.58086747547358,172.69612233850776,173.41487060538898,4084700
2025-12-18,169.28688049316406,174.21134980899814,169.18975995363976,173.47317146135782,3950800
2025-12-19,167.4608612060547,169.821099345184,167.014059287207,169.20919398732204,6033000
2025-12-22,167.57740783691406,168.39329150869384,165.86793516926477,166.70324887726076,4154500
2025-12-23,169.5005645751953,169.5685622908162,167.18889419726017,167.9853478240584,3358100
2025-12-24,169.78225708007812,170.15133885872436,169.2868874712169,169.70455175279056,1040000
2025-12-26,171.34603881835938,171.6277076570379,169.49086306393988,169.49086306393988,1463200
2025-12-29,172.44447326660156,173.11137298552958,171.51276808751663,171.6991121163312,2177300
2025-12-30,173.31732177734375,173.44482346335212,171.6304385554852,172.28753615301352,1718900
2025-12-31,172.18948364257812,173.35655814259653,172.0227437490163,172.5327355667055,1680100
2026-01-02,171.43429565429688,172.4248431020727,169.83567589388826,171.8854301493287,1786500
2026-01-05,172.85638427734375,172.8760033763945,167.74669393623867,170.90469545895854,3433400
2026-01-06,172.43466186523438,174.37653354962814,171.40487621146946,172.0031314987053,2362300
2026-01-07,166.177490234375,173.59192249572692,166.13825204098944,173.58212042987356,2756800
2026-01-08,167.0503692626953,168.02131261634588,165.09868048858505,165.32426271008177,2714700
2026-01-09,165.26541137695312,166.79538685866044,163.66680646011852,166.17751243268225,2359900
2026-01-12,168.2272491455078,169.55126135760077,166.1382567555347,166.1382567555347,2732700
2026-01-13,170.61048889160156,170.76739679372852,166.44232063565318,168.0997679127225,2870300
2026-01-14,174.06268310546875,177.13242088522364,170.90468183450352,171.12044701189768,3604700
2026-01-15,178.0543212890625,178.3093096926725,172.97405259416786,174.03325936798743,3868300
2026-01-16,180.0354461669922,180.62388444730274,175.21016547151723,176.22033206945528,4130800
2026-01-20,174.32749938964844,180.41793506684334,174.20981472737972,179.37833234518192,5038500
2026-01-21,174.73941040039062,176.220330603253,173.2879113630496,175.54362883127436,2755700
2026-01-22,173.5428924560547,177.5933756749414,173.1211791247353,173.87634229453795,3741500
2026-01-23,175.3082275390625,176.23993260851063,171.77753836906456,172.98386589838907,2869700
2026-01-26,176.0045623779297,179.1233253241402,175.54361087858624,176.35763129306542,4304100
2026-01-27,176.6028289794922,177.8679839438357,173.6703948856442,175.15131503227684,2867000
2026-01-28,174.0921173095703,177.39723961177617,172.83676434614674,176.6028382014052,3437700
2026-01-29,177.84835815429688,178.38777108972408,173.405582916573,174.09210166848652,3496100
2026-01-30,175.82803344726562,177.72087984387272,171.92467096028125,177.72087984387272,3504300
2026-02-02,170.35548400878906,176.35765642131338,170.2476014092097,175.53381885862186,2968500
2026-02-03,169.7964630126953,170.87527401895238,168.1390008227772,169.70818454960232,3147200
2026-02-04,173.15060424804688,174.49422066411879,169.06089770494103,170.77720216371384,4518900
2026-02-05,168.1880340576172,170.37509210973576,166.04019923690993,169.25704295217423,4730000
2026-02-06,167.97225952148438,170.25739797239981,165.4321177031363,169.44337753980008,3481800
2026-02-09,170.3652801513672,170.90467811813656,166.05980869333123,167.7564939468661,2507800
2026-02-10,175.07286071777344,176.21052900424468,170.2475950146227,170.9929711164427,2680700
2026-02-11,177.00491333007812,177.06375565560066,172.21888628608397,174.09209849682418,2089100
2026-02-12,184.5664825439453,186.6750792059206,178.34856018757415,178.95661755772772,4537000
2026-02-13,188.4011993408203,188.50908193457354,184.47821769886664,185.03723480105162,3413100
2026-02-17,189.3721160888672,189.89190992730266,186.27295719046913,188.79347992381432,3166000
2026-02-18,183.02670288085938,188.47964494387907,182.05577450650097,188.37177731560573,2636100
2026-02-19,181.23194885253906,184.75283646392631,180.84945871776299,182.9874916245796,2257500
2026-02-20,183.7034149169922,183.81129750749946,179.87851391716438,182.4186408623061,2484100
2026-02-23,186.3906707763672,187.80294658096278,183.0855485221438,183.88976695281144,2966400
2026-02-24,186.52796936035156,191.6866847587016,183.4288103157213,184.52724037103852,3535100
2026-02-25,178.96641540527344,187.95984887739726,178.78007138591312,187.91082357966002,3406300
2026-02-26,181.44769287109375,183.78187160646098,177.69143636295544,179.6431250081982,2918200
2026-02-27,188.1658172607422,188.2736998557601,181.12405734909262,182.57557134842222,4964400
2026-03-02,186.5377655029297,188.5384944287044,184.90972460479642,186.36123852035428,3390200
2026-03-03,186.58680725097656,187.49889326485732,182.66382575818335,183.91917863867823,2361100
2026-03-04,187.126220703125,187.31256471893235,183.61515046182208,184.88030541206052,2457200
2026-03-05,184.02706909179688,185.39030462019403,181.46732295977202,185.36088345493985,3430400
2026-03-06,184.95877075195312,186.4887311762409,182.28134000944954,184.27225196733517,2747300
2026-03-09,183.0463104248047,185.88066387066323,181.73211525530323,184.60569193033191,2800900
2026-03-10,182.53631591796875,184.37031986012562,180.97693443582935,182.90900393193394,3288700
2026-03-11,179.3292999267578,182.0361518063929,178.97623098898046,182.0361518063929,1587900
2026-03-12,176.39688110351562,180.63369375862396,176.14189266832008,177.57377267632415,3070400
2026-03-13,180.85926818847656,180.98675491807964,177.52472475023887,178.5937486414463,3194200
2026-03-16,181.1534881591797,182.6246062489522,180.60425816840882,182.1538376854343,2267300
2026-03-17,181.50656127929688,184.22321530618208,180.59446026083958,182.0263551524547,2728900
2026-03-18,177.2108917236328,180.65330274857678,176.7303210820931,179.6137150013566,3654800
2026-03-19,179.2410125732422,179.54505619858986,174.91593700634715,176.81857039134874,3615200
2026-03-20,173.38597106933594,182.14403519170048,172.21889662477614,180.47677102019944,6368000
2026-03-23,173.1015625,176.17130038015566,169.81605943539324,175.7495720778241,4363100
2026-03-24,167.0797882080078,172.9838797509199,166.824799789472,172.1110169369086,4558300
2026-03-25,164.04928588867188,168.678405335508,161.90145108607368,166.21672482431686,4107600
2026-03-26,165.66751098632812,165.81463177515536,162.55854986761474,164.06889119732583,2890300
2026-03-27,166.25596618652344,168.35476076649957,164.73580780717447,165.54001126203153,2468500
2026-03-30,167.0797882080078,169.6983766500417,166.51095407590117,168.23706060557876,3106500
2026-03-31,169.25704956054688,169.77684344571728,167.1974781538427,169.30608982546607,4425800
2026-04-01,167.72708129882812,170.561434885961,166.52075369066347,169.3453052112618,2311000
2026-04-02,170.3848876953125,173.0721353768785,167.06016151389773,168.18802766015116,4241600
2026-04-06,172.74850463867188,173.81751359793557,168.41361150345682,169.41397606234895,2898900
2026-04-07,170.72816467285156,172.98388213400864,169.5610752275362,172.43466709268083,3617100
2026-04-08,172.7877197265625,173.7880842382935,170.3848964570506,171.63044732209886,3465200
2026-04-09,176.46551513671875,178.84873427424714,171.86583171619836,171.86583171619836,3273800
2026-04-10,175.8378448486328,178.0837603057291,174.8767184994543,177.07359369113593,3179700
2026-04-13,177.45606994628906,177.72087538683914,175.04342974736056,176.0241751190412,2597700
2026-04-14,174.74197387695312,177.14898996367043,171.36421321443456,176.75277817545296,2887200
2026-04-15,175.31649780273438,177.01032063946218,174.5537742129766,176.08912139747187,2129100
2026-04-16,176.91127014160156,176.9508852748888,174.9103658340989,175.49478351577932,1915900
2026-04-17,180.63571166992188,181.3390049777776,175.73251898228753,176.60418794184883,4708600
2026-04-20,179.9423370361328,181.6955901090591,178.793301663885,179.65507063581524,2778700
2026-04-21,173.10757446289062,180.160262521242,172.66183240135226,180.0215868773298,3564000
2026-04-22,174.64291381835938,176.50514247965808,173.16701205614834,175.25704662601706,2269500
2026-04-23,177.3173828125,177.51550382344712,174.7122608010692,175.87119616545678,2433900
2026-04-24,176.52496337890625,177.9216198060643,174.5933892783155,177.19852646553437,3065000
2026-04-27,173.64247131347656,177.20842280293343,173.0481385079782,176.95088664829007,3046500
2026-04-28,176.71315002441406,178.47631819756813,172.6420111269603,174.8311213362868,4484600
2026-04-29,176.50514221191406,177.52540192641558,174.92026482838173,175.86127916225553,2775000
2026-04-30,180.98240661621094,181.2498427699997,175.39573579718424,176.3070349958044,3006400
2026-05-01,179.89280700683594,182.3691685288096,179.1597985551077,182.0323869893039,1943200
2026-05-04,179.16970825195312,180.90316126487215,177.53530062820874,178.9616872400181,1625500
2026-05-05,176.43580627441406,178.9715981321101,175.03914982035496,178.29803503250847,2244200
2026-05-06,178.45652770996094,179.53621775060589,176.72307457305854,177.45606794051824,2116000
2026-05-07,178.07020568847656,179.25885617699282,176.7428644470309,177.80275441634433,2589500
2026-05-08,174.86083984375,178.1296400992734,174.44481291879413,178.1296400992734,3510200
2026-05-11,175.79196166992188,177.29759378219237,174.4844354663552,175.3759347272903,2456400
2026-05-12,177.1291961669922,178.80320387825884,172.87975128393842,172.9391815428044,3384000
2026-05-13,172.22598266601562,175.13818617283923,169.3930245399674,175.098571039707,3271000
2026-05-14,168.8878631591797,173.64248051149005,168.580796735394,172.97881740841828,2922200
2026-05-15,169.01663208007812,170.72037002286564,165.78744696980092,168.57087491281098,4632900
2026-05-18,175.60374450683594,176.0990168040945,169.01662899910144,169.27416515245193,3242300
2026-05-19,181.26966857910156,182.37907373594743,176.0197789798646,177.1192841315642,4659700
2026-05-20,182.280029296875,182.280029296875,178.95179869437166,180.23950975218463,2812700
2026-05-21,182.0422821044922,183.09225694328478,180.26921395276878,181.46776443308457,2929200
2026-05-22,182.11163330078125,183.31018381940456,179.90270792946393,183.27056868523582,2069900
2026-05-26,183.2012176513672,185.22193706534733,181.23994360857188,182.0521823073009,2795400
2026-05-27,183.23094177246094,186.80680849811574,182.9635056043026,183.52810818492623,2741200
2026-05-28,184.91485595703125,186.5195484633293,182.27010372761833,183.8054508579696,2411200
2026-05-29,185.19223022460938,185.8261781816865,183.2507561041479,185.16249998043105,4326800
2026-06-01,185.7568359375,186.12333261924934,182.27011455748038,183.07246841555795,2479200
2026-06-02,183.77574157714844,185.59834004488917,181.33901028353037,185.5488249056498,2610600
2026-06-03,180.51686096191406,186.80681036860418,179.75413735566875,182.47813512060452,5585700
2026-06-04,192.07650756835938,193.1264824290708,183.30028178242588,185.4299466327737,4071300
2026-06-05,192.28451538085938,194.22598947213817,191.19492537559515,192.1458397396617,3060800
2026-06-08,187.31199645996094,191.65057168190268,187.09407543117487,191.17511448932925,2800200
2026-06-09,189.025634765625,192.09631406955774,186.945484983516,187.3714270366863,2665700
2026-06-10,190.67984008789062,191.11568214069908,186.80680698122006,190.47181906650061,2179000
2026-06-11,187.52000427246094,191.11568616941605,186.2719234613457,190.28363229533923,3337500
2026-06-12,187.17999267578125,190.13999938964844,186.7899932861328,187.72999572753906,2985700
2026-06-15,185.75999450683594,188.02000427246094,183.69000244140625,186.1199951171875,3906300
2026-06-16,184.47000122070312,187.36000061035156,183.47000122070312,186.49000549316406,2682000
2026-06-17,181.08999633789062,183.85000610351562,180.7899932861328,182.63999938964844,2007900
2026-06-18,176.0500030517578,181.89999389648438,175.0,181.63999938964844,4453100
2026-06-22,176.42999267578125,178.42999267578125,173.99000549316406,175.72999572753906,3031800
2026-06-23,179.3800048828125,179.75,175.99000549316406,178.49000549316406,3507900
2026-06-24,174.4600067138672,180.47000122070312,173.33999633789062,179.89999389648438,4636500
2026-06-25,168.72000122070312,175.2899932861328,167.24000549316406,175.22999572753906,3382100
2026-06-26,175.58999633789062,176.61000061035156,171.13999938964844,172.3699951171875,7260600
2026-06-29,168.6699981689453,175.82000732421875,167.63999938964844,174.94000244140625,3600300
2026-06-30,163.57000732421875,168.60000610351562,162.39999389648438,167.69000244140625,5368900
2026-07-01,166.0800018310547,168.14999389648438,162.27000427246094,163.52999877929688,4626500
2026-07-02,166.02999877929688,169.6999969482422,165.44000244140625,167.16000366210938,3857600
2026-07-06,162.11000061035156,165.7899932861328,160.05999755859375,165.0,3989400
2026-07-07,165.25,166.4199981689453,163.92999267578125,164.22999572753906,2737000
2026-07-08,165.0399932861328,166.72999572753906,163.83999633789062,165.60000610351562,3625700
2026-07-09,165.0,166.07000732421875,163.66000366210938,164.0800018310547,3132600
2026-07-10,168.58999633789062,168.92999267578125,166.17999267578125,166.5,2458200
2026-07-13,169.5,170.89999389648438,168.97000122070312,170.0,2135300
2026-07-14,168.8300018310547,169.38999938964844,166.6999969482422,169.0,2200500
2026-07-15,168.6300048828125,171.3000030517578,167.77999877929688,168.1999969482422,2072300
2026-07-16,168.9199981689453,170.10000610351562,167.55999755859375,169.77999877929688,2375400
2026-07-17,170.05999755859375,172.67999267578125,168.89999389648438,171.94000244140625,2849600
2026-07-20,167.05999755859375,169.77000427246094,166.36000061035156,168.22999572753906,2570600
2026-07-21,163.38999938964844,166.61000061035156,163.07000732421875,165.30999755859375,2758700
2026-07-23,164.64999389648438,168.22999572753906,163.58999633789062,166.17999267578125,3619800
2026-07-24,166.6699981689453,169.49000549316406,166.4199981689453,166.52999877929688,3343500
2026-07-27,166.74000549316406,168.22999572753906,165.5500030517578,166.4199981689453,3520800
2026-07-28,171.5,178.60000610351562,169.16000366210938,169.5399932861328,4395600
2026-07-29,179.25999450683594,180.3699951171875,172.58999633789062,174.9600067138672,5367700
2026-07-30,174.4600067138672,179.86000061035156,172.82000732421875,177.3000030517578,3697400
2026-07-31,173.36000061035156,174.1699981689453,170.9600067138672,172.69000244140625,4302400
2026-08-03,173.0,175.16000366210938,171.7899932861328,174.6699981689453,2505900
2026-08-04,175.25,175.5500030517578,169.02999877929688,170.5,2990800
2026-08-05,168.07000732421875,173.91000366210938,162.5,173.91000366210938,5294200
2026-08-06,171.1999969482422,172.3800048828125,167.38999938964844,169.69000244140625,2896000
2026-08-07,172.5399932861328,173.77000427246094,170.50999450683594,170.50999450683594,1560500
2026-08-10,169.11000061035156,171.6199951171875,168.72000122070312,171.25999450683594,1801100
2026-08-11,169.5500030517578,171.6199951171875,168.5,168.5,1584100
2026-08-12,170.42999267578125,172.38999938964844,168.92999267578125,169.22000122070312,1797300
2026-08-13,174.19000244140625,175.0,171.25,171.35000610351562,1357000
2026-08-14,175.5800018310547,176.58999633789062,173.77000427246094,174.25999450683594,1227265
