Date,Close,High,Low,Open,Volume
2021-08-25,197.06295776367188,197.925500444556,194.66803108646664,195.60398314459698,2599800
2021-08-26,193.83299255371094,196.83352152386516,193.13561060232718,196.83352152386516,2513900
2021-08-27,195.29196166992188,196.39307408830246,194.73222754037948,194.76892522038375,2511400
2021-08-30,194.0256805419922,196.12698332178937,193.42924871445052,195.64982945891333,1922100
2021-08-31,193.49343872070312,194.80560810973418,193.08052337501437,193.8696563918115,2857900
2021-09-01,190.82330322265625,193.60361846193004,189.5845428085058,193.49349740198824,4122900
2021-09-02,194.3284912109375,195.40207691403143,191.7041659362397,191.7041659362397,2921600
2021-09-03,193.03468322753906,195.26444898680947,192.69517715775834,193.7504070511555,2512000
2021-09-07,191.07101440429688,193.00714255723156,190.72233743933037,192.73186095227607,2641100
2021-09-08,189.73133850097656,190.97008476320772,187.89614640753376,190.05248871648632,2603100
2021-09-09,188.49256896972656,190.99760213371775,188.0154151284984,189.48357433162946,2777900
2021-09-10,188.11639404296875,190.74990468762473,187.94206252418448,190.03418076366572,2551200
2021-09-13,189.20831298828125,190.73152587436545,187.12536592123385,190.08921140475323,2699100
2021-09-14,185.65719604492188,189.11653680490917,185.02405257941348,189.06146928500993,3757600
2021-09-15,188.7770233154297,189.5661564444977,185.23510215492502,185.51038375834946,3342700
2021-09-16,186.82254028320312,189.38262681298153,186.1068165651402,188.52008438316136,3120100
2021-09-17,183.28982543945312,186.51976771051943,183.01454380246693,185.93250675227154,6351100
2021-09-20,175.095703125,178.00448122473753,172.94851750444226,177.1511095290812,9151100
2021-09-21,174.1964569091797,176.82996748878307,171.57213125235342,176.17846803491003,5699900
2021-09-22,175.58201599121094,178.47243805059426,175.4076704953069,176.17844784428843,3924400
2021-09-23,180.41773986816406,181.31699412302208,176.95841266815526,177.0134661936761,3367800
2021-09-24,180.60128784179688,181.49134325990065,178.8670176108981,179.52768798417193,2199500
2021-09-27,183.51922607421875,185.3452474141633,181.31700096189044,181.31700096189044,3033100
2021-09-28,184.0238494873047,185.2534245590831,182.37217416627325,183.7026853410425,3247500
2021-09-29,181.5647430419922,184.58364217175122,181.40875337896176,183.95966951822356,2954700
2021-09-30,176.1509246826172,182.48233218087927,175.83894536851966,182.25293315555953,4978100
2021-10-01,178.31643676757812,179.72952848188754,175.48106841783385,177.00426717441553,3695500
2021-10-04,177.21530151367188,179.7662170080285,176.55463134233034,178.6926314799491,2864600
2021-10-05,176.63722229003906,178.38064901337947,175.01307352053774,176.87579219912044,3074600
2021-10-06,176.04995727539062,176.53628200255832,172.32452000626316,174.34322827016342,3777700
2021-10-07,179.6194610595703,180.20672208356575,177.65580569795364,177.76591276451302,3510500
2021-10-08,179.0780487060547,180.381033418543,178.69266004473317,179.66530961874525,2713200
2021-10-11,176.99508666992188,180.9223963142054,176.80238535497654,180.16078997645556,2015200
2021-10-12,174.26986694335938,177.62827236331216,173.9578875987054,176.47210620296747,4706700
2021-10-13,173.37059020996094,175.49023472643205,172.25112197159376,174.80203772750488,3253200
2021-10-14,178.31643676757812,178.74770801835007,176.73817048845615,177.60071299000003,5212900
2021-10-15,182.6199493408203,183.01450887746162,179.20649129696176,179.8121079824793,4736300
2021-10-18,181.84918212890625,182.30798016314174,179.43591398978285,181.11511647525333,2809400
2021-10-19,184.56529235839844,184.8772716946517,182.10614135300477,182.23460425625063,2626900
2021-10-20,187.3639373779297,188.2723484953223,184.00553251603034,184.58362250084704,2936000
2021-10-21,185.4828643798828,185.6296831077394,183.28063946765224,184.98736867512253,3071300
2021-10-22,185.1322784423828,186.7008164081997,183.79442024687714,185.123056883057,2632400
2021-10-25,186.57162475585938,187.58654524595957,185.00308695337847,185.71354115154918,3294700
2021-10-26,184.2003936767578,187.1067757524226,184.04354269629403,187.06987543649086,2933600
2021-10-27,180.96182250976562,184.92926047648726,180.76805716670452,184.76318796418988,3406700
2021-10-28,188.30621337890625,188.68450843730528,181.810674637606,182.0966978012247,4462700
2021-10-29,188.2323760986328,193.5284640447617,187.52193609316316,191.90458307391464,4292200
2021-11-01,189.4964599609375,190.8804539388498,188.04787283960624,188.490746970498,3215200
2021-11-02,191.10191345214844,191.73855303281655,187.30054724478364,189.83786992913414,3429600
2021-11-03,187.80799865722656,190.60366556040458,186.21179610058965,190.30840673350153,3137000
2021-11-04,187.84490966796875,189.0443740828128,186.94070409684113,188.22320478196173,2543500
2021-11-05,189.9578094482422,192.72579766870635,189.35807021991195,189.58873590495062,2591300
2021-11-08,197.68045043945312,199.72876241744487,194.91246280202787,199.19361645143042,5944700
2021-11-09,193.58383178710938,198.89837720694553,192.7995770489138,198.5385252886567,3310300
2021-11-10,190.6866912841797,193.71302369905194,190.46524717624453,193.08561984464146,3261800
2021-11-11,192.40284729003906,194.16513638549523,191.8031221802859,191.8031221802859,4819800
2021-11-12,193.08560180664062,194.39578097908503,192.19061797891158,193.15941650238992,2018000
2021-11-15,191.64627075195312,194.39580158619137,190.76972994620763,193.75916208674053,2392600
2021-11-16,189.54258728027344,192.07990964606546,189.3857363143794,191.91383712172419,2138000
2021-11-17,187.2820587158203,189.32114934475305,185.31679686624423,189.14584119056744,3135700
2021-11-18,185.84271240234375,187.9556177904962,185.14149384487555,187.549643965067,2119900
2021-11-19,184.93850708007812,187.22670655039155,184.21883132668347,185.38138121784831,2980100
2021-11-22,186.7284393310547,188.71215805412857,184.615534343748,185.90727027766488,2596500
2021-11-23,189.4503173828125,189.67176147986638,185.99955411697283,187.34664773630064,3127100
2021-11-24,191.0557403564453,192.15369696120666,187.3743117257448,187.90945769242623,3880500
2021-11-26,183.36073303222656,185.87037640966847,181.40469284166977,185.45518105886154,3496000
2021-11-29,180.76805114746094,185.91651003795772,178.33222249720893,185.66738719909281,4559900
2021-11-30,178.39683532714844,181.56156157094836,176.73603968258618,178.84893103128258,6358000
2021-12-01,176.6622314453125,183.0839560677358,176.5607379833542,182.29970120598128,3425300
2021-12-02,181.57073974609375,182.33655127918368,176.975884626266,177.43721585737717,3445700
2021-12-03,182.502685546875,183.96971586637812,180.60200263047994,182.38273489024493,3250900
2021-12-06,185.71353149414062,187.5403995442929,183.00090113192746,184.1450078519406,2838400
2021-12-07,188.67527770996094,190.2622584877989,187.36509852429725,187.5680713412637,2818000
2021-12-08,188.39849853515625,190.25304548958155,187.86335248093306,188.60148545498973,2341200
2021-12-09,188.34317016601562,189.11820357326502,185.34451593391998,187.39282856644888,1646600
2021-12-10,187.72496032714844,189.9762455033046,186.4793600427629,189.51491415037893,3315200
2021-12-13,185.6858673095703,188.45385539368812,184.94773433806247,188.057117192748,1868500
2021-12-14,186.04568481445312,188.20471190463334,184.34798902108307,184.53251872406435,2248800
2021-12-15,186.8853302001953,186.9314661503211,183.2777157125739,185.45520021858752,2193700
2021-12-16,190.22532653808594,192.12600904151228,188.82287559160423,189.1458130991121,2856800
2021-12-17,185.7965545654297,189.37648979115227,185.6673823706208,189.09968820835797,6079600
2021-12-20,180.34365844726562,182.272020121111,178.1292595088549,182.272020121111,3605100
2021-12-21,182.97323608398438,183.62833278953119,181.52466297937843,181.7645502108115,2303400
2021-12-22,186.5162353515625,187.6695635792588,185.29832806404633,185.4367218198844,3558700
2021-12-23,190.25302124023438,191.26795571003981,187.56806975269666,187.68802039332286,2669600
2021-12-27,190.41912841796875,190.89890287493003,189.27502162634488,190.01315458614366,1711200
2021-12-28,190.6405487060547,192.15371486087358,190.1976745842994,190.2345748949813,1393000
2021-12-29,191.29563903808594,192.42128853927014,190.14231078512785,190.3176189321717,1334900
2021-12-30,190.14234924316406,192.75348662543337,190.00394137758641,191.29567772939345,1465900
2021-12-31,190.75125122070312,191.67391372506788,189.76399558325085,190.25300558426716,1374500
2022-01-03,190.99114990234375,192.46741562969262,189.88395764618878,191.2956302365612,2055600
2022-01-04,201.2142333984375,201.98926649531492,191.85843650409709,192.17213836539813,5242300
2022-01-05,202.75509643554688,206.08590882182318,201.30650946659813,201.30650946659813,5378200
2022-01-06,204.8218994140625,205.48621768946072,201.19582765428765,204.36056806052017,3913200
2022-01-07,206.8517303466797,208.4940686467953,205.0433054577933,205.29242830159248,3673400
2022-01-10,204.49891662597656,208.29106007690393,203.54857537407108,207.55292725867406,3734900
2022-01-11,202.93963623046875,204.91413363303465,199.83948932862836,204.8310973778539,2944300
2022-01-12,205.20018005371094,206.39042282778226,203.05038833935427,204.94183562249086,2506900
2022-01-13,209.44442749023438,210.25637515045145,205.42161765899138,205.6522833280335,5002300
2022-01-14,211.2344207763672,211.88028191173171,206.28894767330667,207.34078268767655,3970600
2022-01-18,212.09246826171875,212.609157116052,209.31525863031996,210.09952754910708,5411900
2022-01-19,205.509765625,213.06594765080584,204.8329435361009,212.92688237063615,4991700
2022-01-20,200.8462677001953,205.7044704312944,200.29924455279217,204.97203632959264,3545600
2022-01-21,198.4912872314453,201.66210254507516,196.94296600253114,201.66210254507516,3754700
2022-01-24,198.71380615234375,199.30717485278572,191.60264804889715,195.77477570273072,5107300
2022-01-25,198.69528198242188,201.03167769525666,192.01061350415398,196.62776467128091,4554300
2022-01-26,198.67672729492188,202.93230856724193,196.77610254126043,199.33500259796043,3558500
2022-01-27,196.71119689941406,202.02370256713442,194.83837104464212,199.52970905766867,3678100
2022-01-28,186.50341796875,192.84504986717207,182.46108847296082,190.61063988448194,10747300
2022-01-31,186.874267578125,186.9113610868554,180.49554219122993,184.91800232993646,6179000
2022-02-01,190.3881378173828,190.7960673906587,185.92858409953377,186.16964946900217,4026400
2022-02-02,190.0080108642578,190.80535156577199,186.72592843012984,188.3947827062094,3492300
2022-02-03,185.9748992919922,190.87019446706913,185.51132956596575,190.06358767083125,2748200
2022-02-04,183.95376586914062,186.36432026803698,182.1736595886084,185.62261992808558,3930800
2022-02-07,185.26104736328125,186.84644820573052,183.60145950587827,184.35244034146243,2402000
2022-02-08,186.8186492919922,187.5696301844304,184.71403821473064,185.66899097264945,2407100
2022-02-09,188.76564025878906,189.2292100883568,187.3656503193963,187.8755799613265,2743700
2022-02-10,188.27426147460938,191.68612870401512,186.8742715047041,187.81069163493822,3538500
2022-02-11,186.5775604248047,189.73909540791715,185.54843500095117,188.59871776970957,3826700
2022-02-14,185.32594299316406,187.0040634863651,183.67563555753875,186.3087087529153,2730500
2022-02-15,188.58944702148438,189.55366586621554,185.43716426784889,186.07689277935532,2752600
2022-02-16,188.80270385742188,190.45301118113738,188.20933509099638,188.31132101086766,2253900
2022-02-17,180.55117797851562,187.05968804353762,180.27303325804667,186.3550670124406,4699600
2022-02-18,177.9644317626953,181.36703217473175,177.2505303561727,179.27170190856708,4385200
2022-02-22,177.27838134765625,180.69951482372414,176.6664657742346,177.96445564480004,3488000
2022-02-23,173.06918334960938,178.30753166488603,172.79103858248337,177.75124213063398,3550400
2022-02-24,171.23345947265625,171.77120227800097,166.5792135103513,168.7672641006711,5919500
2022-02-25,173.4307098388672,174.237316663947,170.70491748884123,171.4651786572815,3594600
2022-02-28,173.912841796875,175.01614014589933,170.28772269208858,170.90890450476886,5168500
2022-03-01,169.5089569091797,174.50623944011073,167.47851865641215,174.08902939501468,5110600
2022-03-02,178.57635498046875,179.45713475162327,171.52082221431243,171.70624730081434,5849900
2022-03-03,180.65313720703125,182.25708458062618,178.32600800827953,179.2346149040036,4429700
2022-03-04,181.40415954589844,181.72864995706098,176.44395642513348,177.17640472035643,4334700
2022-03-07,182.3683624267578,188.67291474137903,179.51277066816385,180.59752233782964,6912300
2022-03-08,194.6992950439453,199.23300663408756,188.20931854248047,189.0159253806142,9318600
2022-03-09,194.495361328125,198.03704170339122,192.33512417175555,197.0820889628412,4798300
2022-03-10,196.35887145996094,201.67139106143466,193.01189724829115,194.1337422850061,4886300
2022-03-11,199.17738342285156,201.90317585661322,196.83172158498755,196.83172158498755,4045500
2022-03-14,199.74295043945312,202.56144849648615,197.4158210738,200.54029103240111,3530700
2022-03-15,200.68862915039062,201.54159582146056,195.17213762207038,200.37339095803907,4364200
2022-03-16,200.33631896972656,203.49786828271854,196.85027929709247,201.65285545482286,4378700
2022-03-17,205.54684448242188,205.6210173473405,198.72309652720813,199.63170351219097,3600400
2022-03-18,204.81439208984375,205.54682607640885,202.1164127265109,203.48857523706485,4105100
2022-03-21,207.41043090820312,210.5070741466961,204.88860976330258,204.89787606747916,2902200
2022-03-22,206.48329162597656,209.39450975777413,205.21310059968457,208.1057861230905,2461500
2022-03-23,205.9826202392578,208.40245536090848,205.53759715568665,205.53759715568665,2001700
2022-03-24,206.01968383789062,208.6063969351953,205.3706748409153,206.32562743734542,2110900
2022-03-25,207.0858917236328,207.49383539165842,205.02764077825046,205.90842052674563,1581100
2022-03-28,205.68592834472656,206.45544177241814,203.08065415449607,206.14021769998692,3072500
2022-03-29,204.93492126464844,205.29650512566224,200.7627932620153,204.7124168252719,3667800
2022-03-30,206.8263397216797,209.42233388364485,204.61974256195475,205.82502708147754,2507400
2022-03-31,206.58531188964844,208.78262884668771,206.22371376048332,206.9468958717819,3152100
2022-04-01,203.7574920654297,209.08854524193015,202.27406291402673,208.0037935106161,2618300
2022-04-04,204.72169494628906,205.22235825784293,200.81844511194095,203.19192024915526,2181300
2022-04-05,200.28070068359375,206.16802866509022,199.46481330719888,203.97071233651388,3582100
2022-04-06,200.4568634033203,201.30983015581498,197.99066861959113,199.44627046608952,2783300
2022-04-07,200.16943359375,200.54956422430084,197.9999303292358,199.76150405404275,2253600
2022-04-08,201.2170867919922,202.0051610345708,198.43566826104595,200.06742870627164,2450200
2022-04-11,200.30850219726562,202.82104245029234,200.03035750342906,201.21709499323998,2494700
2022-04-12,200.91116333007812,203.48861047668854,199.3164819685313,199.7522387444789,2508200
2022-04-13,202.36676025390625,203.67401631103874,200.63299961790432,201.12438246394555,1898900
2022-04-14,211.21168518066406,212.51895550583245,202.6820030775096,203.88728747347275,5337900
2022-04-18,213.1679229736328,217.30297157843023,211.38781674082696,211.38781674082696,3644000
2022-04-19,215.2447509765625,215.96791879342786,210.989183251079,213.47391079681557,2689400
2022-04-20,217.9519805908203,219.14798445959502,215.63413157247362,216.53345812335434,2907700
2022-04-21,215.6248779296875,220.5665198775655,214.771896991469,219.95461845253539,3571400
2022-04-22,201.50201416015625,214.06909767784327,200.8499069341429,212.77419396659124,5053700
2022-04-25,201.87464904785156,202.15412764332825,195.2324516628265,200.57974529651912,4145500
2022-04-26,195.9124755859375,203.27199693122793,195.02747201376255,201.3436219236357,4176700
2022-04-27,199.3220977783203,200.80331574234867,193.1177331331172,196.6670726455466,3358300
2022-04-28,197.90609741210938,198.390526027331,188.18033900311355,193.23884327297958,6092800
2022-04-29,196.13607788085938,202.34976798652278,195.78208492527827,198.148306721005,3404000
2022-05-02,197.56141662597656,198.2135238733591,193.4531196451589,195.6330271070684,2639500
2022-05-03,199.00540161132812,200.62636640810697,196.36901146142253,197.4030725151673,2121100
2022-05-04,207.36170959472656,208.01381690541743,199.2010219319239,200.24439362902928,3023700
2022-05-05,201.1573486328125,207.88340037154904,199.14513377138778,207.18471090462938,3005600
2022-05-06,199.9648895263672,202.16343261861013,195.9590818933123,202.16343261861013,2268400
2022-05-09,192.17686462402344,197.54280894021815,191.38502507380298,197.52417324054417,2929900
2022-05-10,189.1026153564453,195.18586977303292,187.61207232194468,193.99344103138117,3040400
2022-05-11,191.1707305908203,195.36286674165723,189.66155191040647,191.49677709585146,2552400
2022-05-12,189.13986206054688,191.29182296395786,185.66505103934372,189.68018352525712,3282000
2022-05-13,190.3509521484375,192.33523470063665,189.03741259374587,191.11484520873202,2323800
2022-05-16,193.01524353027344,194.89705062514764,189.74536862452194,190.99370426629434,2540800
2022-05-17,198.51165771484375,199.14514358781148,194.83189585065574,198.24150402886255,2275900
2022-05-18,193.7139434814453,202.99252960798125,193.32267917151864,199.21029373048648,4723300
2022-05-19,192.6147003173828,194.96230082344948,187.91020277824714,191.7762786726527,2887700
2022-05-20,184.2863006591797,192.49356887663907,180.76489343176553,192.32587604920482,5404500
2022-05-23,190.1832275390625,191.43156326287124,185.5346236863333,186.2519344880372,3246600
2022-05-24,191.5806121826172,191.6271943151291,187.51889756633477,188.18964047286738,2467800
2022-05-25,194.990234375,195.71687020970128,190.80742295483762,190.97510158675078,3080200
2022-05-26,198.4185028076172,199.02402800808795,196.00568431842265,197.0770167233215,2016000
2022-05-27,202.28453063964844,202.74101277778124,199.5084090648681,200.290937688921,2020400
2022-05-31,201.08282470703125,203.16956805151963,198.88428138703605,200.0953317002311,3773500
2022-06-01,202.68515014648438,204.01731115416953,199.6388602874427,203.51426102504567,2314000
2022-06-02,204.9488983154297,205.73142706106458,202.3870370864868,204.56694468427239,1784100
2022-06-03,207.65048217773438,208.76839657985377,203.3186136215741,203.3186136215741,2222500
2022-06-06,208.33056640625,209.38324884271174,207.04497327204436,207.65049844155885,1565400
2022-06-07,211.56317138671875,211.72153928978088,206.48601667237543,206.81207743536248,1799000
2022-06-08,214.0784454345703,216.45399235330018,209.2528230183609,209.87698387365697,4171300
2022-06-09,208.36778259277344,212.59718984990175,208.32120046238964,211.87053988862962,3045700
2022-06-10,200.45863342285156,205.15383399791992,200.30026553647232,204.48309105862444,2604100
2022-06-13,192.72650146484375,195.51193429394468,190.88195109143706,195.2417806291846,3559400
2022-06-14,192.54946899414062,195.38148353803018,191.2266188796046,193.82573697625457,2359000
2022-06-15,191.90667724609375,194.37537396161193,189.23303051477353,193.28542026750364,2343100
2022-06-16,181.46360778808594,187.48165884326326,180.0289717836553,187.3139802075609,4789900
2022-06-17,179.460693359375,184.2117867687074,177.81178246344834,182.29270802229945,7226100
2022-06-21,182.93551635742188,184.84527027162758,180.6065516364082,183.6155842906661,2755400
2022-06-22,174.97975158691406,179.60040890588394,174.8679658466573,177.00129094082217,4008700
2022-06-23,166.4464569091797,174.42083021964407,163.97775987318542,173.81530504926758,6667900
2022-06-24,172.79986572265625,172.90234073551542,167.0985506120209,168.93377588739838,4868900
2022-06-27,174.75619506835938,177.0758490700625,173.10729826479556,175.2126772754047,3061100
2022-06-28,174.61647033691406,179.8892501528474,174.60714538002347,176.97338162075604,3327200
2022-06-29,170.92738342285156,174.73758070140235,169.6697509391634,174.5046842175853,2436900
2022-06-30,166.53028869628906,169.67905355546512,165.00248840420832,167.92766753227286,4197100
2022-07-01,166.09242248535156,168.9151404768355,161.83508286187708,167.04264396125097,3423100
2022-07-05,161.87234497070312,162.487195015894,158.92854461908902,161.88166992630596,3724900
2022-07-06,160.5215606689453,162.72010391379956,157.70816733187291,161.6115144424926,3190600
2022-07-07,167.94627380371094,170.01439525579292,164.2665130233404,170.01439525579292,4677600
2022-07-08,166.84701538085938,168.84060833960743,164.3224117155223,167.89969762404525,2491100
2022-07-11,163.0461883544922,167.47122192652998,162.67354541950115,165.27267836214358,2773300
2022-07-12,162.5524444580078,165.11430592964973,160.79174750609252,162.7853409554298,2718400
2022-07-13,161.97482299804688,163.26041598652853,160.1023406053697,160.4656585088704,2389000
2022-07-14,158.3136749267578,159.02167493601303,155.649339276453,158.13667137072662,2531200
2022-07-15,161.51837158203125,161.51837158203125,157.62433503930478,160.4656749422141,2282100
2022-07-18,161.62083435058594,164.61121697091747,160.89419852425087,164.08022042776736,2476400
2022-07-19,168.37498474121094,168.5719723559108,162.1743121809233,163.13113779436807,2671400
2022-07-20,168.82525634765625,169.6038598423853,166.10484622563703,167.7089454855011,2175900
2022-07-21,169.78204345703125,169.8570911057661,165.55131993209108,167.37118605075375,2214500
2022-07-22,167.558837890625,171.47999616537854,166.35810385287246,170.25112104188793,1961500
2022-07-25,170.55130004882812,171.2923868218076,166.76148586703965,168.0747842681844,1845600
2022-07-26,170.00718688964844,172.27732478447584,169.39744437217422,169.94152913746163,1767700
2022-07-27,173.7782745361328,174.65067681698844,169.15357482939575,171.59255956789144,1856500
2022-07-28,176.2078857421875,177.78385812268218,172.7932956173078,175.2792012793171,2229200
2022-07-29,185.97323608398438,187.1364534071906,177.40861286320646,177.4742849370251,5188100
2022-08-01,182.7931671142578,184.97888205188713,181.4235722748863,182.99954461490117,3185100
2022-08-02,172.14602661132812,177.7369562886262,171.8177091622871,176.3579857865677,8193100
2022-08-03,171.54563903808594,173.956496808838,170.35429500823523,171.96778391527394,4155900
2022-08-04,172.26795959472656,174.4161433901898,169.9040084096379,171.53626280403586,2478900
2022-08-05,173.90957641601562,174.5756154001447,171.88333269644497,172.21166439397894,1908500
2022-08-08,174.30360412597656,176.3579893775636,172.75578707241678,175.20416185920305,2655000
2022-08-09,174.50997924804688,176.2454226112234,173.69385910160526,174.43493157848405,2460000
2022-08-10,178.9095458984375,179.6600082610175,175.8420386851016,177.04277273967804,2304300
2022-08-11,181.98643493652344,183.46859421707407,180.0258628614559,180.88888959812851,2538900
2022-08-12,184.65054321289062,184.7724974532801,181.79880361681592,182.82130117643825,1864800
2022-08-15,183.81564331054688,184.33158700208125,181.11399924975416,181.42355115079792,1752400
2022-08-16,185.2884521484375,186.1139478542652,182.87759416537583,183.22469141304998,1959300
2022-08-17,183.79690551757812,184.70683880690623,181.8644745943053,182.92450321904155,1576200
2022-08-18,185.12899780273438,185.3916575027297,183.15903573888954,184.84757260591653,1750900
2022-08-19,183.48736572265625,185.00704173114772,181.8082044635562,183.17779944057835,2003600
2022-08-22,179.88516235351562,181.92078231654,179.6881747227706,181.15156866382915,2008900
2022-08-23,184.9976348876953,185.8700370966361,180.56053324136192,180.81381730461598,2444900
2022-08-24,182.13648986816406,186.37657494060537,181.47045088893307,185.3259364184254,2503200
2022-08-25,186.56422424316406,186.59236532748804,182.52112623799871,183.38415288965004,1888700
2022-08-26,180.03526306152344,187.9619900204653,179.85702660963062,187.05205657629364,2560400
2022-08-29,179.90390014648438,181.20782293817635,177.2960545631004,178.2341289258681,1996600
2022-08-30,175.36361694335938,180.07275407181208,173.15913654981367,179.64123358337483,2691200
2022-08-31,173.27171325683594,176.4142536280226,173.0747113523123,175.07281422641415,2656600
2022-09-01,171.1422882080078,171.8646094717407,168.94719764505095,170.982817284772,2686200
2022-09-02,169.6319580078125,174.23790572995708,168.71264930672066,173.40302027088998,2185400
2022-09-06,169.47251892089844,172.28674202759998,168.468772475513,171.57379634635308,2141700
2022-09-07,169.66012573242188,170.57943457788474,167.1554689618818,168.01849563715612,2166900
2022-09-08,171.8083038330078,171.9302580735231,167.0522745333257,168.55318483822137,2245700
2022-09-09,177.75572204589844,178.00899182624806,175.62628916394561,175.93585543158557,2279600
2022-09-12,180.48548889160156,180.7669140432812,178.80634219924676,179.03148518336604,1937200
2022-09-13,172.896484375,178.2810363971753,172.13664642758388,176.217275651555,2207500
2022-09-14,173.2154083251953,173.67506987074393,170.6075629982715,172.53061811560443,2295000
2022-09-15,171.18919372558594,174.9883834017721,170.42934147647003,173.23418894319337,1933100
2022-09-16,168.35617065429688,169.17229059312444,166.76144744493953,168.85334881402812,5088300
2022-09-19,170.83273315429688,171.41433471410403,165.85156027561396,166.27369090172814,2923700
2022-09-20,166.9678955078125,169.52883503983597,165.3919228092645,169.4068807670171,2512400
2022-09-21,161.3018798828125,169.31304276131968,161.2362221222364,168.17796651193567,4061900
2022-09-22,159.9885711669922,163.80652603980144,159.7446626935389,162.00542514155296,2508400
2022-09-23,154.06932067871094,158.94730393827913,151.71474513954445,158.21560716503777,4047200
2022-09-26,152.54965209960938,155.57964267295304,152.17442807069037,153.8441993329745,3213400
2022-09-27,152.38082885742188,154.37893218563624,150.65477515852754,154.27574341483924,2753500
2022-09-28,157.37132263183594,158.0467372009153,153.41264836290614,154.31320589297073,3694800
2022-09-29,155.6265411376953,156.2738147801502,153.4126849256147,155.43892911576572,3518100
2022-09-30,153.9192352294922,157.39010733011102,153.7409988195298,155.61714744839168,2963000
2022-10-03,160.62644958496094,162.6339279044732,155.7672318477206,157.06176457739303,3444700
2022-10-04,168.5063018798828,169.0316212313016,163.42194056596685,163.50636382304225,4008200
2022-10-05,167.3336944580078,169.09726436898092,165.74834663637645,166.17985278891805,3067400
2022-10-06,167.73707580566406,169.77269547085228,165.9359747329705,166.42377741324552,2415000
2022-10-07,166.55511474609375,167.87780310260467,164.29435197739855,165.77651126631525,2759200
2022-10-10,167.6057586669922,169.94156917823491,165.1667737085574,168.67516295724838,2633900
2022-10-11,168.6188507080078,171.74263975728738,165.72958022716773,165.87029995655794,2542400
2022-10-12,168.38433837890625,169.90401417826376,167.70892373166336,168.36557288485005,2260800
2022-10-13,171.79891967773438,173.4968318008209,162.0148120009972,162.99040293484654,3745900
2022-10-14,167.15548706054688,172.91526356016072,166.5363544936796,172.37117866629674,2830200
2022-10-17,169.60382080078125,172.89645613983436,168.1028963324164,171.01093212216958,2940000
2022-10-18,172.1835479736328,174.04093115898846,169.70703228853247,173.4499397443341,2674000
2022-10-19,172.99029541015625,174.20040503118375,170.72953277706316,171.6113249618466,2088700
2022-10-20,169.3599090576172,174.23790632820285,169.28487571814395,173.11220584183616,2953900
2022-10-21,179.63450622558594,179.81393527891703,169.23720355452156,169.72825585771915,3483800
2022-10-24,180.65440368652344,181.4476553075359,177.96299676064763,178.15186413569958,2919500
2022-10-25,183.99737548828125,184.7811886756911,178.40681838268384,179.70057485328607,2545000
2022-10-26,185.99942016601562,188.47361571853008,183.74242135651852,187.26484732572487,3546000
2022-10-27,200.3346710205078,205.04698888484137,195.83011158127314,198.45540686971572,7872200
2022-10-28,207.13397216796875,207.28507180619013,199.45640732514744,200.6746139353777,5161000
2022-10-31,204.41427612304688,206.6901516642542,203.0449552948272,203.3565929337537,3786100
2022-11-01,206.3407440185547,207.2567658655972,204.65036165494433,206.4635142897015,2717500
2022-11-02,202.60110473632812,209.36266294111846,202.02504991478148,205.49083157845698,3150000
2022-11-03,207.05845642089844,209.44766400601327,199.59808707436187,199.76806338809004,3570400
2022-11-04,215.17044067382812,216.94581124669335,211.15694781287857,211.55357361350772,4973800
2022-11-07,215.8881378173828,216.37920449748847,210.27868913936274,215.31208298389055,3405600
2022-11-08,217.0213623046875,219.6844397935383,214.0560999035004,215.88814366652713,3676600
2022-11-09,212.98895263671875,216.38862255025302,212.53566811813252,213.48947200452534,6248300
2022-11-10,219.51446533203125,219.64667394278177,213.73503976256916,219.29726855929638,4590800
2022-11-11,223.32960510253906,225.13330481904265,219.08946331893395,220.03381445392938,3585400
2022-11-14,223.3390350341797,226.5026169814008,221.45033283515914,222.86685948442454,3217700
2022-11-15,221.5353546142578,226.07768178707542,219.79775178563415,223.90568545612405,3371000
2022-11-16,219.48609924316406,221.60145107110986,217.99402265153114,220.97817583479699,3062000
2022-11-17,217.6162872314453,217.7012753789401,212.960628442275,215.07598026329555,3256900
2022-11-18,218.5512237548828,218.9384112626987,214.96270018970083,218.00351265804312,2868700
2022-11-21,219.25003051757812,220.66655740895126,215.5670663638706,218.6645373469007,2522600
2022-11-22,224.0568084716797,224.26456693291152,220.373843767404,220.97822808835332,2523300
2022-11-23,223.7356719970703,226.29486994544814,222.49857430016127,224.4061676516255,2311300
2022-11-25,222.58358764648438,224.27398446025296,222.10197369450597,223.8112471583985,1034800
2022-11-28,219.372802734375,221.88478056896255,218.68343034250861,220.92153823959876,2862100
2022-11-29,222.03587341308594,222.61192828342743,218.66454675951746,220.3171615372578,2277900
2022-11-30,223.25408935546875,223.58460365736715,217.9468253682383,222.77246098093624,3850000
2022-12-01,222.57411193847656,223.81120956767305,219.03279533139312,223.71676869428916,2504700
2022-12-02,222.9896240234375,225.19940208134003,220.59096422275042,220.87427242727344,2218300
2022-12-05,219.62774658203125,222.78187586001906,219.33498563113866,221.73364554192676,2064500
2022-12-06,215.5859375,220.08105860916407,213.00786265834526,219.64665070000507,3633800
2022-12-07,216.237548828125,217.04969149317418,213.2156276592176,214.36773735637243,3044000
2022-12-08,218.069580078125,219.5616567217801,216.76637079488,218.06014175348406,2189400
2022-12-09,214.64157104492188,219.8543935369536,214.54714457373447,219.08947139495572,2257000
2022-12-12,220.09051513671875,220.4115911254548,214.38663953518795,214.8871445792934,2709200
2022-12-13,222.38528442382812,224.68005107950734,219.21226359930333,224.5856245988687,2945200
2022-12-14,221.4314727783203,224.9633515724185,220.14715452679883,222.92354945359207,3513800
2022-12-15,217.82408142089844,219.96774856686335,215.047686202798,219.24060841710008,2953200
2022-12-16,219.76942443847656,220.24160006430526,215.3593058223954,215.9070312775155,7610700
2022-12-19,219.3633270263672,223.7451158805251,218.07900885826976,220.88373298705858,2622400
2022-12-20,222.0547332763672,222.6024586834819,218.95726259518096,219.5049880022957,2649900
2022-12-21,228.27804565429688,228.44803638872062,224.4345431889595,224.4345431889595,4143600
2022-12-22,224.3211669921875,227.39976097930628,220.07158679518506,226.78592408283512,3129900
2022-12-23,226.5215301513672,227.15424376089538,223.33907104398693,223.76402622535284,1959900
2022-12-27,229.6095428466797,231.41325703929843,226.37986357515194,227.295885362622,3381500
2022-12-28,226.05877685546875,230.25169815493547,225.01998485437397,229.60953189708016,2270000
2022-12-29,226.83316040039062,228.16469908030706,225.01056946051062,227.78696435577262,1652500
2022-12-30,226.22877502441406,226.79539151793907,224.47228118607373,226.06823704683504,1521100
2023-01-03,225.5866241455078,227.28644481454265,223.05575538175557,227.28644481454265,2651900
2023-01-04,227.92861938476562,228.65577388550548,225.27499466490653,226.64430110213394,2387900
2023-01-05,226.90870666503906,228.0985839973334,224.3400702314923,227.1447944665808,2355900
2023-01-06,235.01124572753906,236.00281739275692,228.7596452478124,229.37346777836547,3945100
2023-01-09,232.89588928222656,237.0038227828334,232.31039614692986,235.15288808304018,3417100
2023-01-10,236.5694580078125,236.881095691043,232.7353937269027,233.2075694148898,3011900
2023-01-11,236.77719116210938,237.87264209950135,233.3775352176729,237.49490735333848,2402400
2023-01-12,240.87564086914062,243.05708959441216,237.0415633169299,237.97647608904094,3881500
2023-01-13,244.0770263671875,244.19034391090798,241.02677573490163,242.50939976732082,3067800
2023-01-17,241.99945068359375,246.00349059821406,241.69725137927588,244.45474077806887,4100100
2023-01-18,238.75086975097656,244.50196491880098,238.0426063733729,242.96266790038598,3361400
2023-01-19,233.18109130859375,238.3997932503934,231.80525460143102,237.66917092459596,4885200
2023-01-20,236.93856811523438,237.137819540267,232.24172468504364,234.24380914260337,2964100
2023-01-23,239.77565002441406,240.7055238488287,236.52108439977388,237.92538571314793,2610200
2023-01-24,244.4345245361328,245.8008780632123,236.97653807785093,239.94645888383963,3505100
2023-01-25,245.22207641601562,245.93371763089957,241.31279864200064,241.51205007427671,2424900
2023-01-26,248.7138671875,248.8467207863268,243.75137408537566,246.7022992268849,2677200
2023-01-27,251.01007080078125,252.43335307960234,248.71382931664562,249.03643649170147,2783000
2023-01-30,248.1256103515625,251.44660322433677,247.9453255647854,249.87150027272406,3426900
2023-01-31,239.38662719726562,244.22580808055764,233.80736951163288,243.85574072263,10992100
2023-02-01,236.77725219726562,239.77563724246204,232.76359990857443,238.87422795716705,6022000
2023-02-02,232.37457275390625,236.76777582988026,229.43313107960046,236.57800773450208,6130300
2023-02-03,235.08828735351562,238.11513683378163,230.69509896431347,231.52059810315805,4134700
2023-02-06,238.5610809326172,239.2442575722428,235.31599913358335,235.42037374459213,3528800
2023-02-07,236.89114379882812,239.11146103361517,232.80158104769055,237.73562417334344,3467900
2023-02-08,236.14149475097656,238.69391653689067,234.44305099128357,235.41088696298394,2300300
2023-02-09,233.68399047851562,239.0829773346585,232.92490364054106,237.21373196847674,2464900
2023-02-10,235.00286865234375,235.913775638867,232.1278397412435,233.68396104784026,2820300
2023-02-13,235.45834350585938,235.67659056272436,230.23964142592928,231.04617390236024,3068100
2023-02-14,231.86219787597656,234.6613171035032,229.29079457197247,234.37665772072236,2512900
2023-02-15,235.98019409179688,236.04662087973298,230.78995699656875,231.71034734292826,2398200
2023-02-16,233.91171264648438,235.81890577221702,232.01400285748113,233.89273149464887,1934900
2023-02-17,235.11676025390625,238.02975188223473,233.06724457799174,235.18318704962172,3759300
2023-02-21,228.3988800048828,235.31602617809975,227.48797288790087,231.9950338731669,3105900
2023-02-22,225.7230987548828,229.84112567693484,224.3282808492882,228.85432292006206,3145200
2023-02-23,225.780029296875,228.51273614770966,223.55022888260913,228.3609158830239,3219000
2023-02-24,224.091064453125,224.5844730648852,221.10217725002195,223.1991385128429,2105500
2023-02-27,227.70619201660156,228.91124177856264,226.5106400696835,226.8712095602805,1720900
2023-02-28,227.2982177734375,228.7689459167046,226.50118304955356,228.61712564214244,2647700
2023-03-01,235.9517364501953,236.92905579835232,229.21487562689825,229.63235960373015,4117700
2023-03-02,239.28221130371094,239.57636847172714,233.54165099160397,233.90220599259365,2676500
2023-03-03,242.2521209716797,242.33751443038545,237.128310752077,239.48146664390282,2314700
2023-03-06,240.9901580810547,242.62218963097848,238.71291216312108,242.57474399135978,2317100
2023-03-07,233.5511474609375,241.7207888324063,233.37086271111687,241.05659328968056,3018400
2023-03-08,235.9991912841797,238.26695391025902,234.12994597767843,235.30653126289232,2068600
2023-03-09,228.6361083984375,237.33710705776312,228.3040033553025,236.217450622993,2518800
2023-03-10,215.39955139160156,225.9508280067956,214.25144503981866,224.22390509303665,5767500
2023-03-13,213.20765686035156,216.6520041944299,210.2092724116697,211.1960894476691,4885100
2023-03-14,214.12808227539062,217.84759172392134,210.8355546336517,217.27828747432451,3754900
2023-03-15,206.1482391357422,209.8677491255023,201.69812119543582,208.17878832602906,5471700
2023-03-16,207.52406311035156,208.5677948211758,202.40973574001987,204.63953608476496,3555000
2023-03-17,204.01329040527344,206.28105307680482,200.61638806645146,206.28105307680482,7203000
2023-03-20,209.04220581054688,210.52241703255814,205.40809006503167,206.23360361451927,3464200
2023-03-21,213.41639709472656,214.44116190672995,212.17339975596627,212.6003814747076,3074600
2023-03-22,208.70062255859375,215.0010182195876,208.6152290964143,213.65364606226638,2930200
2023-03-23,208.2167205810547,213.77701084771277,206.47083104817867,209.23198779046427,2957400
2023-03-24,205.9110107421875,206.3095280900817,202.2389466607228,205.7592049513548,2976800
2023-03-27,206.85035705566406,207.7612640810735,202.97902753483183,203.93736571998446,3209500
2023-03-28,208.89991760253906,209.27945380633267,206.57522577795245,206.9927098107742,1802000
2023-03-29,211.59463500976562,211.80338423844896,210.17135271149365,211.34793795694725,1857300
2023-03-30,213.05587768554688,214.76381943978137,212.5340190614666,213.53980296163328,1921100
2023-03-31,217.13595581054688,217.34470505063305,213.39746511966504,214.80178082176792,2746700
2023-04-03,218.11326599121094,221.88971882693826,217.15492777744424,218.2461050948853,2242500
2023-04-04,206.3284912109375,217.75271209897832,205.1898682481261,217.19287671498955,4282100
2023-04-05,202.60899353027344,206.73651829738967,200.73026480904318,205.14243447454479,4265300
2023-04-06,198.4719696044922,202.10608546074548,198.25373704033436,201.79296161910537,4180100
2023-04-10,204.50669860839844,205.0380550440937,198.61431769596288,199.46828132784782,3839000
2023-04-11,209.31739807128906,211.4997527725579,205.113963308625,205.113963308625,3882000
2023-04-12,209.22250366210938,211.8033901263248,208.64370159892042,210.78810844237995,2385100
2023-04-13,210.33267211914062,210.8165829247298,205.57891409762482,208.6911571322967,2909100
2023-04-14,212.23985290527344,214.2798995871492,210.1144272372652,211.58515519899507,2246900
2023-04-17,213.72006225585938,215.31413138434843,212.82813641942485,213.50181522549747,1751800
2023-04-18,213.68212890625,215.8644981569185,212.6004348572581,214.02371726268836,2567100
2023-04-19,213.1602325439453,213.634659960672,211.03480698317028,213.3025694559888,2078400
2023-04-20,210.90196228027344,212.75222626065604,209.63048583367365,211.04428471015848,2826800
2023-04-21,210.1387939453125,210.8256790645889,207.49619465467873,210.52039031959114,2712500
2023-04-24,213.1534423828125,213.40149312986034,210.38683224904332,210.38683224904332,2790700
2023-04-25,208.57421875,212.96263513964544,208.23077620150877,212.13265504619503,2505600
2023-04-26,206.24644470214844,210.25326476113614,206.17965733196402,207.71560671955558,3254700
2023-04-27,204.47198486328125,206.14149436010288,194.65526087006825,200.79905814748665,7711100
2023-04-28,208.7363739013672,210.41541808015705,203.20313994910623,203.43210647406383,4669500
2023-05-01,207.2767333984375,211.7510205368789,206.5707642434519,209.25151677877426,2876400
2023-05-02,205.25424194335938,207.12409880448604,200.90397994612664,207.12409880448604,2858000
2023-05-03,205.7217254638672,209.08936338734028,204.97760241067277,205.7217254638672,2635100
2023-05-04,200.70367431640625,206.9523984644483,199.70196566710462,206.11288355427328,3211000
2023-05-05,205.197021484375,205.75988118628166,202.6307445855873,203.76601336002207,2716600
2023-05-08,204.9108428955078,208.07814826582205,203.8042075358394,206.48496076580346,2414100
2023-05-09,203.67062377929688,205.48322826717404,202.20144727033036,203.90912513596322,4111900
2023-05-10,203.36537170410156,206.05567447946456,200.5224390962619,205.52141911640047,2446100
2023-05-11,200.36976623535156,200.60826760110874,198.8338168575967,199.38714177298948,3263300
2023-05-12,199.90231323242188,202.77387920684168,198.36636374007173,201.9725180517814,2172600
2023-05-15,201.57176208496094,203.49885675843038,199.53019144016463,200.63684101954033,1925600
2023-05-16,197.66993713378906,200.59874101273016,197.52684213125428,200.38885863769997,2771500
2023-05-17,202.3445587158203,204.00451885732363,199.05322831738917,199.65425640005358,2897400
2023-05-18,204.8440399169922,205.7408073188868,200.5605504458654,201.29513867717841,2643600
2023-05-19,204.9012908935547,209.77625936119028,203.1554591603774,209.36604400201765,4402100
2023-05-22,204.40516662597656,207.17179067992058,202.14417876425978,204.3956318136573,2540600
2023-05-23,202.926513671875,205.35921601967314,201.629065626464,203.3939670443378,2298300
2023-05-24,200.054931640625,202.70706551686214,199.59701311960416,202.06788363875853,2964000
2023-05-25,200.32203674316406,202.04878407536293,199.00551927581682,200.04538160028395,2243600
2023-05-26,202.05833435058594,203.47025818082048,200.54146935045088,202.00109635917954,1973900
2023-05-30,200.24574279785156,203.09822440032158,198.67163959146282,201.46686863774582,2885900
2023-05-31,196.28660583496094,201.08525170491077,196.14351085154962,199.5111486595192,5937000
2023-06-01,199.4539031982422,200.88491120664295,196.56325362886372,198.12782180243656,2989100
2023-06-02,216.2062530517578,217.30335346226985,204.1666947493385,205.0634621734977,8358200
2023-06-05,212.23757934570312,216.54968776551496,210.5966889175526,216.54968776551496,3438400
2023-06-06,216.25393676757812,217.7708164146491,211.26449260884462,211.6556383159432,3230100
2023-06-07,224.7159881591797,225.48873024972391,215.8723535026853,217.3319806863729,5586400
2023-06-08,223.6665496826172,225.4123812065785,221.08120335582447,223.75240666978752,3546800
2023-06-09,224.21986389160156,224.96398685904364,220.78543899804916,224.85904569404718,2488500
2023-06-12,226.95787048339844,227.90234103514274,222.5885387223549,224.41067790599098,3644200
2023-06-13,234.15109252929688,235.3340499332102,228.65601199562352,229.0376228976661,4335100
2023-06-14,232.1286163330078,236.89864364982648,230.4591067721213,235.44855126956253,3122400
2023-06-15,236.2784881591797,236.95583831937537,232.28120366950395,232.777290495691,2743900
2023-06-16,233.9889373779297,239.35044372861682,233.70273281125563,237.9289702668826,5261200
2023-06-20,230.0583953857422,232.0331935424899,229.48600088241417,231.18412932246466,2979800
2023-06-21,230.37319946289062,233.97933839017045,227.08188403649598,227.8546260127751,2892500
2023-06-22,226.42364501953125,229.8962241987258,225.0975780555331,229.18072012699366,2421600
2023-06-23,223.6570587158203,225.01174482118125,220.642397748244,223.6570587158203,3354000
2023-06-26,226.0515899658203,228.59878278738321,224.31530760492444,224.63013115234926,1748300
2023-06-27,229.61956787109375,229.76266286193132,224.4965634015639,226.55720405446232,2283000
2023-06-28,230.74530029296875,230.91702884862286,226.91974356690727,228.2839644130276,2200100
2023-06-29,233.0062713623047,235.5057607150446,230.26826611567387,230.81205615120567,2070000
2023-06-30,234.73301696777344,235.57253176877066,232.67236193839017,235.2291038208397,2377900
2023-07-03,235.9541473388672,236.96539069093782,233.9888986271878,234.63761528437783,1045700
2023-07-05,233.56915283203125,236.1163456013797,232.89180256685646,233.7313320094466,1820600
2023-07-06,229.51463317871094,232.65330470784934,227.85465845324336,231.58482326081804,3079700
2023-07-07,233.9030303955078,236.40253437183338,229.06623072338544,229.14255290007148,2903900
2023-07-10,237.3660888671875,237.89079476543031,232.86318207003274,233.26386260406335,2771900
2023-07-11,241.2202606201172,242.76574464202108,238.34869517575683,238.34869517575683,3293300
2023-07-12,241.93577575683594,245.78996573260807,239.87512059495583,243.73884538423923,2986200
2023-07-13,244.09181213378906,244.6642066159419,241.11532006708788,242.8516022536747,1949400
2023-07-14,243.86285400390625,244.6833137814801,241.27750753968078,244.6833137814801,1936800
2023-07-17,245.61819458007812,246.94427591201452,240.4188686447017,242.57492992330626,2674500
2023-07-18,251.67616271972656,252.01007043314343,245.1126008971135,245.7804163239472,3832400
2023-07-19,251.90628051757812,252.06927747369082,248.98216603403569,249.4040095295002,2771900
2023-07-20,250.31475830078125,254.4468813705604,249.6915897865617,253.26766244962025,2102300
2023-07-21,247.01673889160156,250.95713377162528,246.88253192742306,250.94753711057217,2249900
2023-07-24,248.66575622558594,251.60906388362875,247.44817985041496,247.63990826532535,2195300
2023-07-25,251.2447052001953,252.98960029252353,248.73283804390968,249.3656031628235,2016600
2023-07-26,247.65911865234375,251.70496006376572,246.63327062139751,249.7779035721154,2622800
2023-07-27,247.63990783691406,250.32436896403294,246.22100638820228,248.28226970812958,2284400
2023-07-28,249.68199157714844,252.1267700905364,248.30141834227575,249.20262668332074,2101200
2023-07-31,254.22640991210938,254.26473804067712,250.8612587400879,251.90627077677053,3568700
2023-08-01,276.7373352050781,276.86197475329885,259.3363961747354,261.4935381022517,11823200
2023-08-02,275.701904296875,281.75148630718365,274.28297382110077,275.87446861933034,6288300
2023-08-03,269.8345031738281,276.0566499655909,269.4509878626028,273.7557043887909,4743500
2023-08-04,265.0312805175781,271.7999108781631,263.9958359011181,271.51230362809804,3888200
2023-08-07,270.02618408203125,270.3233879152846,264.5039215205294,265.6831401950168,2438200
2023-08-08,271.21514892578125,272.23140040454854,263.4398332630035,266.5269450923111,2519500
2023-08-09,272.7874450683594,275.2705522513655,272.16427642149364,272.912084649356,3088600
2023-08-10,272.106689453125,275.7882082469073,269.5852254849765,272.7490220123816,2647100
2023-08-11,273.4490051269531,274.23517084480164,270.9467043074892,272.2218317475813,1874100
2023-08-14,272.7969665527344,273.81321772955977,269.6619015991099,272.3367657477512,2194000
2023-08-15,265.92291259765625,270.97543798925255,265.6161120020371,270.860365822309,2593600
2023-08-16,263.1809387207031,270.0837760395317,262.7686626518027,265.5681666685936,2831300
2023-08-17,263.8136901855469,268.0129021048138,263.32472862820214,265.5873168972653,2534700
2023-08-18,262.5002136230469,264.3122270309535,259.92122806060195,261.7428381293268,2533000
2023-08-21,261.4936218261719,264.83958034688567,257.7066264154507,263.4110819312217,2207400
2023-08-22,259.048828125,262.8166295728434,258.5407024533426,262.6344685529932,1668800
2023-08-23,261.76202392578125,262.461907287037,258.00378983704496,259.14468076086945,1677800
2023-08-24,258.1859436035156,263.35351167304503,258.09009402251814,260.3910398706214,1433600
2023-08-25,261.3113708496094,262.32762201491045,257.73529845141394,260.3142837458409,1291700
2023-08-28,263.44940185546875,265.5681867779229,261.7716245021786,262.2126320713426,1550700
2023-08-29,268.4731140136719,268.5689928486119,262.14549126309436,263.6507041231261,2065800
2023-08-30,270.6782531738281,272.09718423857646,268.2622638822927,268.4731856722131,1431000
2023-08-31,269.5277404785156,273.05585947561184,269.2497006162646,271.93416188127526,2579000
2023-09-01,274.4364013671875,275.2225668140114,271.94369807083274,273.04623147361144,2336600
2023-09-05,270.0071105957031,277.4660281627789,269.7674281169949,274.5227203022941,2515600
2023-09-06,271.2247009277344,272.7299139929612,267.52401731108483,268.8470693425267,1688900
2023-09-07,269.8153381347656,271.78075190741885,266.19134042546693,269.33597320359854,1593200
2023-09-08,270.6302490234375,271.6944543245023,267.600659319279,269.9495590520501,1240100
2023-09-11,270.40972900390625,273.2379936236058,268.3964198258006,272.8161501699941,1515300
2023-09-12,270.1796875,272.9599985304529,268.2718242435174,268.6936677662748,1587300
2023-09-13,264.53277587890625,271.0712917831283,261.7620323297722,268.6457062239534,2119300
2023-09-14,270.898681640625,271.49308941710046,266.36387929275816,267.4856059979311,2660500
2023-09-15,267.6294250488281,270.23717134560513,265.88452974374013,270.23717134560513,4940900
2023-09-18,269.3455810546875,271.0808798369557,267.34183907013784,267.54316415732023,1363200
2023-09-19,268.1279602050781,271.79988224866105,266.19130739825715,268.5210136527279,2313500
2023-09-20,267.1116943359375,274.7719652990921,266.6035687145412,269.8824374894025,2380300
2023-09-21,260.8032531738281,264.8107365138218,260.3910064025606,264.8107365138218,2277600
2023-09-22,261.790771484375,263.74658857799824,260.40060149340434,260.7841168413364,1707800
2023-09-25,262.9507751464844,263.4876614191747,258.92412810130696,259.5760572527013,1257400
2023-09-26,258.3968811035156,262.1359512500723,258.0421557094747,259.95961557617426,1756400
2023-09-27,261.4552307128906,262.9125189299838,258.09010855803655,259.8158107267763,1991600
2023-09-28,264.83953857421875,266.7665950384408,260.98545490388926,262.2030313456268,1994700
2023-09-29,261.7331848144531,268.01285208752824,260.16085420244616,267.56224799829266,2257800
2023-10-02,260.5061340332031,265.38606654560596,259.08720300625293,261.3881785652251,1778200
2023-10-03,257.86956787109375,262.28929841763915,256.49859121314313,260.01711336372205,2187900
2023-10-04,254.09217834472656,256.7670428960786,251.935036119662,256.46024231323315,2970100
2023-10-05,250.0367431640625,254.9646288337931,249.6820177866917,253.00881166939953,2639300
2023-10-06,255.0604705810547,257.3422520646576,247.61112170716163,250.77494743329132,2293400
2023-10-09,260.1033630371094,260.4005669116081,253.7278162089548,255.06046457237952,1640800
2023-10-10,261.9345397949219,263.7465530178187,260.61148809403386,261.39765348993967,2009000
2023-10-11,261.57025146484375,263.0850610086976,258.76118003313275,262.2413740614544,1538200
2023-10-12,258.4831848144531,262.5002659104028,255.20434455386163,262.5002659104028,1910500
2023-10-13,256.882080078125,262.63445921683086,255.1180206532288,259.3268295088297,1918300
2023-10-16,259.6144714355469,262.66322542070327,258.4543872192031,260.8895692976522,1678600
2023-10-17,261.3976745605469,264.1875817942396,257.4956372459996,257.4956372459996,2110100
2023-10-18,248.52194213867188,257.8983184958161,248.07133795833613,257.4189535915488,4257100
2023-10-19,242.4532012939453,249.2697713969235,241.3698318369604,247.2660294378219,3850000
2023-10-20,240.14999389648438,244.28420552768608,239.14776924008098,242.18336725082975,3103500
2023-10-23,238.3383026123047,242.47249995888123,237.60589345759212,238.63704226029577,3193200
2023-10-24,240.4872589111328,242.578450676751,238.27078356494835,241.16183452832487,2304600
2023-10-25,236.04470825195312,241.66298647357132,235.6206850345257,240.7956622457477,2542400
2023-10-26,233.62586975097656,237.76971326559598,231.67923895254378,236.61329558130998,3859200
2023-10-27,229.8964080810547,235.06175390702214,229.22183235287105,234.22335369518302,3229900
2023-10-30,233.36569213867188,234.75339927997604,230.4939035861095,232.1899966275475,4478300
2023-10-31,217.84072875976562,222.16765966697966,215.6338845945052,219.38261403699954,12093300
2023-11-01,223.41079711914062,224.20101011798502,215.78805541440215,216.93484138648716,4932800
2023-11-02,230.43605041503906,230.88898294766145,224.4226733089836,227.23662805560002,7749900
2023-11-03,232.00686645507812,235.3701280890553,229.530192120463,232.739260822904,3929500
2023-11-06,229.6265869140625,234.09807939596055,227.77631568410283,232.7392816364961,2891500
2023-11-07,226.38858032226562,228.52795938146022,225.08761610820193,226.0609313828404,4074000
2023-11-08,226.29222106933594,229.154348225896,225.93564808923708,227.42936081518138,2532500
2023-11-09,225.6465606689453,230.59026337317553,225.32855794829783,228.81708867272252,2708800
2023-11-10,230.97573852539062,231.42867111207752,226.09950058836,226.79335413798043,2525200
2023-11-13,232.89346313476562,234.47390398504908,230.2047917918049,230.2047917918049,3035700
2023-11-14,238.85867309570312,240.4873011102628,235.80379713957652,237.78898346336587,3441800
2023-11-15,241.97137451171875,243.74454926766077,239.57181113476253,240.45839851273354,3739900
2023-11-16,239.19595336914062,243.73489565987856,237.64442192197427,241.4027827171488,2625000
2023-11-17,243.8794403076172,245.02621155537753,240.92092429899532,241.00765230262783,2792500
2023-11-20,241.35459899902344,243.71562131164907,239.62961150830762,243.43615948637517,2661400
2023-11-21,240.3523712158203,240.77639442491346,239.30195944170603,240.38128055238147,1765500
2023-11-22,237.07583618164062,238.63701386987844,233.0283673360723,233.05727667246123,3593700
2023-11-24,238.37680053710938,239.8608669645478,237.74076576621593,237.78895289212838,982200
2023-11-27,238.4057159423828,239.20557519802887,237.37458200390193,237.99133899920594,1743300
2023-11-28,238.5117645263672,239.83200675987385,237.07587022604986,238.74305395533924,2149900
2023-11-29,240.39089965820312,242.4435506757211,239.2923008117808,240.61254279525286,2224700
2023-11-30,241.61480712890625,242.3664793277856,238.83939303787605,241.92317830310515,3210500
2023-12-01,247.43545532226562,248.0907532306172,241.8942589149,242.76158313463566,3731500
2023-12-04,245.49844360351562,246.25011577752946,243.25305862562644,244.36130379834253,3028700
2023-12-05,245.92245483398438,247.859468553463,244.56365723770918,244.56365723770918,2682200
2023-12-06,246.67416381835938,251.5311388057683,246.28869614840903,247.4740084982739,3632600
2023-12-07,248.06182861328125,249.96028670824901,246.51992878738523,247.86908010655935,2162500
2023-12-08,250.075927734375,252.1382250313814,247.6667184113078,248.03292293390098,3258200
2023-12-11,251.4443817138672,252.71642193670093,250.0759378230694,250.4035867751095,2898300
2023-12-12,251.93580627441406,252.95730857734384,249.70969942470003,250.54809948377536,2375700
2023-12-13,258.2383728027344,258.4889400247441,249.8639574581142,251.9069625964444,3708300
2023-12-14,274.813720703125,275.09316782892415,260.72463891934495,262.5556616569008,6464100
2023-12-15,275.36297607421875,276.43268029365777,269.81217785879585,269.92781519942855,7321200
2023-12-18,275.33404541015625,278.38893549859006,274.2354613499546,276.32663838608624,2691700
2023-12-19,282.3207702636719,282.3882351813194,275.7677328268556,276.38447510583825,3659600
2023-12-20,279.1888427734375,287.4379742601498,279.0057404873413,281.32822211845337,3818400
2023-12-21,279.5357971191406,280.1718320249593,276.1918127955581,279.37195791535294,3209300
2023-12-22,279.81524658203125,282.19554702112976,278.41792255515986,279.76707415014914,2833800
2023-12-26,284.8938293457031,286.30079937438506,280.43196891486957,281.00053879351987,2019000
2023-12-27,287.2933349609375,288.28592784016917,284.02646302221893,284.8937723345777,1876500
2023-12-28,286.09844970703125,288.3342031692085,285.28895884851096,286.31046131826,2267400
2023-12-29,284.93243408203125,287.40907937507666,282.5521336523681,286.06957403549325,2300600
2024-01-02,282.0798645019531,285.8671640210489,280.76926870784865,282.7737179839186,2433100
2024-01-03,273.97528076171875,278.4371412687984,273.0308895003927,277.916773213931,3043400
2024-01-04,275.7099609375,277.7529660352908,273.4838535517659,274.08133284535023,2995400
2024-01-05,278.4371337890625,280.43196617368307,275.10279630902227,275.8544684440439,2684800
2024-01-08,281.6365966796875,282.0509736644753,274.88116368368406,277.1169172065752,2369100
2024-01-09,281.6751403808594,281.7425758944167,277.54092872873497,278.72627036586016,1974500
2024-01-10,282.6966247558594,283.8530275726963,280.8752484110984,281.54019252972927,2048000
2024-01-11,281.4534606933594,284.8649092456468,278.89970475548165,283.90122554008593,1941400
2024-01-12,279.8633728027344,285.08652172543594,278.43711041095804,284.5468612332592,1955600
2024-01-16,276.7989196777344,279.67067869615397,275.2281103145951,278.3889921303078,3140100
2024-01-17,268.5111999511719,271.77807247330145,266.88257210955356,268.7039190498415,3789200
2024-01-18,271.6624755859375,272.26960112620594,267.57646541045136,269.85074521475474,2479300
2024-01-19,276.193359375,276.96786623473247,270.0649933357628,273.32764853933855,3116000
2024-01-22,279.4753723144531,281.33420043546835,276.98722418552836,276.98722418552836,2072200
2024-01-23,279.6303405761719,283.5513600414918,278.3620683035771,281.2471617002739,1866300
2024-01-24,281.42138671875,283.2899061520128,279.1559228721877,281.5762940175166,2765900
2024-01-25,291.1899108886719,293.6490154831088,283.7932743241286,284.6355584944282,4647100
2024-01-26,289.89263916015625,293.3295833617534,289.14717560354,291.4126390861869,2920500
2024-01-29,293.59100341796875,294.02668201784553,287.9757544948041,289.49572503397826,2101400
2024-01-30,295.05291748046875,295.9920226155164,290.93828675757186,290.93828675757186,2150200
2024-01-31,290.74462890625,296.0113582989908,290.37672780560706,295.8370986867524,2813000
2024-02-01,297.8895568847656,298.2574579711086,292.32270408325616,293.58128507233727,3196300
2024-02-02,305.0538635253906,307.26124060667325,296.2533984692687,297.2215468302794,4661500
2024-02-05,311.1629333496094,324.2038953024797,305.84780734516073,324.2038953024797,6557500
2024-02-06,312.4408874511719,317.0008586477066,308.90715130871,312.89591843141534,2825700
2024-02-07,313.2830810546875,317.37835868900686,310.8724014253749,312.6537906165964,3203000
2024-02-08,311.7437744140625,316.03266459224477,311.1822613608092,314.3287435559822,1986100
2024-02-09,307.0580139160156,312.0633256389388,305.51866118550373,311.74384960057057,2823000
2024-02-12,311.38555908203125,312.79904740274975,306.42864424865434,307.10633036751307,2483600
2024-02-13,302.8755798339844,305.93493270651527,300.8908871836962,305.7316297898119,2923200
2024-02-14,306.6222839355469,307.7259873382021,303.9695666664603,305.94459775536956,1887100
2024-02-15,312.77972412109375,312.91524953923505,305.4120991167763,305.88651194413507,2362900
2024-02-16,311.6566467285156,317.84309947685085,311.2016158107552,313.40899292242335,2513200
2024-02-20,303.74688720703125,308.83935754144295,302.7787387507885,307.1547886821553,2701600
2024-02-21,307.0386047363281,307.6969385723603,302.9336353360589,302.9336353360589,1779700
2024-02-22,311.8309020996094,313.0701308200687,310.1366424675845,310.7756239314134,1875800
2024-02-23,313.5639343261719,314.72569477446024,311.79220606285054,312.71195893676565,1575000
2024-02-26,315.01617431640625,316.8169164054747,311.9858646815829,313.34126671833576,1650000
2024-02-27,317.1944580078125,317.5042725798948,313.457389902736,316.5651674708316,1640900
2024-02-28,319.0630187988281,321.1154889012056,316.57487005117997,316.9621530894417,1471000
2024-02-29,323.3228454589844,324.2232459647745,319.5858066542476,320.4571343430501,2699800
2024-03-01,325.97552490234375,327.0114210666823,322.97425944301074,323.36151283070603,1815500
2024-03-04,327.86346435546875,329.4221987125852,324.1264255468648,324.91062342215315,1551000
2024-03-05,322.90655517578125,328.192637502712,321.1735611569781,324.7363699498417,2030000
2024-03-06,324.9396667480469,326.97278438806086,323.5164873545917,325.53991405559816,1542300
2024-03-07,329.38348388671875,331.4359539796486,327.65048979878185,327.7279582242967,1732500
2024-03-08,328.3862609863281,333.5271266709361,327.33098276670984,331.1745331296161,2307400
2024-03-11,324.3006896972656,327.43748124215364,320.97025664283433,326.26602988239114,1868000
2024-03-12,326.4983825683594,327.6117769521173,322.1417144266704,324.6008198282879,1645900
2024-03-13,330.64202880859375,332.1717198162767,326.64360076052446,327.36971205586224,1818800
2024-03-14,331.0292663574219,335.79253925541,328.1441739036286,333.5754714652617,2110200
2024-03-15,335.9184875488281,336.2283021609788,330.28385616572166,332.04589353358756,4406000
2024-03-18,340.69140625,342.08554226953754,336.7800785537673,336.9930723774617,2528200
2024-03-19,342.6277160644531,342.72453681447007,338.48404205541067,340.40098654178604,2207600
2024-03-20,345.0965270996094,346.7714050103135,337.0512158372512,339.93627931143334,2563900
2024-03-21,352.9482116699219,353.5678408862959,345.3579310426227,346.27768392769445,2616300
2024-03-22,346.70361328125,353.87759655222334,346.4615761785001,352.9869165596087,2052000
2024-03-25,344.6124572753906,347.4394342422739,343.721747689255,345.59026713219754,1774800
2024-03-26,345.0384216308594,348.13647877610714,344.6608295739031,345.10616956408325,1637200
2024-03-27,353.0353088378906,353.19021612765744,346.480954793532,347.2941959056492,2262800
2024-03-28,354.758544921875,355.5233902879046,351.9509209948964,353.0061990085125,2028600
2024-04-01,352.154296875,356.21084111889024,351.08935724931877,355.7751920571693,1953800
2024-04-02,353.2095947265625,353.3645020278493,349.966320975493,350.76987120877504,1968900
2024-04-03,363.8205261230469,364.0916065160356,352.98694225179304,353.84857903661384,2623700
2024-04-04,358.0116271972656,368.89360643008513,357.13060855344344,365.3501795219983,2492200
2024-04-05,367.21868896484375,368.864553119817,359.9479143210907,360.6352914360416,2068300
2024-04-08,361.57440185546875,369.84239786954737,361.01288875598095,367.0347437354708,2690000
2024-04-09,360.0543212890625,365.14679043995767,353.8678694551191,363.0846299801301,2042700
2024-04-10,360.2190246582031,360.7514945226297,352.78365116237234,354.53599760888994,2148500
2024-04-11,360.1318664550781,361.47757741965927,355.2136558465614,360.76115703040944,2535700
2024-04-12,353.9841613769531,360.96450419531357,351.1281113175702,356.89829798607167,2072900
2024-04-15,352.31890869140625,362.5328630991493,350.5762237406917,361.0903313521428,2171000
2024-04-16,348.417236328125,351.8831944549366,345.8032239393779,351.45720681313276,2513900
2024-04-17,346.906982421875,351.3507805530364,341.6402521451916,351.0990524849702,2313800
2024-04-18,346.52935791015625,351.9025993844619,344.8254367768599,349.6467970136485,2380700
2024-04-19,344.61517333984375,350.7270336078048,342.16655651868,348.1423676921754,2929600
2024-04-22,347.4815979003906,351.74727662114987,343.2353717089033,346.01438494941016,2085400
2024-04-23,352.9618835449219,355.16758099266286,348.87112920578244,349.80393138657087,1810700
2024-04-24,353.2242736816406,357.74259879689953,348.7351273650679,353.6421176372172,3032700
2024-04-25,328.42706298828125,332.2554755030674,320.9645853602388,321.0811819398566,6459600
2024-04-26,333.6546936035156,335.7146455844341,328.74770342313894,328.8546033899037,3324600
2024-04-29,339.89276123046875,341.0102140241192,334.2376209899346,334.2376209899346,2171400
2024-04-30,325.09417724609375,337.92030359649846,323.68523288430936,337.19154540659207,4201700
2024-05-01,321.69329833984375,328.91285552604404,321.37262813779677,323.9378711411887,3520600
2024-05-02,325.93951416015625,326.63912317030014,319.9248278564422,324.0738802486909,2492000
2024-05-03,327.2124328613281,331.93477177908665,325.49257417891863,328.5144772911617,1977100
2024-05-06,332.4109191894531,332.84815632579,330.07889883591344,331.215745043637,1653900
2024-05-07,335.2287902832031,338.6685374777143,333.6741001077617,334.7138023132458,1965600
2024-05-08,334.742919921875,336.4627785304851,329.14604767884504,330.3703708953193,2260300
2024-05-09,341.8167419433594,342.88559322463254,335.6465833068363,336.1227254908675,3208900
2024-05-10,344.74151611328125,347.3844804642248,343.5074665398667,344.94556011353757,2210600
2024-05-13,346.57794189453125,348.3949741710144,344.33336912319965,344.7511833534962,2051200
2024-05-14,348.0354309082031,350.3966000558747,346.9180077425071,347.5884675725734,1563400
2024-05-15,349.8428039550781,353.02017896422944,347.9771699553884,351.2322957767019,1913900
2024-05-16,340.7867431640625,348.60873538842367,339.7081656903278,346.64595746073076,2821700
2024-05-17,346.1795349121094,346.3155839967128,341.6029421548216,342.9730109987474,2104300
2024-05-20,352.47607421875,354.108485584913,344.72207574960197,346.30591509364376,2247900
2024-05-21,348.9002990722656,352.952178245694,347.3747580529876,351.99995313176754,1841100
2024-05-22,345.8589172363281,349.02659560904635,342.57464229952757,348.3464094475713,2104200
2024-05-23,340.76727294921875,351.10590497172205,338.91136557367014,350.1925258517507,2749200
2024-05-24,339.0182800292969,343.88639388250635,336.86115475365415,342.6523741100701,2635200
2024-05-28,336.6571350097656,339.33897464096185,334.64575528636846,338.14380053287516,2264900
2024-05-29,328.53387451171875,335.5299645693611,328.15493569577075,335.22874690816695,3040000
2024-05-30,329.6415710449219,334.791449608203,328.88366382894384,328.88366382894384,2745800
2024-05-31,328.9322814941406,331.2351822519791,325.5702853928613,329.72906422116085,8319400
2024-06-03,321.97509765625,331.73074974046614,316.5240001753545,331.2157617628419,3878600
2024-06-04,318.2923889160156,320.974198509621,315.3093320323978,319.400085787599,3706600
2024-06-05,320.1192321777344,321.887663066597,317.44711848561053,320.1483813227912,2616300
2024-06-06,318.9920654296875,321.6544527134018,317.8260403832403,320.86739618568697,2452100
2024-06-07,319.62359619140625,323.4520078773626,314.55143850337356,316.9612093556906,2499100
2024-06-10,320.2746887207031,322.5095653360964,319.13784235981643,319.40018467696297,2640500
2024-06-11,318.0397644042969,319.33211210238966,314.5611719552224,318.47703114643986,3247000
2024-06-12,319.4195556640625,325.67716114443044,316.7668654104574,323.71435361381094,4817300
2024-06-13,317.1166687011719,318.60336380908325,312.34575805987896,318.224395333754,3183900
2024-06-14,312.36517333984375,313.5408948353799,306.9043504254713,312.2874521857213,4195300
2024-06-17,313.2688903808594,314.6681086671659,309.84859548836056,312.36523721981786,3198900
2024-06-18,315.9312744140625,316.37823781467483,311.90851484880875,313.90044210103014,3275300
2024-06-20,319.8082580566406,321.7224641436452,315.3871071180019,315.85352304820645,4463300
2024-06-21,318.5547790527344,321.18801703117026,316.9417906873216,321.1685941544473,8265100
2024-06-24,320.6535339355469,324.2196029512861,316.83484896636486,320.03164618163174,2447300
2024-06-25,318.1272277832031,320.1386074527851,315.18304595725914,318.71996651555276,2990400
2024-06-26,317.4761962890625,318.42842124910555,314.60973583852933,317.00978041971405,2198600
2024-06-27,318.18548583984375,319.90537388477475,315.47452713564235,316.7959942189924,1995100
2024-06-28,323.6658020019531,324.72492698669697,319.02118443929635,319.20580554843247,8891500
2024-07-01,319.7596740722656,325.7938137434185,316.1547582253818,325.6188892266357,2950200
2024-07-02,318.47711181640625,320.7411079477122,316.3588317650652,318.7103049895531,2119800
2024-07-03,321.2463073730469,322.02366722145166,318.962888804801,318.962888804801,1352200
2024-07-05,319.05029296875,323.9961275739788,317.3790065878418,322.17909550789534,2280900
2024-07-08,319.7402038574219,323.82126132184584,317.8745996160956,321.0033727780439,1913400
2024-07-09,316.8251647949219,320.77017309155383,316.60166829368376,319.2349356816294,1896100
2024-07-10,319.1766662597656,319.1766662597656,312.5303950854512,316.8640688450947,2904400
2024-07-11,321.7516174316406,324.9581417400256,319.9734307680879,320.653616968411,3016400
2024-07-12,326.0852966308594,328.65053984174097,323.98646936375127,325.46343835907646,2451300
2024-07-15,335.9769287109375,338.0466065933588,328.2715330185315,329.4958561947796,3394300
2024-07-16,350.36749267578125,352.0193564415934,335.4814145198101,337.0069258010402,4637000
2024-07-17,347.66619873046875,352.4177159539469,346.11153844818193,348.8030744564662,3061000
2024-07-18,345.94635009765625,358.772505365257,345.6742815751675,346.4030397232529,3876300
2024-07-19,337.7843322753906,346.3933826850529,336.87095284165997,345.28568549827907,3462700
2024-07-22,339.39404296875,340.2331043047143,333.06218320680006,339.5208802453267,2659600
2024-07-23,335.78424072265625,340.1648314274833,333.0622113060434,337.306228621964,2027800
2024-07-24,327.8523254394531,336.4183977640324,327.27670448224694,334.5939654579358,2835800
2024-07-25,335.91107177734375,339.7160715662874,325.8132747538011,327.3352627597733,3291300
2024-07-26,341.94049072265625,344.3405439609443,338.4281995361306,340.14532628821223,1894900
2024-07-29,336.135498046875,342.8186032086532,334.76961511266114,341.6478293941757,2190300
2024-07-30,333.3939514160156,337.2964909246783,330.3694773419993,335.2866854596381,1970800
2024-07-31,337.7647705078125,342.43803963576306,332.5451185145921,336.9354749955047,2568100
2024-08-01,323.4424133300781,341.30628276383095,320.0862274939839,337.86229337536327,3747900
2024-08-02,313.05194091796875,315.52029582940173,309.920161472604,314.8861391492018,4246700
2024-08-05,309.08111572265625,312.7690143500352,299.56867571503454,301.47117562616427,4681300
2024-08-06,318.4862060546875,324.07660381856107,302.93458595881043,306.3980773669322,5071700
2024-08-07,317.86181640625,327.0132758956988,316.54473320205153,325.3839823994481,3011700
2024-08-08,327.9693908691406,328.23280154081687,319.62769564459916,321.95947705784624,2268300
2024-08-09,330.0181884765625,330.2523312664695,324.37902135224897,327.8132446249151,1668100
2024-08-12,327.842529296875,331.5694610221791,325.471744105389,330.0182054114287,2127600
2024-08-13,330.5450439453125,331.24750216170247,325.5985983528268,328.96452040193753,1503800
2024-08-14,329.36456298828125,333.4622412374013,326.4474243361676,331.325598549876,1610900
2024-08-15,337.21844482421875,339.16971452988184,332.48660983318325,336.10620680046463,3232600
2024-08-16,335.1110534667969,337.41353731456815,332.4573256068165,336.8379163526253,2483800
2024-08-19,336.2525329589844,337.66721535001943,334.93542000422957,335.3061659976877,2252600
2024-08-20,334.9353942871094,337.7354910006987,333.4914739274706,336.59398525448887,1479500
2024-08-21,334.61346435546875,337.17938861116886,333.52075815699817,336.18422207226746,1433200
2024-08-22,334.018310546875,336.7306038309732,333.442689596872,334.6427311005119,2021400
2024-08-23,339.9208984375,341.0233704416532,334.71101257386357,336.56471259834706,2183900
2024-08-26,342.6039123535156,345.77472538329425,340.4380019545218,341.2867994478824,1718100
2024-08-27,342.56488037109375,343.1502671959146,338.6428392606124,341.81365230654694,1210800
2024-08-28,339.7160339355469,345.79421940982337,337.4135204289916,342.04778551981076,1514500
2024-08-29,343.0722351074219,347.7747722116629,339.02332687123544,342.66245539116284,1664500
2024-08-30,347.4235534667969,347.56012685443676,341.3063042993822,343.9990658381106,2974100
2024-09-03,331.9499816894531,344.038111402976,330.15481719320826,343.62833167793633,3107200
2024-09-04,328.54498291015625,332.5450911067741,327.12056459491464,330.340147172627,2782500
2024-09-05,325.4327392578125,328.291342056301,322.50583487803317,327.8327925125085,2525500
2024-09-06,321.3350830078125,330.3694713337474,320.125305309813,326.05718192854806,2676600
2024-09-09,325.90106201171875,328.1645121547727,324.85712561367404,325.77422472189875,2355800
2024-09-10,326.01812744140625,327.56938319624504,321.36436017688993,326.9449626344424,1869200
2024-09-11,326.837646484375,327.30596189051863,318.1642391264439,324.88637695312497,1934700
2024-09-12,331.3060607910156,332.730509072882,325.5498212780039,327.11084295289146,1747000
2024-09-13,336.8964538574219,338.7599199173936,332.05731353657035,334.0768847390226,2518600
2024-09-16,339.4818420410156,342.89656349268273,335.90127936371215,339.8623538657253,1648200
2024-09-17,345.072265625,345.9405650914426,340.7306789707559,341.47217092673725,2088400
2024-09-18,346.46734619140625,352.8187368148262,343.7355812856366,346.3502748060168,1990700
2024-09-19,364.2142333984375,365.5606142180424,352.46758179259325,354.1554407550564,4066600
2024-09-20,359.8335876464844,362.39951160320254,356.9261855990305,361.3750773309955,5440500
2024-09-23,362.12640380859375,363.88253464563957,358.03849136641287,359.99949718717767,2442700
2024-09-24,376.5267333984375,379.94145521820974,370.2534087438758,370.7412261467004,4024300
2024-09-25,369.03387451171875,379.1707346887086,368.71192811832805,377.5706792757043,2661500
2024-09-26,381.4341735839844,387.5416569678774,376.79017217606975,380.5073383871453,3906800
2024-09-27,381.5512390136719,385.92209357365715,379.65853492089525,381.47320133135554,2683700
2024-09-30,381.59027099609375,383.1903263293613,377.39505334503195,379.8926760038797,2251300
2024-10-01,382.829345703125,385.853789702607,377.20967984135865,381.7366097391066,2091400
2024-10-02,384.4488220214844,386.0196092908706,379.1706647647567,382.42928092371153,1767900
2024-10-03,381.56103515625,384.4001361816407,379.24878529382187,382.7805787355065,1866100
2024-10-04,387.4148254394531,387.7758055574631,382.3025085322616,387.05384532144313,1675100
2024-10-07,388.54656982421875,391.39543661941485,386.4879946309257,386.7904390453525,2224500
2024-10-08,378.5072326660156,385.37570934137926,375.4730230181683,384.65374918573883,2438800
2024-10-09,386.5367431640625,386.9367569939434,378.05847460329613,378.7121630018845,1757900
2024-10-10,386.9757995605469,387.28798006684383,380.9853876249317,385.55135132189554,1331700
2024-10-11,392.2247314453125,393.76625125944764,386.97584069795477,386.97584069795477,2110400
2024-10-14,384.351318359375,386.6343000818168,377.4438077154655,383.8049652860048,3006100
2024-10-15,378.53656005859375,382.90741495298147,378.1463120691336,381.1122503822543,2715100
2024-10-16,384.02935791015625,384.98549071462025,377.5023588403409,377.96090837858236,1551600
2024-10-17,384.8781433105469,387.44406746896,383.58056219256355,385.5220658189479,1561500
2024-10-18,384.26348876953125,386.79040897596155,380.2243763825379,386.5952701161413,3024100
2024-10-21,382.3346252441406,384.94891249737105,381.1204712384198,384.10686638014585,2375900
2024-10-22,380.3567199707031,383.1277029327374,377.6836868668605,381.60024690740397,1523900
2024-10-232024-10-24,378.9859924316406,380.25886270233474,374.24695758678223,378.87830135563746,1844100
2024-10-25,377.9186706542969,383.85225672126813,376.293294652842,381.48272475069416,1606800
2024-10-28,382.4618835449219,383.4018795144979,379.2894793203066,380.28822130285823,3213900
2024-10-29,379.4266052246094,381.473004531552,377.5074690358426,381.37508454135195,2186400
2024-10-30,371.3290710449219,380.16093361109307,359.54024610182495,366.19838663368023,4037500
2024-10-31,368.35247802734375,371.00593904680164,364.9744330926052,369.4784830452628,2394500
2024-11-01,371.7109680175781,375.27502251128976,369.07707870797674,370.18351182298954,1633300
2024-11-04,368.66583251953125,373.53216018105434,367.4712803607373,370.21289066469967,1793600
2024-11-05,375.3729248046875,378.0166149527698,367.81396224992295,369.26310031434355,1724100
2024-11-06,408.1839294433594,409.5742916512396,395.5824011442816,396.71820724537196,4720000
2024-11-07,399.6947326660156,409.77009167384665,399.03872559668554,406.26478360715987,3211100
2024-11-08,385.1643371582031,394.6522071374418,384.2145700639857,392.5960069469625,3345900
2024-11-11,388.2681579589844,393.6925716813297,386.77007505457095,389.6095748881741,1858900
2024-11-12,384.81182861328125,390.4125107198811,382.9906126389589,389.492116711102,1737100
2024-11-13,378.9957580566406,383.0396113692742,377.6249679204048,380.836546188579,2001900
2024-11-14,379.2796936035156,382.0408758482914,378.15368846824424,380.3959276568871,1372500
2024-11-15,376.0583801269531,380.38616303549725,374.22739275172387,377.93831255931116,2165500
2024-11-18,376.440185546875,378.24179970240687,374.9323313429633,377.9480696317705,1626200
2024-11-19,374.3546447753906,375.25546687154866,370.1443540335969,370.1443540335969,1793200
2024-11-20,373.5419006347656,378.1438704717802,370.57510770438665,375.99955153506284,1859600
2024-11-21,381.4631652832031,383.8424684132418,371.09407582669235,375.91145797977947,1833500
2024-11-22,389.1983337402344,389.85437066208,379.79861401448545,382.21706103368365,1893000
2024-11-25,397.18817138671875,398.6568815211804,391.65603585644334,391.65603585644334,4398000
2024-11-26,399.3226318359375,399.890549739113,393.37927506126016,395.22983402482765,1796600
2024-11-27,395.2788391113281,403.5231813690067,394.8284131865848,399.88077928937,1371900
2024-11-29,397.6385498046875,402.61259797254974,396.5517186963175,398.83310185624657,1962100
2024-12-02,394.1136474609375,399.6359814737714,392.4295254806586,398.9603724892944,1548500
2024-12-03,390.93145751953125,397.07065474387906,388.3269414568128,395.10257372378004,1716200
2024-12-04,391.17626953125,393.0953757537959,387.86677122398186,390.25587545002213,1193800
2024-12-05,386.74078369140625,393.05621967295184,385.98682665892335,392.14562651315936,1291400
2024-12-06,386.78973388671875,391.4014756459471,384.54749456710823,389.84464638661484,1331000
2024-12-09,390.93145751953125,401.16345289344423,390.1285555243585,394.1430356192401,1739800
2024-12-10,380.2882385253906,387.2205372993111,377.5662003563235,382.5696218152179,2251000
2024-12-11,380.7581787109375,383.18645674265565,379.3482146771634,382.33460969745516,1651600
2024-12-12,372.8369445800781,381.73732399004706,372.22008157169705,380.93442198291666,1804600
2024-12-13,372.5726013183594,374.90295948918913,370.9863991700759,372.66072033982135,2034800
2024-12-16,371.01580810546875,374.3448787228971,369.88000191721926,373.80633369827734,1311100
2024-12-17,367.9608459472656,370.9864152199406,366.0319387114133,368.18605893251214,2138700
2024-12-18,356.29925537109375,373.2089917698325,355.45717946505886,370.80031582825603,2820700
2024-12-19,352.8526916503906,361.860791976312,352.50021557864596,360.7543589494758,2616700
2024-12-20,358.40447998046875,363.7407760347614,349.78802846483313,351.0217546539847,5142000
2024-12-23,357.7680358886719,358.70800207161113,353.9591663395445,357.25886388379905,1804900
2024-12-24,359.90252685546875,359.90252685546875,355.09494547055976,356.8476145827651,886000
2024-12-26,359.4618835449219,359.824160575581,356.27967844288685,357.4350565084976,1097900
2024-12-27,357.2490234375,359.73604752516997,354.20391223222464,355.80971625321905,1245800
2024-12-30,355.4376525878906,357.2098937551018,351.256705292052,352.9114544297661,1422200
2024-12-31,355.1928405761719,358.14003169539103,354.25284464965387,355.91739462367036,1168100
2025-01-02,352.26519775390625,361.1558059575858,350.6202496753251,357.8854818438653,1802600
2025-01-03,356.20135498046875,356.87696398235363,351.9910349807965,354.04723499170785,1390800
2025-01-06,356.60284423828125,363.1043191075778,355.01661214126545,359.3444246263608,1590700
2025-01-07,355.4278869628906,358.4534265471869,353.55772562483304,356.53432015230055,1607400
2025-01-08,353.5380859375,355.3103269418385,350.2383889281071,354.8893039145053,1828800
2025-01-10,343.6781921386719,352.3435884294766,342.5032120080256,350.36570620558825,2773900
2025-01-13,354.9382629394531,355.6236729168327,344.46145260512316,345.5972586322473,2746000
2025-01-14,363.8190612792969,364.24008431284653,357.56234226234204,357.86587327545755,2331700
2025-01-15,367.0698547363281,372.0145004008002,366.52150877741684,371.2312002554729,1984500
2025-01-16,372.61175537109375,373.463632363307,366.9033817009739,368.46021088373385,1974700
2025-01-17,377.9676208496094,378.7803238018952,374.0314887150496,376.67517872904097,2605900
2025-01-21,391.48016357421875,395.6272838395895,384.0507299220233,384.2472878455214,3144500
2025-01-22,390.74310302734375,393.56356217980886,388.28627902000744,391.7946309002103,1994800
2025-01-23,399.3813171386719,402.5162270694257,390.40899078448166,390.5072697459576,2587400
2025-01-24,400.5900573730469,402.3294779064797,398.2806368972285,398.7228771976819,1938200
2025-01-27,388.1585693359375,392.6398141566542,383.18595968847086,390.3303934728239,2964400
2025-01-28,383.549560546875,390.0257452917185,379.8053630084051,387.2347967060406,1788900
2025-01-29,386.438720703125,392.46282716870826,384.3651459241076,385.17099128810577,2675800
2025-01-30,368.50396728515625,374.23326782959884,366.71539216164894,367.04951663683244,4234600
2025-01-31,365.0250549316406,371.47175817695097,364.86781460973975,370.94107583935124,2858000
2025-02-03,355.3058776855469,362.18498493979195,353.47801501058643,357.8511737612818,3079300
2025-02-04,355.6990051269531,363.27584225257243,353.20286344447715,363.27584225257243,2709800
2025-02-05,352.65252685546875,356.73084874243517,351.03102899565414,356.6030890945388,2134200
2025-02-06,359.1385498046875,361.1924511012126,356.25912923988244,357.61530090709226,3007000
2025-02-07,357.5956726074219,363.14808917477853,356.31810605821926,362.8729260702706,1804800
2025-02-10,356.947021484375,359.9148538716964,355.30584997161327,359.0205663995358,1944400
2025-02-11,355.97418212890625,358.1263625233941,354.7457700311634,355.49262419303085,1516900
2025-02-12,345.9601745605469,352.7311666488718,345.37053073805174,350.8345055114811,2833100
2025-02-13,347.59149169921875,351.4142944701168,344.3681396236749,346.4810023882535,3547200
2025-02-14,347.2180480957031,352.6820225655674,346.7070094823518,350.4414001569938,2045300
2025-02-18,347.88623046875,350.7656206023053,345.04612792060203,349.3308439813344,3120200
2025-02-19,346.903564453125,347.7388906489224,343.5524527670515,345.79307515653267,2211000
2025-02-20,343.1200866699219,350.68711775118066,341.4494640870231,348.86906171316065,2174100
2025-02-21,334.1673889160156,345.92082679264513,331.76952624014257,344.47621304931613,3225200
2025-02-24,333.0667419433594,339.48396527672935,330.4231968191943,337.45954462268503,2513300
2025-02-25,336.44732666015625,338.28505639646517,330.5706222312644,335.110828659783,3323500
2025-02-26,336.66351318359375,342.75644906197147,334.2460066212438,339.483972495286,2397800
2025-02-27,334.1280517578125,340.9285535364795,332.61463983191504,337.71500866828376,1971000
2025-02-28,338.0098571777344,338.9434323013783,332.8898143797408,336.07387867034294,3210300
2025-03-03,326.3055725097656,342.13733331564555,324.3302762489424,341.6263246768115,2569700
2025-03-04,321.10687255859375,326.18759740286526,313.1762380875767,321.7358338505645,3500200
2025-03-05,332.6441345214844,333.64653791288964,322.974078803601,323.4359629177415,3189100
2025-03-06,335.12066650390625,336.0051172408409,326.7772709097945,329.4797776001962025-03-06,335.1206359863281,336.0050866427207,326.77724115200306,329.479747596303,2234100
2025-03-07,344.2501525878906,346.0387275833419,333.5384063908297,333.5384063908297,3063800
2025-03-10,339.2480773925781,346.32374252075937,335.94612032644517,339.04171257357666,2809100
2025-03-11,333.90203857421875,339.18912882937974,330.56076380044715,337.98039056760945,3190900
2025-03-12,332.2903747558594,338.95328045095624,329.6566665438746,337.10574394715167,1816700
2025-03-13,327.5536193847656,334.76685146408346,325.9419583432989,330.2266452498709,2490300
2025-03-14,333.7743225097656,336.08371326256804,331.13077727449837,331.8874683305988,1936100
2025-03-17,336.7224426269531,338.41270853765616,333.1452929327548,333.87250314926877,1683800
2025-03-18,330.8948669433594,336.09351479469495,329.55836911623675,336.09351479469495,3310000
2025-03-19,332.77191162109375,336.0935426599014,330.85560678445563,331.1110961016899,2407200
2025-03-20,330.4428405761719,333.9118749965772,327.84841993797886,328.7918619830646,2782900
2025-03-21,329.9809265136719,330.1480037327067,323.52438618390585,325.4898452804172,6766100
2025-03-24,335.769287109375,337.22370794643535,333.43038550428054,334.66860459657084,2277200
2025-03-25,336.7028503417969,338.8550308180845,334.94375575362136,337.64626247137215,1678000
2025-03-26,335.2189025878906,341.2725209404037,332.9389925513964,337.4300443404412,1703200
2025-03-27,333.4401550292969,336.093537054889,330.8162836838275,335.18941258978595,1481100
2025-03-28,323.9961242675781,332.40828724548703,322.38443332790445,331.17987524531895,1965200
2025-03-31,324.10418701171875,326.24656018000996,316.4389086735994,320.00622166613675,2837500
2025-04-01,324.8609313964844,326.47259234703125,318.296304859608,321.3624164162076,1955300
2025-04-02,328.88031005859375,330.5411255753791,320.46814660803244,320.4976272980718,1747600
2025-04-03,300.47943115234375,319.09233335620013,299.7325470120002,314.1492043542791,4638700
2025-04-04,283.1047668457031,289.2075400497505,276.63841843131297,280.0779724793044,7216800
2025-04-07,275.2232666015625,289.26648186180256,262.68362652380233,271.2333865750987,7824700
2025-04-08,269.2089538574219,286.7408466373784,263.6368637295319,284.8835032551004,4989000
2025-04-09,295.81146240234375,296.6467586148459,264.48203627089566,266.08389040353114,6457300
2025-04-10,284.16607666015625,293.1187283512595,274.9677125941545,291.5561919855097,4116800
2025-04-11,288.3819885253906,290.3081299797976,279.2327791288014,283.9597057024862,3197900
2025-04-14,292.9713439941406,297.256060651659,290.60296205571535,293.51186326926995,2758400
2025-04-15,288.3623352050781,296.51900876270844,287.34031802887836,291.70360979917376,3611300
2025-04-16,285.1291809082031,290.6226357804444,282.64284622608136,287.6547731906686,3017200
2025-04-17,289.1681823730469,292.55861146080235,286.8587618343241,287.1241180180345,2717600
2025-04-21,281.16973876953125,287.3512565431559,278.9183280679924,285.70218280809263,2978300
2025-04-22,287.5191345214844,289.5533024915671,283.40140743286463,283.8951381078348,2231200
2025-04-23,292.0614318847656,301.53118259055657,291.47883330596545,297.56159882240837,2458300
2025-04-24,303.0123596191406,304.34543839921633,293.34513520313754,293.7006068058632,2874400
2025-04-25,302.6075439453125,304.1282127331128,300.0993836687202,301.27446509061156,2162400
2025-04-28,303.20989990234375,307.5251014674819,300.0401571956407,302.60756290351713,2189600
2025-04-29,303.545654296875,304.7997496684998,299.1119618748156,301.1757527611509,2651000
2025-04-30,305.3921813964844,312.08716859417024,298.391083570514,311.25770462059944,5124800
2025-05-01,310.02337646484375,314.89158412841147,307.1202375028526,307.4757392813264,2961000
2025-05-02,319.6214904785156,320.59909773106176,314.4867094118688,314.4867094118688,3765200
2025-05-05,319.0586242675781,322.37651009385115,315.3754126961083,315.3754126961083,1829100
2025-05-06,316.8665466308594,320.0362897224278,315.8395781960297,317.5182447256282,1724200
2025-05-07,316.27398681640625,318.75249417669716,314.12129828937935,318.6932489097533,1555500
2025-05-08,320.1843566894531,324.7464235036554,318.85127778187876,320.80646218864985,2553400
2025-05-09,321.53717041015625,323.6305837185696,319.256137028354,321.56679304622133,1646200
2025-05-12,338.2548828125,346.5989435064418,335.47026463046495,338.80785877311195,4592000
2025-05-13,348.11962890625,350.8746243450492,343.7056755153021,344.5548778021189,4132500
2025-05-14,345.2757568359375,348.01101406612105,344.40678598210764,347.30992490970715,2052200
2025-05-15,345.4238586425781,346.9346733298417,344.13028666161716,345.05850275809854,1580400
2025-05-16,349.1465759277344,349.77856566564867,343.87353585859546,347.1321764417236,2561700
2025-05-19,348.1492919921875,348.53438628899767,344.16982353884464,345.3152824414232,2277700
2025-05-20,345.10791015625,348.0406720180447,343.132987155309,346.4409892088718,2266000
2025-05-21,338.21539306640625,344.05129319957905,337.36616064419536,342.29361322050465,2093400
2025-05-22,340.86181640625,343.01447511004676,336.31948776163546,337.71181200627416,2174100
2025-05-23,339.08441162109375,340.6149648590403,332.0240379407437,333.3966238608459,1936600
2025-05-27,347.1025390625,348.90958002303256,342.27383873144197,345.5621018104279,2240100
2025-05-28,345.10791015625,348.3764053120126,344.48580458936425,348.07029465766146,1924400
2025-05-29,347.3790588378906,348.66274662052575,344.3672834479684,347.78392163332006,2290300
2025-05-30,343.66619873046875,348.81086431982897,342.6688530474803,347.4185400936048,4867100
2025-06-02,340.34832763671875,342.12574606952904,335.2431390347585,342.12574606952904,2552700
2025-06-03,345.0189514160156,346.4408980131804,340.5951443447703,341.66158922518105,2614300
2025-06-04,344.9499206542969,347.31985241802187,344.9499206542969,345.9077595372377,1616300
2025-06-05,344.58453369140625,347.102578429946,341.513543095359,346.59896345525175,1753300
2025-06-06,348.9194641113281,352.9581773016033,347.84313488667635,349.1367068075376,1608000
2025-06-09,353.5802917480469,355.940308697183,349.49218730675454,350.7660208821479,2147100
2025-06-10,354.07403564453125,355.84156982449844,351.6251205639735,354.93312222690423,1894300
2025-06-11,358.58673095703125,359.7223054884144,353.26429978825774,356.4143039218321,2551700
2025-06-12,356.43408203125,357.46105039281156,353.3828297200557,355.33801426967494,1571800
2025-06-13,352.5730895996094,355.86135301909025,351.24004078434376,352.75085555858516,1609600
2025-06-16,357.8955078125,360.0382821485099,355.6836039469594,356.4735610032439,1579800
2025-06-17,353.1952209472656,357.8461862944013,352.55337700132463,356.1971123353549,1560100
2025-06-18,355.2886047363281,359.66308170330313,352.48421793649857,352.65209963626376,2000500
2025-06-20,355.99957275390625,359.6828146211133,354.6369013364938,358.3991268562593,6268300
2025-06-23,361.63800048828125,362.49708708734755,353.2445785623399,355.40712144581806,2927400
2025-06-24,368.34283447265625,369.4191637646201,363.3068055240931,365.2521056552391,3841800
2025-06-25,366.9208679199219,369.49815766263407,364.8768458683764,368.3230762685701,1737700
2025-06-26,377.0917663574219,377.53610590894266,368.3626111489127,369.31056566042093,2575100
2025-06-27,379.8862609863281,382.63140243123644,377.95084510950466,378.21744883488043,4455000
2025-06-30,383.3423767089844,384.2705928237997,379.985014019299,381.46620610018346,2791400
2025-07-01,386.0184020996094,388.9511634985385,379.4320216716016,381.7426776018293,2393600
2025-07-02,393.4342346191406,393.64162320831355,384.5372279817055,387.7761001374332,2713700
2025-07-03,392.8713684082031,397.374220004808,392.6047646853816,393.9181051904125,1737800
2025-07-07,386.6010437011719,393.0689041742861,383.2239122673532,393.0689041742861,3012900
2025-07-08,389.3461608886719,390.9853504164222,386.610873545077,387.50946702844846,2003600
2025-07-09,397.1372375488281,398.6974435107551,391.90370393334837,394.7080908268254,3101000
2025-07-10,403.2101135253906,406.83411024250313,398.3814427900068,399.58614694320954,3382800
2025-07-11,400.830322265625,401.77827671867567,396.6632341859511,400.3662142282586,2072600
2022025-07-15,399.56634521484375,403.624796594738,397.9666326342675,401.16602766049334,2167000
2025-07-16,407.70306396484375,407.89068403994065,398.2629354770489,399.9218633816563,3242100
2025-07-17,412.8280029296875,414.63504406820834,407.7030757511053,409.6582300755818,2444700
2025-07-18,408.52264404296875,414.63503247018974,406.9920909393542,413.4500968807582,2526600
2025-07-21,406.4116516113281,413.7059763586602,406.1836926209783,413.4978582994063,1833300
2025-07-22,413.4681091308594,414.7862304424585,406.7188658669751,406.7188658669751,2185000
2025-07-23,423.77532958984375,424.34025169690483,415.707964853871,416.25304603030605,3254900
2025-07-24,425.6881408691406,426.32244579741183,420.71293634997335,423.2302848853988,2511400
2025-07-25,429.8804016113281,430.99040495606425,424.7961628579183,425.8566243639983,2218400
2025-07-28,429.0776062011719,432.50672996578027,427.27383574443274,427.40268081210286,2550300
2025-07-29,426.21337890625,431.32734858052663,421.0102157792346,430.6732330151204,2383700
2025-07-30,430.2470703125,432.93288505780913,422.6256728686484,426.16383100353147,3172600
2025-07-31,434.1123046875,437.21438602497625,429.81102652706835,430.25702406423954,4116400
2025-08-01,424.86553955078125,427.01616343911303,417.5315630605503,423.16088293994295,4027300
2025-08-04,429.8308410644531,432.9923845133677,426.153917338398,427.0161509616799,4059500
2025-08-05,430.3561706542969,435.81699443335333,422.76450319737603,423.834855024378,4329900
2025-08-06,423.9042053222656,430.83183612525954,421.74366090021846,429.4740630732879,2630800
2025-08-07,413.39874267578125,423.5176477382776,406.3026155514068,423.0320288535796,4261100
2025-08-08,412.8041076660156,418.1361161493236,412.0509083872065,416.76842264300916,2965200
2025-08-11,404.8952941894531,414.5583113622573,403.1707967117958,413.2600007053319,3416000
2025-08-12,409.0281066894531,414.4592291841436,405.98551788181715,407.33337047805253,2765100
2025-08-13,410.00927734375,411.8328585536924,406.8774649684178,411.4760544879851,4403000
2025-08-14,413.7753601074219,415.49982737882766,403.3690336855586,405.64850261317133,3676000
2025-08-15,404.1519775390625,412.8437265486042,403.46813084012996,412.0112240988865,3107400
2025-08-18,408.9587097167969,409.454249043085,401.8427420048564,403.3690115985134,3185200
2025-08-19,412.3779602050781,418.11631473015524,410.3660715194741,415.5692350421043,3543600
2025-08-20,416.8377990722656,418.1559507194426,408.3739782564616,411.0994447616797,4060200
2025-08-21,414.16192626953125,416.8279003644636,410.4651915284444,416.18370520594107,2504300
2025-08-22,431.7832946777344,433.9339186395946,416.30261911214717,417.84869955096207,3785100
2025-08-25,428.4433288574219,433.0022971280815,428.31451402679596,431.1192535638786,1857900
2025-08-26,427.41259765625,428.334293562098,423.4284420388205,427.5513329427278,2792200
2025-08-27,428.81005859375,431.1787210926202,425.12324441224223,425.8962846319782,1970900
2025-08-28,431.03009033203125,432.09055192116557,428.77043184746634,431.03009033203125,1651700
2025-08-29,415.3016357421875,424.2808065353764,410.67328480688974,421.61480235609594,3673800
2025-09-02,412.3382873535156,413.4879422925659,406.85762326836976,410.21739463059276,2329500
2025-09-03,411.4165954589844,414.39975209956526,407.70005024044906,414.39975209956526,1496700
2025-09-04,416.4710998535156,417.0360219813352,410.5940103179587,412.10043908015535,1634600
2025-09-05,419.3055725097656,421.10934304317317,414.1817124530137,417.0855658503855,1843200
2025-09-08,419.00830078125,420.1282246830166,413.0618278829426,418.879455695868,1876700
2025-09-09,414.360107421875,419.77138888200415,412.7248335473952,419.38488390037065,1710700
2025-09-10,419.1370849609375,422.6950537653031,415.75750305872134,416.07465549275634,2221000
2025-09-11,427.53155517578125,431.90221608414834,419.54346288607326,420.13811618397165,2737900
2025-09-12,427.6702575683594,428.7505296911868,423.9339018639754,425.2322125044124,2341800
2025-09-15,432.05084228515625,434.83577095701594,426.7683759820764,429.95965054227463,2255800
2025-09-16,436.7386474609375,436.86746228097826,430.40564029054644,432.2391418650219,2366300
2025-09-17,446.6395568847656,448.30456193998054,439.04788996607147,441.0300474828483,4512200
2025-09-18,462.7940979003906,463.5374069199572,444.8654879778833,446.9368388163036,4331900
2025-09-19,462.37786865234375,467.9080745320919,458.5820202653485,466.06468265394983,5069300
2025-09-22,467.8882751464844,469.01808917272103,455.50968122438695,463.14099955435273,3180000
2025-09-23,467.05572509765625,481.0100989074462,464.0131064430812,469.0378823586975,3856600
2025-09-24,465.598876953125,472.26881733323603,464.449222016843,468.48291963680003,2776700
2025-09-25,459.5830078125,463.8248233633606,455.4799275496085,460.5641660295736,2979200
2025-09-26,461.6048278808594,464.27083202017843,458.2549770146327,461.32732705293466,2329000
2025-09-29,467.4026184082031,468.2747725169249,463.2896477887433,463.90411175298215,2892100
2025-09-30,472.8932189941406,473.1806403000155,466.04486120972217,467.412554722472,2315300
2025-10-01,476.53045654296875,479.612696709449,466.936822212332,469.7812131749303,2964700
2025-10-02,486.1935119628906,491.5552516553759,479.87042466851204,482.5165880062389,2648600
2025-10-03,493.40850830078125,499.97936454091405,488.1359626629166,488.84954049544956,2996500
2025-10-06,490.9606018066406,501.0795074948337,488.6414811337183,495.95564723426304,2629200
2025-10-07,482.367919921875,493.93382200201785,479.23610750750447,493.48782447565486,2135400
2025-10-08,497.64044189453125,504.93479699906175,484.97445706662853,486.6097309050626,3959400
2025-10-09,495.8961486816406,502.0111178752257,492.7049041431201,499.56315215365623,3113900
2025-10-10,486.9169616699219,506.936763855807,486.9169616699219,498.6315193662882,3889100
2025-10-13,500.25689697265625,501.862439636013,491.02995664581124,497.6701658242201,2618400
2025-10-14,522.7642822265625,526.8178209532057,494.5582195537324,496.1141902137148,5459800
2025-10-15,529.2855224609375,533.6462925649914,522.5065786062987,529.4342084495041,3447100
2025-10-16,536.134033203125,540.128049489129,529.9298699614556,533.2598803593914,3463100
2025-10-17,522.3778076171875,537.3728340337814,522.2687429811429,532.5859067052197,2814700
2025-10-20,527.9536743164062,530.9553506408456,523.7394372326117,526.3435188393798,2170800
2025-10-21,521.4633178710938,530.1402727330866,518.8691248180469,521.8807498192268,2259100
2025-10-22,510.78857421875,522.6063710062963,507.1110655683006,522.5367888942704,4149000
2025-10-23,517.3385620117188,519.714060073985,509.89406484104944,515.1817592483561,2619400
2025-10-24,519.5549926757812,524.0276603137546,517.8554177985912,519.6842079273665,2392000
2025-10-27,523.86865234375,526.2540386558354,518.2628944140288,523.8487544085407,2493800
2025-10-28,521.284423828125,527.0690813569698,518.5014427140171,522.7654247641187,2775400
2025-10-29,581.9337768554688,592.5886960881123,554.6107583416834,554.7896577581906,6948500
2025-10-30,579.6080932617188,590.1635847521061,572.2729129833897,574.3800316941055,2574800
2025-10-31,573.7537841796875,583.4842987575205,567.8796470181617,580.4826832187915,2974800
2025-11-03,567.1243286132812,572.7200768290861,561.9559006827305,572.4318600949517,2439400
2025-11-04,544.2540893554688,563.0591548217249,541.8885403037689,561.5682656209613,3440700
2025-11-05,565.6930541992188,570.5235204013755,547.0171442812122,548.5875644778217,2701300
2025-11-06,566.3192138671875,580.442864211934,560.8028757583442,569.7184239720222,2245800
2025-11-07,559.6798095703125,562.1447877568031,546.9874134609403,560.1270884857013,2320100
2025-11-10,567.3826904296875,570.692481331707,558.0994546194191,566.5378775097014,1829900
2025-11-11,564.48046875,566.9851820502381,556.8570721971415,565.2656485660478,1517400
2025-11-12,569.53955078125,577.7394410709279,567.0348376074203,567.0348376074203,2645100
2025-11-13,550.1878051757812,573.3164859717862,541.3220009525503,569.2910972192973,3458700
2025-11-14,550.6649780273438,554.9189507439277,537.7140901385312,545.6257647642421,2764500
2025-11-17,548.6968994140625,558.1789933722746,544.2441298334198,549.2336583411678,1941100
2025-11-18,543.558349609375,548.2198657810277,534.7819645275937,540.0497611044922,1918600
2025-11-19,549.75048828125,557.5031002595834,544.3137412606447,546.6593924579079,1880900
2025-11-20,542.8129272460938,565.4147996103806,537.7140809231862,562.5125520561364,3195000
2025-11-21,547.0867309570312,551.6190315051457,533.81784190874,542.5047462372565,2921600
2025-11-24,556.2011108398438,562.303832635816,547.3253566176236,548.7765107964487,4653500
2025-11-25,563.16845703125,563.6952669869858,544.2242278549277,561.1607675465572,3105100
2025-11-26,570.2452392578125,571.388278613388,562.5821073505675,563.1684898158576,1995100
2025-11-28,572.262939453125,573.8531970540906,568.9233620924339,570.3048733591917,1019500
2025-12-01,564.6096801757812,572.0939731224682,563.5561208948657,566.9453823369956,1764500
2025-12-02,578.93212890625,582.0033873672734,565.6036060782534,567.8598378257869,2749500
2025-12-03,587.8973388671875,589.636709541254,558.7952142203117,577.868658495653,2545700
2025-12-04,595.5108642578125,599.0591271524567,583.4346375287093,586.5953153381445,2313600
2025-12-05,599.5064086914062,603.3131627670662,594.109397068626,600.3313843678878,2177300
2025-12-08,592.876953125,601.1762122768168,588.3347033041421,600.9873638802582,1822500
2025-12-09,590.7498779296875,596.3456864955986,588.632810570641,589.4478372188383,1755300
2025-12-10,611.6124267578125,613.481012756534,595.0536439367937,596.4849000067838,2797900
2025-12-11,621.8101196289062,623.0028431331369,600.5898207461994,606.7422259966224,2779500
2025-12-12,594.258544921875,623.6886848791781,592.161375218241,622.1977955926144,4581100
2025-12-15,586.1779174804688,600.480529864253,584.3192803647931,598.8703742952125,3968600
2025-12-16,585.3529663085938,595.0238490965977,582.7190982024641,587.112235145173,2319400
2025-12-17,558.4771728515625,587.4103482009461,554.0740873351356,584.0210867590089,3753300
2025-12-18,562.3932495117188,571.1695737233289,558.4970153317583,565.0470153417933,2193000
2025-12-19,572.7201538085938,578.196697144301,566.8659743097338,569.2116256967963,5355600
2025-12-22,578.8724975585938,582.2319727710629,572.1933430045676,580.9398809195987,2387700
2025-12-23,578.8824462890625,585.1342805437183,576.9741250836139,576.9741250836139,1731000
2025-12-24,580.21435546875,583.5638818359926,577.4711095107192,579.1210002741107,947000
2025-12-26,579.4589233398438,580.2838989989081,575.1353690180908,579.6676696625764,954400
2025-12-29,575.0956420898438,580.4230721297454,571.1497840708116,576.5666941638784,2585700
2025-12-30,573.8829956054688,577.4511562712479,572.0144097163305,576.4870770896953,1216700
2025-12-31,569.3905029296875,575.4236423026385,568.5754761579547,573.793588759173,1163900
2026-01-02,594.7753295898438,595.9680531205,571.8156594485761,574.0818402232668,2761600
2026-01-05,612.3578491210938,617.9735558810016,602.5378543489936,604.1878056556369,3444800
2026-01-06,619.3054809570312,622.9631219651767,605.2016662464886,612.2585177535216,2706800
2026-01-07,592.8968505859375,621.2038481246618,592.161354936068,619.2159958106629,3312400
2026-01-08,604.4363403320312,605.8775454441251,590.5611088447556,592.8968717959257,2075400
2026-01-09,613.86865234375,615.3893884435275,604.5058851731994,606.265093173736,1822000
2026-01-12,625.9448852539062,627.147497059322,609.2369892496407,610.9167268545718,1856800
2026-01-13,632.663818359375,640.674860410321,629.1552300586026,629.354027414257,1959100
2026-01-14,634.870361328125,635.844389593158,619.2856057653921,630.2485802245001,2105700
2026-01-15,643.2491455078125,648.397675901431,640.1282027061995,641.0227605445657,2052800
2026-01-16,642.9609375,651.6975270053068,637.116646559735,648.0100389444793,2554900
2026-01-20,626.6422729492188,641.6856481839558,622.7768117746247,639.5935440912535,2659000
2026-01-21,642.9609375,644.7741229203464,624.9686339367224,631.2948080123786,2490700
2026-01-22,645.9795532226562,653.3219843660706,638.4977538571923,646.6769415903204,1565700
2026-01-23,624.271240234375,644.076729048593,621.2326846870689,641.7056451196811,2267800
2026-01-26,633.536376953125,636.604849277463,616.9388500475836,625.6460803540638,2532900
2026-01-27,636.51513671875,641.7156021289474,630.8564344499586,637.6010778091998,1827500
2026-01-28,640.8687744140625,644.853780913422,626.6223275337533,635.578619912044,2720700
2026-01-29,662.7464599609375,677.4411722872061,640.3208248445067,652.7141982149842,4441900
2026-01-30,654.8959350585938,675.2892368637702,647.8723734626461,653.1923837441966,3300100
2026-02-02,688.3201904296875,688.7884603174838,654.965705145667,657.3467611470082,4450000
2026-02-03,700.25537109375,707.3686228160087,688.8084488046916,691.7573149167657,3524700
2026-02-04,689.2268676757812,720.4493623228277,672.4699065592722,704.3499613887487,7146700
2026-02-05,675.7674560546875,683.9267595218794,662.5770939030525,678.9853294346018,2792800
2026-02-06,723.4779663085938,724.673480459647,687.9317144426263,689.9740181805553,3359700
2026-02-09,739.3382568359375,740.7130889536498,718.9051261191041,721.784307931297,2496800
2026-02-10,739.5873413085938,749.181249676272,734.9049463368419,739.9659218045892,4008700
2026-02-11,772.0950317382812,772.6329857410683,753.2658511578556,755.8361974505888,3926300
2026-02-12,755.4476318359375,786.8495028882893,753.1762097231763,773.7786862769942,4893400
2026-02-13,771.2980346679688,781.0612886143734,744.6183864642087,762.1325073851986,3232800
2026-02-17,761.8934326171875,771.5171969407592,747.1887483212059,762.1325232876301,3450300
2026-02-18,749.1513061523438,769.8036437114121,747.5673001182851,762.2420671138931,2563700
2026-02-19,757.6792602539062,759.1437209221699,741.3606541443767,749.1812048995693,2908000
2026-02-20,756.8922119140625,769.0763500239998,749.290807029629,752.1699888653055,2095100
2026-02-23,753.6344604492188,765.1013267300037,749.9583502155189,756.1052059025391,2289600
2026-02-24,765.3504028320312,771.0390217717472,748.8724220607829,752.1700126641815,2615300
2026-02-25,763.7364501953125,774.6852459189079,753.903451436773,769.6043869103986,2606500
2026-02-26,750.1077880859375,767.7215109133087,725.6697654097186,767.7215109133087,3350900
2026-02-27,740.0455932617188,748.6731053653391,728.2997479783403,742.426588373545,3441900
2026-03-02,749.5000610351562,752.8972524631026,722.3422308774508,730.7406251292482,2473100
2026-03-03,719.4730224609375,728.927441063359,703.9514044442288,725.5402218752246,3332700
2026-03-04,729.226318359375,743.213730965023,728.1006098946033,734.3271829401724,2823700
2026-03-05,703.433349609375,725.3409126532893,690.9802045588214,717.3011549118872,3713200
2026-03-06,678.3477783203125,693.7199341079731,672.539614127826,679.9118399139131,3564400
2026-03-09,702.1781005859375,705.9738169690279,660.3653868983685,662.7264984623016,3584400
2026-03-10,713.9935913085938,728.0506868288134,707.6176175352949,710.1082465419832,3089100
2026-03-11,704.937744140625,717.7196092536873,700.9925656471443,710.8255647405732,1947500
2026-03-12,698.0635986328125,701.1320708617518,677.2120580717838,690.4024207095666,3231800
2026-03-13,691.388671875,704.2801706399919,684.6042005803665,701.6999129217173,2042200
2026-03-16,697.156982421875,707.338644712223,691.9963455607045,702.7259948828996,2145500
2026-03-17,699.36865234375,706.3424138343572,692.3052014506017,704.7085465487422,1824900
2026-03-18,691.0200805664062,709.1718176679043,690.1035460530255,698.681258364083,1796200
2026-03-19,686.0687255859375,690.8905495378739,666.4923562698121,673.9542714263839,2240200
2026-03-20,678.327880859375,691.4584713266976,667.9270103954749,684.0563282905971,5131100
2026-03-23,699.06982421875,709.3312044818609,691.956572546567,696.3799324899169,2981000
2026-03-24,713.94384765625,718.4469247164266,690.4323322862327,691.1994047329505,2098300
2026-03-25,716.3447875976562,726.6161400077198,714.3124560564942,724.5240357978876,1591500
2026-03-26,700.55419921875,715.2787669658998,693.8195283451223,707.408415425701,2428700
2026-03-27,692.7933959960938,705.704777984371,689.7348962474484,691.8668284864045,2059800
2026-03-30,664.9282836914062,700.3549927158422,662.0790183421327,699.5779479871221,2610000
2026-03-31,705.804443359375,706.2328242584599,669.481087467496,677.4511004135376,3002200
2026-04-01,727.58251953125,737.2362005476217,717.0421599440658,719.2936984243867,2435800
2026-04-02,714.5315551757812,732.6533745115805,702.805714998292,702.9252603277583,1764300
2026-04-06,718.5364990234375,719.861530686015,701.6301384462996,714.0533667936859,1246500
2026-04-07,721.7245483398438,723.0096910790843,706.2726755068721,716.8927521560001,1549100
2026-04-08,768.6878662109375,771.497303164643,750.2770943447797,761.753932826917,3014000
2026-04-09,784.1198120117188,792.5381508146413,770.0925714220997,770.1025436678556,2801900
2026-04-10,787.6962890625,794.8593407330197,783.2928738722721,787.7062613078457,1872000
2026-04-13,788.7623291015625,795.5468006613135,782.3863547852659,785.464738448129,1820100
2026-04-14,791.2728881835938,795.0088319427231,779.1086334135731,793.0163286045207,1866300
2026-04-15,767.2831420898438,787.0089132627536,753.8138606766557,784.1496757954905,2764700
2026-04-16,769.7637329101562,769.9131949723961,751.6220302277318,765.1212272185556,2005100
2026-04-17,791.67138671875,798.7646935012053,773.0912693883489,777.5843739948707,2818800
2026-04-20,796.921630859375,798.1493337790997,785.3730476630781,789.4355185739555,1454100
2026-04-21,798.9678344726562,818.6812637814107,796.3127258265731,803.3896242170772,2293500
2026-04-22,807.3722534179688,816.3356061328308,803.9885158799823,810.9955368131328,1628400
2026-04-23,833.6934204101562,843.7048776309479,813.9500776721137,815.5969859008802,2601800
2026-04-24,829.2516479492188,837.9455420325936,825.1193600701589,837.705996175505,2253900
2026-04-27,827.2553100585938,834.4719637158767,815.2076527314963,828.2235455919534,1986700
2026-04-28,816.3555908203125,823.4723934703793,803.5094263559458,812.8420891130871,1875600
2026-04-29,808.550048828125,821.6857150696084,807.6017957228132,821.4062042924049,2566300
2026-04-30,888.4617919921875,895.3190661192531,849.2245837270511,855.0438055268626,5203300
2026-05-01,888.0225830078125,903.3242135395597,877.9513007544701,895.1793501989104,2376500
2026-05-04,873.1602172851562,891.1867735213634,867.9798250634782,885.6370712947719,2669900
2026-05-05,902.9150390625,907.2170559966296,886.4555216632989,886.4555216632989,2581100
2026-05-06,925.213623046875,928.8169238923074,903.6735650545003,911.8084983025743,3010600
2026-05-07,894.031494140625,929.6254373403041,885.2378096524474,928.2380574406951,2957300
2026-05-08,895.7882080078125,913.0761439514413,892.1948375585309,909.3131053486029,2030300
2026-05-11,925.0738525390625,927.2797822414883,893.4026260809471,901.9367819677409,2811700
2026-05-12,910.4510498046875,913.3955996190748,892.853689535601,910.3112944144943,2348900
2026-05-13,900.6292114257812,921.2809024767588,895.7183387797106,910.8103364117429,1957100
2026-05-14,918.5159912109375,918.6457553625539,900.8288327349338,908.3149449183267,2095600
2026-05-15,886.6651611328125,898.0639982673679,878.5701926102348,897.0858323763846,2907900
2026-05-18,862.3502807617188,891.6658929816624,849.2545792592714,891.6658929816624,2720500
2026-05-19,858.5573120117188,868.2492933238366,843.9843098133897,859.9946480464719,3239700
2026-05-20,870.9442749023438,876.1346582270527,855.4729763111202,869.6067293796847,2415600
2026-05-21,864.3465576171875,871.0540851449379,857.0101308463039,863.2985140562439,1860700
2026-05-22,878.2607421875,892.1849234720975,859.4655922148785,876.3742272364863,1987600
2026-05-26,906.86767578125,907.8758153673763,876.3942381815907,883.311398971316,2255700
2026-05-27,908.2451171875,909.9818855620404,888.1823598012618,903.5039125438832,2463400
2026-05-28,886.0263061523438,903.3242336741595,878.8396260315028,896.8961560274821,2750600
2026-05-29,874.2481689453125,889.1605073645437,864.5861004655337,885.048141137427,5195400
2026-06-01,863.7576293945312,872.1520910164453,851.7898405937815,858.5672458630542,2675000
2026-06-02,908.1253051757812,910.2713483962286,871.5032414993966,875.0466557908541,2822600
2026-06-03,924.4650268554688,934.9755581708781,910.7005831099782,912.7367838017946,2511200
2026-06-04,938.738525390625,945.0768038629545,901.3279453383334,912.297585778242,3077000
2026-06-05,902.6055908203125,932.3005032997836,899.8307092518731,928.2080586400859,2780500
2026-06-08,913.9445190429688,925.6228662736298,901.0683816744204,915.3019861022437,2550600
2026-06-09,913.0062866210938,936.4427898370324,875.3660912890945,925.772581787675,3007300
2026-06-10,854.5746459960938,904.3223854868979,853.1473011972071,900.0702638605761,3611200
2026-06-11,895.9678955078125,898.9823229769119,868.4190258095142,870.7846324915096,3463300
2026-06-12,908.8839111328125,917.2783115881767,897.5349697570279,903.5637635987888,2097200
2026-06-15,932.20068359375,944.3481319861804,926.7807453500175,933.2687096416439,2449600
2026-06-16,943.7093505859375,959.5499598531543,937.4309585430387,941.0542418876219,2834400
2026-06-17,954.14990234375,973.8334184263562,951.2353263767437,955.2079371009456,2743900
2026-06-18,983.9945678710938,992.648496604276,974.5221502183816,977.1871891305391,6175000
2026-06-22,1020.3870849609375,1021.3951635807964,997.1501630302782,997.4296738000802,4033500
2026-06-23,982.41748046875,992.7582823135842,970.8489757007219,983.4256200069108,4286900
2026-06-24,992.6085815429688,1003.0092696913831,968.2537388400114,979.7923306630531,3526000
2026-06-25,1055.052734375,1055.1125599134125,1013.120514940133,1022.7426790826507,4642100
2026-06-26,995.6229858398438,1029.9393303113325,987.8075282770787,1029.9393303113325,13948500
2026-06-29,1031.27685546875,1037.1459727555814,990.2729643108368,996.5612868546871,3146900
2026-06-30,1062.92822265625,1071.4723093369823,1035.2894309559908,1043.0650457416903,3287500
2026-07-01,989.57421875,1039.3319500420437,983.22600993022,1032.0055753443496,3914100
2026-07-02,961.7459106445312,999.4260109246698,947.023222455603,999.4260109246698,3568600
2026-07-06,968.1240234375,989.1650075586006,961.5362687449162,977.2770876034715,2441700
2026-07-07,938.3792114257812,948.2409218871791,907.8458878574123,944.7474027012789,3810200
2026-07-08,946.324462890625,953.2316321090701,923.5467112399381,935.774027986887,2741500
2026-07-09,936.6524047851562,981.3394630795779,932.6498203250138,973.2744686198736,3521200
2026-07-10,950.6464233398438,956.2161080745815,926.7807235961147,928.9566796429589,1959400
2026-07-13,929.7451782226562,944.9969136609404,922.6683408124034,937.4708973262046,1991000
2026-07-14,931.6117553710938,962.8437935531342,923.786245941709,956.2260654912558,2028600
2026-07-15,912.6069946289062,936.8420650237014,888.7512863907219,936.8420650237014,2703600
2026-07-16,875.5457763671875,900.329817104665,867.2711484279856,890.1187789179534,3586600
2026-07-17,878.6500244140625,891.536092302809,836.7776905848835,840.171358288863,3377200
2026-07-20,864.2999877929688,894.3699951171875,861.27001953125,890.0,2770000
2026-07-21,889.969970703125,898.0,876.010009765625,887.489990234375,3219600
2026-07-22,889.3099975585938,902.5700073242188,872.9400024414062,877.2899780273438,1976900
2026-07-23,894.5399780273438,909.5999755859375,881.9500122070312,886.5599975585938,2677100
2026-07-24,888.72998046875,902.8200073242188,881.1900024414062,895.0,1982100
2026-07-27,873.280029296875,894.02001953125,839.5800170898438,887.5,3150000
2026-07-28,840.8499755859375,855.8200073242188,824.0,855.760009765625,3808600
2026-07-29,782.7100219726562,822.7999877929688,776.0,810.22998046875,5966400
2026-07-30,809.1400146484375,822.760009765625,801.6799926757812,810.75,3505200
2026-07-31,814.8099975585938,845.0,807.3099975585938,843.3900146484375,2423600
2026-08-03,830.030029296875,835.3400268554688,804.5700073242188,811.5800170898438,3314300
2026-08-04,876.5399780273438,935.0,866.8499755859375,922.0,6230100
2026-08-05,871.0800170898438,905.719970703125,870.0,874.9000244140625,3363200
2026-08-06,856.9600219726562,879.3300170898438,856.9600219726562,862.0,2896500
2026-08-07,842.1900024414062,868.0,836.010009765625,865.6300048828125,2443800
2026-08-10,837.5800170898438,854.9299926757812,835.8599853515625,849.0399780273438,1900900
2026-08-11,843.3699951171875,864.25,842.1099853515625,850.0,2173800
2026-08-12,855.5999755859375,871.2000122070312,855.25,866.0,3148500
2026-08-13,854.5999755859375,864.1099853515625,848.3699951171875,858.5,2523500
2026-08-14,856.5700073242188,870.989990234375,850.0,854.0,1894900
2026-08-17,881.6500244140625,887.9099731445312,859.6199951171875,864.030029296875,2140600
2026-08-18,840.8699951171875,863.9199829101562,834.8099975585938,862.1900024414062,2685700
2026-08-19,816.1500244140625,848.9400024414062,805.6799926757812,845.0,4143900
2026-08-20,815.3900146484375,818.9299926757812,801.0,811.5399780273438,2937800
2026-08-21,827.9000244140625,832.0,812.3400268554688,829.52001953125,2465200
2026-08-24,811.02001953125,825.969970703125,804.489990234375,822.989990234375,2536200
2026-08-25,811.2899780273438,834.3599853515625,804.75,833.5700073242188,1626564
9990234375,2536200
2026-08-25,811.2899780273438,834.3599853515625,804.75,833.5700073242188,1626564
