Date,Close,High,Low,Open,Volume
2021-08-16,199.76983642578125,200.03593311196374,196.67752830580204,199.4486722170123,3132500
2021-08-17,195.85169982910156,198.5586053303911,193.22737461057375,198.4026156847064,4022800
2021-08-18,192.5208282470703,195.95264257227402,192.438247961519,194.98916390329444,2947700
2021-08-19,187.60250854492188,191.74087566755645,186.46469841035463,191.01596695143266,4788100
2021-08-20,188.05210876464844,190.18092400337198,186.81334868078514,188.49255088276323,2765500
2021-08-23,191.906005859375,192.46573991812028,188.868765672286,190.17175016939416,2827400
2021-08-24,195.0717315673828,195.6957041322318,192.26389002907212,192.46576227051705,2485900
2021-08-25,197.06289672851562,197.92543914224947,194.66797079307705,195.60392256132042,2599800
2021-08-26,193.83299255371094,196.83352152386516,193.13561060232718,196.83352152386516,2513900
2021-08-27,195.29196166992188,196.39307408830246,194.73222754037948,194.76892522038375,2511400
2021-08-30,194.02566528320312,196.12696789774725,193.42923350256672,195.6498140723961,1922100
2021-08-31,193.4934844970703,194.8056541965323,193.0805690536947,193.86970225718366,2857900
2021-09-01,190.8233184814453,193.60363394304125,189.58455796823995,193.4935128742938,4122900
2021-09-02,194.32852172851562,195.40210760020673,191.70419604169064,191.70419604169064,2921600
2021-09-03,193.03469848632812,195.26446442185454,192.6951923897105,193.75042236652027,2512000
2021-09-07,191.07102966308594,193.0071579706384,190.72235267027438,192.73187634369913,2641100
2021-09-08,189.7313232421875,190.9700694047948,187.8961312963366,190.05247343186937,2603100
2021-09-09,188.4925994873047,190.99763305686912,188.0154455688237,189.48360500965467,2777900
2021-09-10,188.11634826660156,190.74985827041735,187.94201679023925,190.03413452062307,2551200
2021-09-13,189.20831298828125,190.73152587436545,187.12536592123385,190.08921140475323,2699100
2021-09-14,185.65719604492188,189.11653680490917,185.02405257941348,189.06146928500993,3757600
2021-09-15,188.77699279785156,189.56612579934878,185.23507220993167,185.5103537688543,3342700
2021-09-16,186.82254028320312,189.38262681298153,186.1068165651402,188.52008438316136,3120100
2021-09-17,183.289794921875,186.51973665515905,183.01451333072293,185.9324757946895,6351100
2021-09-20,175.09568786621094,178.00446571246178,172.94850243277062,177.1510940911729,9151100
2021-09-21,174.19644165039062,176.82995199931088,171.57211622344292,176.17845260250613,5699900
2021-09-22,175.5819854736328,178.47240703063736,175.40764000803142,176.1784172230456,3924400
2021-09-23,180.4176788330078,181.31693278364892,176.95835280328623,177.01340631018252,3367800
2021-09-24,180.60128784179688,181.49134325990065,178.8670176108981,179.52768798417193,2199500
2021-09-27,183.51919555664062,185.34521659293443,181.31697081052232,181.31697081052232,3033100
2021-09-28,184.0238800048828,185.2534552805677,182.37220440994594,183.70271580536038,3247500
2021-09-29,181.56472778320312,184.58362665925242,181.40873813328213,183.95965405816372,2954700
2021-09-30,176.1509246826172,182.48233218087927,175.83894536851966,182.25293315555953,4978100
2021-10-01,178.3164520263672,179.72954386159685,175.48108343399645,177.0042823209204,3695500
2021-10-04,177.21531677246094,179.7662324864593,176.55464654423366,178.69264686594087,2864600
2021-10-05,176.63723754882812,178.3806644227743,175.0130886390249,176.87580747851837,3074600
2021-10-06,176.04995727539062,176.53628200255832,172.32452000626316,174.34322827016342,3777700
2021-10-07,179.6194305419922,180.2066914662112,177.6557755140031,177.76588256185514,3510500
2021-10-08,179.07801818847656,180.38100267891681,178.69262959283103,179.6652790010891,2713200
2021-10-11,176.9951171875,180.92242750893215,176.802415839329,180.16082103986577,2015200
2021-10-12,174.26986694335938,177.62827236331216,173.9578875987054,176.47210620296747,4706700
2021-10-13,173.37060546875,175.49025017177647,172.25113713185556,174.8020531122793,3253200
2021-10-14,178.3164520263672,178.7477233140436,176.73818561219073,177.6007281875436,5212900
2021-10-15,182.61996459960938,183.01452416921808,179.20650627053973,179.81212300665948,4736300
2021-10-18,181.84918212890625,182.30798016314174,179.43591398978285,181.11511647525333,2809400
2021-10-19,184.56527709960938,184.87725641007,182.10612629752407,182.23458919014934,2626900
2021-10-20,187.3639678955078,188.27237916086116,184.00556248659618,184.58365256557136,2936000
2021-10-21,185.48289489746094,185.62971364947367,183.2806696228973,184.9873991111765,3071300
2021-10-22,185.1322479248047,186.7007856320606,183.79438994983423,185.12302636699894,2632400
2021-10-25,186.5716094970703,187.5865299041651,185.00307182287253,185.71352596293863,3294700
2021-10-26,184.2003936767578,187.1067757524226,184.04354269629403,187.06987543649086,2933600
2021-10-27,180.96182250976562,184.92926047648726,180.76805716670452,184.76318796418988,3406700
2021-10-28,188.30621337890625,188.68450843730528,181.810674637606,182.0966978012247,4462700
2021-10-29,188.23239135742188,193.52847973287058,187.52195129436143,191.9045986303859,4292200
2021-11-01,189.4964599609375,190.8804539388498,188.04787283960624,188.490746970498,3215200
2021-11-02,191.10186767578125,191.73850710394936,187.30050237899204,189.83782445555474,3429600
2021-11-03,187.80796813964844,190.60363458854877,186.21176584238407,190.30837580962333,3137000
2021-11-04,187.84490966796875,189.0443740828128,186.94070409684113,188.22320478196173,2543500
2021-11-05,189.9578094482422,192.72579766870635,189.35807021991195,189.58873590495062,2591300
2021-11-08,197.6804962158203,199.72880866813452,194.9125079374191,199.19366257819766,5944700
2021-11-09,193.58384704589844,198.8983928846411,192.79959224588583,198.5385409379878,3310300
2021-11-10,190.68667602539062,193.7130081980951,190.46523193517547,193.08560439388964,3261800
2021-11-11,192.40283203125,194.16512098694528,191.80310696905892,191.80310696905892,4819800
2021-11-12,193.08560180664062,194.39578097908503,192.19061797891158,193.15941650238992,2018000
2021-11-15,191.646240234375,194.39577063078048,190.7696995682091,193.7591312327075,2392600
2021-11-16,189.54257202148438,192.07989418301378,189.38572106821735,191.91382167204188,2138000
2021-11-17,187.28208923339844,189.32118019460063,185.3168270635833,189.1458720118486,3135700
2021-11-18,185.8427276611328,187.95563322276735,185.14150904609042,187.54965936400527,2119900
2021-11-19,184.93850708007812,187.22670655039155,184.21883132668347,185.38138121784831,2980100
2021-11-22,186.72848510742188,188.71220431680325,184.6155796021378,185.90731585272297,2596500
2021-11-23,189.4503173828125,189.67176147986638,185.99955411697283,187.34664773630064,3127100
2021-11-24,191.05575561523438,192.15371230768474,187.3743266905142,187.9094726999354,3880500
2021-11-26,183.36073303222656,185.87037640966847,181.40469284166977,185.45518105886154,3496000
2021-11-29,180.76806640625,185.91652573133268,178.3322375503876,185.66740287143912,4559900
2021-11-30,178.39682006835938,181.56154604147125,176.7360245658497,178.84891573382447,6358000
2021-12-01,176.66221618652344,183.0839402542852,176.56072273333137,182.29968546026888,3425300
2021-12-02,181.57077026367188,182.3365819254759,176.97591437156194,177.43724568021153,3445700
2021-12-03,182.50270080566406,183.9697312478235,180.6020177303556,182.38275013900508,3250900
2021-12-06,185.7135467529297,187.54041495318302,183.00091616783857,184.145022981855,2838400
2021-12-07,188.67529296875,190.26227387493233,187.36511367712785,187.56808651050935,2818000
2021-12-08,188.3985137939453,190.25306089857423,187.8633676963795,188.60150073021913,2341200
2021-12-09,188.3431396484375,189.11817293010688,185.34448590221913,187.3927982028563,1646600
2021-12-10,187.72494506835938,189.97623006152503,186.47934488521955,189.5148987460976,3315200
2021-12-13,185.68585205078125,188.45383990743886,184.9477191399297,188.05710173910077,1868500
2021-12-14,186.0457000732422,188.20472734049793,184.3480041406333,184.53253385874905,2248800
2021-12-15,186.8852996826172,186.9314356252092,183.27768578410385,185.45516993454353,2193700
2021-12-16,190.22537231445312,192.12605527526514,188.8229210304816,189.1458586157021,2856800
2021-12-17,185.7965545654297,189.37648979115227,185.6673823706208,189.09968820835797,6079600
2021-12-20,180.34364318847656,182.2720046991642,178.12924443742503,182.2720046991642,3605100
2021-12-21,182.9732208251953,183.6283174761113,181.52464784139104,181.76453505281907,2303400
2021-12-22,186.51625061035156,187.669578932401,185.29834322319905,185.43673699035907,3558700
2021-12-23,190.2530517578125,191.26798639041874,187.56809983959457,187.68805049946147,2669600
2021-12-27,190.41908264160156,190.89885698322604,189.2749761250186,190.01310890737176,1711200
2021-12-28,190.64056396484375,192.15373024077581,190.19768980764098,190.23459012127637,1393000
2021-12-29,191.295654296875,192.4213038878472,190.14232595192112,190.31763411294855,1334900
2021-12-30,190.14231872558594,192.75345568877137,190.00391088222256,191.2956470267077,1465900
2021-12-31,190.7512969970703,191.67395972285505,189.76404112269702,190.25305124106566,1374500
2022-01-03,190.99118041992188,192.46744638315633,189.88398798685387,191.29566080279082,2055600
2022-01-04,201.21424865722656,201.9892818128775,191.8584510534029,192.17215293849304,5242300
2022-01-05,202.75511169433594,206.08592433127998,201.30652461637052,201.30652461637052,5378200
2022-01-06,204.82186889648438,205.48618707290203,201.19579767697854,204.3605376116784,3913200
2022-01-07,206.8517608642578,208.49409940667348,205.043335708568,205.29245858912114,3673400
2022-01-10,204.4989471435547,208.2910911603874,203.54860574982882,207.55295823200524,3734900
2022-01-11,202.9396209716797,204.91411822578547,199.83947430293563,204.83108197684814,2944300
2022-01-12,205.20013427734375,206.39037678589392,203.05034304256588,204.94178990375553,2506900
2022-01-13,209.4443817138672,210.25632919662422,205.42157276185324,205.65223838048084,5002300
2022-01-14,211.23435974121094,211.88022068995704,206.28888806712075,207.34072277756806,3970600
2022-01-18,212.09246826171875,212.609157116052,209.31525863031996,210.09952754910708,5411900
2022-01-19,205.509765625,213.06594765080584,204.8329435361009,212.92688237063615,4991700
2022-01-20,200.84628295898438,205.70448605917318,200.29925977002253,204.97205190182657,3545600
2022-01-21,198.49130249023438,201.662118047617,196.9429811422948,201.662118047617,3754700
2022-01-24,198.71383666992188,199.30720546149075,191.60267747437538,195.7748057689457,5107300
2022-01-25,198.69529724121094,201.03169313346908,192.01062824959445,196.62777977129514,4554300
2022-01-26,198.67674255371094,202.93232415286855,196.77611765407752,199.3350179073064,3558500
2022-01-27,196.71119689941406,202.02370256713442,194.83837104464212,199.52970905766867,3678100
2022-01-28,186.50340270996094,192.845034089542,182.4610735448952,190.61062428966025,10747300
2022-01-31,186.8742218017578,186.91131530140188,180.49549797738325,184.9179570327723,6179000
2022-02-01,190.38809204101562,190.7960215162101,185.92853939540865,186.16960470691595,4026400
2022-02-02,190.0080108642578,190.80535156577199,186.72592843012984,188.3947827062094,3492300
2022-02-03,185.9749298095703,190.87022578794142,185.51136000747434,190.0636188593433,2748200
2022-02-04,183.95379638671875,186.36435118552146,182.1736898108703,185.6226507225234,3930800
2022-02-07,185.26104736328125,186.84644820573052,183.60145950587827,184.35244034146243,2402000
2022-02-08,186.81863403320312,187.56961486430345,184.7140231278399,185.66897580776106,2407100
2022-02-09,188.76564025878906,189.2292100883568,187.3656503193963,187.8755799613265,2743700
2022-02-10,188.2742462158203,191.68611316870943,186.874256359378,187.81067641371942,3538500
2022-02-11,186.5775604248047,189.73909540791715,185.54843500095117,188.59871776970957,3826700
2022-02-14,185.32594299316406,187.0040634863651,183.67563555753875,186.3087087529153,2730500
2022-02-15,188.5894775390625,189.55369653982373,185.43719427532403,186.07692289035145,2752600
2022-02-16,188.80271911621094,190.45302657330214,188.20935030183014,188.3113362299438,2253900
2022-02-17,180.5511474609375,187.05965642586162,180.2730027874818,186.35503551386284,4699600
2022-02-18,177.96444702148438,181.36704772526207,177.2505455537514,179.27171727944236,4385200
2022-02-22,177.2783660888672,180.69949927046963,176.6664505681146,177.96444032695885,3488000
2022-02-23,173.0691680908203,178.30751594425362,172.79102334821718,177.75122645904733,3550400
2022-02-24,171.23338317871094,171.7711257444616,166.57913929012915,168.7671889055518,5919500
2022-02-25,173.4307098388672,174.237316663947,170.70491748884123,171.4651786572815,3594600
2022-02-28,173.91285705566406,175.01615550148972,170.28773763281643,170.90891949999804,5168500
2022-03-01,169.50897216796875,174.50625514874315,167.47853373242603,174.08904506609085,5110600
2022-03-02,178.57638549804688,179.45716541972115,171.5208515261443,171.7062766443342,5849900
2022-03-03,180.65318298339844,182.25713076342356,178.32605319496685,179.2346603209262,4429700
2022-03-04,181.40414428710938,181.72863467097744,176.4439415835713,177.17638981718449,4334700
2022-03-07,182.3683624267578,188.67291474137903,179.51277066816385,180.59752233782964,6912300
2022-03-08,194.69931030273438,199.23302224818838,188.20933329264324,189.01594019399158,9318600
2022-03-09,194.495361328125,198.03704170339122,192.33512417175555,197.0820889628412,4798300
2022-03-10,196.35887145996094,201.67139106143466,193.01189724829115,194.1337422850061,4886300
2022-03-11,199.17738342285156,201.90317585661322,196.83172158498755,196.83172158498755,4045500
2022-03-14,199.74295043945312,202.56144849648615,197.4158210738,200.54029103240111,3530700
2022-03-15,200.68862915039062,201.54159582146056,195.17213762207038,200.37339095803907,4364200
2022-03-16,200.33633422851562,203.49788378230977,196.8502942903643,201.65287081388706,4378700
2022-03-17,205.54684448242188,205.6210173473405,198.72309652720813,199.63170351219097,3600400
2022-03-18,204.81442260742188,205.54685670312048,202.11644284208705,203.48860555709476,4105100
2022-03-21,207.4104461669922,210.5070896332993,204.8886248365661,204.89789114142437,2902200
2022-03-22,206.4832763671875,209.39449428385063,205.21308543476061,208.10577074440167,2461500
2022-03-23,205.9825897216797,208.40242448481706,205.5375667040414,205.5375667040414,2001700
2022-03-24,206.01968383789062,208.6063969351953,205.3706748409153,206.32562743734542,2110900
2022-03-25,207.08592224121094,207.4938659693539,205.0276709925108,205.90845087080362,1581100
2022-03-28,205.68594360351562,206.45545708829349,203.08066922001316,206.1402329924774,3072500
2022-03-29,204.9349365234375,205.29652041137365,200.76280821016124,204.712432067494,3667800
2022-03-30,206.82630920410156,209.4223029830234,204.6197123699638,205.8249967116448,2507400
2022-03-31,206.5852813720703,208.7825980045135,206.22368329632187,206.94686530078917,3152100
2022-04-01,203.75747680664062,209.08852958391446,202.27404776632724,208.00377793383424,2618300
2022-04-04,204.7217254638672,205.22238885005424,200.81847504766708,203.191950538692,2181300
2022-04-05,200.28070068359375,206.16802866509022,199.46481330719888,203.97071233651388,3582100
2022-04-06,200.4568634033203,201.30983015581498,197.99066861959113,199.44627046608952,2783300
2022-04-07,200.16941833496094,200.54954893653468,197.9999152358266,199.76148882634988,2253600
2022-04-08,201.21710205078125,202.00517635312147,198.43568330891318,200.0674438778793,2450200
2022-04-11,200.30850219726562,202.82104245029234,200.03035750342906,201.21709499323998,2494700
2022-04-12,200.9111785888672,203.4886259312294,199.31649710620758,199.75225391525,2508200
2022-04-13,202.36676025390625,203.67401631103874,200.63299961790432,201.12438246394555,1898900
2022-04-14,211.211669921875,212.51894015260086,202.6819884349394,203.8872727438279,5337900
2022-04-18,213.16793823242188,217.30298713321054,211.3878318721941,211.3878318721941,3644000
2022-04-19,215.24472045898438,215.96788817331839,210.98915333685878,213.47388053030863,2689400
2022-04-20,217.9519500732422,219.14795377455275,215.6341013794401,216.53342780439735,2907700
2022-04-21,215.62484741210938,220.56648866059243,214.771866594614,219.95458732216528,3571400
2022-04-22,201.50201416015625,214.06909767784327,200.8499069341429,212.77419396659124,5053700
2022-04-25,201.8746795654297,202.1541582031554,195.23248117629748,200.57977561834545,4145500
2022-04-26,195.9125213623047,203.2720444272005,195.02751758334225,201.34366896902952,4176700
2022-04-27,199.3221435546875,200.80336185889277,193.11777748458832,196.66711781216,3358300
2022-04-28,197.90609741210938,198.390526027331,188.18033900311355,193.23884327297958,6092800
2022-04-29,196.13604736328125,202.34973650213237,195.7820544627793,198.14827589033635,3404000
2022-05-02,197.56141662597656,198.2135238733591,193.4531196451589,195.6330271070684,2639500
2022-05-03,199.00537109375,200.6263356419531,196.36898134813615,197.40304224330714,2121100
2022-05-04,207.36170959472656,208.01381690541743,199.2010219319239,200.24439362902928,3023700
2022-05-05,201.15736389160156,207.88341614054272,199.1451488775403,207.18472662062396,3005600
2022-05-06,199.96493530273438,202.16347889827227,195.9591267526619,202.16347889827227,2268400
2022-05-09,192.1768341064453,197.5427775705311,191.38499468196852,197.52414187381643,2929900
2022-05-10,189.1026153564453,195.18586977303292,187.61207232194468,193.99344103138117,3040400
2022-05-11,191.1707305908203,195.36286674165723,189.66155191040647,191.49677709585146,2552400
2022-05-12,189.13987731933594,191.29183839635556,185.66506601780367,189.68019882763642,3282000
2022-05-13,190.3509521484375,192.33523470063665,189.03741259374587,191.11484520873202,2323800
2022-05-16,193.01527404785156,194.8970814402577,189.7453986251012,190.99373446424755,2540800
2022-05-17,198.5116424560547,199.14512828032892,194.83188087471513,198.24148879083913,2275900
2022-05-18,193.71397399902344,202.99256158730228,193.32270962745724,199.21032511395634,4723300
2022-05-19,192.61468505859375,194.9622853786853,187.91018789214476,191.77626348028275,2887700
2022-05-20,184.2863311767578,192.49360075333044,180.76492336620308,192.32590789812647,5404500
2022-05-23,190.18325805664062,191.43159398076241,185.53465345797747,186.251964374784,3246600
2022-05-24,191.58062744140625,191.6272095776283,187.51891250162114,188.18965546157628,2467800
2022-05-25,194.99024963378906,195.71688552535258,190.80743788630448,190.97511653133915,3080200
2022-05-26,198.41847229003906,199.02399739737757,196.0056541719459,197.07698641206943,2016000
2022-05-27,202.2845458984375,202.74102807100383,199.5084241142479,200.29095279732874,2020400
2022-05-31,201.0828094482422,203.169552634382,198.88426629507924,200.09531651637604,3773500
2022-06-01,202.68515014648438,204.01731115416953,199.6388602874427,203.51426102504567,2314000
2022-06-02,204.94888305664062,205.73141174401493,202.38702201843262,204.5669294539204,1784100
2022-06-03,207.65049743652344,208.76841192079058,203.31862856204427,203.31862856204427,2222500
2022-06-06,208.33058166503906,209.3832641786026,207.04498843667253,207.6505136505376,1565400
2022-06-07,211.5631561279297,211.72152401956964,206.48600177977124,206.81206251924146,1799000
2022-06-08,214.0784149169922,216.45396149708014,209.25279318869093,209.87695395501083,4171300
2022-06-09,208.3677978515625,212.59720541841065,208.3212157177675,211.8705554039259,3045700
2022-06-10,200.4586181640625,205.15381838173505,200.3002502897381,204.4830754934961,2604100
2022-06-13,192.72647094726562,195.51190333530283,190.8819208659371,195.24174971332067,3559400
2022-06-14,192.54946899414062,195.38148353803018,191.2266188796046,193.82573697625457,2359000
2022-06-15,191.90672302246094,194.37542032684848,189.23307565338365,193.28546637274863,2343100
2022-06-16,181.46360778808594,187.48165884326326,180.0289717836553,187.3139802075609,4789900
2022-06-17,179.46072387695312,184.21181809421657,177.81181270062652,182.2927390214662,7226100
2022-06-21,182.93551635742188,184.84527027162758,180.6065516364082,183.6155842906661,2755400
2022-06-22,174.9797821044922,179.600440229334,174.86799634473928,177.00132181096959,4008700
2022-06-23,166.44644165039062,174.42081422981343,163.97774484071132,173.81528911494777,6667900
2022-06-24,172.79989624023438,172.9023712711913,167.09858012270973,168.93380572219996,4868900
2022-06-27,174.75619506835938,177.0758490700625,173.10729826479556,175.2126772754047,3061100
2022-06-28,174.61643981933594,179.88921871374987,174.60711486407507,176.97335069126248,3327200
2022-06-29,170.9273681640625,174.73756510247472,169.66973579264393,174.50466863944845,2436900
2022-06-30,166.53025817871094,169.67902246085876,165.00245816660788,167.9276367586175,4197100
2022-07-01,166.09243774414062,168.9151559949456,161.83509772954747,167.04265930733618,3423100
2022-07-05,161.8723602294922,162.4872103326415,158.9285596003827,161.88168518597405,3724900
2022-07-06,160.5215606689453,162.72010391379956,157.70816733187291,161.6115144424926,3190600
2022-07-07,167.94630432128906,170.01442614917016,164.26654287226788,170.01442614917016,4677600
2022-07-08,166.84701538085938,168.84060833960743,164.3224117155223,167.89969762404525,2491100
2022-07-11,163.04615783691406,167.47119058071226,162.6735149716711,165.2726474278303,2773300
2022-07-12,162.5524139404297,165.114274931108,160.79171731906746,162.78531039412772,2718400
2022-07-13,161.97483825683594,163.2604313664265,160.10235568776216,160.4656736254891,2389000
2022-07-14,158.31369018554688,159.02169026304142,155.6493542784447,158.1366866124555,2531200
2022-07-15,161.51832580566406,161.51832580566406,157.6242903665572,160.46562946419456,2282100
2022-07-18,161.62078857421875,164.61117034757498,160.894152953691,164.08017395482068,2476400
2022-07-19,168.37496948242188,168.57195707926996,162.17429748406306,163.1311230107966,2671400
2022-07-20,168.8252410888672,169.60384451322437,166.10483121272446,167.7089303276066,2175900
2022-07-21,169.7821044921875,169.85715216790132,165.55137944633933,167.3712462192279,2214500
2022-07-22,167.558837890625,171.47999616537854,166.35810385287246,170.25112104188793,1961500
2022-07-25,170.55130004882812,171.2923868218076,166.76148586703965,168.0747842681844,1845600
2022-07-26,170.00718688964844,172.27732478447584,169.39744437217422,169.94152913746163,1767700
2022-07-27,173.7782745361328,174.65067681698844,169.15357482939575,171.59255956789144,1856500
2022-07-28,176.2078857421875,177.78385812268218,172.7932956173078,175.2792012793171,2229200
2022-07-29,185.97323608398438,187.1364534071906,177.40861286320646,177.4742849370251,5188100
2022-08-01,182.7931671142578,184.97888205188713,181.4235722748863,182.99954461490117,3185100
2022-08-02,172.14602661132812,177.7369562886262,171.8177091622871,176.3579857865677,8193100
2022-08-03,171.545654296875,173.95651228207015,170.3543101610556,171.96779921161232,4155900
2022-08-04,172.26795959472656,174.4161433901898,169.9040084096379,171.53626280403586,2478900
2022-08-05,173.90960693359375,174.57564603459906,171.8833628584587,172.21169461360816,1908500
2022-08-08,174.3035888671875,176.35797393893068,172.75577194912586,175.20414652157785,2655000
2022-08-09,174.50999450683594,176.24543802175603,173.69387428903448,174.4349468307111,2460000
2022-08-10,178.90953063964844,179.6599929382232,175.84202368793328,177.04275764010183,2304300
2022-08-11,181.98641967773438,183.46857883401225,180.02584776705245,180.88887443136394,2538900
2022-08-12,184.65054321289062,184.7724974532801,181.79880361681592,182.82130117643825,1864800
2022-08-15,183.81564331054688,184.33158700208125,181.11399924975416,181.42355115079792,1752400
2022-08-16,185.2884521484375,186.1139478542652,182.87759416537583,183.22469141304998,1959300
2022-08-17,183.79689025878906,184.70682347257468,181.86445949594636,182.9244880326792,1576200
2022-08-18,185.1289825439453,185.39164222229155,183.1590206424696,184.84755737032324,1750900
2022-08-19,183.4873809814453,185.0070571163129,181.80821958270639,183.17781467362394,2003600
2022-08-22,179.8851318359375,181.92075145361827,179.6881442386115,181.1515379314048,2008900
2022-08-23,184.99765014648438,185.8700524273818,180.56054813417444,180.81383221831962,2444900
2022-08-24,182.1365203857422,186.37660616862394,181.47048129491412,185.32596747040597,2503200
2022-08-25,186.56422424316406,186.59236532748804,182.52112623799871,183.38415288965004,1888700
2022-08-26,180.03524780273438,187.96197408985088,179.8570113659479,187.05204072280014,2560400
2022-08-29,179.9038848876953,181.20780756879336,177.29603952549922,178.23411380870294,1996600
2022-08-30,175.36363220214844,180.07276974035395,173.15915161678583,179.64124921436908,2691200
2022-08-31,173.27174377441406,176.41428469908243,173.07474183519335,175.07284506121218,2656600
2022-09-01,171.14230346679688,171.86462479493082,168.94721270812903,170.9828325293429,2686200
2022-09-02,169.63197326660156,174.23792140306182,168.71266448281577,173.40303586889485,2185400
2022-09-06,169.47250366210938,172.28672651542686,168.4687573070982,171.5737808983714,2141700
2022-09-07,169.66012573242188,170.57943457788474,167.1554689618818,168.01849563715612,2166900
2022-09-08,171.80831909179688,171.93027334314326,167.05228936971812,168.55319980791393,2245700
2022-09-09,177.75570678710938,178.00897654571799,175.6262740879499,175.93584032901626,2279600
2022-09-12,180.4854736328125,180.7668987606996,178.80632708241785,179.03147004750286,1937200
2022-09-13,172.89646911621094,178.28102066317854,172.13663123585349,176.21726009969316,2207500
2022-09-14,173.21543884277344,173.67510046930653,170.60759305639212,172.5306485125343,2295000
2022-09-15,171.18919372558594,174.9883834017721,170.42934147647003,173.23418894319337,1933100
2022-09-16,168.356201171875,169.17232125863896,166.76147767344546,168.8533794217287,5088300
2022-09-19,170.8327178955078,171.41431940336625,165.8515454617435,166.273676050153,2923700
2022-09-20,166.96786499023438,169.5288040541818,165.391892579735,169.40684980365316,2512400
2022-09-21,161.30191040039062,169.3130747945732,161.2362526273924,168.17799833043796,4061900
2022-09-22,159.9885711669922,163.80652603980144,159.7446626935389,162.00542514155296,2508400
2022-09-23,154.06932067871094,158.94730393827913,151.71474513954445,158.21560716503777,4047200
2022-09-26,152.5496826171875,155.5796737966812,152.17445851320488,153.844230109527,3213400
2022-09-27,152.3807830810547,154.37888580902353,150.6547299006801,154.2756970692252,2753500
2022-09-28,157.37135314941406,158.04676784947034,153.41267811281486,154.3132358175163,3694800
2022-09-29,155.62652587890625,156.27379945789758,153.41266988388867,155.43891387537155,3518100
2022-09-30,153.91925048828125,157.3901229329851,153.7410140606494,155.61716287550334,2963000
2022-10-03,160.62649536132812,162.63397425294457,155.7672762392764,157.06180933787317,3444700
2022-10-04,168.50631713867188,169.03163653766003,163.42195536435057,163.5063786290708,4008200
2022-10-05,167.33370971679688,169.097279788586,165.74836175060113,166.17986794249086,3067400
2022-10-06,167.737060546875,169.77268002688595,165.93595963802488,166.4237622739252,2415000
2022-10-07,166.55508422851562,167.87777234267287,164.2943218740557,165.77648089139916,2759200
2022-10-10,167.60577392578125,169.9415846496756,165.16678874530183,168.67517831339575,2633900
2022-10-11,168.61883544921875,171.74262421581795,165.72956522983682,165.8702849464929,2542400
2022-10-12,168.38433837890625,169.90401417826376,167.70892373166336,168.36557288485005,2260800
2022-10-13,171.79891967773438,173.4968318008209,162.0148120009972,162.99040293484654,3745900
2022-10-14,167.15548706054688,172.91526356016072,166.5363544936796,172.37117866629674,2830200
2022-10-17,169.60385131835938,172.89648724987117,168.10292657992645,171.01096289293557,2940000
2022-10-18,172.1835479736328,174.04093115898846,169.70703228853247,173.4499397443341,2674000
2022-10-19,172.99029541015625,174.20040503118375,170.72953277706316,171.6113249618466,2088700
2022-10-20,169.3599395751953,174.23793772476506,169.28490622220153,173.11223703555427,2953900
2022-10-21,179.63450622558594,179.81393527891703,169.23720355452156,169.72825585771915,3483800
2022-10-24,180.65435791015625,181.44760933016514,177.9629516662612,178.1518189934557,2919500
2022-10-25,183.9973602294922,184.78117335190092,178.40680358751624,179.70055995082802,2545000
2022-10-26,185.9994354248047,188.47363118029412,183.74243643015072,187.26486268832545,3546000
2022-10-27,200.33470153808594,205.04702012026092,195.8301414126583,198.45543710101992,7872200
2022-10-28,207.13400268554688,207.28510234603016,199.4564367115703,200.67464350128205,5161000
2022-10-31,204.41429138183594,206.69016709292916,203.04497045140138,203.3566081135905,3786100
2022-11-01,206.3407440185547,207.2567658655972,204.65036165494433,206.4635142897015,2717500
2022-11-02,202.6011199951172,209.36267870915052,202.0250651301853,205.4908470548842,3150000
2022-11-03,207.05844116210938,209.44764857115598,199.5980723653509,199.76804866655297,3570400
2022-11-04,215.17042541503906,216.94579586200408,211.15693283870593,211.55355861120842,4973800
2022-11-07,215.8881378173828,216.37920449748847,210.27868913936274,215.31208298389055,3405600
2022-11-08,217.02133178710938,219.6844089014778,214.05606980289798,215.8881133083024,3676600
2022-11-09,212.98899841308594,216.38866905728975,212.53571379707813,213.489517888466,6248300
2022-11-10,219.51446533203125,219.64667394278177,213.73503976256916,219.29726855929638,4590800
2022-11-11,223.3296356201172,225.13333558309301,219.08949325710455,220.0338445211438,3585400
2022-11-14,223.33905029296875,226.50263245632954,221.4503479649098,222.86687471095402,3217700
2022-11-15,221.53530883789062,226.07763507211658,219.79770636831188,223.90563918996986,3371000
2022-11-16,219.48611450195312,221.6014664769593,217.99403780659026,220.978191197316,3062000
2022-11-17,217.61627197265625,217.70126011419183,212.9606135099308,215.07596518262739,3256900
2022-11-18,218.55120849609375,218.93839597687705,214.962685181455,218.0034974374941,2868700
2022-11-21,219.25,220.66652669420571,215.56703635892706,218.6645069108178,2522600
2022-11-22,224.05677795410156,224.26453638703575,220.3738137514628,220.97819799009216,2523300
2022-11-23,223.73568725585938,226.29488537877472,222.4985894745802,224.40618295614246,2311300
2022-11-25,222.5835723876953,224.273969085582,222.10195846873302,223.81123181544956,1034800
2022-11-28,219.37278747558594,221.88476513544927,218.68341513166982,220.92152287308517,2862100
2022-11-29,222.03587341308594,222.61192828342743,218.66454675951746,220.3171615372578,2277900
2022-11-30,223.25408935546875,223.58460365736715,217.9468253682383,222.77246098093624,3850000
2022-12-01,222.5741424560547,223.81124025487208,219.0328253634143,223.71679936853923,2504700
2022-12-02,222.98968505859375,225.1994637213412,220.59102460136234,220.87433288343047,2218300
2022-12-05,219.62774658203125,222.78187586001906,219.33498563113866,221.73364554192676,2064500
2022-12-06,215.58596801757812,220.08108976305556,213.0078928109803,219.6466817924033,3633800
2022-12-07,216.237548828125,217.04969149317418,213.2156276592176,214.36773735637243,3044000
2022-12-08,218.06959533691406,219.5616720849729,216.76638596248077,218.06015701161272,2189400
2022-12-09,214.64158630371094,219.85440916632027,214.54715982581078,219.08948696994437,2257000
2022-12-12,220.09048461914062,220.41156056335652,214.38660980850472,214.88711478321054,2709200
2022-12-13,222.38526916503906,224.6800356632647,219.21224855822854,224.58560918910504,2945200
2022-12-14,221.43145751953125,224.96333607024852,220.14713935651181,222.92353409198438,3513800
2022-12-15,217.82408142089844,219.96774856686335,215.047686202798,219.24060841710008,2953200
2022-12-16,219.7694091796875,220.2415847727326,215.35929086980485,215.90701628689584,7610700
2022-12-19,219.3633575439453,223.74514700769274,218.079039197175,220.88376371615388,2622400
2022-12-20,222.05474853515625,222.60247397990867,218.9572776411232,219.50500308587561,2649900
2022-12-21,228.2780303955078,228.44802111856887,224.4345281870817,224.4345281870817,4143600
2022-12-22,224.32119750976562,227.39979191570905,220.07161673463273,226.78595493572897,3129900
2022-12-23,226.52149963378906,227.1542131580764,223.33904095515808,223.7639960792729,1959900
2022-12-27,229.60952758789062,231.41324166064283,226.37984853099243,227.2958702575879,3381500
2022-12-28,226.05880737304688,230.25172923855135,225.02001523171683,229.60956289400463,2270000
2022-12-29,226.83316040039062,228.16469908030706,225.01056946051062,227.78696435577262,1652500
2022-12-30,226.22879028320312,226.79540681494555,224.47229632638994,226.06825229479605,1521100
2023-01-03,225.58663940429688,227.28646018830838,223.05577046935545,227.28646018830838,2651900
2023-01-04,227.9286346435547,228.65578919297425,225.27500974604743,226.64431627494372,2387900
2023-01-05,226.90869140625,228.09856865852942,224.34005514543475,227.14477919191572,2355900
2023-01-06,235.01124572753906,236.00281739275692,228.7596452478124,229.37346777836547,3945100
2023-01-09,232.89588928222656,237.0038227828334,232.31039614692986,235.15288808304018,3417100
2023-01-10,236.5694580078125,236.881095691043,232.7353937269027,233.2075694148898,3011900
2023-01-11,236.7771759033203,237.87262677011742,233.3775201779701,237.49489204829715,2402400
2023-01-12,240.8756866455078,243.05713578534514,237.04160836466326,237.9765213144465,3881500
2023-01-13,244.0769805908203,244.1902981132882,241.02673053060545,242.5093542849602,3067800
2023-01-17,241.9994659423828,246.0035061094698,241.69726661901038,244.4547561916713,4100100
2023-01-18,238.75086975097656,244.50196491880098,238.0426063733729,242.96266790038598,3361400
2023-01-19,233.1811065673828,238.39980885068132,231.80526977018874,237.66918647707377,4885200
2023-01-20,236.93858337402344,237.1378348118878,232.24173964135707,234.24382422785058,2964100
2023-01-23,239.775634765625,240.70550853086453,236.52106934809814,237.92537057210558,2610200
2023-01-24,244.43447875976562,245.80083203096189,236.97649369817483,239.94641394797293,3505100
2023-01-25,245.22206115722656,245.93370232782908,241.31278362646395,241.5120350463417,2424900
2023-01-26,248.7138214111328,248.84667498550763,243.7513292223669,246.70225382075148,2677200
2023-01-27,251.01010131835938,252.43338377022187,248.71385955504877,249.03646676932692,2783000
2023-01-30,248.12554931640625,251.44654137226638,247.9452645739765,249.87143880810524,3426900
2023-01-31,239.3865966796875,244.22577694606917,233.80733970531185,243.85570963531862,10992100
2023-02-01,236.77725219726562,239.77563724246204,232.76359990857443,238.87422795716705,6022000
2023-02-02,232.37457275390625,236.76777582988026,229.43313107960046,236.57800773450208,6130300
2023-02-03,235.0883026123047,238.11515228903332,230.69511393795548,231.52061313038044,4134700
2023-02-06,238.56112670898438,239.24430347970156,235.316044287267,235.42041891830377,3528800
2023-02-07,236.89112854003906,239.11144563180954,232.8015660523211,237.73560886015915,3467900
2023-02-08,236.1415252685547,238.6939473843292,234.4430812893645,235.41091738614247,2300300
2023-02-09,233.6840057373047,239.0829929459835,232.92491884976428,237.2137474577462,2464900
2023-02-10,235.00286865234375,235.913775638867,232.1278397412435,233.68396104784026,2820300
2023-02-13,235.45834350585938,235.67659056272436,230.23964142592928,231.04617390236024,3068100
2023-02-14,231.8621826171875,234.66130166050488,229.29077948240678,234.3766422964574,2512900
2023-02-15,235.98019409179688,236.04662087973298,230.78995699656875,231.71034734292826,2398200
2023-02-16,233.91171264648438,235.81890577221702,232.01400285748113,233.89273149464887,1934900
2023-02-17,235.1167449951172,238.02973643439609,233.06722945221372,235.18317178652165,3759300
2023-02-21,228.39886474609375,235.31601045719253,227.48795768996737,231.9950183741273,3105900
2023-02-22,225.72308349609375,229.84111013976886,224.32826568478828,228.85430744960354,3145200
2023-02-23,225.78001403808594,228.5127207042373,223.55021377451564,228.36090044981194,3219000
2023-02-24,224.09109497070312,224.5845036496576,221.10220736056198,223.19916890895513,2105500
2023-02-27,227.70620727539062,228.91125711810315,226.5106552483576,226.8712247631167,1720900
2023-02-28,227.29818725585938,228.76891520166316,226.50115263898715,228.61709494748473,2647700
2023-03-01,235.95175170898438,236.92907112034376,229.2148904500205,229.63237445385073,4117700
2023-03-02,239.2822265625,239.5763837492743,233.54166588432318,233.9022209083051,2676500
2023-03-03,242.2521514892578,242.33754495872097,237.1283406241859,239.48149681244925,2314700
2023-03-06,240.99017333984375,242.62220499310297,238.7129272777216,242.57475935048015,2317100
2023-03-07,233.5511474609375,241.7207888324063,233.37086271111687,241.05659328968056,3018400
2023-03-08,235.99920654296875,238.26696931567278,234.12996111560938,235.3065464768967,2068600
2023-03-09,228.63607788085938,237.337075378805,228.30397288205268,236.21741909348285,2518800
2023-03-10,215.3995361328125,225.95081200055975,214.25142986236085,224.2238892091351,5767500
2023-03-13,213.20767211914062,216.6520196997231,210.2092874558712,211.19610456249484,4885100
2023-03-14,214.12808227539062,217.84759172392134,210.8355546336517,217.27828747432451,3754900
2023-03-15,206.148193359375,209.86770252319718,201.69807640724216,208.17874209876712,5471700
2023-03-16,207.52403259277344,208.56776415011106,202.4097059745323,204.63950599137274,3555000
2023-03-17,204.01329040527344,206.28105307680482,200.61638806645146,206.28105307680482,7203000
2023-03-20,209.04222106933594,210.52243239939347,205.4081050585527,206.23361866829774,3464200
2023-03-21,213.4164581298828,214.44122323495964,212.17346043563657,212.60044227649078,3074600
2023-03-22,208.7006072998047,215.00100250015586,208.61521384386864,213.65363044134543,2930200
2023-03-23,208.2167510986328,213.77704218024272,206.47086130986804,209.23201845684648,2957400
2023-03-24,205.91104125976562,206.30955866672312,202.23897663407305,205.75923544643413,2976800
2023-03-27,206.850341796875,207.76124875508933,202.97901256162024,203.93735067607886,3209500
2023-03-28,208.89991760253906,209.27945380633267,206.57522577795245,206.9927098107742,1802000
2023-03-29,211.59463500976562,211.80338423844896,210.17135271149365,211.34793795694725,1857300
2023-03-30,213.05589294433594,214.76383482089105,212.5340342828808,213.53981825508046,1921100
2023-03-31,217.13595581054688,217.34470505063305,213.39746511966504,214.80178082176792,2746700
2023-04-03,218.11331176757812,221.8897653958858,217.15497335268086,218.246150899132,2242500
2023-04-04,206.3284912109375,217.75271209897832,205.1898682481261,217.19287671498955,4282100
2023-04-05,202.60897827148438,206.7365027277505,200.73024969174398,205.14241902495846,4265300
2023-04-06,198.4719696044922,202.10608546074548,198.25373704033436,201.79296161910537,4180100
2023-04-10,204.50672912597656,205.03808564096366,198.61434733424855,199.4683110935665,3839000
2023-04-11,209.31739807128906,211.4997527725579,205.113963308625,205.113963308625,3882000
2023-04-12,209.22250366210938,211.8033901263248,208.64370159892042,210.78810844237995,2385100
2023-04-13,210.33265686035156,210.81656763083498,205.5788991837018,208.69114199259297,2909100
2023-04-14,212.2398681640625,214.27991499260557,210.11444234324875,211.58517041071525,2246900
2023-04-17,213.72007751464844,215.31414675694788,212.82815161453385,213.50183046870453,1751800
2023-04-18,213.68214416503906,215.86451357154797,212.6004500388047,214.02373254586985,2567100
2023-04-19,213.16024780273438,213.6346752534223,211.03482208981362,213.30258472496683,2078400
2023-04-20,210.90199279785156,212.75225704596792,209.63051616726872,211.04431524833072,2826800
2023-04-21,210.13877868652344,210.82566375592313,207.49617958777648,210.52037503309325,2712500
2023-04-24,213.15341186523438,213.4014625767683,210.38680212756594,210.38680212756594,2790700
2023-04-25,208.57421875,212.96263513964544,208.23077620150877,212.13265504619503,2505600
2023-04-26,206.24642944335938,210.25324920590938,206.1796420781161,207.7155913520731,3254700
2023-04-27,204.4719696044922,206.14147897672612,194.65524634385542,200.79904316279095,7711100
2023-04-28,208.73641967773438,210.4154642247425,203.20318451202246,203.43215108719295,4669500
2023-05-01,207.27676391601562,211.75105171321118,206.57079465708944,209.25154758710187,2876400
2023-05-02,205.25424194335938,207.12409880448604,200.90397994612664,207.12409880448604,2858000
2023-05-03,205.72169494628906,209.08933237019338,204.97757200348084,205.72169494628906,2635100
2023-05-04,200.70367431640625,206.9523984644483,199.70196566710462,206.11288355427328,3211000
2023-05-05,205.19703674316406,205.75989648692587,202.63075965354378,203.766028512399,2716600
2023-05-08,204.91079711914062,208.07810178188987,203.80416200669066,206.48491463778385,2414100
2023-05-09,203.67059326171875,205.48319747799906,202.20141697289057,203.90909458264855,4111900
2023-05-10,203.36532592773438,206.05562809752578,200.52239395982238,205.52137285471952,2446100
2023-05-11,200.3697509765625,200.60825232415704,198.83380171577502,199.38712658903037,3263300
2023-05-12,199.9022979736328,202.7738637288625,198.3663485985236,201.97250263497108,2172600
2023-05-15,201.5718231201172,203.4989183771035,199.5302518571411,200.63690177160606,1925600
2023-05-16,197.669921875,200.5987255278571,197.52682688351118,200.38884316902846,2771500
2023-05-17,202.34457397460938,204.00453424129017,199.05324332797926,199.65427145596715,2897400
2023-05-18,204.84402465820312,205.74079199329768,200.56053550615255,201.29512368274624,2643600
2023-05-19,204.90126037597656,209.77622811754438,203.1554289028199,209.36601281946835,4402100
2023-05-22,204.40518188476562,207.17180614523735,202.14419385426672,204.39564707173463,2540600
2023-05-23,202.92648315429688,205.3591851362474,201.62903530400564,203.3939364564606,2298300
2023-05-24,200.054931640625,202.70706551686214,199.59701311960416,202.06788363875853,2964000
2023-05-25,200.3220672607422,202.0488148559982,199.00554959283323,200.04541207571572,2243600
2023-05-26,202.05833435058594,203.47025818082048,200.54146935045088,202.00109635917954,1973900
2023-05-30,200.24571228027344,203.09819344802347,198.67160931377902,201.46683793406734,2885900
2023-05-31,196.28662109375,201.08526733673358,196.14352609921485,199.51116416897545,5937000
2023-06-01,199.45391845703125,200.88492657490818,196.56326866650988,198.12783695977663,2989100
2023-06-02,216.2062530517578,217.30335346226985,204.1666947493385,205.0634621734977,8358200
2023-06-05,212.2375946044922,216.54970333432243,210.59670405837008,216.54970333432243,3438400
2023-06-06,216.2539520263672,217.77083178046854,211.26450751558053,211.65565325027822,3230100
2023-06-07,224.71597290039062,225.48871493846372,215.87233884440164,217.33196592897679,5586400
2023-06-08,223.6665802001953,225.4124119623619,221.081233520652,223.75243719908016,3546800
2023-06-09,224.21986389160156,224.96398685904364,220.78543899804916,224.85904569404718,2488500
2023-06-12,226.95787048339844,227.90234103514274,222.5885387223549,224.41067790599098,3644200
2023-06-13,234.15109252929688,235.3340499332102,228.65601199562352,229.0376228976661,4335100
2023-06-14,232.12863159179688,236.89865922216947,230.45912192116646,235.44856674658485,3122400
2023-06-15,236.27850341796875,236.95585362190752,232.28121867014968,232.77730552837386,2743900
2023-06-16,233.98890686035156,239.35041251177404,233.7027023310052,237.92893923543292,5261200
2023-06-20,230.05841064453125,232.03320893225887,229.48601610323877,231.18414465591886,2979800
2023-06-21,230.37322998046875,233.97936938545442,227.08191411807297,227.85465619671734,2892500
2023-06-22,226.4236297607422,229.8962087059181,225.09756288610825,229.1807046824041,2421600
2023-06-23,223.65701293945312,225.01169876754756,220.64235258889389,223.65701293945312,3354000
2023-06-26,226.0515594482422,228.59875192592713,224.31527732174916,224.63010082667194,1748300
2023-06-27,229.6195831298828,229.76267813022938,224.4965783199166,226.55721910974972,2283000
2023-06-28,230.74526977539062,230.9169983083325,226.9197135552841,228.28393422097727,2200100
2023-06-29,233.00628662109375,235.50577613751673,230.26828119516026,230.81207126630304,2070000
2023-06-30,234.73301696777344,235.57253176877066,232.67236193839017,235.2291038208397,2377900
2023-07-03,235.95411682128906,236.9653600425686,233.98886836378887,234.63758493707587,1045700
2023-07-05,233.56915283203125,236.1163456013797,232.89180256685646,233.7313320094466,1820600
2023-07-06,229.5146026611328,232.65327377293548,227.85462815638496,231.5847924679756,3079700
2023-07-07,233.90306091308594,236.40256521552448,229.06626060990115,229.142582796545,2903900
2023-07-10,237.36610412597656,237.8908100579494,232.8631970393579,233.2638775991458,2771900
2023-07-11,241.22027587890625,242.76575999857232,238.34871025290025,238.34871025290025,3293300
2023-07-12,241.93576049804688,245.78995023073685,239.87510546613143,243.73883001173132,2986200
2023-07-13,244.09182739257812,244.6642219105128,241.115335139809,242.85161743493518,1949400
2023-07-14,243.86285400390625,244.6833137814801,241.27750753968078,244.6833137814801,1936800
2023-07-17,245.61822509765625,246.94430659435565,240.4188985162738,242.57496006276475,2674500
2023-07-18,251.67617797851562,252.01008571217687,245.1126157579626,245.78043122528504,3832400
2023-07-19,251.90631103515625,252.06930801101547,248.98219619736744,249.40403974393683,2771900
2023-07-20,250.31478881835938,254.44691239191383,249.69162022816514,253.26769332720704,2102300
2023-07-21,247.01673889160156,250.95713377162528,246.88253192742306,250.94753711057217,2249900
2023-07-24,248.66574096679688,251.60904844423052,247.44816466633958,247.639893069485,2195300
2023-07-25,251.24472045898438,252.98961565728493,248.73285315014607,249.36561830748948,2016600
2023-07-26,247.65911865234375,251.70496006376572,246.63327062139751,249.7779035721154,2622800
2023-07-27,247.63992309570312,250.32438438823,246.2210215595631,248.28228500649894,2284400
2023-07-28,249.68197631835938,252.12675468233985,248.30140316785753,249.20261145382705,2101200
2023-07-31,254.22647094726562,254.26479908503526,250.8613189673323,251.90633125490342,3568700
2023-08-01,276.7373962402344,276.8620358159447,259.3364533720682,261.4935957753479,11823200
2023-08-02,275.70196533203125,281.7515486816023,274.2830345421328,275.87452969268907,6288300
2023-08-03,269.83453369140625,276.0566811868776,269.4510183368063,273.75573534984665,4743500
2023-08-04,265.03131103515625,271.7999421751292,263.99586629946776,271.51233489194703,3888200
2023-08-07,270.0262451171875,270.3234490176191,264.5039813074654,265.6832002484965,2438200
2023-08-08,271.2150573730469,272.2313085087632,263.4397443349433,266.52685512215015,2519500
2023-08-09,272.7874450683594,275.2705522513655,272.16427642149364,272.912084649356,3088600
2023-08-10,272.1067199707031,275.7882391773787,269.5852557197649,272.7490526019992,2647100
2023-08-11,273.4488830566406,274.2350484235371,270.94658335422827,272.221710225091,1874100
2023-08-14,272.7969665527344,273.81321772955977,269.6619015991099,272.3367657477512,2194000
2023-08-15,265.9228515625,270.97537579443065,265.61605103729835,270.86030365389865,2593600
2023-08-16,263.1809387207031,270.0837760395317,262.7686626518027,265.5681666685936,2831300
2023-08-17,263.813720703125,268.01293310815055,263.32475908921793,265.58734762001393,2534700
2023-08-18,262.500244140625,264.31225775919154,259.92125827835406,261.74286855885447,2533000
2023-08-21,261.4935302734375,264.8394876226824,257.70653618859876,263.41098970715655,2207400
2023-08-22,259.0487976074219,262.8165986113946,258.54067199562485,262.63443761300414,1668800
2023-08-23,261.7619934082031,262.4618766878628,258.00375975762125,259.1446505484348,1677800
2023-08-24,258.1859436035156,263.35351167304503,258.09009402251814,260.3910398706214,1433600
2023-08-25,261.3114013671875,262.32765265117274,257.7353285513559,260.31431414697295,1291700
2023-08-28,263.4493103027344,265.56809448887805,261.77153353249776,262.21254094840486,1550700
2023-08-29,268.47314453125,268.5690233770886,262.14552106140593,263.6507340925366,2065800
2023-08-30,270.67816162109375,272.0970922059106,268.2621731467293,268.4730948653087,1431000
2023-08-31,269.5277099609375,273.0558285585585,269.24967013016783,271.93413109122736,2579000
2023-09-01,274.4364318847656,275.2225974190118,271.94372831121996,273.0462618366014,2336600
2023-09-05,270.00714111328125,277.46605952340184,269.76745860748287,274.52275133024943,2515600
2023-09-06,271.22467041015625,272.72988330602,267.52398720989913,268.8470390924742,1688900
2023-09-07,269.8153381347656,271.78075190741885,266.19134042546693,269.33597320359854,1593200
2023-09-08,270.6302795410156,271.69448496208537,267.6006894952259,269.94958949287036,1240100
2023-09-11,270.40972900390625,273.2379936236058,268.3964198258006,272.8161501699941,1515300
2023-09-12,270.17962646484375,272.9599368672083,268.27176363935854,268.6936070668191,1587300
2023-09-13,264.53271484375,271.0712292393524,261.7619719339045,268.6456442398284,2119300
2023-09-14,270.8987121582031,271.4931200016405,266.3639092994767,267.4856361310156,2660500
2023-09-15,267.62945556640625,270.2372021605426,265.8845600623492,270.2372021605426,4940900
2023-09-18,269.3454895019531,271.0807876943793,267.3417481984916,267.54307321724195,1363200
2023-09-19,268.12799072265625,271.7999131841671,266.1913376954109,268.52104421504225,2313500
2023-09-20,267.1117248535156,274.77199669185813,266.6035991740659,269.8824683235387,2380300
2023-09-21,260.80328369140625,264.81076750033077,260.3910368719002,264.81076750033077,2277600
2023-09-22,261.7907409667969,263.7465578324258,260.4005711378817,260.7840864411064,1707800
2023-09-25,262.9507751464844,263.4876614191747,258.92412810130696,259.5760572527013,1257400
2023-09-26,258.3968200683594,262.1358893317215,258.04209475810705,259.9595541718892,1756400
2023-09-27,261.4552001953125,262.9124882423081,258.0900784332422,259.81578040055456,1991600
2023-09-28,264.83953857421875,266.7665950384408,260.98545490388926,262.2030313456268,1994700
2023-09-29,261.7332763671875,268.0129458368534,260.1609452051885,267.56234158999916,2257800
2023-10-02,260.5060729980469,265.38600436710834,259.0871423035444,261.3881173234106,1778200
2023-10-03,257.8695983886719,262.28932945827034,256.49862156847297,260.0171441354515,2187900
2023-10-04,254.09214782714844,256.76701205723754,251.93500586116602,256.4602115112402,2970100
2023-10-05,250.03671264648438,254.96459771475483,249.68198731240864,253.0087807890734,2639300
2023-10-06,255.06053161621094,257.3423136458369,247.6111809597125,250.77500744293556,2293400
2023-10-09,260.1033935546875,260.4005974640568,253.7278459784986,255.06049449828112,1640800
2023-10-10,261.9345703125,263.74658374651165,260.6115184574653,261.39768394496605,2009000
2023-10-11,261.57025146484375,263.0850610086976,258.76118003313275,262.2413740614544,1538200
2023-10-12,258.4831237792969,262.5002039267006,255.20428429293185,262.5002039267006,1910500
2023-10-13,256.882080078125,262.63445921683086,255.1180206532288,259.3268295088297,1918300
2023-10-16,259.6144714355469,262.66322542070327,258.4543872192031,260.8895692976522,1678600
2023-10-17,261.39764404296875,264.18755095094616,257.4956071839754,257.4956071839754,2110100
2023-10-18,248.52197265625,257.89835016477866,248.0713684205817,257.4189852016471,4257100
2023-10-19,242.4531707763672,249.26974002134384,241.36980145574594,247.26599831445324,3850000
2023-10-20,240.1499786376953,244.28419000621508,239.14775404497183,242.18335186284304,3103500
2023-10-23,238.33828735351562,242.47248443541443,237.60587824569302,238.63702698238095,3193200
2023-10-24,240.48727416992188,242.57846606822508,238.2707986831032,241.16184982991538,2304600
2023-10-25,236.04469299316406,241.66297085159627,235.62066980314702,240.79564667983965,2542400
2023-10-26,233.6258544921875,237.7696977361604,231.6792238208949,236.6132801274034,3859200
2023-10-27,229.8964080810547,235.06175390702214,229.22183235287105,234.22335369518302,3229900
2023-10-30,233.36563110351562,234.75333788187473,230.49384330204936,232.18993589988614,4478300
2023-10-31,217.84072875976562,222.16765966697966,215.6338845945052,219.38261403699954,12093300
2023-11-01,223.41079711914062,224.20101011798502,215.78805541440215,216.93484138648716,4932800
2023-11-02,230.43605041503906,230.88898294766145,224.4226733089836,227.23662805560002,7749900
2023-11-03,232.00685119628906,235.3701126090689,229.5301770245616,232.73924551594632,3929500
2023-11-06,229.6265869140625,234.09807939596055,227.77631568410283,232.7392816364961,2891500
2023-11-07,226.3885955810547,228.52797478444532,225.08763127930487,226.06094661954566,4074000
2023-11-08,226.2921905517578,229.1543173223338,225.93561761974607,227.42933014424955,2532500
2023-11-09,225.64654541015625,230.59024778008083,225.32854271101291,228.81707319953435,2708800
2023-11-10,230.97572326660156,231.42865582336668,226.09948565170643,226.7933391554893,2525200
2023-11-13,232.89344787597656,234.47388862271217,230.20477670917307,230.20477670917307,3035700
2023-11-14,238.858642578125,240.4872703846044,235.80376701230207,237.78895308245578,3441800
2023-11-15,241.9713897705078,243.74456463826678,239.5718262422344,240.45841367611388,3739900
2023-11-16,239.1959686279297,243.73491120821583,237.64443708178803,241.40279811671593,2625000
2023-11-17,243.8794403076172,245.02621155537753,240.92092429899532,241.00765230262783,2792500
2023-11-20,241.35459899902344,243.71562131164907,239.62961150830762,243.43615948637517,2661400
2023-11-21,240.3523712158203,240.77639442491346,239.30195944170603,240.38128055238147,1765500
2023-11-22,237.07583618164062,238.63701386987844,233.0283673360723,233.05727667246123,3593700
2023-11-24,238.3768310546875,239.8608976721197,237.74079620236733,237.78898333444883,982200
2023-11-27,238.4057159423828,239.20557519802887,237.37458200390193,237.99133899920594,1743300
2023-11-28,238.51171875,239.83196073011916,237.07582472526664,238.7430081345818,2149900
2023-11-29,240.39089965820312,242.4435506757211,239.2923008117808,240.61254279525286,2224700
2023-11-30,241.6147918701172,242.36646402152587,238.83937795436373,241.9231630248414,3210500
2023-12-01,247.43548583984375,248.0907838290168,241.89428874905184,242.76161307575936,3731500
2023-12-04,245.49842834472656,246.25010047202073,243.25304350639777,244.3612886102316,3028700
2023-12-05,245.92247009277344,247.85948393243825,244.5636724121887,244.5636724121887,2682200
2023-12-06,246.6741180419922,251.53109212807175,246.2886504435747,247.47396257347614,3632600
2023-12-07,248.0618133544922,249.96027133268194,246.5199136234416,247.86906485962666,2162500
2023-12-08,250.0758819580078,252.13817887751094,247.66667307594608,248.03287753150556,3258200
2023-12-11,251.4443817138672,252.71642193670093,250.0759378230694,250.4035867751095,2898300
2023-12-12,251.9358367919922,252.95733921865897,249.7097296726246,250.5481298332573,2375700
2023-12-13,258.2383117675781,258.4888789303658,249.8638984022678,251.90690305772964,3708300
2023-12-14,274.8136901855469,275.09313728031395,260.72460996633447,262.5556325005585,6464100
2023-12-15,275.3629150390625,276.43261902139784,269.81211805399323,269.9277553689945,7321200
2023-12-18,275.3341369628906,278.38902806712156,274.2355525373932,276.3267302688728,2691700
2023-12-19,282.3207702636719,282.3882351813194,275.7677328268556,276.38447510583825,3659600
2023-12-20,279.1888122558594,287.4379428408755,279.0057099897777,281.328191367024,3818400
2023-12-21,279.5357360839844,280.1717708509283,276.19175249054314,279.3718969159701,3209300
2023-12-22,279.8152160644531,282.1955162439482,278.41789218997855,279.7670436378249,2833800
2023-12-26,284.89385986328125,286.3008300426766,280.4319989544971,281.0005688940521,2019000
2023-12-27,287.2934265136719,288.2860197092165,284.02655353388826,284.8938631226354,1876500
2023-12-28,286.09844970703125,288.3342031692085,285.28895884851096,286.31046131826,2267400
2023-12-29,284.93243408203125,287.40907937507666,282.5521336523681,286.06957403549325,2300600
2024-01-02,282.079833984375,285.86713309373147,280.76923833206087,282.773687391274,2433100
2024-01-03,273.9752502441406,278.43711025422226,273.0308590880085,277.91674225731765,3043400
2024-01-04,275.7099304199219,277.752935291578,273.4838232805895,274.0813025080405,2995400
2024-01-05,278.4371032714844,280.4319354374651,275.1027661568979,275.85443820953395,2684800
2024-01-08,281.6366271972656,282.05100422695443,274.881193469257,277.11694723440985,2369100
2024-01-09,281.6750793457031,281.7425148446481,277.54086858940593,278.7262099696838,1974500
2024-01-10,282.6966247558594,283.8530275726963,280.8752484110984,281.54019252972927,2048000
2024-01-11,281.45343017578125,284.86487835817036,278.8996745148035,283.9011947571003,1941400
2024-01-12,279.8634338378906,285.0865838997042,278.437171135062,284.54692328983333,1955600
2024-01-16,276.7989196777344,279.67067869615397,275.2281103145951,278.3889921303078,3140100
2024-01-17,268.51123046875,271.77810336217516,266.88260244203036,268.70394958932303,3789200
2024-01-18,271.6624450683594,272.2695705404255,267.57643535188083,269.8507149006998,2479300
2024-01-19,276.19342041015625,276.9679274410447,270.06505301662946,273.3277089412098,3116000
2024-01-22,279.47540283203125,281.33423115602295,276.9872544314108,276.9872544314108,2072200
2024-01-23,279.63037109375,283.5513909869921,278.3620986827418,281.24719239430453,1866300
2024-01-24,281.42132568359375,283.28984471160885,279.15586232836915,281.5762329487638,2765900
2024-01-25,291.19000244140625,293.64910780900783,283.79336355129374,284.6356479864151,4647100
2024-01-26,289.8927001953125,293.32964512053763,289.14723648174333,291.41270044137,2920500
2024-01-29,293.59100341796875,294.02668201784553,287.9757544948041,289.49572503397826,2101400
2024-01-30,295.0528869628906,295.99199200080585,290.9382566655736,290.9382566655736,2150200
2024-01-31,290.7446594238281,296.0113893693833,290.376758284569,295.83712973885406,2813000
2024-02-01,297.8896179199219,298.2575190816448,292.32276397780936,293.5813452247635,3196300
2024-02-02,305.0538330078125,307.2612098682692,296.2533688320888,297.221517096246,4661500
2024-02-05,311.1628723144531,324.2038317093158,305.8477473525758,324.2038317093158,6557500
2024-02-06,312.4408874511719,317.0008586477066,308.90715130871,312.89591843141534,2825700
2024-02-07,313.28314208984375,317.3784205220227,310.8724619908722,312.65385152915155,3203000
2024-02-08,311.7438049316406,316.03269552967583,311.18229182341906,314.3287743266111,1986100
2024-02-09,307.0579528808594,312.06326360885663,305.51860045633083,311.74378763399193,2823000
2024-02-12,311.38555908203125,312.79904740274975,306.42864424865434,307.10633036751307,2483600
2024-02-13,302.87554931640625,305.93490188067847,300.8908568660946,305.73159898445977,2923200
2024-02-14,306.6222839355469,307.7259873382021,303.9695666664603,305.94459775536956,1887100
2024-02-15,312.77972412109375,312.91524953923505,305.4120991167763,305.88651194413507,2362900
2024-02-16,311.6566467285156,317.84309947685085,311.2016158107552,313.40899292242335,2513200
2024-02-20,303.7468566894531,308.8393265122222,302.77870833048064,307.1547578221839,2701600
2024-02-21,307.03863525390625,307.69696915537236,302.93366544563065,302.93366544563065,1779700
2024-02-22,311.8309326171875,313.0701614589249,310.1366728193526,310.77565434571585,1875800
2024-02-23,313.56390380859375,314.7256641438139,311.7921757177057,312.71192850210593,1575000
2024-02-26,315.01617431640625,316.8169164054747,311.9858646815829,313.34126671833576,1650000
2024-02-27,317.1944580078125,317.5042725798948,313.457389902736,316.5651674708316,1640900
2024-02-28,319.0630187988281,321.1154889012056,316.57487005117997,316.9621530894417,1471000
2024-02-29,323.3229064941406,324.2233071699035,319.58586698394566,320.45719483723275,2699800
2024-03-01,325.9755554199219,327.0114516812402,322.97428967961264,323.3615431035623,1815500
2024-03-04,327.8634338378906,329.4221680499199,324.1263953771308,324.91059317942586,1551000
2024-03-05,322.90655517578125,328.192637502712,321.1735611569781,324.7363699498417,2030000
2024-03-06,324.93963623046875,326.97275367953705,323.5164569706752,325.53988348164614,1542300
2024-03-07,329.3834533691406,331.4359232719079,327.65045944176666,327.727927860104,1732500
2024-03-08,328.3862609863281,333.5271266709361,327.33098276670984,331.1745331296161,2307400
2024-03-11,324.3006896972656,327.43748124215364,320.97025664283433,326.26602988239114,1868000
2024-03-12,326.4983215332031,327.61171570882465,322.1416542059436,324.60075914785943,1645900
2024-03-13,330.6420593261719,332.17175047504213,326.6436309090559,327.36974227141224,1818800
2024-03-14,331.0293273925781,335.79260116881824,328.1442344068317,333.5755329698871,2110200
2024-03-15,335.91845703125,336.2282716152546,330.28382616003944,332.04586336782745,4406000
2024-03-18,340.6914367675781,342.085572911996,336.7801087209865,336.99310256376,2528200
2024-03-19,342.6277160644531,342.72453681447007,338.48404205541067,340.40098654178604,2207600
2024-03-20,345.0965270996094,346.7714050103135,337.0512158372512,339.93627931143334,2563900
2024-03-21,352.9482116699219,353.5678408862959,345.3579310426227,346.27768392769445,2616300
2024-03-22,346.7035827636719,353.87756540317616,346.46154568222653,352.986885488961,2052000
2024-03-25,344.6124572753906,347.4394342422739,343.721747689255,345.59026713219754,1774800
2024-03-26,345.0384216308594,348.13647877610714,344.6608295739031,345.10616956408325,1637200
2024-03-27,353.03533935546875,353.1902466586263,346.4809847445294,347.2942259269459,2262800
2024-03-28,354.7585754394531,355.5234208712774,351.9509512709528,353.00622937534763,2028600
2024-04-01,352.15423583984375,356.21077938065633,351.0892963987372,355.7751303944418,1953800
2024-04-02,353.2095947265625,353.3645020278493,349.966320975493,350.76987120877504,1968900
2024-04-03,363.82049560546875,364.091575975719,352.98691264294524,353.8485493554912,2623700
2024-04-04,358.0115966796875,368.89357498490676,357.13057811096496,365.35014837886825,2492200
2024-04-05,367.2186584472656,368.86452246545997,359.9478844077477,360.63526146557433,2068300
2024-04-08,361.57440185546875,369.84239786954737,361.01288875598095,367.0347437354708,2690000
2024-04-09,360.05438232421875,365.14685233837156,353.8679294415695,363.08469152897374,2042700
2024-04-10,360.2189636230469,360.7514333972523,352.78359138705844,354.5359375366602,2148500
2024-04-11,360.1318664550781,361.47757741965927,355.2136558465614,360.76115703040944,2535700
2024-04-12,353.984130859375,360.9644730759482,351.12808104621706,356.8982672172609,2072900
2024-04-15,352.3189392089844,362.53289450145195,350.5762541073199,361.09036262949445,2171000
2024-04-16,348.417236328125,351.8831944549366,345.8032239393779,351.45720681313276,2513900
2024-04-17,346.9069519042969,351.35074964453514,341.64022209093037,351.0990215986136,2313800
2024-04-18,346.5293884277344,351.9026303752418,344.82546714437984,349.6468278057681,2380700
2024-04-19,344.61517333984375,350.7270336078048,342.16655651868,348.1423676921754,2929600
2024-04-22,347.4815979003906,351.74727662114987,343.2353717089033,346.01438494941016,2085400
2024-04-23,352.9618835449219,355.16758099266286,348.87112920578244,349.80393138657087,1810700
2024-04-24,353.2242126464844,357.7425369810023,348.7350671056107,353.6420565298599,3032700
2024-04-25,328.427001953125,332.25541375643576,320.96452571191554,321.081122269865,6459600
2024-04-26,333.6546630859375,335.7146148784434,328.7476733543765,328.85457331136365,3324600
2024-04-29,339.8927917480469,341.01024464202885,334.2376509997609,334.2376509997609,2171400
2024-04-30,325.0941467285156,337.92027187489293,323.68520249899314,337.19151375339726,4201700
2024-05-01,321.693359375,328.9129179309733,321.37268911211197,323.93793260220974,3520600
2024-05-02,325.93951416015625,326.63912317030014,319.9248278564422,324.0738802486909,2492000
2024-05-03,327.21240234375,331.934740821078,325.4925438217437,328.51444665214797,1977100
2024-05-06,332.4109191894531,332.84815632579,330.07889883591344,331.215745043637,1653900
2024-05-07,335.228759765625,338.66850664699854,333.6740697317149,334.71377184254965,1965600
2024-05-08,334.7429504394531,336.4628092048579,329.1460776861719,330.37040101426436,2260300
2024-05-09,341.8167419433594,342.88559322463254,335.6465833068363,336.1227254908675,3208900
2024-05-10,344.7414855957031,347.3844497126833,343.5074361315304,344.9455295778968,2210600
2024-05-13,346.57794189453125,348.3949741710144,344.33336912319965,344.7511833534962,2051200
2024-05-14,348.0354919433594,350.3966615051105,346.9180685817003,347.5885285293454,1563400
2024-05-15,349.8428039550781,353.02017896422944,347.9771699553884,351.2322957767019,1913900
2024-05-16,340.7867431640625,348.60873538842367,339.7081656903278,346.64595746073076,2821700
2024-05-17,346.1795959472656,346.31564505585595,341.6030023830756,342.9730714685591,2104300
2024-05-20,352.4760437011719,354.10845492599975,344.72204590336946,346.3058851102815,2247900
2024-05-21,348.9002685546875,352.9521473737064,347.3747276688453,351.99992234306916,1841100
2024-05-22,345.8589172363281,349.02659560904635,342.57464229952757,348.3464094475713,2104200
2024-05-23,340.767333984375,351.10596785864067,338.91142627641295,350.19258857507305,2749200
2024-05-24,339.0182800292969,343.88639388250635,336.86115475365415,342.6523741100701,2635200
2024-05-28,336.6571044921875,339.33894388027807,334.6457249511196,338.1437698805325,2264900
2024-05-29,328.533935546875,335.53002690425376,328.1549966605276,335.2288091870993,3040000
2024-05-30,329.6416320800781,334.7915115968908,328.883724723769,328.883724723769,2745800
2024-05-31,328.93231201171875,331.23521298321504,325.5703155985212,329.72909481266265,8319400
2024-06-03,321.97509765625,331.73074974046614,316.5240001753545,331.2157617628419,3878600
2024-06-04,318.29248046875,320.9742908337436,315.30942272709405,319.4001776589482,3706600
2024-06-05,320.11920166015625,321.887632380431,317.4470882227701,320.1483508024342,2616300
2024-06-06,318.9920349121094,321.65442194111637,317.82600997721437,320.8673654886983,2452100
2024-06-07,319.6236572265625,323.45206964359033,314.55149856995325,316.96126988243884,2499100
2024-06-10,320.274658203125,322.5095346055666,319.13781195056345,319.4001542427126,2640500
2024-06-11,318.0398254394531,319.3321733855609,314.5612323228004,318.47709226551217,3247000
2024-06-12,319.41961669921875,325.67722337529915,316.7669259387337,323.7144154696235,4817300
2024-06-13,317.1166687011719,318.60336380908325,312.34575805987896,318.224395333754,3183900
2024-06-14,312.36517333984375,313.5408948353799,306.9043504254713,312.2874521857213,4195300
2024-06-17,313.2688293457031,314.6680473593956,309.848535119591,312.3651763607232,3198900
2024-06-18,315.9312438964844,316.37820725392197,311.9084847198116,313.90041177962155,3275300
2024-06-20,319.8082275390625,321.7224334434047,315.3870770223104,315.8534929080074,4463300
2024-06-21,318.55474853515625,321.1879862613277,316.94176032426793,321.16856338646545,8265100
2024-06-24,320.65362548828125,324.21969552220156,316.8349394287914,320.03173755680524,2447300
2024-06-25,318.127197265625,320.1385767422576,315.183015722113,318.7199359411139,2990400
2024-06-26,317.4761962890625,318.42842124910555,314.60973583852933,317.00978041971405,2198600
2024-06-27,318.1855163574219,319.9054045673095,315.47455739320895,316.7960246033026,1995100
2024-06-28,323.66583251953125,324.72495760413716,319.02121451894595,319.2058356454895,8891500
2024-07-01,319.7596435546875,325.7937826499475,316.1547280518536,325.6188581498593,2950200
2024-07-02,318.4770812988281,320.7410772131901,316.358801450468,318.7102744496296,2119800
2024-07-03,321.24627685546875,322.0236366300263,318.9628585041418,318.9628585041418,1352200
2024-07-05,319.05029296875,323.9961275739788,317.3790065878418,322.17909550789534,2280900
2024-07-08,319.740234375,323.8212922289402,317.8746299556113,321.0034034161851,1913400
2024-07-09,316.8251953125,320.7702039891273,316.60169878973403,319.2349664313241,1896100
2024-07-10,319.1766357421875,319.1766357421875,312.53036520334587,316.864038548632,2904400
2024-07-11,321.7515563964844,324.9580800966029,319.9733700702474,320.6535561415415,3016400
2024-07-12,326.08526611328125,328.6505090840876,323.98643904259757,325.4634078996966,2451300
2024-07-15,335.9769592285156,338.04663729893065,328.2715628362103,329.49588612366654,3394300
2024-07-16,350.36749267578125,352.0193564415934,335.4814145198101,337.0069258010402,4637000
2024-07-17,347.66619873046875,352.4177159539469,346.11153844818193,348.8030744564662,3061000
2024-07-18,345.94635009765625,358.772505365257,345.6742815751675,346.4030397232529,3876300
2024-07-19,337.7843322753906,346.3933826850529,336.87095284165997,345.28568549827907,3462700
2024-07-22,339.3940734863281,340.233134897739,333.0622131550311,339.52091077430975,2659600
2024-07-23,335.78424072265625,340.1648314274833,333.0622113060434,337.306228621964,2027800
2024-07-24,327.852294921875,336.41836644909597,327.27667401824954,334.59393431282354,2835800
2024-07-25,335.91107177734375,339.7160715662874,325.8132747538011,327.3352627597733,3291300
2024-07-26,341.94049072265625,344.3405439609443,338.4281995361306,340.14532628821223,1894900
2024-07-29,336.1354675292969,342.8185720843192,334.76958471909086,341.64779837613565,2190300
2024-07-30,333.3939208984375,337.296460049877,330.3694471012697,335.2866547688065,1970800
2024-07-31,337.7647705078125,342.43803963576306,332.5451185145921,336.9354749955047,2568100
2024-08-01,323.44244384765625,341.3063149669086,320.08625769489777,337.86232525349214,3747900
2024-08-02,313.05194091796875,315.52029582940173,309.920161472604,314.8861391492018,4246700
2024-08-05,309.08111572265625,312.7690143500352,299.56867571503454,301.47117562616427,4681300
2024-08-06,318.4862365722656,324.07663487181514,302.9346149862211,306.3981067262171,5071700
2024-08-07,317.8617858886719,327.0132444994987,316.5447028109252,325.38395115967467,3011700
2024-08-08,327.96942138671875,328.23283208290536,319.6277253859819,321.95950701620137,2268300
2024-08-09,330.01824951171875,330.25239234492926,324.3790813444704,327.8133052522784,1668100
2024-08-12,327.84259033203125,331.56952275118635,325.47180469917106,330.0182668516353,2127600
2024-08-13,330.5450439453125,331.24750216170247,325.5985983528268,328.96452040193753,1503800
2024-08-14,329.3645324707031,333.46221034014906,326.4473940888797,331.32556785059637,1610900
2024-08-15,337.2184143066406,339.16968383571776,332.48657974382644,336.10617638354177,3232600
2024-08-16,335.1110534667969,337.41353731456815,332.4573256068165,336.8379163526253,2483800
2024-08-19,336.25250244140625,337.6671847040477,334.93538960618986,335.30613556599985,2252600
2024-08-20,334.9354248046875,337.73552177340713,333.49150431348625,336.5940159231892,1479500
2024-08-21,334.6134338378906,337.17935785957206,333.5207277390776,336.1841914114323,1433200
2024-08-22,334.0183410644531,336.73063459635995,333.44272006185855,334.6427616751402,2021400
2024-08-23,339.9209289550781,341.0234010582096,334.71104262370613,336.5647428146119,2183900
2024-08-26,342.6039123535156,345.77472538329425,340.4380019545218,341.2867994478824,1718100
2024-08-27,342.56488037109375,343.1502671959146,338.6428392606124,341.81365230654694,1210800
2024-08-28,339.71600341796875,345.79418834622595,337.41349011825423,342.04775479276526,1514500
2024-08-29,343.0722351074219,347.7747722116629,339.02332687123544,342.66245539116284,1664500
2024-08-30,347.4235534667969,347.56012685443676,341.3063042993822,343.9990658381106,2974100
2024-09-03,331.9499206542969,344.03804814519305,330.1547564881262,343.62826849549896,3107200
2024-09-04,328.54498291015625,332.5450911067741,327.12056459491464,330.340147172627,2782500
2024-09-05,325.4327087402344,328.29131127065637,322.5058046349266,327.8327617698645,2525500
2024-09-06,321.3350830078125,330.3694713337474,320.125305309813,326.05718192854806,2676600
2024-09-09,325.9010314941406,328.16448142524365,324.8570951938508,325.7741942161977,2355800
2024-09-10,326.01812744140625,327.56938319624504,321.36436017688993,326.9449626344424,1869200
2024-09-11,326.837646484375,327.30596189051863,318.1642391264439,324.88637695312497,1934700
2024-09-12,331.3060302734375,332.73047842409375,325.54979129065,327.11081282174723,1747000
2024-09-13,336.8964538574219,338.7599199173936,332.05731353657035,334.0768847390226,2518600
2024-09-16,339.4818420410156,342.89656349268273,335.90127936371215,339.8623538657253,1648200
2024-09-17,345.0722961425781,345.94059568581156,340.73070910437184,341.4722011259294,2088400
2024-09-18,346.4674072265625,352.8187989688703,343.7356418395536,346.3503358205492,1990700
2024-09-19,364.2142333984375,365.5606142180424,352.46758179259325,354.1554407550564,4066600
2024-09-20,359.8336181640625,362.3995423383974,356.9262158700311,361.3751079793078,5440500
2024-09-23,362.1263732910156,363.88250398006653,358.03846119333656,359.99946684884094,2442700
2024-09-24,376.5267333984375,379.94145521820974,370.2534087438758,370.7412261467004,4024300
2024-09-25,369.0338439941406,379.170703332854,368.71189762737356,377.57064805216766,2661500
2024-09-26,381.4341125488281,387.54159495543274,376.79011188402296,380.50727750029654,3906800
2024-09-27,381.5512390136719,385.92209357365715,379.65853492089525,381.47320133135554,2683700
2024-09-30,381.59027099609375,383.1903263293613,377.39505334503195,379.8926760038797,2251300
2024-10-01,382.829345703125,385.853789702607,377.20967984135865,381.7366097391066,2091400
2024-10-02,384.4488830566406,386.0196705754053,379.17072496195186,382.4293416382451,1767900
2024-10-03,381.56097412109375,384.40007469233694,379.24872462853705,382.7805175052699,1866100
2024-10-04,387.414794921875,387.77577501144975,382.3024784173927,387.05381483230025,1675100
2024-10-07,388.546630859375,391.3954981020877,386.48805534270895,386.79049980464555,2224500
2024-10-08,378.5072326660156,385.37570934137926,375.4730230181683,384.65374918573883,2438800
2024-10-09,386.5367126464844,386.93672644478363,378.0584447550883,378.7121331020671,1757900
2024-10-10,386.9757995605469,387.28798006684383,380.9853876249317,385.55135132189554,1331700
2024-10-11,392.22467041015625,393.7661899844113,386.9757804795927,386.9757804795927,2110400
2024-10-14,384.351318359375,386.6343000818168,377.4438077154655,383.8049652860048,3006100
2024-10-15,378.5364990234375,382.9073532130695,378.14625109690087,381.11218893179426,2715100
2024-10-16,384.0293273925781,384.9854601210613,377.50232884144236,377.9608783432444,1551600
2024-10-17,384.878173828125,387.4440981899942,383.58059260725446,385.52209638758364,1561500
2024-10-18,384.2635192871094,386.79043969422355,380.22440657933635,386.5953008189057,3024100
2024-10-21,382.3346252441406,384.94891249737105,381.1204712384198,384.10686638014585,2375900
2024-10-22,380.35675048828125,383.1277336726428,377.68371716997024,381.60027752475537,1523900
2024-10-23,377.6837158203125,381.89400623426735,374.70712159463716,378.8782679194926,1500900
2024-10-24,378.9859313964844,380.2588014621846,374.2468973148408,378.8782403378247,1844100
2024-10-25,377.918701171875,383.8522877179935,376.2933250391682,381.48275555607574,1606800
2024-10-28,382.46185302734375,383.4018489219152,379.2894490558624,380.28819095872194,3213900
2024-10-29,379.4265441894531,381.47294316720877,377.50740830940157,381.3750231927603,2186400
2024-10-30,371.3290710449219,380.16093361109307,359.54024610182495,366.19838663368023,4037500
2024-10-31,368.3525085449219,371.005969784216,364.9744633303162,369.47851365612917,2394500
2024-11-01,371.7109069824219,375.2749608909137,369.07701810530665,370.1834510386425,1633300
2024-11-04,368.6658020019531,373.53212926064924,367.4712499420423,370.2128600190585,1793600
2024-11-05,375.3729553222656,378.01664568527826,367.81399215296227,369.2631303351969,1724100
2024-11-06,408.1839294433594,409.5742916512396,395.5824011442816,396.71820724537196,4720000
2024-11-07,399.69476318359375,409.7701229607008,399.0387560641761,406.26481462637594,3211100
2024-11-08,385.1643371582031,394.6522071374418,384.2145700639857,392.5960069469625,3345900
2024-11-11,388.2682189941406,393.69263356919544,386.7701358542309,389.60963613419904,1858900
2024-11-12,384.8118591308594,390.41254168162243,382.9906430121052,389.49214759985136,1737100
2024-11-13,378.9957580566406,383.0396113692742,377.6249679204048,380.836546188579,2001900
2024-11-14,379.2796936035156,382.0408758482914,378.15368846824424,380.3959276568871,1372500
2024-11-15,376.0583190917969,380.3861012979317,374.2273320137412,377.9382512190375,2165500
2024-11-18,376.4401550292969,378.2417690387739,374.9323009476252,377.9480389919499,1626200
2024-11-19,374.3546142578125,375.25543628053504,370.14432385924374,370.14432385924374,1793200
2024-11-20,373.54193115234375,378.14390136532944,370.5751379795841,375.9995822534258,1859600
2024-11-21,381.46319580078125,383.8424991211675,371.09410551472905,375.91148805321336,1833500
2024-11-22,389.1983642578125,389.8544012310989,379.79864379501856,382.21709100385056,1893000
2024-11-25,397.1882019042969,398.6569121516055,391.656065948965,391.656065948965,4398000
2024-11-26,399.32269287109375,399.8906108610737,393.37933518799383,395.2298944344132,1796600
2024-11-27,395.27886962890625,403.5232125230908,394.82844366938764,399.8808101622418,1371900
2024-11-29,397.6385192871094,402.61256707322815,396.55168826215044,398.83307124699013,1962100
2024-12-02,394.1136474609375,399.6359814737714,392.4295254806586,398.9603724892944,1548500
2024-12-03,390.9314880371094,397.070685740706,388.3269717710726,395.10260456697114,1716200
2024-12-04,391.17626953125,393.0953757537959,387.86677122398186,390.25587545002213,1193800
2024-12-05,386.7408142089844,393.0562506888787,385.986857117007,392.14565745723166,1291400
2024-12-06,386.7897033691406,391.40144476450405,384.547464226442,389.84461562800516,1331000
2024-12-09,390.9314880371094,401.16348420977033,390.12858597925907,394.14306638752606,1739800
2024-12-10,380.2882385253906,387.2205372993111,377.5662003563235,382.5696218152179,2251000
2024-12-11,380.7581481933594,383.18642603045225,379.3481842725932,382.33457905352685,1651600
2024-12-12,372.8369445800781,381.73732399004706,372.22008157169705,380.93442198291666,1804600
2024-12-13,372.57257080078125,374.90292878073046,370.9863687824243,372.66068981502536,2034800
2024-12-16,371.0157775878906,374.34484793148914,369.87997149306585,373.80630295116697,1311100
2024-12-17,367.9607849121094,370.98635368292094,366.0318779962127,368.1859978599989,2138700
2024-12-18,356.2992858886719,373.2090237357555,355.4572099105119,370.80034758787224,2820700
2024-12-19,352.8526916503906,361.860791976312,352.50021557864596,360.7543589494758,2616700
2024-12-20,358.4044494628906,363.74074506280607,349.78799868093233,351.0217247650341,5142000
2024-12-23,357.7680358886719,358.70800207161113,353.9591663395445,357.25886388379905,1804900
2024-12-24,359.9024963378906,359.9024963378906,355.09491536063575,356.8475843242253,886000
2024-12-26,359.4619140625,359.8241911239157,356.27970869030224,357.4350868540023,1097900
2024-12-27,357.2490234375,359.73604752516997,354.20391223222464,355.80971625321905,1245800
2024-12-30,355.4376220703125,357.20986308536055,351.2566751334465,352.91142412908516,1422200
2024-12-31,355.1928405761719,358.14003169539103,354.25284464965387,355.91739462367036,1168100
2025-01-02,352.2652282714844,361.1558372453786,350.6202800503974,357.8855128483421,1802600
2025-01-03,356.2013244628906,356.8769334068927,351.9910048239379,354.04720465868417,1390800
2025-01-06,356.6028137207031,363.1042880336125,355.01658175943487,359.344393874162,1590700
2025-01-07,355.4278564453125,358.45339576983133,353.5576952678298,356.5342895397224,1607400
2025-01-08,353.5381164550781,355.31035761239735,350.2384191608538,354.88933454872125,1828800
2025-01-10,343.67816162109375,352.34355714243765,342.5031815947822,350.36567509417927,2773900
2025-01-13,354.9382629394531,355.6236729168327,344.46145260512316,345.5972586322473,2746000
2025-01-14,363.819091796875,364.24011486574057,357.5623722550991,357.8659032936751,2331700
2025-01-15,367.0697937011719,372.0144385434647,366.5214478334377,371.23113852838196,1984500
2025-01-16,372.61175537109375,373.463632363307,366.9033817009739,368.46021088373385,1974700
2025-01-17,377.9676513671875,378.780354385092,374.0315189148195,376.6752091422657,2605900
2025-01-21,391.4801940917969,395.62731468045365,384.0507598604449,384.2473177992655,3144500
2025-01-22,390.7430725097656,393.563531441949,388.28624869431064,391.7946003005064,1994800
2025-01-23,399.38128662109375,402.5161963123025,390.40896095249815,390.5072399064644,2587400
2025-01-24,400.590087890625,402.3295085565696,398.2806672388713,398.72290757301533,1938200
2025-01-27,388.1585388183594,392.63978328675427,383.18592956184636,390.3303627844939,2964400
2025-01-28,383.549560546875,390.0257452917185,379.8053630084051,387.2347967060406,1788900
2025-01-29,386.4388122558594,392.46292014863764,384.36523698558307,385.1710825404973,2675800
2025-01-30,368.5039367675781,374.23323683754995,366.7153617921913,367.0494862397043,4234600
2025-01-31,365.02508544921875,371.47178923349975,364.867845114172,370.9411068515328,2858000
2025-02-03,355.305908203125,362.1850160482235,353.4780453711676,357.85120449747797,3079300
2025-02-04,355.69903564453125,363.27587342021343,353.20289374789604,363.27587342021343,2709800
2025-02-05,352.65252685546875,356.73084874243517,351.03102899565414,356.6030890945388,2134200
2025-02-06,359.1385192871094,361.19242040910547,356.2590989669813,357.6152705189513,3007000
2025-02-07,357.59564208984375,363.14805818335157,356.31807564966994,362.8728951023263,1804800
2025-02-10,356.9470520019531,359.9148846430126,355.3058803488776,359.02059709439396,1944400
2025-02-11,355.97418212890625,358.1263625233941,354.7457700311634,355.49262419303085,1516900
2025-02-12,345.96014404296875,352.73113553401606,345.3705002724868,350.83447456393213,2833100
2025-02-13,347.5914306640625,351.4142327636973,344.3680791545216,346.480941548093,3547200
2025-02-14,347.2180480957031,352.6820225655674,346.7070094823518,350.4414001569938,2045300
2025-02-18,347.8863220214844,350.76571291280476,345.04621872591053,349.3309359142457,3120200
2025-02-19,346.903564453125,347.7388906489224,343.5524527670515,345.79307515653267,2211000
2025-02-20,343.1200256347656,350.6870553699799,341.4494033490418,348.86899965536065,2174100
2025-02-21,334.16741943359375,345.9208583835969,331.76955653873773,344.4762445083396,3225200
2025-02-24,333.06671142578125,339.48393417116665,330.42316654383364,337.4595137026119,2513300
2025-02-25,336.4472961425781,338.28502571219514,330.5705922467349,335.11079826343246,3323500
2025-02-26,336.66351318359375,342.75644906197147,334.2460066212438,339.483972495286,2397800
2025-02-27,334.1280517578125,340.9285535364795,332.61463983191504,337.71500866828376,1971000
2025-02-28,338.0098876953125,338.9434629032453,332.88984443505046,336.07390901312925,3210300
2025-03-03,326.3055419921875,342.1373013174093,324.33024591610297,341.6262927263671,2569700
2025-03-04,321.1068420410156,326.1875664024217,313.17620832371574,321.73580327321076,3500200
2025-03-05,332.64410400390625,333.6465073033486,322.9740491731772,323.4359332449433,3189100
2025-03-06,335.1206970214844,336.005147838961,326.7773006675859,329.47980760409047,2234100
2025-03-07,344.2502136230469,346.0387889356104,333.5384655268057,333.5384655268057,3063800
2025-03-10,339.2480773925781,346.32374252075937,335.94612032644517,339.04171257357666,2809100
2025-03-11,333.90203857421875,339.18912882937974,330.56076380044715,337.98039056760945,3190900
2025-03-12,332.2904052734375,338.9533115804562,329.65669681957274,337.10577490697375,1816700
2025-03-13,327.5535888671875,334.76682027446157,325.9419279758763,330.2266144832518,2490300
2025-03-14,333.7742919921875,336.0836825338382,331.13074699862426,331.88743798553907,1936100
2025-03-17,336.7225036621094,338.4127698791943,333.14535331950793,333.8725636678379,1683800
2025-03-18,330.8948974609375,336.0935457917309,329.55839951055316,336.0935457917309,3310000
2025-03-19,332.77191162109375,336.0935426599014,330.85560678445563,331.1110961016899,2407200
2025-03-20,330.4428405761719,333.9118749965772,327.84841993797886,328.7918619830646,2782900
2025-03-21,329.98095703125,330.14803426573656,323.5244161043647,325.4898753826473,6766100
2025-03-24,335.76922607421875,337.2236466468987,333.43032489428293,334.66854376149337,2277200
2025-03-25,336.7027893066406,338.85496939279597,334.94369503734157,337.6462012652007,1678000
2025-03-26,335.2188720703125,341.2724898717177,332.93896224137615,337.43001362156565,1703200
2025-03-27,333.440185546875,336.0935678153137,330.81631396126,335.1894432674621,1481100
2025-03-28,323.9961242675781,332.40828724548703,322.38443332790445,331.17987524531895,1965200
2025-03-31,324.1042175292969,326.2465908993135,316.43893846941666,320.0062517978514,2837500
2025-04-01,324.86090087890625,326.47256167805295,318.29627495871375,321.36238622728155,1955300
2025-04-02,328.8802795410156,330.54109490368995,320.4681168710387,320.49759755834253,1747600
2025-04-03,300.4794006347656,319.0923009482407,299.7325165702778,314.14917244835846,4638700
2025-04-04,283.1047668457031,289.2075400497505,276.63841843131297,280.0779724793044,7216800
2025-04-07,275.2232666015625,289.26648186180256,262.68362652380233,271.2333865750987,7824700
2025-04-08,269.20892333984375,286.7408141323816,263.636833843607,284.88347096065235,4989000
2025-04-09,295.8114013671875,296.64669740734195,264.4819816999798,266.0838355021028,6457300
2025-04-10,284.1661071777344,293.11875983029387,274.96774212388846,291.55622329673787,4116800
2025-04-11,288.38201904296875,290.3081607012067,279.23280867817857,283.9597357520831,3197900
2025-04-14,292.9713134765625,297.25602968776013,290.6029317848415,293.51183269538825,2758400
2025-04-15,288.36236572265625,296.51904014351277,287.34034843829573,291.70364067036115,3611300
2025-04-16,285.1291809082031,290.6226357804444,282.64284622608136,287.6547731906686,3017200
2025-04-17,289.1681823730469,292.55861146080235,286.8587618343241,287.1241180180345,2717600
2025-04-21,281.16973876953125,287.3512565431559,278.9183280679924,285.70218280809263,2978300
2025-04-22,287.51910400390625,289.55327175808026,283.40137735234634,283.8951079749114,2231200
2025-04-23,292.06146240234375,301.5312140976315,291.4788637626677,297.56162991470046,2458300
2025-04-24,303.0123596191406,304.34543839921633,293.34513520313754,293.7006068058632,2874400
2025-04-25,302.6075439453125,304.1282127331128,300.0993836687202,301.27446509061156,2162400
2025-04-28,303.2098693847656,307.5250705155858,300.04012699709193,302.6075324465632,2189600
2025-04-29,303.545654296875,304.7997496684998,299.1119618748156,301.1757527611509,2651000
2025-04-30,305.3921813964844,312.08716859417024,298.391083570514,311.25770462059944,5124800
2025-05-01,310.02337646484375,314.89158412841147,307.1202375028526,307.4757392813264,2961000
2025-05-02,319.6214904785156,320.59909773106176,314.4867094118688,314.4867094118688,3765200
2025-05-05,319.05865478515625,322.37654092878114,315.37544286139166,315.37544286139166,1829100
2025-05-06,316.8664855957031,320.0362280767124,315.83951735868914,317.5181835649412,1724200
2025-05-07,316.2740173339844,318.7525249334288,314.1213285992425,318.6932796607683,1555500
2025-05-08,320.1843566894531,324.7464235036554,318.85127778187876,320.80646218864985,2553400
2025-05-09,321.53717041015625,323.6305837185696,319.256137028354,321.56679304622133,1646200
2025-05-12,338.2548828125,346.5989435064418,335.47026463046495,338.80785877311195,4592000
2025-05-13,348.1196594238281,350.8746551041414,343.70570564593515,344.55490800719645,4132500
2025-05-14,345.2757263183594,348.0109833067842,344.4067555413345,347.30989421233687,2052200
2025-05-15,345.42388916015625,346.9347039808976,344.13031706491057,345.05853324339813,1580400
2025-05-16,349.1466064453125,349.7785962384666,343.87356591527714,347.1322067832307,2561700
2025-05-19,348.1492919921875,348.53438628899767,344.16982353884464,345.3152824414232,2277700
2025-05-20,345.1078796386719,348.04064124112506,343.13295681237156,346.44095857341074,2266000
2025-05-21,338.2154235839844,344.0513242437374,337.3661910851462,342.2936441060654,2093400
2025-05-22,340.86181640625,343.01447511004676,336.31948776163546,337.71181200627416,2174100
2025-05-23,339.08441162109375,340.6149648590403,332.0240379407437,333.3966238608459,1936600
2025-05-27,347.10260009765625,348.9096413759422,342.2738989175106,345.5621625747108,2240100
2025-05-28,345.1078796386719,348.37637450540444,344.48577412679833,348.0702638781224,1924400
2025-05-29,347.3789978027344,348.6626853598232,344.3672229419868,347.78386052702865,2290300
2025-05-30,343.66619873046875,348.81086431982897,342.6688530474803,347.4185400936048,4867100
2025-06-02,340.3483581542969,342.12577674648065,335.24316909457616,342.12577674648065,2552700
2025-06-03,345.01898193359375,346.4409286565324,340.5951744710543,341.66161944579414,2614300
2025-06-04,344.94989013671875,347.31982169077685,344.94989013671875,345.90772893492,1616300
2025-06-05,344.58453369140625,347.102578429946,341.513543095359,346.59896345525175,1753300
2025-06-06,348.91949462890625,352.95820817241986,347.84316531011535,349.1367373441165,1608000
2025-06-09,353.580322265625,355.9403394184546,349.4922174714876,350.7660511568258,2147100
2025-06-10,354.07403564453125,355.84156982449844,351.6251205639735,354.93312222690423,1894300
2025-06-11,358.58673095703125,359.7223054884144,353.26429978825774,356.4143039218321,2551700
2025-06-12,356.4340515136719,357.46101978730525,353.3827994637232,355.3379838459412,1571800
2025-06-13,352.5731201171875,355.86138382128973,351.24007118653753,352.7508860915501,1609600
2025-06-16,357.8955078125,360.0382821485099,355.6836039469594,356.4735610032439,1579800
2025-06-17,353.1951904296875,357.8461553749599,352.55334653920454,356.1970815584005,1560100
2025-06-18,355.28863525390625,359.66311259662774,352.4842482131934,352.65212992737884,2000500
2025-06-20,355.9995422363281,359.68278378779434,354.63687093572884,358.39909613298266,6268300
2025-06-23,361.6380310058594,362.4971176774215,353.2446083716216,355.4071514375904,2927400
2025-06-24,368.3428039550781,369.419133157867,363.3067754237551,365.25207539373105,3841800
2025-06-25,366.9208679199219,369.49815766263407,364.8768458683764,368.3230762685701,1737700
2025-06-26,377.0917663574219,377.53610590894266,368.3626111489127,369.31056566042093,2575100
2025-06-27,379.88623046875,382.6313716931316,377.9508147474052,378.21741845136376,4455000
2025-06-30,383.34234619140625,384.270562232327,379.9849837689978,381.46617573196573,2791400
2025-07-01,386.0184326171875,388.9511942479728,379.43205166847815,381.7427077813801,2393600
2025-07-02,393.43426513671875,393.64165374197825,384.53725780916807,387.77613021612586,2713700
2025-07-03,392.8713684082031,397.374220004808,392.6047646853816,393.9181051904125,1737800
2025-07-07,386.60101318359375,393.0688731461469,383.22388201635965,393.0688731461469,3012900
2025-07-08,389.34613037109375,390.9853197703618,386.61084324189517,387.50943665483334,2003600
2025-07-09,397.1372375488281,398.6974435107551,391.90370393334837,394.7080908268254,3101000
2025-07-10,403.2101135253906,406.83411024250313,398.3814427900068,399.58614694320954,3382800
2025-07-11,400.830322265625,401.77827671867567,396.6632341859511,400.3662142282586,2072600
2025-07-14,400.6821594238281,401.68938923259043,397.18656813143906,398.93436377763356,2497500
2025-07-15,399.5663757324219,403.6248274222874,397.9666630296648,401.16605830025003,2167000
2025-07-16,407.70306396484375,407.89068403994065,398.2629354770489,399.9218633816563,3242100
2025-07-17,412.8280029296875,414.63504406820834,407.7030757511053,409.6582300755818,2444700
2025-07-18,408.52264404296875,414.63503247018974,406.9920909393542,413.4500968807582,2526600
2025-07-21,406.4116516113281,413.7059763586602,406.1836926209783,413.4978582994063,1833300
2025-07-22,413.4681396484375,414.78626105732553,406.71889588639976,406.71889588639976,2185000
2025-07-23,423.77532958984375,424.34025169690483,415.707964853871,416.25304603030605,3254900
2025-07-24,425.6881103515625,426.3224152343604,420.71290618906755,423.2302545440243,2511400
2025-07-25,429.88037109375,430.99037435968603,424.79613270127464,425.8565941320716,2218400
2025-07-28,429.07763671875,432.50676072725025,427.27386613372005,427.40271121055406,2550300
2025-07-29,426.21337890625,431.32734858052663,421.0102157792346,430.6732330151204,2383700
2025-07-30,430.2470703125,432.93288505780913,422.6256728686484,426.16383100353147,3172600
2025-07-31,434.1123046875,437.21438602497625,429.81102652706835,430.25702406423954,4116400
2025-08-01,424.86553955078125,427.01616343911303,417.5315630605503,423.16088293994295,4027300
2025-08-04,429.8308410644531,432.9923845133677,426.153917338398,427.0161509616799,4059500
2025-08-05,430.3561096191406,435.81693262371715,422.76444323890615,423.8347949141057,4329900
2025-08-06,423.9042053222656,430.83183612525954,421.74366090021846,429.4740630732879,2630800
2025-08-07,413.3987121582031,423.51761647371006,406.30258555767307,423.03199762486105,4261100
2025-08-08,412.8041076660156,418.1361161493236,412.0509083872065,416.76842264300916,2965200
2025-08-11,404.8952941894531,414.5583113622573,403.1707967117958,413.2600007053319,3416000
2025-08-12,409.0281066894531,414.4592291841436,405.98551788181715,407.33337047805253,2765100
2025-08-13,410.00927734375,411.8328585536924,406.8774649684178,411.4760544879851,4403000
2025-08-14,413.7753601074219,415.49982737882766,403.3690336855586,405.64850261317133,3676000
2025-08-15,404.1520080566406,412.8437577224977,403.4681613060707,412.0112552099175,3107400
2025-08-18,408.958740234375,409.4542795976416,401.84277199142224,403.36904169897355,3185200
2025-08-19,412.3779296875,418.11628378791653,410.36604115078353,415.5692042883594,3543600
2025-08-20,416.8377990722656,418.1559507194426,408.3739782564616,411.0994447616797,4060200
2025-08-21,414.16192626953125,416.8279003644636,410.4651915284444,416.18370520594107,2504300
2025-08-22,431.78326416015625,433.93388797001467,416.3025896887122,417.8486700182532,3785100
2025-08-25,428.4433288574219,433.0022971280815,428.31451402679596,431.1192535638786,1857900
2025-08-26,427.4126281738281,428.3343241454859,423.4284722719269,427.5513634702117,2792200
2025-08-27,428.8100280761719,431.17869040646895,425.12321415704747,425.8962543217677,1970900
2025-08-28,431.030029296875,432.0904907358448,428.77037113228454,431.030029296875,1651700
2025-08-29,415.3016357421875,424.2808065353764,410.67328480688974,421.61480235609594,3673800
2025-09-02,412.33831787109375,413.4879728952311,406.8576533803183,410.2174249912014,2329500
2025-09-03,411.4165954589844,414.39975209956526,407.70005024044906,414.39975209956526,1496700
2025-09-04,416.4710998535156,417.0360219813352,410.5940103179587,412.10043908015535,1634600
2025-09-05,419.3055419921875,421.1093123943144,414.1816823083564,417.08553549438216,1843200
2025-09-08,419.00823974609375,420.1281634847258,413.06176771398384,418.8793946794801,1876700
2025-09-09,414.360107421875,419.77138888200415,412.7248335473952,419.38488390037065,1710700
2025-09-10,419.1370849609375,422.6950537653031,415.75750305872134,416.07465549275634,2221000
2025-09-11,427.5315246582031,431.90218525458863,419.5434329386922,420.13808619414374,2737900
2025-09-12,427.6702880859375,428.75056028585067,423.9339321149357,425.2322428480172,2341800
2025-09-15,432.05084228515625,434.83577095701594,426.7683759820764,429.95965054227463,2255800
2025-09-16,436.7386474609375,436.86746228097826,430.40564029054644,432.2391418650219,2366300
2025-09-17,446.6395568847656,448.30456193998054,439.04788996607147,441.0300474828483,4512200
2025-09-18,462.79412841796875,463.53743748655063,444.86551731321265,446.936868288222,4331900
2025-09-19,462.37786865234375,467.9080745320919,458.5820202653485,466.06468265394983,5069300
2025-09-22,467.8882751464844,469.01808917272103,455.50968122438695,463.14099955435273,3180000
2025-09-23,467.0557556152344,481.0101303368078,464.0131367618536,469.0379130057905,3856600
2025-09-24,465.5989074707031,472.26884828799393,464.4492524590672,468.4829503434121,2776700
2025-09-25,459.5830383300781,463.82485416260704,455.47995779473075,460.56419661230336,2979200
2025-09-26,461.6048583984375,464.2708627140112,458.2550073107458,461.3273575521667,2329000
2025-09-29,467.402587890625,468.27474194240216,463.28961753970856,463.90408146382794,2892100
2025-09-30,472.8932189941406,473.1806403000155,466.04486120972217,467.412554722472,2315300
2025-10-01,476.5304870605469,479.6127274244174,466.93685211552236,469.7812432602788,2964700
2025-10-02,486.1935119628906,491.5552516553759,479.87042466851204,482.5165880062389,2648600
2025-10-03,493.4085388183594,499.97939546490306,488.13599285438494,488.84957073105306,2996500
2025-10-06,490.9605712890625,501.0794763482754,488.64145076029416,495.9556164061983,2629200
2025-10-07,482.3678894042969,493.93379075270917,479.23607718806414,493.48779325456275,2135400
2025-10-08,497.64044189453125,504.93479699906175,484.97445706662853,486.6097309050626,3959400
2025-10-09,495.8960876464844,502.01105608743586,492.7048435007439,499.5630906671633,3113900
2025-10-10,486.91693115234375,506.9367320834853,486.91693115234375,498.6314881144988,3889100
2025-10-13,500.25689697265625,501.862439636013,491.02995664581124,497.6701658242201,2618400
2025-10-14,522.7642822265625,526.8178209532057,494.5582195537324,496.1141902137148,5459800
2025-10-15,529.2855834960938,533.6463541030148,522.5066388597335,529.4342695018062,3447100
2025-10-16,536.1339721679688,540.1279879992816,529.9298096326004,533.2598196514376,3463100
2025-10-17,522.3778076171875,537.3728340337814,522.2687429811429,532.5859067052197,2814700
2025-10-20,527.95361328125,530.9552892586745,523.739376684651,526.3434579903688,2170800
2025-10-21,521.46337890625,530.140334783845,518.8691855495634,521.8808109032418,2259100
2025-10-22,510.78857421875,522.6063710062963,507.1110655683006,522.5367888942704,4149000
2025-10-23,517.3385620117188,519.714060073985,509.89406484104944,515.1817592483561,2619400
2025-10-24,519.5550537109375,524.0277218743412,517.8554786340886,519.6842689777025,2392000
2025-10-27,523.86865234375,526.2540386558354,518.2628944140288,523.8487544085407,2493800
2025-10-28,521.284423828125,527.0690813569698,518.5014427140171,522.7654247641187,2775400
2025-10-29,581.933837890625,592.588758240792,554.6108165111103,554.7897159463811,6948500
2025-10-30,579.6080322265625,590.1635226054125,572.2728527206586,574.3799712094859,2574800
2025-10-31,573.7537841796875,583.4842987575205,567.8796470181617,580.4826832187915,2974800
2025-11-03,567.1243286132812,572.7200768290861,561.9559006827305,572.4318600949517,2439400
2025-11-04,544.2540893554688,563.0591548217249,541.8885403037689,561.5682656209613,3440700
2025-11-05,565.6930541992188,570.5235204013755,547.0171442812122,548.5875644778217,2701300
2025-11-06,566.3192749023438,580.4429267692692,560.802936198976,569.7184853735289,2245800
2025-11-07,559.6798095703125,562.1447877568031,546.9874134609403,560.1270884857013,2320100
2025-11-10,567.3826904296875,570.692481331707,558.0994546194191,566.5378775097014,1829900
2025-11-11,564.48046875,566.9851820502381,556.8570721971415,565.2656485660478,1517400
2025-11-12,569.53955078125,577.7394410709279,567.0348376074203,567.0348376074203,2645100
2025-11-13,550.1878051757812,573.3164859717862,541.3220009525503,569.2910972192973,3458700
2025-11-14,550.6649780273438,554.9189507439277,537.7140901385312,545.6257647642421,2764500
2025-11-17,548.6968994140625,558.1789933722746,544.2441298334198,549.2336583411678,1941100
2025-11-18,543.558349609375,548.2198657810277,534.7819645275937,540.0497611044922,1918600
2025-11-19,549.75048828125,557.5031002595834,544.3137412606447,546.6593924579079,1880900
2025-11-20,542.8129272460938,565.4147996103806,537.7140809231862,562.5125520561364,3195000
2025-11-21,547.0867919921875,551.6190930459434,533.8179014635666,542.5048067612285,2921600
2025-11-24,556.2011108398438,562.303832635816,547.3253566176236,548.7765107964487,4653500
2025-11-25,563.16845703125,563.6952669869858,544.2242278549277,561.1607675465572,3105100
2025-11-26,570.2452392578125,571.388278613388,562.5821073505675,563.1684898158576,1995100
2025-11-28,572.2630004882812,573.8532582588571,568.9234227714048,570.3049341855088,1019500
2025-12-01,564.6096801757812,572.0939731224682,563.5561208948657,566.9453823369956,1764500
2025-12-02,578.93212890625,582.0033873672734,565.6036060782534,567.8598378257869,2749500
2025-12-03,587.8973388671875,589.636709541254,558.7952142203117,577.868658495653,2545700
2025-12-04,595.5108642578125,599.0591271524567,583.4346375287093,586.5953153381445,2313600
2025-12-05,599.5064086914062,603.3131627670662,594.109397068626,600.3313843678878,2177300
2025-12-08,592.876953125,601.1762122768168,588.3347033041421,600.9873638802582,1822500
2025-12-09,590.7499389648438,596.3457481089031,588.632871387066,589.4478981194702,1755300
2025-12-10,611.6124267578125,613.481012756534,595.0536439367937,596.4849000067838,2797900
2025-12-11,621.8101196289062,623.0028431331369,600.5898207461994,606.7422259966224,2779500
2025-12-12,594.2584838867188,623.6886208213086,592.1613143984811,622.1977316878713,4581100
2025-12-15,586.1779174804688,600.480529864253,584.3192803647931,598.8703742952125,3968600
2025-12-16,585.3529663085938,595.0238490965977,582.7190982024641,587.112235145173,2319400
2025-12-17,558.4772338867188,587.4104123981671,554.0741478890851,584.0211505858223,3753300
2025-12-18,562.3932495117188,571.1695737233289,558.4970153317583,565.0470153417933,2193000
2025-12-19,572.7201538085938,578.196697144301,566.8659743097338,569.2116256967963,5355600
2025-12-22,578.8724975585938,582.2319727710629,572.1933430045676,580.9398809195987,2387700
2025-12-23,578.8824462890625,585.1342805437183,576.9741250836139,576.9741250836139,1731000
2025-12-24,580.21435546875,583.5638818359926,577.4711095107192,579.1210002741107,947000
2025-12-26,579.458984375,580.2839601209602,575.1354295978415,579.6677307197201,954400
2025-12-29,575.0955810546875,580.4230105291866,571.149723454431,576.5666329725988,2585700
2025-12-30,573.8829956054688,577.4511562712479,572.0144097163305,576.4870770896953,1216700
2025-12-31,569.3905029296875,575.4236423026385,568.5754761579547,573.793588759173,1163900
2026-01-02,594.7752685546875,595.9679919629478,571.8156007695145,574.0817813116524,2761600
2026-01-05,612.35791015625,617.9736174758885,602.5379144053677,604.1878658764655,3444800
2026-01-06,619.3054809570312,622.9631219651767,605.2016662464886,612.2585177535216,2706800
2026-01-07,592.8968505859375,621.2038481246618,592.161354936068,619.2159958106629,3312400
2026-01-08,604.4363403320312,605.8775454441251,590.5611088447556,592.8968717959257,2075400
2026-01-09,613.8687133789062,615.389449629886,604.5059452774433,606.2651534528926,1822000
2026-01-12,625.9448852539062,627.147497059322,609.2369892496407,610.9167268545718,1856800
2026-01-13,632.663818359375,640.674860410321,629.1552300586026,629.354027414257,1959100
2026-01-14,634.870361328125,635.844389593158,619.2856057653921,630.2485802245001,2105700
2026-01-15,643.2490844726562,648.3976143777527,640.1281419671761,641.0226997206615,2052800
2026-01-16,642.9609375,651.6975270053068,637.116646559735,648.0100389444793,2554900
2026-01-20,626.6422729492188,641.6856481839558,622.7768117746247,639.5935440912535,2659000
2026-01-21,642.9609375,644.7741229203464,624.9686339367224,631.2948080123786,2490700
2026-01-22,645.9794921875,653.3219226371673,638.4976935289512,646.6768804892716,1565700
2026-01-23,624.271240234375,644.076729048593,621.2326846870689,641.7056451196811,2267800
2026-01-26,633.5363159179688,636.6047879466889,616.93879061144,625.646020079062,2532900
2026-01-27,636.51513671875,641.7156021289474,630.8564344499586,637.6010778091998,1827500
2026-01-28,640.8687744140625,644.853780913422,626.6223275337533,635.578619912044,2720700
2026-01-29,662.7463989257812,677.4411098987508,640.320765874623,652.7141381037418,4441900
2026-01-30,654.89599609375,675.2892997995466,647.8724338432187,653.1924446205849,3300100
2026-02-02,688.3201904296875,688.7884603174838,654.965705145667,657.3467611470082,4450000
2026-02-03,700.2553100585938,707.3685611608522,688.8083887672638,691.7572546223108,3524700
2026-02-04,689.2268676757812,720.4493623228277,672.4699065592722,704.3499613887487,7146700
2026-02-05,675.7674560546875,683.9267595218794,662.5770939030525,678.9853294346018,2792800
2026-02-06,723.4779052734375,724.6734193236329,687.9316564062774,689.9739599719104,3359700
2026-02-09,739.3382568359375,740.7130889536498,718.9051261191041,721.784307931297,2496800
2026-02-10,739.5873413085938,749.181249676272,734.9049463368419,739.9659218045892,4008700
2026-02-11,772.0950317382812,772.6329857410683,753.2658511578556,755.8361974505888,3926300
2026-02-12,755.4476318359375,786.8495028882893,753.1762097231763,773.7786862769942,4893400
2026-02-13,771.2980346679688,781.0612886143734,744.6183864642087,762.1325073851986,3232800
2026-02-17,761.8934326171875,771.5171969407592,747.1887483212059,762.1325232876301,3450300
2026-02-18,749.1513061523438,769.8036437114121,747.5673001182851,762.2420671138931,2563700
2026-02-19,757.6793212890625,759.1437820752964,741.360713864981,749.1812652501612,2908000
2026-02-20,756.8922119140625,769.0763500239998,749.290807029629,752.1699888653055,2095100
2026-02-23,753.6344604492188,765.1013267300037,749.9583502155189,756.1052059025391,2289600
2026-02-24,765.3504028320312,771.0390217717472,748.8724220607829,752.1700126641815,2615300
2026-02-25,763.7364501953125,774.6852459189079,753.903451436773,769.6043869103986,2606500
2026-02-26,750.1077270507812,767.7214484449499,725.6697063630479,767.7214484449499,3350900
2026-02-27,740.045654296875,748.6731671120482,728.2998080447596,742.4266496050734,3441900
2026-03-02,749.5000610351562,752.8972524631026,722.3422308774508,730.7406251292482,2473100
2026-03-03,719.4730224609375,728.927441063359,703.9514044442288,725.5402218752246,3332700
2026-03-04,729.226318359375,743.213730965023,728.1006098946033,734.3271829401724,2823700
2026-03-05,703.4334106445312,725.3409755893101,690.9802645134494,717.3012171503184,3713200
2026-03-06,678.3477783203125,693.7199341079731,672.539614127826,679.9118399139131,3564400
2026-03-09,702.1781005859375,705.9738169690279,660.3653868983685,662.7264984623016,3584400
2026-03-10,713.99365234375,728.0507490656289,707.6176780254063,710.1083072450041,3089100
2026-03-11,704.937744140625,717.7196092536873,700.9925656471443,710.8255647405732,1947500
2026-03-12,698.0635986328125,701.1320708617518,677.2120580717838,690.4024207095666,3231800
2026-03-13,691.388671875,704.2801706399919,684.6042005803665,701.6999129217173,2042200
2026-03-16,697.156982421875,707.338644712223,691.9963455607045,702.7259948828996,2145500
2026-03-17,699.36865234375,706.3424138343572,692.3052014506017,704.7085465487422,1824900
2026-03-18,691.0200805664062,709.1718176679043,690.1035460530255,698.681258364083,1796200
2026-03-19,686.0687255859375,690.8905495378739,666.4923562698121,673.9542714263839,2240200
2026-03-20,678.3278198242188,691.458409110066,667.9269502961769,684.0562667400018,5131100
2026-03-23,699.0697631835938,709.3311425507928,691.9565121324623,696.3798716896126,2981000
2026-03-24,713.9437866210938,718.4468632963017,690.4322732610791,691.1993456422197,2098300
2026-03-25,716.3447265625,726.6160780974074,714.3123951944999,724.52397406583,1591500
2026-03-26,700.55419921875,715.2787669658998,693.8195283451223,707.408415425701,2428700
2026-03-27,692.7933959960938,705.704777984371,689.7348962474484,691.8668284864045,2059800
2026-03-30,664.92822265625,700.3549284287943,662.0789575685164,699.5778837714008,2610000
2026-03-31,705.8045043945312,706.2328853306609,669.4811453615531,677.4511589968097,3002200
2026-04-01,727.58251953125,737.2362005476217,717.0421599440658,719.2936984243867,2435800
2026-04-02,714.5315551757812,732.6533745115805,702.805714998292,702.9252603277583,1764300
2026-04-06,718.5365600585938,719.8615918337244,701.6301980453669,714.0534274480283,1246500
2026-04-07,721.7245483398438,723.0096910790843,706.2726755068721,716.8927521560001,1549100
2026-04-08,768.6878662109375,771.497303164643,750.2770943447797,761.753932826917,3014000
2026-04-09,784.1197509765625,792.5380891242095,770.0925114788108,770.1024837237906,2801900
2026-04-10,787.6963500976562,794.8594023232097,783.2929345662269,787.7063223437747,1872000
2026-04-13,788.7622680664062,795.5467391011684,782.3862942434884,785.4646776681433,1820100
2026-04-14,791.2728881835938,795.0088319427231,779.1086334135731,793.0163286045207,1866300
2026-04-15,767.2830810546875,787.0088506584693,753.813800712942,784.1496134186502,2764700
2026-04-16,769.7637939453125,769.9132560194034,751.6220898244186,765.121287885604,2005100
2026-04-17,791.67138671875,798.7646935012053,773.0912693883489,777.5843739948707,2818800
2026-04-20,796.921630859375,798.1493337790997,785.3730476630781,789.4355185739555,1454100
2026-04-21,798.9678344726562,818.6812637814107,796.3127258265731,803.3896242170772,2293500
2026-04-22,807.3722534179688,816.3356061328308,803.9885158799823,810.9955368131328,1628400
2026-04-23,833.6934204101562,843.7048776309479,813.9500776721137,815.5969859008802,2601800
2026-04-24,829.2516479492188,837.9455420325936,825.1193600701589,837.705996175505,2253900
2026-04-27,827.2553100585938,834.4719637158767,815.2076527314963,828.2235455919534,1986700
2026-04-28,816.3555908203125,823.4723934703793,803.5094263559458,812.8420891130871,1875600
2026-04-29,808.550048828125,821.6857150696084,807.6017957228132,821.4062042924049,2566300
2026-04-30,888.4617919921875,895.3190661192531,849.2245837270511,855.0438055268626,5203300
2026-05-01,888.0225830078125,903.3242135395597,877.9513007544701,895.1793501989104,2376500
2026-05-04,873.1602172851562,891.1867735213634,867.9798250634782,885.6370712947719,2669900
2026-05-05,902.9150390625,907.2170559966296,886.4555216632989,886.4555216632989,2581100
2026-05-06,925.213623046875,928.8169238923074,903.6735650545003,911.8084983025743,3010600
2026-05-07,894.031494140625,929.6254373403041,885.2378096524474,928.2380574406951,2957300
2026-05-08,895.7882080078125,913.0761439514413,892.1948375585309,909.3131053486029,2030300
2026-05-11,925.0738525390625,927.2797822414883,893.4026260809471,901.9367819677409,2811700
2026-05-12,910.4510498046875,913.3955996190748,892.853689535601,910.3112944144943,2348900
2026-05-13,900.6292114257812,921.2809024767588,895.7183387797106,910.8103364117429,1957100
2026-05-14,918.5159912109375,918.6457553625539,900.8288327349338,908.3149449183267,2095600
2026-05-15,886.6651611328125,898.0639982673679,878.5701926102348,897.0858323763846,2907900
2026-05-18,862.3502807617188,891.6658929816624,849.2545792592714,891.6658929816624,2720500
2026-05-19,858.5573120117188,868.2492933238366,843.9843098133897,859.9946480464719,3239700
2026-05-20,870.9442749023438,876.1346582270527,855.4729763111202,869.6067293796847,2415600
2026-05-21,864.3465576171875,871.0540851449379,857.0101308463039,863.2985140562439,1860700
2026-05-22,878.2607421875,892.1849234720975,859.4655922148785,876.3742272364863,1987600
2026-05-26,906.86767578125,907.8758153673763,876.3942381815907,883.311398971316,2255700
2026-05-27,908.2451171875,909.9818855620404,888.1823598012618,903.5039125438832,2463400
2026-05-28,886.0263061523438,903.3242336741595,878.8396260315028,896.8961560274821,2750600
2026-05-29,874.2481689453125,889.1605073645437,864.5861004655337,885.048141137427,5195400
2026-06-01,863.7576293945312,872.1520910164453,851.7898405937815,858.5672458630542,2675000
2026-06-02,908.1253051757812,910.2713483962286,871.5032414993966,875.0466557908541,2822600
2026-06-03,924.4650268554688,934.9755581708781,910.7005831099782,912.7367838017946,2511200
2026-06-04,938.738525390625,945.0768038629545,901.3279453383334,912.297585778242,3077000
2026-06-05,902.6055908203125,932.3005032997836,899.8307092518731,928.2080586400859,2780500
2026-06-08,913.9445190429688,925.6228662736298,901.0683816744204,915.3019861022437,2550600
2026-06-09,913.0062866210938,936.4427898370324,875.3660912890945,925.772581787675,3007300
2026-06-10,854.5746459960938,904.3223854868979,853.1473011972071,900.0702638605761,3611200
2026-06-11,895.9678955078125,898.9823229769119,868.4190258095142,870.7846324915096,3463300
2026-06-12,908.8839111328125,917.2783115881767,897.5349697570279,903.5637635987888,2097200
2026-06-15,932.20068359375,944.3481319861804,926.7807453500175,933.2687096416439,2449600
2026-06-16,943.7093505859375,959.5499598531543,937.4309585430387,941.0542418876219,2834400
2026-06-17,954.14990234375,973.8334184263562,951.2353263767437,955.2079371009456,2743900
2026-06-18,983.9945678710938,992.648496604276,974.5221502183816,977.1871891305391,6175000
2026-06-22,1020.3870849609375,1021.3951635807964,997.1501630302782,997.4296738000802,4033500
2026-06-23,982.41748046875,992.7582823135842,970.8489757007219,983.4256200069108,4286900
2026-06-24,992.6085815429688,1003.0092696913831,968.2537388400114,979.7923306630531,3526000
2026-06-25,1055.052734375,1055.1125599134125,1013.120514940133,1022.7426790826507,4642100
2026-06-26,995.6229858398438,1029.9393303113325,987.8075282770787,1029.9393303113325,13948500
2026-06-29,1031.27685546875,1037.1459727555814,990.2729643108368,996.5612868546871,3146900
2026-06-30,1062.92822265625,1071.4723093369823,1035.2894309559908,1043.0650457416903,3287500
2026-07-01,989.57421875,1039.3319500420437,983.22600993022,1032.0055753443496,3914100
2026-07-02,961.7459106445312,999.4260109246698,947.023222455603,999.4260109246698,3568600
2026-07-06,968.1240234375,989.1650075586006,961.5362687449162,977.2770876034715,2441700
2026-07-07,938.3792114257812,948.2409218871791,907.8458878574123,944.7474027012789,3810200
2026-07-08,946.324462890625,953.2316321090701,923.5467112399381,935.774027986887,2741500
2026-07-09,936.6524047851562,981.3394630795779,932.6498203250138,973.2744686198736,3521200
2026-07-10,950.6464233398438,956.2161080745815,926.7807235961147,928.9566796429589,1959400
2026-07-13,929.7451782226562,944.9969136609404,922.6683408124034,937.4708973262046,1991000
2026-07-14,931.6117553710938,962.8437935531342,923.786245941709,956.2260654912558,2028600
2026-07-15,912.6069946289062,936.8420650237014,888.7512863907219,936.8420650237014,2703600
2026-07-16,875.5457763671875,900.329817104665,867.2711484279856,890.1187789179534,3586600
2026-07-17,878.6500244140625,891.536092302809,836.7776905848835,840.171358288863,3377200
2026-07-20,864.2999877929688,894.3699951171875,861.27001953125,890.0,2770000
2026-07-21,889.969970703125,898.0,876.010009765625,887.489990234375,3219600
2026-07-22,889.3099975585938,902.5700073242188,872.9400024414062,877.2899780273438,1976900
2026-07-23,894.5399780273438,909.5999755859375,881.9500122070312,886.5599975585938,2677100
2026-07-24,888.72998046875,902.8200073242188,881.1900024414062,895.0,1982100
2026-07-27,873.280029296875,894.02001953125,839.5800170898438,887.5,3150000
2026-07-28,840.8499755859375,855.8200073242188,824.0,855.760009765625,3808600
2026-07-29,782.7100219726562,822.7999877929688,776.0,810.22998046875,5966400
2026-07-30,809.1400146484375,822.760009765625,801.6799926757812,810.75,3505200
2026-07-31,814.8099975585938,845.0,807.3099975585938,843.3900146484375,2423600
2026-08-03,830.030029296875,835.3400268554688,804.5700073242188,811.5800170898438,3314300
2026-08-04,876.5399780273438,935.0,866.8499755859375,922.0,6230100
2026-08-05,871.0800170898438,905.719970703125,870.0,874.9000244140625,3363200
2026-08-06,856.9600219726562,879.3300170898438,856.9600219726562,862.0,2896500
2026-08-07,842.1900024414062,868.0,836.010009765625,865.6300048828125,2443800
2026-08-10,837.5800170898438,854.9299926757812,835.8599853515625,849.0399780273438,1900900
2026-08-11,843.3699951171875,864.25,842.1099853515625,850.0,2173800
2026-08-12,855.5999755859375,871.2000122070312,855.25,866.0,3148500
2026-08-13,854.5999755859375,864.1099853515625,848.3699951171875,858.5,2489200
2026-08-14,856.5700073242188,870.9000244140625,850.010009765625,854.0,1547014
