Date,Close,High,Low,Open,Volume
2021-08-13,200.55899047851562,202.3758268739958,199.7881990973797,201.76103915434862,2049400
2021-08-16,199.76983642578125,200.03593311196374,196.67752830580204,199.4486722170123,3132500
2021-08-17,195.85171508789062,198.55862080007495,193.22738966490186,198.4026311422371,4022800
2021-08-18,192.52081298828125,195.95262704148672,192.4382327092751,194.98914844887037,2947700
2021-08-19,187.60252380371094,191.74089126294268,186.46471357659905,191.01598248785788,4788100
2021-08-20,188.05213928222656,190.1809548664197,186.81337899733413,188.49258147181743,2765500
2021-08-23,191.9060516357422,192.4657858280038,188.868810724164,190.17179553208004,2827400
2021-08-24,195.07174682617188,195.69571943982888,192.2639050682278,192.46577732546345,2485900
2021-08-25,197.0629425048828,197.9254851189794,194.66801601311926,195.60396799877788,2599800
2021-08-26,193.8329620361328,196.83349053387582,193.1355801945467,196.83349053387582,2513900
2021-08-27,195.29197692871094,196.39308943312497,194.73224275543475,194.76894043830632,2511400
2021-08-30,194.02569580078125,196.1269987458315,193.4292639263343,195.64984484543058,1922100
2021-08-31,193.49349975585938,194.80566955879831,193.08058427992145,193.86971754564104,2857900
2021-09-01,190.8232879638672,193.60360298081883,189.58452764877165,193.49348192968262,4122900
2021-09-02,194.3284912109375,195.40207691403143,191.7041659362397,191.7041659362397,2921600
2021-09-03,193.03466796875,195.2644335517644,192.6951619258062,193.75039173579069,2512000
2021-09-07,191.071044921875,193.00717338404522,190.72236790121835,192.73189173512216,2641100
2021-09-08,189.73130798339844,190.9700540463819,187.89611618513945,190.0524581472524,2603100
2021-09-09,188.49258422851562,190.99761759529343,188.01543034866106,189.48358967064206,2777900
2021-09-10,188.11636352539062,190.74987374281977,187.94203203488766,190.0341499349706,2551200
2021-09-13,189.2082977294922,190.7315104927362,187.12535083042496,190.0891960749237,2699100
2021-09-14,185.65721130371094,189.11655234801447,185.02406778616577,189.0614848235893,3757600
2021-09-15,188.77703857421875,189.56617176707215,185.23511712742166,185.51039875309704,3342700
2021-09-16,186.8225555419922,189.3826422808665,186.10683176547232,188.5200997805979,3120100
2021-09-17,183.289794921875,186.51973665515905,183.01451333072293,185.9324757946895,6351100
2021-09-20,175.09568786621094,178.00446571246178,172.94850243277062,177.1510940911729,9151100
2021-09-21,174.19647216796875,176.82998297825523,171.5721462812639,176.17848346731392,5699900
2021-09-22,175.58200073242188,178.4724225406158,175.40765525166915,176.178432533667,3924400
2021-09-23,180.417724609375,181.3169787881788,176.958397701938,177.0134512228027,3367800
2021-09-24,180.60128784179688,181.49134325990065,178.8670176108981,179.52768798417193,2199500
2021-09-27,183.5192108154297,185.34523200354886,181.31698588620637,181.31698588620637,3033100
2021-09-28,184.02389526367188,185.25347064130997,182.3722195317823,183.70273103751936,3247500
2021-09-29,181.5647430419922,184.58364217175122,181.40875337896176,183.95966951822356,2954700
2021-09-30,176.15090942382812,182.48231637364225,175.8389301367553,182.25291736819386,4978100
2021-10-01,178.3164520263672,179.72954386159685,175.48108343399645,177.0042823209204,3695500
2021-10-04,177.21533203125,179.76624796489014,176.554661746137,178.69266225193266,2864600
2021-10-05,176.63726806640625,178.3806952415639,175.01311887599914,176.87583803731417,3074600
2021-10-06,176.0499725341797,176.53629730349863,172.32453494215716,174.34324338102508,3777700
2021-10-07,179.61941528320312,180.20667615753396,177.65576042202784,177.7658674605262,3510500
2021-10-08,179.0780487060547,180.381033418543,178.69266004473317,179.66530961874525,2713200
2021-10-11,176.99508666992188,180.9223963142054,176.80238535497654,180.16078997645556,2015200
2021-10-12,174.2698211669922,177.62822570477525,173.95784190428745,176.4720598481267,4706700
2021-10-13,173.37057495117188,175.49021928108766,172.25110681133194,174.80202234273045,3253200
2021-10-14,178.3164520263672,178.7477233140436,176.73818561219073,177.6007281875436,5212900
2021-10-15,182.61997985839844,183.0145394609745,179.20652124411768,179.81213803083966,4736300
2021-10-18,181.8491668701172,182.30796486585538,179.43589893348877,181.11510127805903,2809400
2021-10-19,184.5652313232422,184.87721055632488,182.10608113108196,182.23454399184553,2626900
2021-10-20,187.3639373779297,188.2723484953223,184.00553251603034,184.58362250084704,2936000
2021-10-21,185.48287963867188,185.62969837860652,183.28065454527479,184.9873838931495,3071300
2021-10-22,185.13226318359375,186.70080102013014,183.79440509835567,185.12304162502795,2632400
2021-10-25,186.57159423828125,187.5865145623706,185.00305669236658,185.71351077432806,3294700
2021-10-26,184.20033264160156,187.10671375423107,184.04348171311065,187.0698134505263,2933600
2021-10-27,180.96180725097656,184.9292448831619,180.76804192425385,184.76317238486786,3406700
2021-10-28,188.3062286376953,188.68452372674827,181.81068937004994,182.09671255684563,4462700
2021-10-29,188.232421875,193.52851110908836,187.52198169675793,191.90462974332848,4292200
2021-11-01,189.49642944335938,190.88042319838547,188.04784255531672,188.49071661488557,3215200
2021-11-02,191.10189819335938,191.73853772319413,187.30053228951977,189.83785477127432,3429600
2021-11-03,187.80801391601562,190.6036810463325,186.21181122969247,190.3084221954406,3137000
2021-11-04,187.84487915039062,189.0443433703678,186.94067372616166,188.22317420292518,2543500
2021-11-05,189.95779418945312,192.72578218757238,189.35805500929828,189.58872067580822,2591300
2021-11-08,197.68045043945312,199.72876241744487,194.91246280202787,199.19361645143042,5944700
2021-11-09,193.5838165283203,198.89836152924994,192.79956185194177,198.5385096393256,3310300
2021-11-10,190.6866912841797,193.71302369905194,190.46524717624453,193.08561984464146,3261800
2021-11-11,192.40284729003906,194.16513638549523,191.8031221802859,191.8031221802859,4819800
2021-11-12,193.08560180664062,194.39578097908503,192.19061797891158,193.15941650238992,2018000
2021-11-15,191.64630126953125,194.3958325416023,190.7697603242062,193.75919294077354,2392600
2021-11-16,189.5425262451172,192.0798477938587,189.38567532973116,191.91377532299492,2138000
2021-11-17,187.2820587158203,189.32114934475305,185.31679686624423,189.14584119056744,3135700
2021-11-18,185.8427276611328,187.95563322276735,185.14150904609042,187.54965936400527,2119900
2021-11-19,184.93849182128906,187.22669110280918,184.21881612727296,185.38136592251888,2980100
2021-11-22,186.7284698486328,188.71218889591168,184.61556451600788,185.90730066103694,2596500
2021-11-23,189.45028686523438,189.67173092661696,185.99952415526045,187.34661755759183,3127100
2021-11-24,191.05575561523438,192.15371230768474,187.3743266905142,187.9094726999354,3880500
2021-11-26,183.3607635498047,185.87040734493817,181.40472303369506,185.45521192502838,3496000
2021-11-29,180.76806640625,185.91652573133268,178.3322375503876,185.66740287143912,4559900
2021-11-30,178.3968048095703,181.56153051199416,176.73600944911323,178.8489004363664,6358000
2021-12-01,176.66224670410156,183.0839718811864,176.56075323337697,182.29971695169368,3425300
2021-12-02,181.57077026367188,182.3365819254759,176.97591437156194,177.43724568021153,3445700
2021-12-03,182.50265502929688,183.96968510348736,180.6019724307286,182.38270439272463,3250900
2021-12-06,185.71353149414062,187.5403995442929,183.00090113192746,184.1450078519406,2838400
2021-12-07,188.67529296875,190.26227387493233,187.36511367712785,187.56808651050935,2818000
2021-12-08,188.3984832763672,190.25303008058881,187.86333726548656,188.60147017976033,2341200
2021-12-09,188.34310913085938,189.1181422869487,185.34445587051826,187.3927678392637,1646600
2021-12-10,187.72494506835938,189.97623006152503,186.47934488521955,189.5148987460976,3315200
2021-12-13,185.68588256835938,188.4538708799374,184.94774953619526,188.0571326463952,1868500
2021-12-14,186.04571533203125,188.20474277636254,184.34801926018355,184.53254899343375,2248800
2021-12-15,186.8853302001953,186.9314661503211,183.2777157125739,185.45520021858752,2193700
2021-12-16,190.225341796875,192.12602445276323,188.8228907378967,189.14582827130877,2856800
2021-12-17,185.79656982421875,189.37650534394828,185.66739761880143,189.0997037384213,6079600
2021-12-20,180.34364318847656,182.2720046991642,178.12924443742503,182.2720046991642,3605100
2021-12-21,182.97323608398438,183.62833278953119,181.52466297937843,181.7645502108115,2303400
2021-12-22,186.51625061035156,187.669578932401,185.29834322319905,185.43673699035907,3558700
2021-12-23,190.25302124023438,191.26795571003981,187.56806975269666,187.68802039332286,2669600
2021-12-27,190.41912841796875,190.89890287493003,189.27502162634488,190.01315458614366,1711200
2021-12-28,190.64053344726562,192.15369948097134,190.19765936095777,190.2345596686862,1393000
2021-12-29,191.29563903808594,192.42128853927014,190.14231078512785,190.3176189321717,1334900
2021-12-30,190.14230346679688,192.7534402204404,190.00389563454064,191.29563167536486,1465900
2021-12-31,190.75128173828125,191.67394439025932,189.76402594288163,190.25303602213282,1374500
2022-01-03,190.99118041992188,192.46744638315633,189.88398798685387,191.29566080279082,2055600
2022-01-04,201.21429443359375,201.9893277655652,191.85849470132027,192.17219665777782,5242300
2022-01-05,202.75515747070312,206.08597085965042,201.30657006568774,201.30657006568774,5378200
2022-01-06,204.82188415527344,205.48620238118136,201.19581266563307,204.3605528360993,3913200
2022-01-07,206.85174560546875,208.4940840267344,205.04332058318067,205.2924434453568,3673400
2022-01-10,204.49893188476562,208.29107561864566,203.54859056194996,207.55294274533964,3734900
2022-01-11,202.93963623046875,204.91413363303465,199.83948932862836,204.8310973778539,2944300
2022-01-12,205.20016479492188,206.39040748048612,203.0503732404248,204.9418203829124,2506900
2022-01-13,209.44442749023438,210.25637515045145,205.42161765899138,205.6522833280335,5002300
2022-01-14,211.23439025878906,211.88025130084438,206.2889178702137,207.3407527326223,3970600
2022-01-18,212.09246826171875,212.609157116052,209.31525863031996,210.09952754910708,5411900
2022-01-19,205.50975036621094,213.0659318309817,204.83292832756487,212.9268665611374,4991700
2022-01-20,200.8462371826172,205.70443917553686,200.29921411833146,204.97200518512477,3545600
2022-01-21,198.49134826660156,201.6621645552425,196.94302656158575,201.6621645552425,3754700
2022-01-24,198.71383666992188,199.30720546149075,191.60267747437538,195.7748057689457,5107300
2022-01-25,198.6953125,201.03170857168146,192.01064299503489,196.62779487130936,4554300
2022-01-26,198.67672729492188,202.93230856724193,196.77610254126043,199.33500259796043,3558500
2022-01-27,196.7112274169922,202.02373390888934,194.8384012716719,199.52974001250794,3678100
2022-01-28,186.50343322753906,192.84506564480216,182.46110340102643,190.61065547930363,10747300
2022-01-31,186.87425231933594,186.91134582503756,180.49552745328103,184.91798723088172,6179000
2022-02-01,190.38812255859375,190.7960520991758,185.92856919815873,186.16963454830673,4026400
2022-02-02,190.0080108642578,190.80535156577199,186.72592843012984,188.3947827062094,3492300
2022-02-03,185.97494506835938,190.87024144837758,185.51137522822864,190.06363445359932,2748200
2022-02-04,183.9537811279297,186.36433572677922,182.17367469973934,185.6226353253045,3930800
2022-02-07,185.2610321044922,186.84643281636195,183.60144438377904,184.35242515750966,2402000
2022-02-08,186.81866455078125,187.56964550455731,184.71405330162133,185.66900613753785,2407100
2022-02-09,188.76564025878906,189.2292100883568,187.3656503193963,187.8755799613265,2743700
2022-02-10,188.2742462158203,191.68611316870943,186.874256359378,187.81067641371942,3538500
2022-02-11,186.57757568359375,189.73911092526458,185.5484501755757,188.59873319379403,3826700
2022-02-14,185.32594299316406,187.0040634863651,183.67563555753875,186.3087087529153,2730500
2022-02-15,188.5894775390625,189.55369653982373,185.43719427532403,186.07692289035145,2752600
2022-02-16,188.802734375,190.4530419654669,188.2093655126639,188.31135144901992,2253900
2022-02-17,180.55116271972656,187.05967223469963,180.27301802276423,186.35505126315175,4699600
2022-02-18,177.96449279785156,181.36709437685292,177.25059114648744,179.27176339206818,4385200
2022-02-22,177.2783966064453,180.6995303769786,176.66648098035455,177.9644709626412,3488000
2022-02-23,173.06915283203125,178.3075002236212,172.79100811395097,177.75121078746062,3550400
2022-02-24,171.23342895507812,171.77117166458524,166.57918382226245,168.76723402262337,5919500
2022-02-25,173.4307098388672,174.237316663947,170.70491748884123,171.4651786572815,3594600
2022-02-28,173.91287231445312,175.01617085708014,170.28775257354428,170.90893449522724,5168500
2022-03-01,169.50892639160156,174.50620802284587,167.4784885043844,174.0889980528623,5110600
2022-03-02,178.57635498046875,179.45713475162327,171.52082221431243,171.70624730081434,5849900
2022-03-03,180.65313720703125,182.25708458062618,178.32600800827953,179.2346149040036,4429700
2022-03-04,181.40411376953125,181.72860409881037,176.44391190044695,177.17636001084054,4334700
2022-03-07,182.3683624267578,188.67291474137903,179.51277066816385,180.59752233782964,6912300
2022-03-08,194.69931030273438,199.23302224818838,188.20933329264324,189.01594019399158,9318600
2022-03-09,194.49533081054688,198.03701063010058,192.33509399313257,197.08205803938878,4798300
2022-03-10,196.35888671875,201.6714067330526,193.01191224699124,194.13375737088327,4886300
2022-03-11,199.17739868164062,201.90319132422263,196.8317366640777,196.8317366640777,4045500
2022-03-14,199.7429656982422,202.5614639705863,197.4158361548147,200.54030635210074,3530700
2022-03-15,200.6886749267578,201.54164179238643,195.17218214014534,200.37343666250155,4364200
2022-03-16,200.33633422851562,203.49788378230977,196.8502942903643,201.65287081388706,4378700
2022-03-17,205.546875,205.6210478759311,198.72312603166313,199.63173315154705,3600400
2022-03-18,204.8144073486328,205.54684138976467,202.116427784299,203.4885903970798,4105100
2022-03-21,207.41043090820312,210.5070741466961,204.88860976330258,204.89787606747916,2902200
2022-03-22,206.48326110839844,209.39447880992716,205.21307026983666,208.1057553657128,2461500
2022-03-23,205.98260498046875,208.40243992286275,205.53758192986402,205.53758192986402,2001700
2022-03-24,206.01968383789062,208.6063969351953,205.3706748409153,206.32562743734542,2110900
2022-03-25,207.08590698242188,207.49385068050614,205.02765588538063,205.9084356987746,1581100
2022-03-28,205.6859130859375,206.4554264565428,203.080639088979,206.14020240749645,3072500
2022-03-29,204.9349365234375,205.29652041137365,200.76280821016124,204.712432067494,3667800
2022-03-30,206.82632446289062,209.42231843333414,204.6197274659593,205.82501189656116,2507400
2022-03-31,206.58529663085938,208.7826134256006,206.2236985284026,206.94688058628554,3152100
2022-04-01,203.75747680664062,209.08852958391446,202.27404776632724,208.00377793383424,2618300
2022-04-04,204.72169494628906,205.22235825784293,200.81844511194095,203.19192024915526,2181300
2022-04-05,200.28070068359375,206.16802866509022,199.46481330719888,203.97071233651388,3582100
2022-04-06,200.4568328857422,201.3097995083811,197.99063847746683,199.44624010236421,2783300
2022-04-07,200.16943359375,200.54956422430084,197.9999303292358,199.76150405404275,2253600
2022-04-08,201.21710205078125,202.00517635312147,198.43568330891318,200.0674438778793,2450200
2022-04-11,200.30850219726562,202.82104245029234,200.03035750342906,201.21709499323998,2494700
2022-04-12,200.9111328125,203.4885795676068,199.31645169317866,199.75220840293662,2508200
2022-04-13,202.3667755126953,203.67403166839708,200.63301474596494,201.12439762905726,1898900
2022-04-14,211.21165466308594,212.51892479936927,202.68197379236915,203.88725801418303,5337900
2022-04-18,213.16795349121094,217.3030026879908,211.38784700356123,211.38784700356123,3644000
2022-04-19,215.24476623535156,215.96793410348258,210.98919820818912,213.47392593006904,2689400
2022-04-20,217.95199584960938,219.14799980211615,215.63414666899038,216.53347328283283,2907700
2022-04-21,215.62481689453125,220.56645744361938,214.77183619775903,219.95455619179518,3571400
2022-04-22,201.5019989013672,214.06908146740875,200.8498917247348,212.7741778542136,5053700
2022-04-25,201.87464904785156,202.15412764332825,195.2324516628265,200.57974529651912,4145500
2022-04-26,195.9125213623047,203.2720444272005,195.02751758334225,201.34366896902952,4176700
2022-04-27,199.32212829589844,200.8033464867114,193.11776270076462,196.6671027566222,3358300
2022-04-28,197.90606689453125,198.39049543505286,188.18030998526984,193.23881347510283,6092800
2022-04-29,196.1360626220703,202.3497522443276,195.7820696940288,198.14829130567068,3404000
2022-05-02,197.56141662597656,198.2135238733591,193.4531196451589,195.6330271070684,2639500
2022-05-03,199.00538635253906,200.62635102503003,196.36899640477935,197.40305737923723,2121100
2022-05-04,207.36167907714844,208.0137862918682,199.2009926153603,200.2443641589119,3023700
2022-05-05,201.15731811523438,207.88336883356175,199.14510355908277,207.18467947264023,3005600
2022-05-06,199.96487426757812,202.1634171920561,195.95906694019575,202.1634171920561,2268400
2022-05-09,192.1768341064453,197.5427775705311,191.38499468196852,197.52414187381643,2929900
2022-05-10,189.10263061523438,195.18588552268298,187.61208746046105,193.9934566848135,3040400
2022-05-11,191.17076110839844,195.36289792844786,189.66158218706656,191.4968076654781,2552400
2022-05-12,189.13987731933594,191.29183839635556,185.66506601780367,189.68019882763642,3282000
2022-05-13,190.35092163085938,192.33520386493296,189.03738228675795,191.11481456868447,2323800
2022-05-16,193.0152587890625,194.89706603270264,189.74538362481155,190.99371936527095,2540800
2022-05-17,198.5116424560547,199.14512828032892,194.83188087471513,198.24148879083913,2275900
2022-05-18,193.7139892578125,202.99257757696276,193.32272485542651,199.21034080569123,4723300
2022-05-19,192.6147003173828,194.96230082344948,187.91020277824714,191.7762786726527,2887700
2022-05-20,184.28628540039062,192.49355293829342,180.76487846454674,192.32586012474403,5404500
2022-05-23,190.1832733154297,191.431609339708,185.53466834379952,186.25197931815737,3246600
2022-05-24,191.5806427001953,191.62722484012747,187.5189274369075,188.18967045028518,2467800
2022-05-25,194.99021911621094,195.71685489404996,190.80740802337078,190.9750866421624,3080200
2022-05-26,198.41847229003906,199.02399739737757,196.0056541719459,197.07698641206943,2016000
2022-05-27,202.28457641601562,202.74105865744892,199.50845421300747,200.2909830141442,2020400
2022-05-31,201.08282470703125,203.16956805151963,198.88428138703605,200.0953317002311,3773500
2022-06-01,202.68516540527344,204.01732651324792,199.63887531689727,203.51427634625287,2314000
2022-06-02,204.94886779785156,205.73139642696532,202.38700695037844,204.56691422356843,1784100
2022-06-03,207.65049743652344,208.76841192079058,203.31862856204427,203.31862856204427,2222500
2022-06-06,208.33056640625,209.38324884271174,207.04497327204436,207.65049844155885,1565400
2022-06-07,211.5631561279297,211.72152401956964,206.48600177977124,206.81206251924146,1799000
2022-06-08,214.07839965820312,216.4539460689701,209.25277827385597,209.8769389956878,4171300
2022-06-09,208.3677978515625,212.59720541841065,208.3212157177675,211.8705554039259,3045700
2022-06-10,200.45864868164062,205.1538496141048,200.30028078320652,204.48310662375278,2604100
2022-06-13,192.7264862060547,195.51191881462375,190.8819359786871,195.24176517125264,3559400
2022-06-14,192.5494842529297,195.38149902124525,191.22663403356296,193.82575233618286,2359000
2022-06-15,191.9066925048828,194.37538941669078,189.2330455609769,193.28543563591865,2343100
2022-06-16,181.463623046875,187.48167460809412,180.02898692180963,187.31399595829208,4789900
2022-06-17,179.460693359375,184.2117867687074,177.81178246344834,182.29270802229945,7226100
2022-06-21,182.93551635742188,184.84527027162758,180.6065516364082,183.6155842906661,2755400
2022-06-22,174.9797821044922,179.600440229334,174.86799634473928,177.00132181096959,4008700
2022-06-23,166.44644165039062,174.42081422981343,163.97774484071132,173.81528911494777,6667900
2022-06-24,172.7998504638672,172.90232546767749,167.09853585667645,168.93376096999762,4868900
2022-06-27,174.75619506835938,177.0758490700625,173.10729826479556,175.2126772754047,3061100
2022-06-28,174.616455078125,179.88923443329864,174.60713012204926,176.97336615600926,3327200
2022-06-29,170.92735290527344,174.7375495035471,169.6697206461245,174.50465306131161,2436900
2022-06-30,166.53028869628906,169.67905355546512,165.00248840420832,167.92766753227286,4197100
2022-07-01,166.09242248535156,168.9151404768355,161.83508286187708,167.04264396125097,3423100
2022-07-05,161.87234497070312,162.487195015894,158.92854461908902,161.88166992630596,3724900
2022-07-06,160.52154541015625,162.72008844602232,157.70815234051815,161.61149908009517,3190600
2022-07-07,167.94630432128906,170.01442614917016,164.26654287226788,170.01442614917016,4677600
2022-07-08,166.84706115722656,168.84065466293941,164.32245679923588,167.8997436892277,2491100
2022-07-11,163.04617309570312,167.47120625362115,162.67353019558612,165.27266289498695,2773300
2022-07-12,162.55242919921875,165.11429043037884,160.79173241258,162.78532567477876,2718400
2022-07-13,161.9748077392578,163.26040060663055,160.10232552297728,160.46564339225174,2389000
2022-07-14,158.313720703125,159.02172091709826,155.64938428242806,158.13671709591327,2531200
2022-07-15,161.51837158203125,161.51837158203125,157.62433503930478,160.4656749422141,2282100
2022-07-18,161.62081909179688,164.61120142980332,160.89418333406425,164.08020493678515,2476400
2022-07-19,168.37496948242188,168.57195707926996,162.17429748406306,163.1311230107966,2671400
2022-07-20,168.82525634765625,169.6038598423853,166.10484622563703,167.7089454855011,2175900
2022-07-21,169.7821044921875,169.85715216790132,165.55137944633933,167.3712462192279,2214500
2022-07-22,167.558837890625,171.47999616537854,166.35810385287246,170.25112104188793,1961500
2022-07-25,170.55128479003906,171.29237149671542,166.76147094731556,168.0747692309629,1845600
2022-07-26,170.00723266601562,172.27737117210344,169.39748998436133,169.94157489614972,1767700
2022-07-27,173.77830505371094,174.65070748777103,169.15360453482037,171.59258970163143,1856500
2022-07-28,176.20785522460938,177.78382733216017,172.79326569110512,175.27917092257854,2229200
2022-07-29,185.97325134277344,187.1364687614197,177.4086274192827,177.47429949848961,5188100
2022-08-01,182.7931671142578,184.97888205188713,181.4235722748863,182.99954461490117,3185100
2022-08-02,172.14599609375,177.73692477990332,171.8176787029122,176.35795452230494,8193100
2022-08-03,171.545654296875,173.95651228207015,170.3543101610556,171.96779921161232,4155900
2022-08-04,172.26797485351562,174.41615883925616,169.90402345903786,171.5362779980142,2478900
2022-08-05,173.90960693359375,174.57564603459906,171.8833628584587,172.21169461360816,1908500
2022-08-08,174.30360412597656,176.3579893775636,172.75578707241678,175.20416185920305,2655000
2022-08-09,174.5099639892578,176.2454072006908,173.69384391417606,174.434916326257,2460000
2022-08-10,178.9095001220703,179.65996229263465,175.8419936935966,177.0427274409494,2304300
2022-08-11,181.98641967773438,183.46857883401225,180.02584776705245,180.88887443136394,2538900
2022-08-12,184.65057373046875,184.77252799101385,181.79883366308113,182.82133139169375,1864800
2022-08-15,183.81570434570312,184.33164820855427,181.11405938784168,181.42361139167073,1752400
2022-08-16,185.28843688964844,186.1139325274953,182.87757910512462,183.22467632421478,1959300
2022-08-17,183.7969207763672,184.7068541412378,181.86448969266425,182.92451840540392,1576200
2022-08-18,185.12899780273438,185.3916575027297,183.15903573888954,184.84757260591653,1750900
2022-08-19,183.4873809814453,185.0070571163129,181.80821958270639,183.17781467362394,2003600
2022-08-22,179.88519287109375,181.92081317946173,179.6882052069297,181.15159939625352,2008900
2022-08-23,184.9976348876953,185.8700370966361,180.56053324136192,180.81381730461598,2444900
2022-08-24,182.13650512695312,186.37659055461464,181.47046609192358,185.3259519444157,2503200
2022-08-25,186.56422424316406,186.59236532748804,182.52112623799871,183.38415288965004,1888700
2022-08-26,180.03524780273438,187.96197408985088,179.8570113659479,187.05204072280014,2560400
2022-08-29,179.90386962890625,181.20779219941033,177.29602448789808,178.23409869153775,1996600
2022-08-30,175.3636474609375,180.07278540889578,173.159166683758,179.64126484536334,2691200
2022-08-31,173.27171325683594,176.4142536280226,173.0747113523123,175.07281422641415,2656600
2022-09-01,171.1422882080078,171.8646094717407,168.94719764505095,170.982817284772,2686200
2022-09-02,169.6320037841797,174.23795274927136,168.71269483500598,173.4030670649046,2185400
2022-09-06,169.4725341796875,172.28675753977313,168.4687876439278,171.57381179433477,2141700
2022-09-07,169.6601104736328,170.57941923641542,167.15545392835503,168.01848052601096,2166900
2022-09-08,171.80828857421875,171.93024280390293,167.05225969693325,168.55316986852876,2245700
2022-09-09,177.75570678710938,178.00897654571799,175.6262740879499,175.93584032901626,2279600
2022-09-12,180.4854736328125,180.7668987606996,178.80632708241785,179.03147004750286,1937200
2022-09-13,172.896484375,178.2810363971753,172.13664642758388,176.217275651555,2207500
2022-09-14,173.2154083251953,173.67506987074393,170.6075629982715,172.53061811560443,2295000
2022-09-15,171.18919372558594,174.9883834017721,170.42934147647003,173.23418894319337,1933100
2022-09-16,168.35621643066406,169.17233659139623,166.76149278769842,168.85339472557902,5088300
2022-09-19,170.8327178955078,171.41431940336625,165.8515454617435,166.273676050153,2923700
2022-09-20,166.9678497314453,169.5287885613547,165.39187746497024,169.40683432197116,2512400
2022-09-21,161.30186462402344,169.31302674469293,161.23620686965842,168.17795060268455,4061900
2022-09-22,159.9885711669922,163.80652603980144,159.7446626935389,162.00542514155296,2508400
2022-09-23,154.06935119628906,158.94733542207322,151.71477519073548,158.21563850389958,4047200
2022-09-26,152.5496368408203,155.57962711108897,152.1744128494331,153.84418394469827,3213400
2022-09-27,152.38079833984375,154.37890126789443,150.65474498662925,154.27571251776322,2753500
2022-09-28,157.37135314941406,158.04676784947034,153.41267811281486,154.3132358175163,3694800
2022-09-29,155.6265106201172,156.27378413564497,153.4126548421626,155.43889863497736,3518100
2022-09-30,153.9192352294922,157.39010733011102,153.7409988195298,155.61714744839168,2963000
2022-10-03,160.62646484375,162.63394335396364,155.76724664490587,157.0617794975531,3444700
2022-10-04,168.50633239746094,169.03165184401848,163.42197016273434,163.50639343509934,4008200
2022-10-05,167.33370971679688,169.097279788586,165.74836175060113,166.17986794249086,3067400
2022-10-06,167.737060546875,169.77268002688595,165.93595963802488,166.4237622739252,2415000
2022-10-07,166.55514526367188,167.87783386253648,164.2943820807414,165.77654164123132,2759200
2022-10-10,167.60572814941406,169.9415382353535,165.1667436350685,168.6751322449536,2633900
2022-10-11,168.61886596679688,171.74265529875683,165.7295952244987,165.870314966623,2542400
2022-10-12,168.38436889648438,169.90404497126434,167.70895412683092,168.36560339902718,2260800
2022-10-13,171.79893493652344,173.49684721041464,162.0148263907841,162.9904174112832,3745900
2022-10-14,167.15545654296875,172.91523199102016,166.53632408913649,172.37114719648977,2830200
2022-10-17,169.60385131835938,172.89648724987117,168.10292657992645,171.01096289293557,2940000
2022-10-18,172.18356323242188,174.04094658237753,169.70704732785438,173.44995511534992,2674000
2022-10-19,172.9903106689453,174.2004203967118,170.72954783643928,171.61134009900212,2088700
2022-10-20,169.35995483398438,174.23795342304615,169.28492147423032,173.11225263241334,2953900
2022-10-21,179.634521484375,179.81395055294743,169.23721793012703,169.72827027503635,3483800
2022-10-24,180.65438842773438,181.44763998174565,177.9629817291855,178.15184908828496,2919500
2022-10-25,183.99734497070312,184.7811580281107,178.40678879234864,179.70054504837,2545000
2022-10-26,185.99942016601562,188.47361571853008,183.74242135651852,187.26484732572487,3546000
2022-10-27,200.33465576171875,205.04697326713156,195.83009666558056,198.45539175406358,7872200
2022-10-28,207.13397216796875,207.28507180619013,199.45640732514744,200.6746139353777,5161000
2022-10-31,204.41427612304688,206.6901516642542,203.0449552948272,203.3565929337537,3786100
2022-11-01,206.3407440185547,207.2567658655972,204.65036165494433,206.4635142897015,2717500
2022-11-02,202.60110473632812,209.36266294111846,202.02504991478148,205.49083157845698,3150000
2022-11-03,207.05844116210938,209.44764857115598,199.5980723653509,199.76804866655297,3570400
2022-11-04,215.17042541503906,216.94579586200408,211.15693283870593,211.55355861120842,4973800
2022-11-07,215.88815307617188,216.3792197909857,210.27870400168078,215.31209820196452,3405600
2022-11-08,217.02134704589844,219.68442434750807,214.0560848531992,215.88812848741478,3676600
2022-11-09,212.98895263671875,216.38862255025302,212.53566811813252,213.48947200452534,6248300
2022-11-10,219.51446533203125,219.64667394278177,213.73503976256916,219.29726855929638,4590800
2022-11-11,223.32965087890625,225.13335096511818,219.08950822618985,220.033859554751,3585400
2022-11-14,223.3390655517578,226.5026479312583,221.4503630946605,222.86688993748348,3217700
2022-11-15,221.53533935546875,226.07766621542245,219.79773664652672,223.90567003407264,3371000
2022-11-16,219.48609924316406,221.60145107110986,217.99402265153114,220.97817583479699,3062000
2022-11-17,217.6162872314453,217.7012753789401,212.960628442275,215.07598026329555,3256900
2022-11-18,218.55120849609375,218.93839597687705,214.962685181455,218.0034974374941,2868700
2022-11-21,219.25001525878906,220.6665420515785,215.56705136139882,218.66452212885923,2522600
2022-11-22,224.05682373046875,224.26458220584942,220.3738587753746,220.9782431374839,2523300
2022-11-23,223.73568725585938,226.29488537877472,222.4985894745802,224.40618295614246,2311300
2022-11-25,222.5835723876953,224.273969085582,222.10195846873302,223.81123181544956,1034800
2022-11-28,219.372802734375,221.88478056896255,218.68343034250861,220.92153823959876,2862100
2022-11-29,222.0358428955078,222.6118976866738,218.66451670530915,220.31713125590693,2277900
2022-11-30,223.25405883789062,223.5845730946096,217.94679557613333,222.77243052919403,3850000
2022-12-01,222.5741424560547,223.81124025487208,219.0328253634143,223.71679936853923,2504700
2022-12-02,222.9896697998047,225.19944831134092,220.59100950670936,220.8743177693912,2218300
2022-12-05,219.62774658203125,222.78187586001906,219.33498563113866,221.73364554192676,2064500
2022-12-06,215.58595275878906,220.08107418610982,213.0078777346628,219.64666624620418,3633800
2022-12-07,216.23751831054688,217.04966086097846,213.21559756812286,214.36770710268058,3044000
2022-12-08,218.06959533691406,219.5616720849729,216.76638596248077,218.06015701161272,2189400
2022-12-09,214.64158630371094,219.85440916632027,214.54715982581078,219.08948696994437,2257000
2022-12-12,220.0904998779297,220.41157584440566,214.38662467184633,214.887129681252,2709200
2022-12-13,222.38525390625,224.68002024702204,219.21223351715378,224.5855937793414,2945200
2022-12-14,221.43145751953125,224.96333607024852,220.14713935651181,222.92353409198438,3513800
2022-12-15,217.8240509033203,219.96771774895328,215.04765607419822,219.24057770106376,2953200
2022-12-16,219.7694091796875,220.2415847727326,215.35929086980485,215.90701628689584,7610700
2022-12-19,219.3633575439453,223.74514700769274,218.079039197175,220.88376371615388,2622400
2022-12-20,222.0547637939453,222.60248927633543,218.9572926870654,219.5050181694555,2649900
2022-12-21,228.2779998779297,228.44799057826538,224.434498183326,224.434498183326,4143600
2022-12-22,224.32118225097656,227.3997764475077,220.0716017649089,226.78593950928206,3129900
2022-12-23,226.52151489257812,227.1542284594859,223.3390559995725,223.7640111523129,1959900
2022-12-27,229.60955810546875,231.41327241795398,226.37987861931146,227.29590046765605,3381500
2022-12-28,226.05880737304688,230.25172923855135,225.02001523171683,229.60956289400463,2270000
2022-12-29,226.83314514160156,228.164683731947,225.01055432432503,227.78694903282232,1652500
2022-12-30,226.22877502441406,226.79539151793907,224.47228118607373,226.06823704683504,1521100
2023-01-03,225.58663940429688,227.28646018830838,223.05577046935545,227.28646018830838,2651900
2023-01-04,227.92860412597656,228.6557585780367,225.27497958376563,226.64428592932416,2387900
2023-01-05,226.90872192382812,228.09859933613743,224.34008531754986,227.14480974124595,2355900
2023-01-06,235.01126098632812,236.00283271592664,228.75966010069806,229.37348267110536,3945100
2023-01-09,232.8958740234375,237.0038072549022,232.31038092650093,235.15287267637788,3417100
2023-01-10,236.5694122314453,236.88104985437366,232.73534869242982,233.20752428905055,3011900
2023-01-11,236.7771759033203,237.87262677011742,233.3775201779701,237.49489204829715,2402400
2023-01-12,240.8756866455078,243.05713578534514,237.04160836466326,237.9765213144465,3881500
2023-01-13,244.0769805908203,244.1902981132882,241.02673053060545,242.5093542849602,3067800
2023-01-17,241.99945068359375,246.00349059821406,241.69725137927588,244.45474077806887,4100100
2023-01-18,238.75088500976562,244.50198054514786,238.04262158689622,242.96268342835498,3361400
2023-01-19,233.1811065673828,238.39980885068132,231.80526977018874,237.66918647707377,4885200
2023-01-20,236.93858337402344,237.1378348118878,232.24173964135707,234.24382422785058,2964100
2023-01-23,239.77561950683594,240.70549321290036,236.5210542964224,237.92535543106322,2610200
2023-01-24,244.43447875976562,245.80083203096189,236.97649369817483,239.94641394797293,3505100
2023-01-25,245.2220458984375,245.9336870247586,241.3127686109272,241.51202001840667,2424900
2023-01-26,248.7138671875,248.8467207863268,243.75137408537566,246.7022992268849,2677200
2023-01-27,251.01014709472656,252.4334298061511,248.71390491265348,249.03651218576508,2783000
2023-01-30,248.1255340576172,251.44652590924878,247.94524932627425,249.87142344195053,3426900
2023-01-31,239.38658142089844,244.22576137882496,233.8073248021513,243.85569409166294,10992100
2023-02-01,236.77723693847656,239.77562179044614,232.76358490843975,238.87421256324123,6022000
2023-02-02,232.3745574951172,236.76776028261318,229.43311601396005,236.57799219969607,6130300
2023-02-03,235.0883026123047,238.11515228903332,230.69511393795548,231.52061313038044,4134700
2023-02-06,238.56109619140625,239.24427287472906,235.31601418481125,235.42038880249603,3528800
2023-02-07,236.89112854003906,239.11144563180954,232.8015660523211,237.73560886015915,3467900
2023-02-08,236.1414794921875,238.6939011131714,234.4430358422431,235.41087175140464,2300300
2023-02-09,233.68397521972656,239.08296172333354,232.92488843131787,237.21371647920728,2464900
2023-02-10,235.0028839111328,235.91379095680148,232.1278548133563,233.68397622099235,2820300
2023-02-13,235.4583282470703,235.67657528979186,230.23962650533622,231.04615892950014,3068100
2023-02-14,231.86221313476562,234.66133254650154,229.29080966153816,234.37667314498736,2512900
2023-02-15,235.980224609375,236.0466514059016,230.7899868429318,231.7103773083186,2398200
2023-02-16,233.9116973876953,235.8188903890158,232.01398772248558,233.892716237098,1934900
2023-02-17,235.11676025390625,238.02975188223473,233.06724457799174,235.18318704962172,3759300
2023-02-21,228.39886474609375,235.31601045719253,227.48795768996737,231.9950183741273,3105900
2023-02-22,225.7230987548828,229.84112567693484,224.3282808492882,228.85432292006206,3145200
2023-02-23,225.78001403808594,228.5127207042373,223.55021377451564,228.36090044981194,3219000
2023-02-24,224.09103393554688,224.58444248011278,221.1021471394819,223.19910811673063,2105500
2023-02-27,227.7062225341797,228.91127245764363,226.5106704270317,226.87123996595284,1720900
2023-02-28,227.29818725585938,228.76891520166316,226.50115263898715,228.61709494748473,2647700
2023-03-01,235.95175170898438,236.92907112034376,229.2148904500205,229.63237445385073,4117700
2023-03-02,239.28221130371094,239.57636847172714,233.54165099160397,233.90220599259365,2676500
2023-03-03,242.25216674804688,242.33756022288873,237.12835556024038,239.4815118967225,2314700
2023-03-06,240.99014282226562,242.62217426885397,238.71289704852052,242.57472863223938,2317100
2023-03-07,233.55116271972656,241.72080462494927,233.37087795812727,241.0566090388291,3018400
2023-03-08,235.99916076660156,238.2669230994315,234.12991570181657,235.3065008348836,2068600
2023-03-09,228.63609313964844,237.33709121828406,228.30398811867758,236.2174348582379,2518800
2023-03-10,215.39956665039062,225.95084401303146,214.25146021727647,224.22392097693822,5767500
2023-03-13,213.2076873779297,216.6520352050163,210.20930250007265,211.19611967732058,4885100
2023-03-14,214.12811279296875,217.84762277160473,210.8355846819781,217.27831844087052,3754900
2023-03-15,206.148193359375,209.86770252319718,201.69807640724216,208.17874209876712,5471700
2023-03-16,207.52406311035156,208.5677948211758,202.40973574001987,204.63953608476496,3555000
2023-03-17,204.01327514648438,206.28103764840276,200.6163730617273,206.28103764840276,7203000
2023-03-20,209.04222106933594,210.52243239939347,205.4081050585527,206.23361866829774,3464200
2023-03-21,213.41644287109375,214.44120790290222,212.17344526571898,212.60042707604498,3074600
2023-03-22,208.70065307617188,215.00104965845102,208.61525960150564,213.65367730410816,2930200
2023-03-23,208.21673583984375,213.77702651397775,206.47084617902337,209.23200312365537,2957400
2023-03-24,205.91099548339844,206.30951280176097,202.23893167404765,205.7591897038151,2976800
2023-03-27,206.85037231445312,207.7612794070577,202.97904250804342,203.93738076389005,3209500
2023-03-28,208.8998565673828,209.27939266028574,206.57516542201105,206.99264933285474,1802000
2023-03-29,211.5946502685547,211.8033995122916,210.17136786764513,211.3479531979462,1857300
2023-03-30,213.0558624267578,214.76380405867172,212.5340038400524,213.53978766818614,1921100
2023-03-31,217.135986328125,217.34473559755006,213.39749511181347,214.80181101128724,2746700
2023-04-03,218.11325073242188,221.88970330395574,217.15491258569867,218.24608982680306,2242500
2023-04-04,206.32850646972656,217.75272820263268,205.18988342270958,217.19289277724192,4282100
2023-04-05,202.60897827148438,206.7365027277505,200.73024969174398,205.14241902495846,4265300
2023-04-06,198.4720001220703,202.10611653711493,198.25376752435648,201.79299264732805,4180100
2023-04-10,204.50669860839844,205.0380550440937,198.61431769596288,199.46828132784782,3839000
2023-04-11,209.3174285888672,211.499783608314,205.11399321336037,205.11399321336037,3882000
2023-04-12,209.2224884033203,211.80337467930931,208.6436863823439,210.78809306940988,2385100
2023-04-13,210.33267211914062,210.8165829247298,205.57891409762482,208.6911571322967,2909100
2023-04-14,212.2398681640625,214.27991499260557,210.11444234324875,211.58517041071525,2246900
2023-04-17,213.7200927734375,215.31416212954736,212.82816680964285,213.5018457119116,1751800
2023-04-18,213.68211364746094,215.86448274228903,212.60041967571155,214.02370197950688,2567100
2023-04-19,213.1602325439453,213.634659960672,211.03480698317028,213.3025694559888,2078400
2023-04-20,210.9019775390625,212.75224165331198,209.63050100047118,211.0442999792446,2826800
2023-04-21,210.13877868652344,210.82566375592313,207.49617958777648,210.52037503309325,2712500
2023-04-24,213.15342712402344,213.40147785331433,210.38681718830466,210.38681718830466,2790700
2023-04-25,208.57420349121094,212.96261955981038,208.23076096784516,212.13263952707933,2505600
2023-04-26,206.24642944335938,210.25324920590938,206.1796420781161,207.7155913520731,3254700
2023-04-27,204.4720001220703,206.14150974347962,194.65527539628104,200.79907313218234,7711100
2023-04-28,208.73635864257812,210.41540269862858,203.2031250948008,203.43209160302078,4669500
2023-05-01,207.27676391601562,211.75105171321118,206.57079465708944,209.25154758710187,2876400
2023-05-02,205.2542724609375,207.12412960007794,200.90400981689982,207.12412960007794,2858000
2023-05-03,205.7217254638672,209.08936338734028,204.97760241067277,205.7217254638672,2635100
2023-05-04,200.7036590576172,206.95238273059087,199.7019504844719,206.11286788424118,3211000
2023-05-05,205.19703674316406,205.75989648692587,202.63075965354378,203.766028512399,2716600
2023-05-08,204.9108123779297,208.07811727653393,203.8041771830736,206.48493001379038,2414100
2023-05-09,203.67063903808594,205.48324366176152,202.20146241905027,203.90914041262056,4111900
2023-05-10,203.36532592773438,206.05562809752578,200.52239395982238,205.52137285471952,2446100
2023-05-11,200.36976623535156,200.60826760110874,198.8338168575967,199.38714177298948,3263300
2023-05-12,199.90228271484375,202.77384825088328,198.36633345697544,201.97248721816075,2172600
2023-05-15,201.57180786132812,203.49890297243522,199.530236752897,200.63688658358964,1925600
2023-05-16,197.669921875,200.5987255278571,197.52682688351118,200.38884316902846,2771500
2023-05-17,202.34454345703125,204.0045034733571,199.0532133067991,199.65424134414005,2897400
2023-05-18,204.8440399169922,205.7408073188868,200.5605504458654,201.29513867717841,2643600
2023-05-19,204.90127563476562,209.77624373936735,203.15544403159865,209.36602841074298,4402100
2023-05-22,204.4051971435547,207.17182161055413,202.14420894427366,204.3956623298119,2540600
2023-05-23,202.92649841308594,205.35920057796028,201.62905046523483,203.3939517503992,2298300
2023-05-24,200.05491638183594,202.70705005578688,199.5969978957419,202.0678682264356,2964000
2023-05-25,200.32203674316406,202.04878407536293,199.00551927581682,200.04538160028395,2243600
2023-05-26,202.05836486816406,203.4702889116464,200.54149963893158,202.0011268681128,1973900
2023-05-30,200.2457275390625,203.09820892417255,198.67162445262093,201.4668532859066,2885900
2023-05-31,196.28660583496094,201.08525170491077,196.14351085154962,199.5111486595192,5937000
2023-06-01,199.45391845703125,200.88492657490818,196.56326866650988,198.12783695977663,2989100
2023-06-02,216.2062225341797,217.30332278983565,204.16666593114766,205.0634332287279,8358200
2023-06-05,212.23756408691406,216.54967219670752,210.59667377673512,216.54967219670752,3438400
2023-06-06,216.25392150878906,217.7708010488296,211.26447770210865,211.6556233816082,3230100
2023-06-07,224.71597290039062,225.48871493846372,215.87233884440164,217.33196592897679,5586400
2023-06-08,223.66656494140625,225.4123965844702,221.08121843823824,223.75242193443384,3546800
2023-06-09,224.21987915039062,224.96400216847238,220.78545402311602,224.85906099633436,2488500
2023-06-12,226.95785522460938,227.90232571285523,222.58852375732397,224.4106628184543,3644200
2023-06-13,234.15109252929688,235.3340499332102,228.65601199562352,229.0376228976661,4335100
2023-06-14,232.12860107421875,236.89862807748347,230.4590916230761,235.44853579254018,3122400
2023-06-15,236.27850341796875,236.95585362190752,232.28121867014968,232.77730552837386,2743900
2023-06-16,233.98890686035156,239.35041251177404,233.7027023310052,237.92893923543292,5261200
2023-06-20,230.05841064453125,232.03320893225887,229.48601610323877,231.18414465591886,2979800
2023-06-21,230.37322998046875,233.97936938545442,227.08191411807297,227.85465619671734,2892500
2023-06-22,226.4236297607422,229.8962087059181,225.09756288610825,229.1807046824041,2421600
2023-06-23,223.6570281982422,225.01171411875882,220.6423676420106,223.6570281982422,3354000
2023-06-26,226.0515899658203,228.59878278738321,224.31530760492444,224.63013115234926,1748300
2023-06-27,229.61953735351562,229.76263232533515,224.49653356485845,226.55717394388753,2283000
2023-06-28,230.74526977539062,230.9169983083325,226.9197135552841,228.28393422097727,2200100
2023-06-29,233.00625610351562,235.50574529257247,230.26825103618745,230.8120410361083,2070000
2023-06-30,234.73301696777344,235.57253176877066,232.67236193839017,235.2291038208397,2377900
2023-07-03,235.9541473388672,236.96539069093782,233.9888986271878,234.63761528437783,1045700
2023-07-05,233.56915283203125,236.1163456013797,232.89180256685646,233.7313320094466,1820600
2023-07-06,229.5146026611328,232.65327377293548,227.85462815638496,231.5847924679756,3079700
2023-07-07,233.9030303955078,236.40253437183338,229.06623072338544,229.14255290007148,2903900
2023-07-10,237.36607360839844,237.89077947291116,232.86316710070753,233.26384760898088,2771900
2023-07-11,241.22027587890625,242.76575999857232,238.34871025290025,238.34871025290025,3293300
2023-07-12,241.93577575683594,245.78996573260807,239.87512059495583,243.73884538423923,2986200
2023-07-13,244.09181213378906,244.6642066159419,241.11532006708788,242.8516022536747,1949400
2023-07-14,243.86285400390625,244.6833137814801,241.27750753968078,244.6833137814801,1936800
2023-07-17,245.61822509765625,246.94430659435565,240.4188985162738,242.57496006276475,2674500
2023-07-18,251.67613220214844,252.01003987507653,245.11257117541533,245.7803865212715,3832400
2023-07-19,251.90626525878906,252.0692622050285,248.98215095236984,249.40399442228193,2771900
2023-07-20,250.31478881835938,254.44691239191383,249.69162022816514,253.26769332720704,2102300
2023-07-21,247.01673889160156,250.95713377162528,246.88253192742306,250.94753711057217,2249900
2023-07-24,248.66578674316406,251.60909476242517,247.44821021856566,247.63993865700596,2195300
2023-07-25,251.24481201171875,252.98970784585327,248.73294378756444,249.36570917548534,2016600
2023-07-26,247.65908813476562,251.70492904764234,246.6332402302286,249.77787279345188,2622800
2023-07-27,247.63987731933594,250.32433811563877,246.2209760454806,248.28223911139082,2284400
2023-07-28,249.6820068359375,252.12678549873297,248.301433516694,249.2026419128144,2101200
2023-07-31,254.2263641357422,254.2646922574085,250.8612135696546,251.9062254181709,3568700
2023-08-01,276.73736572265625,276.8620052846218,259.3364247734018,261.4935669387998,11823200
2023-08-02,275.701904296875,281.75148630718365,274.28297382110077,275.87446861933034,6288300
2023-08-03,269.8345031738281,276.0566499655909,269.4509878626028,273.7557043887909,4743500
2023-08-04,265.03131103515625,271.7999421751292,263.99586629946776,271.51233489194703,3888200
2023-08-07,270.0262451171875,270.3234490176191,264.5039813074654,265.6832002484965,2438200
2023-08-08,271.2150573730469,272.2313085087632,263.4397443349433,266.52685512215015,2519500
2023-08-09,272.7874450683594,275.2705522513655,272.16427642149364,272.912084649356,3088600
2023-08-10,272.1067199707031,275.7882391773787,269.5852557197649,272.7490526019992,2647100
2023-08-11,273.4488830566406,274.2350484235371,270.94658335422827,272.221710225091,1874100
2023-08-14,272.7969970703125,273.81324836082507,269.6619317659708,272.336796213847,2194000
2023-08-15,265.9228210449219,270.9753446970197,265.616020554929,270.8602725696935,2593600
2023-08-16,263.1809387207031,270.0837760395317,262.7686626518027,265.5681666685936,2831300
2023-08-17,263.813720703125,268.01293310815055,263.32475908921793,265.58734762001393,2534700
2023-08-18,262.5001525878906,264.31216557447755,259.9211676250978,261.7427772702715,2533000
2023-08-21,261.49359130859375,264.83954943881787,257.70659633983337,263.41105118986667,2207400
2023-08-22,259.0487976074219,262.8165986113946,258.54067199562485,262.63443761300414,1668800
2023-08-23,261.76202392578125,262.461907287037,258.00378983704496,259.14468076086945,1677800
2023-08-24,258.18597412109375,263.35354280142974,258.0901245287668,260.3910706488419,1433600
2023-08-25,261.3113708496094,262.32762201491045,257.73529845141394,260.3142837458409,1291700
2023-08-28,263.44940185546875,265.5681867779229,261.7716245021786,262.2126320713426,1550700
2023-08-29,268.47314453125,268.5690233770886,262.14552106140593,263.6507340925366,2065800
2023-08-30,270.6781311035156,272.0970615283553,268.26214290154155,268.4730645963406,1431000
2023-08-31,269.5276794433594,273.0557976415052,269.24963964407107,271.9341003011795,2579000
2023-09-01,274.43646240234375,275.22262802401224,271.94375855160723,273.04629219959133,2336600
2023-09-05,270.0069885253906,277.4659027202871,269.76730615504295,274.5225961904728,2515600
2023-09-06,271.2247009277344,272.7299139929612,267.52401731108483,268.8470693425267,1688900
2023-09-07,269.8153381347656,271.78075190741885,266.19134042546693,269.33597320359854,1593200
2023-09-08,270.6302490234375,271.6944543245023,267.600659319279,269.9495590520501,1240100
2023-09-11,270.40972900390625,273.2379936236058,268.3964198258006,272.8161501699941,1515300
2023-09-12,270.1797180175781,272.9600293620752,268.27185454559685,268.69369811600274,1587300
2023-09-13,264.5327453613281,271.0712605112404,261.76200213183836,268.64567523189095,2119300
2023-09-14,270.898681640625,271.49308941710046,266.36387929275816,267.4856059979311,2660500
2023-09-15,267.6294250488281,270.23717134560513,265.88452974374013,270.23717134560513,4940900
2023-09-18,269.3455810546875,271.0808798369557,267.34183907013784,267.54316415732023,1363200
2023-09-19,268.1279602050781,271.79988224866105,266.19130739825715,268.5210136527279,2313500
2023-09-20,267.1116638183594,274.77193390632607,266.6035382550166,269.88240665526627,2380300
2023-09-21,260.8032531738281,264.8107365138218,260.3910064025606,264.8107365138218,2277600
2023-09-22,261.790771484375,263.74658857799824,260.40060149340434,260.7841168413364,1707800
2023-09-25,262.9508056640625,263.48769199906286,258.92415815155994,259.57608737861597,1257400
2023-09-26,258.39691162109375,262.1359822092478,258.0421861851585,259.9596462783168,1756400
2023-09-27,261.4552001953125,262.9124882423081,258.0900784332422,259.81578040055456,1991600
2023-09-28,264.83953857421875,266.7665950384408,260.98545490388926,262.2030313456268,1994700
2023-09-29,261.73321533203125,268.0128833373033,260.16088453669363,267.56227919552816,2257800
2023-10-02,260.506103515625,265.38603545635715,259.08717265489867,261.38814794431784,1778200
2023-10-03,257.8695373535156,262.28926737700795,256.49856085781323,260.0170825919926,2187900
2023-10-04,254.0921630859375,256.76702747665803,251.93502099041402,256.46022691223664,2970100
2023-10-05,250.03671264648438,254.96459771475483,249.68198731240864,253.0087807890734,2639300
2023-10-06,255.06051635742188,257.34229825054206,247.61116614657476,250.7749924405245,2293400
2023-10-09,260.1034240722656,260.40062801650544,253.72787574804238,255.06052442418274,1640800
2023-10-10,261.9345703125,263.74658374651165,260.6115184574653,261.39768394496605,2009000
2023-10-11,261.57025146484375,263.0850610086976,258.76118003313275,262.2413740614544,1538200
2023-10-12,258.4831237792969,262.5002039267006,255.20428429293185,262.5002039267006,1910500
2023-10-13,256.882080078125,262.63445921683086,255.1180206532288,259.3268295088297,1918300
2023-10-16,259.6144714355469,262.66322542070327,258.4543872192031,260.8895692976522,1678600
2023-10-17,261.3976745605469,264.1875817942396,257.4956372459996,257.4956372459996,2110100
2023-10-18,248.52194213867188,257.8983184958161,248.07133795833613,257.4189535915488,4257100
2023-10-19,242.45318603515625,249.26975570913365,241.36981664635317,247.26601387613758,3850000
2023-10-20,240.14999389648438,244.28420552768608,239.14776924008098,242.18336725082975,3103500
2023-10-23,238.33827209472656,242.4724689119476,237.60586303379392,238.6370117044661,3193200
2023-10-24,240.48727416992188,242.57846606822508,238.2707986831032,241.16184982991538,2304600
2023-10-25,236.044677734375,241.66295522962128,235.62065457176837,240.79563111393165,2542400
2023-10-26,233.6258544921875,237.7696977361604,231.6792238208949,236.6132801274034,3859200
2023-10-27,229.8964080810547,235.06175390702214,229.22183235287105,234.22335369518302,3229900
2023-10-30,233.3656463623047,234.75335323140004,230.49385837306437,232.18995108180144,4478300
2023-10-31,217.84072875976562,222.16765966697966,215.6338845945052,219.38261403699954,12093300
2023-11-01,223.41078186035156,224.20099480522498,215.7880406762406,216.93482657000098,4932800
2023-11-02,230.43603515625,230.88896765888052,224.42265844838246,227.23661300866718,7749900
2023-11-03,232.0068817138672,235.3701435690417,229.5302072163644,232.73927612986168,3929500
2023-11-06,229.62655639648438,234.09804828411708,227.77628541242737,232.73925070523805,2891500
2023-11-07,226.38858032226562,228.52795938146022,225.08761610820193,226.0609313828404,4074000
2023-11-08,226.29225158691406,229.1543791294582,225.93567855872806,227.42939148611322,2532500
2023-11-09,225.64654541015625,230.59024778008083,225.32854271101291,228.81707319953435,2708800
2023-11-10,230.97569274902344,231.42862524594503,226.09945577839935,226.79330919050707,2525200
2023-11-13,232.89344787597656,234.47388862271217,230.20477670917307,230.20477670917307,3035700
2023-11-14,238.85862731933594,240.48725502177516,235.80375194866483,237.7889378920007,3441800
2023-11-15,241.9713592529297,243.74453389705477,239.57179602729067,240.4583833493532,3739900
2023-11-16,239.19593811035156,243.73488011154126,237.6444067621605,241.40276731758166,2625000
2023-11-17,243.8794708251953,245.02624221645559,240.92095444636288,241.00768246084803,2792500
2023-11-20,241.3546142578125,243.71563671970543,239.62962665804048,243.43617487676357,2661400
2023-11-21,240.35235595703125,240.77637913920526,239.30194424960243,240.38126529175707,1765500
2023-11-22,237.07582092285156,238.63699851060812,233.0283523377884,233.05726167231663,3593700
2023-11-24,238.37684631347656,239.8609130259057,237.74081142044304,237.78899855560906,982200
2023-11-27,238.40573120117188,239.20559050801168,237.37459719669485,237.99135423147345,1743300
2023-11-28,238.51173400878906,239.83197607337073,237.07583989219438,238.74302340816763,2149900
2023-11-29,240.3909149169922,242.44356606480198,239.29231600083642,240.6125580681107,2224700
2023-11-30,241.61480712890625,242.3664793277856,238.83939303787605,241.92317830310515,3210500
2023-12-01,247.43544006347656,248.09073793141738,241.89424399782408,242.7615681640738,3731500
2023-12-04,245.4984130859375,246.25008516651198,243.25302838716908,244.36127342212072,3028700
2023-12-05,245.92245483398438,247.859468553463,244.56365723770918,244.56365723770918,2682200
2023-12-06,246.6741485595703,251.53112324653614,246.28868091346428,247.47399319000797,3632600
2023-12-07,248.06182861328125,249.96028670824901,246.51992878738523,247.86908010655935,2162500
2023-12-08,250.075927734375,252.1382250313814,247.6667184113078,248.03292293390098,3258200
2023-12-11,251.4443817138672,252.71642193670093,250.0759378230694,250.4035867751095,2898300
2023-12-12,251.93582153320312,252.9573238980014,249.70971454866233,250.54811465851634,2375700
2023-12-13,258.2383117675781,258.4888789303658,249.8638984022678,251.90690305772964,3708300
2023-12-14,274.813720703125,275.09316782892415,260.72463891934495,262.5556616569008,6464100
2023-12-15,275.36297607421875,276.43268029365777,269.81217785879585,269.92781519942855,7321200
2023-12-18,275.3341064453125,278.3889972109444,274.2355221415803,276.3266996412773,2691700
2023-12-19,282.3207702636719,282.3882351813194,275.7677328268556,276.38447510583825,3659600
2023-12-20,279.1888732910156,287.4380056794241,279.00577098490487,281.3282528698828,3818400
2023-12-21,279.5357360839844,280.1717708509283,276.19175249054314,279.3718969159701,3209300
2023-12-22,279.815185546875,282.1954854667666,278.4178618247972,279.76701312550057,2833800
2023-12-26,284.893798828125,286.30076870609355,280.43193887524205,281.0005086929876,2019000
2023-12-27,287.29345703125,288.2860503322322,284.0265837044447,284.8938933853213,1876500
2023-12-28,286.09844970703125,288.3342031692085,285.28895884851096,286.31046131826,2267400
2023-12-29,284.9324035644531,287.40904859223843,282.5521033897312,286.0695433961222,2300600
2024-01-02,282.07989501953125,285.8671949483663,280.7692990836364,282.7737485765631,2433100
2024-01-03,273.9753112792969,278.4371722833746,273.0309199127769,277.91680417054437,3043400
2024-01-04,275.7099304199219,277.752935291578,273.4838232805895,274.0813025080405,2995400
2024-01-05,278.4371337890625,280.43196617368307,275.10279630902227,275.8544684440439,2684800
2024-01-08,281.6365966796875,282.0509736644753,274.88116368368406,277.1169172065752,2369100
2024-01-09,281.6751708984375,281.742606419301,277.5409587983995,278.72630056394837,1974500
2024-01-10,282.6966552734375,283.85305821511,280.8752787320559,281.5402229224686,2048000
2024-01-11,281.4534606933594,284.8649092456468,278.89970475548165,283.90122554008593,1941400
2024-01-12,279.8634033203125,285.08655281257006,278.43714077301,284.54689226154625,1955600
2024-01-16,276.7989196777344,279.67067869615397,275.2281103145951,278.3889921303078,3140100
2024-01-17,268.5112609863281,271.7781342510489,266.88263277450716,268.70398012880463,3789200
2024-01-18,271.6623840332031,272.2695093688647,267.5763752347397,269.85065427259,2479300
2024-01-19,276.1933898925781,276.9678968378886,270.0650231761961,273.32767874027417,3116000
2024-01-22,279.47540283203125,281.33423115602295,276.9872544314108,276.9872544314108,2072200
2024-01-23,279.6302490234375,283.551267204991,278.361977166083,281.2470696181821,1866300
2024-01-24,281.4214172363281,283.2899368722148,279.15595314409694,281.576324551893,2765900
2024-01-25,291.19000244140625,293.64910780900783,283.79336355129374,284.6356479864151,4647100
2024-01-26,289.8927001953125,293.32964512053763,289.14723648174333,291.41270044137,2920500
2024-01-29,293.59100341796875,294.02668201784553,287.9757544948041,289.49572503397826,2101400
2024-01-30,295.0529479980469,295.992053230227,290.9383168495702,290.9383168495702,2150200
2024-01-31,290.7445983886719,296.01132722859825,290.3766973266451,295.8370676346508,2813000
2024-02-01,297.88958740234375,298.2574885263767,292.32273403053273,293.58131514855035,3196300
2024-02-02,305.05389404296875,307.26127134507726,296.2534281064486,297.2215765643128,4661500
2024-02-05,311.16290283203125,324.20386350589774,305.84777734886825,324.20386350589774,6557500
2024-02-06,312.4408874511719,317.0008586477066,308.90715130871,312.89591843141534,2825700
2024-02-07,313.2830810546875,317.37835868900686,310.8724014253749,312.6537906165964,3203000
2024-02-08,311.7438049316406,316.03269552967583,311.18229182341906,314.3287743266111,1986100
2024-02-09,307.0579528808594,312.06326360885663,305.51860045633083,311.74378763399193,2823000
2024-02-12,311.3856201171875,312.799108714966,306.4287043121982,307.1063905638912,2483600
2024-02-13,302.87554931640625,305.93490188067847,300.8908568660946,305.73159898445977,2923200
2024-02-14,306.62225341796875,307.7259567107743,303.9695364129024,305.94456730524035,1887100
2024-02-15,312.77972412109375,312.91524953923505,305.4120991167763,305.88651194413507,2362900
2024-02-16,311.6566467285156,317.84309947685085,311.2016158107552,313.40899292242335,2513200
2024-02-20,303.74688720703125,308.83935754144295,302.7787387507885,307.1547886821553,2701600
2024-02-21,307.0386047363281,307.6969385723603,302.9336353360589,302.9336353360589,1779700
2024-02-22,311.8309326171875,313.0701614589249,310.1366728193526,310.77565434571585,1875800
2024-02-23,313.56390380859375,314.7256641438139,311.7921757177057,312.71192850210593,1575000
2024-02-26,315.0160827636719,316.81682432939306,311.9857740095434,313.34117565237756,1650000
2024-02-27,317.19451904296875,317.50433367466616,313.45745021879856,316.5652283848986,1640900
2024-02-28,319.0629577636719,321.11542747342213,316.57480949199413,316.9620924561705,1471000
2024-02-29,323.3228759765625,324.223276567339,319.58583681909664,320.4571645901414,2699800
2024-03-01,325.9756164550781,327.0115129103561,322.9743501528166,323.361603649275,1815500
2024-03-04,327.8634338378906,329.4221680499199,324.1263953771308,324.91059317942586,1551000
2024-03-05,322.90655517578125,328.192637502712,321.1735611569781,324.7363699498417,2030000
2024-03-06,324.9396667480469,326.97278438806086,323.5164873545917,325.53991405559816,1542300
2024-03-07,329.3834533691406,331.4359232719079,327.65045944176666,327.727927860104,1732500
2024-03-08,328.3862609863281,333.5271266709361,327.33098276670984,331.1745331296161,2307400
2024-03-11,324.3006896972656,327.43748124215364,320.97025664283433,326.26602988239114,1868000
2024-03-12,326.4984130859375,327.61180757376366,322.14174453703373,324.6008501685022,1645900
2024-03-13,330.6419982910156,332.17168915751125,326.643570611993,327.3696818403122,1818800
2024-03-14,331.02935791015625,335.7926321255224,328.1442646584332,333.57556372219983,2110200
2024-03-15,335.91845703125,336.2282716152546,330.28382616003944,332.04586336782745,4406000
2024-03-18,340.6914367675781,342.085572911996,336.7801087209865,336.99310256376,2528200
2024-03-19,342.6277160644531,342.72453681447007,338.48404205541067,340.40098654178604,2207600
2024-03-20,345.0964660644531,346.77134367893166,337.051156225021,339.9362191889393,2563900
2024-03-21,352.9482116699219,353.5678408862959,345.3579310426227,346.27768392769445,2616300
2024-03-22,346.7035827636719,353.87756540317616,346.46154568222653,352.986885488961,2052000
2024-03-25,344.6124572753906,347.4394342422739,343.721747689255,345.59026713219754,1774800
2024-03-26,345.03839111328125,348.1364479845155,344.6607990897218,345.106139040513,1637200
2024-03-27,353.0352783203125,353.1901855966886,346.48092484253465,347.2941658843525,2262800
2024-03-28,354.7586364746094,355.523482038023,351.9510118230657,353.006290109018,2028600
2024-04-01,352.154296875,356.21084111889024,351.08935724931877,355.7751920571693,1953800
2024-04-02,353.2095947265625,353.3645020278493,349.966320975493,350.76987120877504,1968900
2024-04-03,363.820556640625,364.09163705635217,352.98697186064084,353.84860871773645,2623700
2024-04-04,358.01165771484375,368.8936378752634,357.13063899592186,365.35021066512826,2492200
2024-04-05,367.2187194824219,368.8645837741741,359.9479442344337,360.6353214065088,2068300
2024-04-08,361.5743713378906,369.8423666541344,361.01285828579563,367.03471275702924,2690000
2024-04-09,360.054443359375,365.1469142367855,353.86798942802,363.08475307781737,2042700
2024-04-10,360.2189636230469,360.7514333972523,352.78359138705844,354.5359375366602,2148500
2024-04-11,360.13189697265625,361.47760805127297,355.2136859473703,360.7611876013136,2535700
2024-04-12,353.9841003417969,360.9644419565828,351.1280507748638,356.89823644845006,2072900
2024-04-15,352.31890869140625,362.5328630991493,350.5762237406917,361.0903313521428,2171000
2024-04-16,348.417236328125,351.8831944549366,345.8032239393779,351.45720681313276,2513900
2024-04-17,346.9069519042969,351.35074964453514,341.64022209093037,351.0990215986136,2313800
2024-04-18,346.52935791015625,351.9025993844619,344.8254367768599,349.6467970136485,2380700
2024-04-19,344.6151428222656,350.7270025489876,342.16652621794043,348.1423368622447,2929600
2024-04-22,347.48162841796875,351.7473075133613,343.2354018535565,346.0144153381303,2085400
2024-04-23,352.9618835449219,355.16758099266286,348.87112920578244,349.80393138657087,1810700
2024-04-24,353.2242126464844,357.7425369810023,348.7350671056107,353.6420565298599,3032700
2024-04-25,328.4269714355469,332.25538288312,320.9644958877539,321.08109243486916,6459600
2024-04-26,333.6546325683594,335.71458417245265,328.747643285614,328.85454323282363,3324600
2024-04-29,339.892822265625,341.0102752599385,334.23768100958716,334.23768100958716,2171400
2024-04-30,325.09417724609375,337.92030359649846,323.68523288430936,337.19154540659207,4201700
2024-05-01,321.6933288574219,328.9128867285087,321.3726586249544,323.93790187169924,3520600
2024-05-02,325.9395446777344,326.6391537533824,319.9248578108678,324.0739105915905,2492000
2024-05-03,327.21240234375,331.934740821078,325.4925438217437,328.51444665214797,1977100
2024-05-06,332.4109191894531,332.84815632579,330.07889883591344,331.215745043637,1653900
2024-05-07,335.2287902832031,338.6685374777143,333.6741001077617,334.7138023132458,1965600
2024-05-08,334.742919921875,336.4627785304851,329.14604767884504,330.3703708953193,2260300
2024-05-09,341.8167419433594,342.88559322463254,335.6465833068363,336.1227254908675,3208900
2024-05-10,344.7414855957031,347.3844497126833,343.5074361315304,344.9455295778968,2210600
2024-05-13,346.57794189453125,348.3949741710144,344.33336912319965,344.7511833534962,2051200
2024-05-14,348.0354919433594,350.3966615051105,346.9180685817003,347.5885285293454,1563400
2024-05-15,349.8428039550781,353.02017896422944,347.9771699553884,351.2322957767019,1913900
2024-05-16,340.78680419921875,348.6087978245045,339.70822653231005,346.6460195452766,2821700
2024-05-17,346.1795654296875,346.3156145262844,341.60297226894863,342.97304123365325,2104300
2024-05-20,352.47607421875,354.108485584913,344.72207574960197,346.30591509364376,2247900
2024-05-21,348.9002685546875,352.9521473737064,347.3747276688453,351.99992234306916,1841100
2024-05-22,345.85888671875,349.0265648119616,342.57461207174424,348.34637871050415,2104200
2024-05-23,340.767333984375,351.10596785864067,338.91142627641295,350.19258857507305,2749200
2024-05-24,339.0182800292969,343.88639388250635,336.86115475365415,342.6523741100701,2635200
2024-05-28,336.6571044921875,339.33894388027807,334.6457249511196,338.1437698805325,2264900
2024-05-29,328.5339050292969,335.5299957368074,328.1549661781492,335.2287780476331,3040000
2024-05-30,329.6416015625,334.7914806025469,328.8836942763564,328.8836942763564,2745800
2024-05-31,328.9322509765625,331.23515152074316,325.57025518720144,329.72903362965906,8319400
2024-06-03,321.97509765625,331.73074974046614,316.5240001753545,331.2157617628419,3878600
2024-06-04,318.2923889160156,320.974198509621,315.3093320323978,319.400085787599,3706600
2024-06-05,320.11920166015625,321.887632380431,317.4470882227701,320.1483508024342,2616300
2024-06-06,318.9920654296875,321.6544527134018,317.8260403832403,320.86739618568697,2452100
2024-06-07,319.6236267089844,323.45203876047646,314.5514685366634,316.9612396190647,2499100
2024-06-10,320.2746276855469,322.50950387503684,319.13778154131046,319.40012380846207,2640500
2024-06-11,318.0397644042969,319.33211210238966,314.5611719552224,318.47703114643986,3247000
2024-06-12,319.41961669921875,325.67722337529915,316.7669259387337,323.7144154696235,4817300
2024-06-13,317.11669921875,318.6033944697328,312.3457881183307,318.2244259579337,3183900
2024-06-14,312.3652038574219,313.54092546782414,306.90438040953575,312.2874826957062,4195300
2024-06-17,313.26885986328125,314.6680780132807,309.84856530397576,312.3652067902705,3198900
2024-06-18,315.9312744140625,316.37823781467483,311.90851484880875,313.90044210103014,3275300
2024-06-20,319.8082275390625,321.7224334434047,315.3870770223104,315.8534929080074,4463300
2024-06-21,318.5547790527344,321.18801703117026,316.9417906873216,321.1685941544473,8265100
2024-06-24,320.6535949707031,324.21966466522974,316.8349092746492,320.031707098414,2447300
2024-06-25,318.1272888183594,320.13866887383995,315.1831064275514,318.72002766443046,2990400
2024-06-26,317.4762268066406,318.4284518582168,314.60976608056734,317.0098108924577,2198600
2024-06-27,318.185546875,319.90543524984434,315.47458765077556,316.7960549876129,1995100
2024-06-28,323.6658020019531,324.72492698669697,319.02118443929635,319.20580554843247,8891500
2024-07-01,319.7596130371094,325.7937515564765,316.15469787832546,325.61882707308297,2950200
2024-07-02,318.47705078125,320.741046478668,316.35877113587077,318.7102439097061,2119800
2024-07-03,321.2463073730469,322.02366722145166,318.962888804801,318.962888804801,1352200
2024-07-05,319.0503234863281,323.99615856463254,317.37903694555916,322.17912632474753,2280900
2024-07-08,319.74017333984375,323.82123041475154,317.8745692765799,321.00334213990277,1913400
2024-07-09,316.82513427734375,320.7701421939803,316.6016377976335,319.2349049319347,1896100
2024-07-10,319.1766357421875,319.1766357421875,312.53036520334587,316.864038548632,2904400
2024-07-11,321.7515869140625,324.9581109183142,319.97340041916766,320.65358655497624,3016400
2024-07-12,326.08526611328125,328.6505090840876,323.98643904259757,325.4634078996966,2451300
2024-07-15,335.9769287109375,338.0466065933588,328.2715330185315,329.4958561947796,3394300
2024-07-16,350.3675231933594,352.01938710305154,335.4814437407866,337.0069551548912,4637000
2024-07-17,347.66619873046875,352.4177159539469,346.11153844818193,348.8030744564662,3061000
2024-07-18,345.9463806152344,358.77253701429146,345.67431206874517,346.4030702811178,3876300
2024-07-19,337.7843017578125,346.39335138967857,336.87092240660235,345.28565430298113,3462700
2024-07-22,339.3940734863281,340.233134897739,333.0622131550311,339.52091077430975,2659600
2024-07-23,335.78424072265625,340.1648314274833,333.0622113060434,337.306228621964,2027800
2024-07-24,327.8523254394531,336.4183977640324,327.27670448224694,334.5939654579358,2835800
2024-07-25,335.9110412597656,339.7160407030244,325.81324515360956,327.3352330213089,3291300
2024-07-26,341.9404602050781,344.3405132291657,338.42816933201823,340.14529593084933,1894900
2024-07-29,336.13543701171875,342.8185409599852,334.7695543255206,341.6477673580957,2190300
2024-07-30,333.3939208984375,337.296460049877,330.3694471012697,335.2866547688065,1970800
2024-07-31,337.7647399902344,342.4380086959477,332.54508846861773,336.93544455285473,2568100
2024-08-01,323.44244384765625,341.3063149669086,320.08625769489777,337.86232525349214,3747900
2024-08-02,313.05194091796875,315.52029582940173,309.920161472604,314.8861391492018,4246700
2024-08-05,309.08111572265625,312.7690143500352,299.56867571503454,301.47117562616427,4681300
2024-08-06,318.4862365722656,324.07663487181514,302.9346149862211,306.3981067262171,5071700
2024-08-07,317.8617858886719,327.0132444994987,316.5447028109252,325.38395115967467,3011700
2024-08-08,327.9693908691406,328.23280154081687,319.62769564459916,321.95947705784624,2268300
2024-08-09,330.0182189941406,330.2523618056994,324.37905134835967,327.81327493859675,1668100
2024-08-12,327.84259033203125,331.56952275118635,325.47180469917106,330.0182668516353,2127600
2024-08-13,330.5450439453125,331.24750216170247,325.5985983528268,328.96452040193753,1503800
2024-08-14,329.364501953125,333.46217944289674,326.44736384159177,331.32553715131667,1610900
2024-08-15,337.21844482421875,339.16971452988184,332.48660983318325,336.10620680046463,3232600
2024-08-16,335.11102294921875,337.4135065873096,332.45729533090554,336.83788567778686,2483800
2024-08-19,336.2525329589844,337.66721535001943,334.93542000422957,335.3061659976877,2252600
2024-08-20,334.93536376953125,337.7354602279902,333.491443541455,336.59395458578854,1479500
2024-08-21,334.61346435546875,337.17938861116886,333.52075815699817,336.18422207226746,1433200
2024-08-22,334.018310546875,336.7306038309732,333.442689596872,334.6427311005119,2021400
2024-08-23,339.9209289550781,341.0234010582096,334.71104262370613,336.5647428146119,2183900
2024-08-26,342.60394287109375,345.7747561833138,340.4380322791706,341.28682984813815,1718100
2024-08-27,342.5649108886719,343.15029776564216,338.64286942879335,341.8136827572015,1210800
2024-08-28,339.7160339355469,345.79421940982337,337.4135204289916,342.04778551981076,1514500
2024-08-29,343.07220458984375,347.77474127577625,339.023296713823,342.6624249100362,1664500
2024-08-30,347.42352294921875,347.560096324862,341.3062743191414,343.9990356213384,2974100
2024-09-03,331.9499816894531,344.038111402976,330.15481719320826,343.62833167793633,3107200
2024-09-04,328.54498291015625,332.5450911067741,327.12056459491464,330.340147172627,2782500
2024-09-05,325.4327392578125,328.291342056301,322.50583487803317,327.8327925125085,2525500
2024-09-06,321.33502197265625,330.3694085825778,320.1252445044448,326.057119996465,2676600
2024-09-09,325.9010925292969,328.1645428843017,324.8571560334973,325.7742552275997,2355800
2024-09-10,326.0181884765625,327.56944452181807,321.3644203407958,326.94502384311517,1869200
2024-09-11,326.837646484375,327.30596189051863,318.1642391264439,324.88637695312497,1934700
2024-09-12,331.3060302734375,332.73047842409375,325.54979129065,327.11081282174723,1747000
2024-09-13,336.8964538574219,338.7599199173936,332.05731353657035,334.0768847390226,2518600
2024-09-16,339.4818420410156,342.89656349268273,335.90127936371215,339.8623538657253,1648200
2024-09-17,345.072265625,345.9405650914426,340.7306789707559,341.47217092673725,2088400
2024-09-18,346.4674377441406,352.8188300458924,343.7356721165121,346.35036632781544,1990700
2024-09-19,364.2142028808594,365.5605835876508,352.46755225926927,354.1554110803064,4066600
2024-09-20,359.8336181640625,362.3995423383974,356.9262158700311,361.3751079793078,5440500
2024-09-23,362.1263427734375,363.8824733144935,358.03843102026013,359.99943651050415,2442700
2024-09-24,376.5267333984375,379.94145521820974,370.2534087438758,370.7412261467004,4024300
2024-09-25,369.03387451171875,379.1707346887086,368.71192811832805,377.5706792757043,2661500
2024-09-26,381.4341735839844,387.5416569678774,376.79017217606975,380.5073383871453,3906800
2024-09-27,381.55120849609375,385.92206270648535,379.6585045547011,381.4731708200191,2683700
2024-09-30,381.5902099609375,383.19026503827706,377.39499298089845,379.89261524025284,2251300
2024-10-01,382.829345703125,385.853789702607,377.20967984135865,381.7366097391066,2091400
2024-10-02,384.44891357421875,386.01970121767266,379.1707550605494,382.42937199551193,1767900
2024-10-03,381.5610046386719,384.4001054369888,379.24875496117943,382.78054812038823,1866100
2024-10-04,387.41485595703125,387.77583610347654,382.30253864713046,387.053875810586,1675100
2024-10-07,388.54656982421875,391.39543661941485,386.4879946309257,386.7904390453525,2224500
2024-10-08,378.5072326660156,385.37570934137926,375.4730230181683,384.65374918573883,2438800
2024-10-09,386.5367736816406,386.9367875431031,378.05850445150395,378.7121929017018,1757900
2024-10-10,386.9757995605469,387.28798006684383,380.9853876249317,385.55135132189554,1331700
2024-10-11,392.2246398925781,393.7661593468931,386.9757503704116,386.9757503704116,2110400
2024-10-14,384.351318359375,386.6343000818168,377.4438077154655,383.8049652860048,3006100
2024-10-15,378.5364990234375,382.9073532130695,378.14625109690087,381.11218893179426,2715100
2024-10-16,384.0293273925781,384.9854601210613,377.50232884144236,377.9608783432444,1551600
2024-10-17,384.8781433105469,387.44406746896,383.58056219256355,385.5220658189479,1561500
2024-10-18,384.2634582519531,386.7903782576995,380.2243461857395,386.5952394133769,3024100
2024-10-21,382.3345947265625,384.9488817711231,381.1204408177543,384.1068357211092,2375900
2024-10-22,380.35675048828125,383.1277336726428,377.68371716997024,381.60027752475537,1523900
2024-10-23,377.6837463378906,381.8940370920451,374.70715187170066,378.87829853359284,1500900
2024-10-24,378.9859313964844,380.2588014621846,374.2468973148408,378.8782403378247,1844100
2024-10-25,377.9186706542969,383.85225672126813,376.293294652842,381.48272475069416,1606800
2024-10-28,382.46185302734375,383.4018489219152,379.2894490558624,380.28819095872194,3213900
2024-10-29,379.42657470703125,381.4729738493804,377.5074386726221,381.3750538670561,2186400
2024-10-30,371.3290710449219,380.16093361109307,359.54024610182495,366.19838663368023,4037500
2024-10-31,368.35247802734375,371.00593904680164,364.9744330926052,369.4784830452628,2394500
2024-11-01,371.7109680175781,375.27502251128976,369.07707870797674,370.18351182298954,1633300
2024-11-04,368.6658020019531,373.53212926064924,367.4712499420423,370.2128600190585,1793600
2024-11-05,375.3729248046875,378.0166149527698,367.81396224992295,369.26310031434355,1724100
2024-11-06,408.1839294433594,409.5742916512396,395.5824011442816,396.71820724537196,4720000
2024-11-07,399.69476318359375,409.7701229607008,399.0387560641761,406.26481462637594,3211100
2024-11-08,385.1643371582031,394.6522071374418,384.2145700639857,392.5960069469625,3345900
2024-11-11,388.2681884765625,393.69260262526257,386.77010545440095,389.60960551118654,1858900
2024-11-12,384.8118896484375,390.4125726433638,382.9906733852514,389.49217848860064,1737100
2024-11-13,378.9957580566406,383.0396113692742,377.6249679204048,380.836546188579,2001900
2024-11-14,379.2796630859375,382.04084510854324,378.1536580412666,380.39589704949464,1372500
2024-11-15,376.058349609375,380.3861321667145,374.22736238273257,377.93828188917433,2165500
2024-11-18,376.4402160644531,378.2418303660398,374.93236173830144,377.94810027159104,1626200
2024-11-19,374.3546142578125,375.25543628053504,370.14432385924374,370.14432385924374,1793200
2024-11-20,373.5419616699219,378.1439322588787,370.5751682547816,375.9996129717888,1859600
2024-11-21,381.46319580078125,383.8424991211675,371.09410551472905,375.91148805321336,1833500
2024-11-22,389.1983947753906,389.85443180011777,379.79867357555173,382.21712097401746,1893000
2024-11-25,397.18817138671875,398.6568815211804,391.65603585644334,391.65603585644334,4398000
2024-11-26,399.3227233886719,399.890641422054,393.37936525136064,395.22992463920593,1796600
2024-11-27,395.27886962890625,403.5232125230908,394.82844366938764,399.8808101622418,1371900
2024-11-29,397.6385498046875,402.61259797254974,396.5517186963175,398.83310185624657,1962100
2024-12-02,394.1136474609375,399.6359814737714,392.4295254806586,398.9603724892944,1548500
2024-12-03,390.9314880371094,397.070685740706,388.3269717710726,395.10260456697114,1716200
2024-12-04,391.17626953125,393.0953757537959,387.86677122398186,390.25587545002213,1193800
2024-12-05,386.7407531738281,393.0561886570249,385.9867962008397,392.145595569087,1291400
2024-12-06,386.7897033691406,391.40144476450405,384.547464226442,389.84461562800516,1331000
2024-12-09,390.9314880371094,401.16348420977033,390.12858597925907,394.14306638752606,1739800
2024-12-10,380.2882080078125,387.2205062254261,377.56617005718505,382.56959111456206,2251000
2024-12-11,380.7582092285156,383.18648745485905,379.3482450817336,382.33464034138336,1651600
2024-12-12,372.8369445800781,381.73732399004706,372.22008157169705,380.93442198291666,1804600
2024-12-13,372.57257080078125,374.90292878073046,370.9863687824243,372.66068981502536,2034800
2024-12-16,371.0157775878906,374.34484793148914,369.87997149306585,373.80630295116697,1311100
2024-12-17,367.96087646484375,370.9864459884505,366.0319690690136,368.1860894687688,2138700
2024-12-18,356.29931640625,373.2090557016785,355.4572403559649,370.8003793474885,2820700
2024-12-19,352.8526611328125,361.8607606796399,352.50018509155285,360.754327748497,2616700
2024-12-20,358.4044494628906,363.74074506280607,349.78799868093233,351.0217247650341,5142000
2024-12-23,357.7680358886719,358.70800207161113,353.9591663395445,357.25886388379905,1804900
2024-12-24,359.9024963378906,359.9024963378906,355.09491536063575,356.8475843242253,886000
2024-12-26,359.4619140625,359.8241911239157,356.27970869030224,357.4350868540023,1097900
2024-12-27,357.2490234375,359.73604752516997,354.20391223222464,355.80971625321905,1245800
2024-12-30,355.4376525878906,357.2098937551018,351.256705292052,352.9114544297661,1422200
2024-12-31,355.1928405761719,358.14003169539103,354.25284464965387,355.91739462367036,1168100
2025-01-02,352.2652282714844,361.1558372453786,350.6202800503974,357.8855128483421,1802600
2025-01-03,356.2013854980469,356.87699455781467,351.99106513765514,354.04726532473165,1390800
2025-01-06,356.60284423828125,363.1043191075778,355.01661214126545,359.3444246263608,1590700
2025-01-07,355.4278259277344,358.45336499247577,353.55766491082653,356.5342589271442,1607400
2025-01-08,353.53814697265625,355.3103882829562,350.2384493936005,354.8893651829372,1828800
2025-01-10,343.67816162109375,352.34355714243765,342.5031815947822,350.36567509417927,2773900
2025-01-13,354.9382629394531,355.6236729168327,344.46145260512316,345.5972586322473,2746000
2025-01-14,363.819091796875,364.24011486574057,357.5623722550991,357.8659032936751,2331700
2025-01-15,367.06982421875,372.0144694721325,366.52147830542725,371.23116939192744,1984500
2025-01-16,372.61175537109375,373.463632363307,366.9033817009739,368.46021088373385,1974700
2025-01-17,377.9676818847656,378.7803849682888,374.0315491145894,376.67523955549046,2605900
2025-01-21,391.48016357421875,395.6272838395895,384.0507299220233,384.2472878455214,3144500
2025-01-22,390.7431640625,393.56362365552866,388.286339671401,391.7946920996181,1994800
2025-01-23,399.3813171386719,402.5162270694257,390.40899078448166,390.5072697459576,2587400
2025-01-24,400.590087890625,402.3295085565696,398.2806672388713,398.72290757301533,1938200
2025-01-27,388.1585388183594,392.63978328675427,383.18592956184636,390.3303627844939,2964400
2025-01-28,383.5495910644531,390.025776324582,379.8053932280717,387.2348275168389,1788900
2025-01-29,386.4387512207031,392.46285816201805,384.36517627793273,385.1710217055696,2675800
2025-01-30,368.5039978027344,374.2332988216478,366.7154225311066,367.04954703396055,4234600
2025-01-31,365.0251159667969,371.47182029004847,364.86787561860416,370.9411378637143,2858000
2025-02-03,355.3058776855469,362.18498493979195,353.47801501058643,357.8511737612818,3079300
2025-02-04,355.698974609375,363.27581108493143,353.20283314105814,363.27581108493143,2709800
2025-02-05,352.6524963378906,356.73081787193024,351.0309986183959,356.6030582350899,2134200
2025-02-06,359.1385498046875,361.1924511012126,356.25912923988244,357.61530090709226,3007000
2025-02-07,357.5956726074219,363.14808917477853,356.31810605821926,362.8729260702706,1804800
2025-02-10,356.9470520019531,359.9148846430126,355.3058803488776,359.02059709439396,1944400
2025-02-11,355.9741516113281,358.1263318213101,354.7457396188967,355.49259371673656,1516900
2025-02-12,345.9601745605469,352.7311666488718,345.37053073805174,350.8345055114811,2833100
2025-02-13,347.5914611816406,351.414263616907,344.3681093890982,346.48097196817326,3547200
2025-02-14,347.2180480957031,352.6820225655674,346.7070094823518,350.4414001569938,2045300
2025-02-18,347.8863220214844,350.76571291280476,345.04621872591053,349.3309359142457,3120200
2025-02-19,346.9035339355469,347.7388600578595,343.5524225442752,345.7930447366458,2211000
2025-02-20,343.12005615234375,350.68708656058027,341.4494337180325,348.8690306842607,2174100
2025-02-21,334.1673889160156,345.92082679264513,331.76952624014257,344.47621304931613,3225200
2025-02-24,333.0667419433594,339.48396527672935,330.4231968191943,337.45954462268503,2513300
2025-02-25,336.44732666015625,338.28505639646517,330.5706222312644,335.110828659783,3323500
2025-02-26,336.66351318359375,342.75644906197147,334.2460066212438,339.483972495286,2397800
2025-02-27,334.1280517578125,340.9285535364795,332.61463983191504,337.71500866828376,1971000
2025-02-28,338.0098876953125,338.9434629032453,332.88984443505046,336.07390901312925,3210300
2025-03-03,326.3055419921875,342.1373013174093,324.33024591610297,341.6262927263671,2569700
2025-03-04,321.1069030761719,326.18762840330885,313.1762678514377,321.73586442791833,3500200
2025-03-05,332.6441345214844,333.64653791288964,322.974078803601,323.4359629177415,3189100
2025-03-06,335.1206359863281,336.0050866427207,326.77724115200306,329.479747596303,2234100
2025-03-07,344.25018310546875,346.03875825947614,333.5384359588177,333.5384359588177,3063800
2025-03-10,339.2480773925781,346.32374252075937,335.94612032644517,339.04171257357666,2809100
2025-03-11,333.90203857421875,339.18912882937974,330.56076380044715,337.98039056760945,3190900
2025-03-12,332.2903747558594,338.95328045095624,329.6566665438746,337.10574394715167,1816700
2025-03-13,327.5536193847656,334.76685146408346,325.9419583432989,330.2266452498709,2490300
2025-03-14,333.7742919921875,336.0836825338382,331.13074699862426,331.88743798553907,1936100
2025-03-17,336.7225341796875,338.4128005499633,333.14538351288445,333.87259392712235,1683800
2025-03-18,330.8948669433594,336.09351479469495,329.55836911623675,336.09351479469495,3310000
2025-03-19,332.7718811035156,336.0935118377058,330.85557644261644,331.1110657364205,2407200
2025-03-20,330.44281005859375,333.9118441586213,327.8483896600048,328.79183161796027,2782900
2025-03-21,329.9809265136719,330.1480037327067,323.52438618390585,325.4898452804172,6766100
2025-03-24,335.7692565917969,337.22367729666706,333.43035519928173,334.6685741790321,2277200
2025-03-25,336.70281982421875,338.8550001054402,334.94372539548147,337.6462318682864,1678000
2025-03-26,335.2188720703125,341.2724898717177,332.93896224137615,337.43001362156565,1703200
2025-03-27,333.4401550292969,336.093537054889,330.8162836838275,335.18941258978595,1481100
2025-03-28,323.9961242675781,332.40828724548703,322.38443332790445,331.17987524531895,1965200
2025-03-31,324.1042175292969,326.2465908993135,316.43893846941666,320.0062517978514,2837500
2025-04-01,324.8609313964844,326.47259234703125,318.296304859608,321.3624164162076,1955300
2025-04-02,328.88031005859375,330.5411255753791,320.46814660803244,320.4976272980718,1747600
2025-04-03,300.4794006347656,319.0923009482407,299.7325165702778,314.14917244835846,4638700
2025-04-04,283.1047668457031,289.2075400497505,276.63841843131297,280.0779724793044,7216800
2025-04-07,275.2232666015625,289.26648186180256,262.68362652380233,271.2333865750987,7824700
2025-04-08,269.2089538574219,286.7408466373784,263.6368637295319,284.8835032551004,4989000
2025-04-09,295.8114318847656,296.6467280110939,264.48200898543774,266.08386295281696,6457300
2025-04-10,284.1661071777344,293.11875983029387,274.96774212388846,291.55622329673787,4116800
2025-04-11,288.38201904296875,290.3081607012067,279.23280867817857,283.9597357520831,3197900
2025-04-14,292.9713439941406,297.256060651659,290.60296205571535,293.51186326926995,2758400
2025-04-15,288.36236572265625,296.51904014351277,287.34034843829573,291.70364067036115,3611300
2025-04-16,285.12921142578125,290.62266688599084,282.6428764775453,287.65480397856265,3017200
2025-04-17,289.1681823730469,292.55861146080235,286.8587618343241,287.1241180180345,2717600
2025-04-21,281.16973876953125,287.3512565431559,278.9183280679924,285.70218280809263,2978300
2025-04-22,287.5191650390625,289.5533332250539,283.4014375133829,283.89516824075815,2231200
2025-04-23,292.06146240234375,301.5312140976315,291.4788637626677,297.56162991470046,2458300
2025-04-24,303.01239013671875,304.3454690510541,293.34516474709113,293.7006363856177,2874400
2025-04-25,302.6075744628906,304.12824340404836,300.09941393335356,301.2744954737504,2162400
2025-04-28,303.2098693847656,307.5250705155858,300.04012699709193,302.6075324465632,2189600
2025-04-29,303.54559326171875,304.7996883811776,299.11190173115995,301.1756922025204,2651000
2025-04-30,305.3921813964844,312.08716859417024,298.391083570514,311.25770462059944,5124800
2025-05-01,310.0233459472656,314.8915531316246,307.12020727104897,307.47570901452843,2961000
2025-05-02,319.6214904785156,320.59909773106176,314.4867094118688,314.4867094118688,3765200
2025-05-05,319.05865478515625,322.37654092878114,315.37544286139166,315.37544286139166,1829100
2025-05-06,316.8664855957031,320.0362280767124,315.83951735868914,317.5181835649412,1724200
2025-05-07,316.2740173339844,318.7525249334288,314.1213285992425,318.6932796607683,1555500
2025-05-08,320.1843566894531,324.7464235036554,318.85127778187876,320.80646218864985,2553400
2025-05-09,321.53717041015625,323.6305837185696,319.256137028354,321.56679304622133,1646200
2025-05-12,338.2549133300781,346.5989747768266,335.47029489681296,338.8078893405799,4592000
2025-05-13,348.1196594238281,350.8746551041414,343.70570564593515,344.55490800719645,4132500
2025-05-14,345.2757568359375,348.01101406612105,344.40678598210764,347.30992490970715,2052200
2025-05-15,345.4238586425781,346.9346733298417,344.13028666161716,345.05850275809854,1580400
2025-05-16,349.14654541015625,349.7785350928307,343.8735058019138,347.13214610021646,2561700
2025-05-19,348.1492614746094,348.53435573766353,344.16979337009315,345.3152521722647,2277700
2025-05-20,345.1078796386719,348.04064124112506,343.13295681237156,346.44095857341074,2266000
2025-05-21,338.21539306640625,344.05129319957905,337.36616064419536,342.29361322050465,2093400
2025-05-22,340.86181640625,343.01447511004676,336.31948776163546,337.71181200627416,2174100
2025-05-23,339.0843811035156,340.6149342037125,332.02400805859884,333.39659385516836,1936600
2025-05-27,347.1025695800781,348.9096106994874,342.27386882447627,345.5621321925694,2240100
2025-05-28,345.1078796386719,348.37637450540444,344.48577412679833,348.0702638781224,1924400
2025-05-29,347.3790588378906,348.66274662052575,344.3672834479684,347.78392163332006,2290300
2025-05-30,343.6661682128906,348.81083334540426,342.66882261846655,347.4185092428186,4867100
2025-06-02,340.34832763671875,342.12574606952904,335.2431390347585,342.12574606952904,2552700
2025-06-03,345.01898193359375,346.4409286565324,340.5951744710543,341.66161944579414,2614300
2025-06-04,344.94989013671875,347.31982169077685,344.94989013671875,345.90772893492,1616300
2025-06-05,344.58453369140625,347.102578429946,341.513543095359,346.59896345525175,1753300
2025-06-06,348.9194641113281,352.9581773016033,347.84313488667635,349.1367068075376,1608000
2025-06-09,353.580322265625,355.9403394184546,349.4922174714876,350.7660511568258,2147100
2025-06-10,354.0740051269531,355.8415391545768,351.6250902574669,354.9330916352816,1894300
2025-06-11,358.58673095703125,359.7223054884144,353.26429978825774,356.4143039218321,2551700
2025-06-12,356.4340515136719,357.46101978730525,353.3827994637232,355.3379838459412,1571800
2025-06-13,352.57305908203125,355.86132221689076,351.24001038215,352.7508250256202,1609600
2025-06-16,357.8955078125,360.0382821485099,355.6836039469594,356.4735610032439,1579800
2025-06-17,353.19512939453125,357.846093536077,352.5532856149644,356.1970200044917,1560100
2025-06-18,355.28857421875,359.66305080997853,352.48418765980375,352.65206934514873,2000500
2025-06-20,355.9996032714844,359.6828454544323,354.63693173725875,358.3991575795359,6268300
2025-06-23,361.6380310058594,362.4971176774215,353.2446083716216,355.4071514375904,2927400
2025-06-24,368.34283447265625,369.4191637646201,363.3068055240931,365.2521056552391,3841800
2025-06-25,366.9208984375,369.49818839457083,364.8768762159489,368.32310690277285,1737700
2025-06-26,377.0917663574219,377.53610590894266,368.3626111489127,369.31056566042093,2575100
2025-06-27,379.88623046875,382.6313716931316,377.9508147474052,378.21741845136376,4455000
2025-06-30,383.34234619140625,384.270562232327,379.9849837689978,381.46617573196573,2791400
2025-07-01,386.0184326171875,388.9511942479728,379.43205166847815,381.7427077813801,2393600
2025-07-02,393.4342346191406,393.64162320831355,384.5372279817055,387.7761001374332,2713700
2025-07-03,392.87139892578125,397.3742508721599,392.60479518225037,393.9181357892993,1737800
2025-07-07,386.6010437011719,393.0689041742861,383.2239122673532,393.0689041742861,3012900
2025-07-08,389.3461608886719,390.9853504164222,386.610873545077,387.50946702844846,2003600
2025-07-09,397.13720703125,398.69741287328463,391.9036738179354,394.70806049591243,3101000
2025-07-10,403.2100830078125,406.8340794506372,398.3814126378941,399.5861166999169,3382800
2025-07-11,400.830322265625,401.77827671867567,396.6632341859511,400.3662142282586,2072600
2025-07-14,400.6822204589844,401.6894504211761,397.1866286341185,398.93442454655144,2497500
2025-07-15,399.5663757324219,403.6248274222874,397.9666630296648,401.16605830025003,2167000
2025-07-16,407.70306396484375,407.89068403994065,398.2629354770489,399.9218633816563,3242100
2025-07-17,412.8280029296875,414.63504406820834,407.7030757511053,409.6582300755818,2444700
2025-07-18,408.52264404296875,414.63503247018974,406.9920909393542,413.4500968807582,2526600
2025-07-21,406.41168212890625,413.70600742397147,406.1837231214389,413.49788934908986,1833300
2025-07-22,413.4681396484375,414.78626105732553,406.71889588639976,406.71889588639976,2185000
2025-07-23,423.7753601074219,424.34028225516494,415.7079947904893,416.2530760061776,3254900
2025-07-24,425.6881408691406,426.32244579741183,420.71293634997335,423.2302848853988,2511400
2025-07-25,429.8804016113281,430.99040495606425,424.7961628579183,425.8566243639983,2218400
2025-07-28,429.0776062011719,432.50672996578027,427.27383574443274,427.40268081210286,2550300
2025-07-29,426.21337890625,431.32734858052663,421.0102157792346,430.6732330151204,2383700
2025-07-30,430.2470397949219,432.93285434972523,422.6256428916587,426.163800775579,3172600
2025-07-31,434.1123046875,437.21438602497625,429.81102652706835,430.25702406423954,4116400
2025-08-01,424.86553955078125,427.01616343911303,417.5315630605503,423.16088293994295,4027300
2025-08-04,429.8308410644531,432.9923845133677,426.153917338398,427.0161509616799,4059500
2025-08-05,430.35614013671875,435.81696352853527,422.7644732181411,423.8348249692419,4329900
2025-08-06,423.9042053222656,430.83183612525954,421.74366090021846,429.4740630732879,2630800
2025-08-07,413.39874267578125,423.5176477382776,406.3026155514068,423.0320288535796,4261100
2025-08-08,412.8041076660156,418.1361161493236,412.0509083872065,416.76842264300916,2965200
2025-08-11,404.89532470703125,414.55834260815186,403.1708270993959,413.2600318533708,3416000
2025-08-12,409.028076171875,414.45919826134957,405.98548759124657,407.33334008691867,2765100
2025-08-13,410.0092468261719,411.83282790038254,406.87743468394495,411.47602386123265,4403000
2025-08-14,413.7753601074219,415.49982737882766,403.3690336855586,405.64850261317133,3676000
2025-08-15,404.1520080566406,412.8437577224977,403.4681613060707,412.0112552099175,3107400
2025-08-18,408.9587097167969,409.454249043085,401.8427420048564,403.3690115985134,3185200
2025-08-19,412.3779296875,418.11628378791653,410.36604115078353,415.5692042883594,3543600
2025-08-20,416.8377685546875,418.1559201053598,408.37394835853775,411.09941466421867,4060200
2025-08-21,414.1618957519531,416.8278696504428,410.46516128326067,416.1836745393879,2504300
2025-08-22,431.78326416015625,433.93388797001467,416.3025896887122,417.8486700182532,3785100
2025-08-25,428.4433288574219,433.0022971280815,428.31451402679596,431.1192535638786,1857900
2025-08-26,427.4126281738281,428.3343241454859,423.4284722719269,427.5513634702117,2792200
2025-08-27,428.8100280761719,431.17869040646895,425.12321415704747,425.8962543217677,1970900
2025-08-28,431.0300598144531,432.0905213285052,428.7704014898754,431.0300598144531,1651700
2025-08-29,415.3016357421875,424.2808065353764,410.67328480688974,421.61480235609594,3673800
2025-09-02,412.33831787109375,413.4879728952311,406.8576533803183,410.2174249912014,2329500
2025-09-03,411.4165954589844,414.39975209956526,407.70005024044906,414.39975209956526,1496700
2025-09-04,416.47113037109375,417.03605254030884,410.5940404048838,412.1004692774664,1634600
2025-09-05,419.3055419921875,421.1093123943144,414.1816823083564,417.08553549438216,1843200
2025-09-08,419.00823974609375,420.1281634847258,413.06176771398384,418.8793946794801,1876700
2025-09-09,414.3600769042969,419.7713579658857,412.72480315025484,419.3848530127183,1710700
2025-09-10,419.1370849609375,422.6950537653031,415.75750305872134,416.07465549275634,2221000
2025-09-11,427.5315856933594,431.9022469137081,419.54349283345437,420.1381461737996,2737900
2025-09-12,427.6702575683594,428.7505296911868,423.9339018639754,425.2322125044124,2341800
2025-09-15,432.05084228515625,434.83577095701594,426.7683759820764,429.95965054227463,2255800
2025-09-16,436.7386474609375,436.86746228097826,430.40564029054644,432.2391418650219,2366300
2025-09-17,446.6395568847656,448.30456193998054,439.04788996607147,441.0300474828483,4512200
2025-09-18,462.7940979003906,463.5374069199572,444.8654879778833,446.9368388163036,4331900
2025-09-19,462.37786865234375,467.9080745320919,458.5820202653485,466.06468265394983,5069300
2025-09-22,467.8882751464844,469.01808917272103,455.50968122438695,463.14099955435273,3180000
2025-09-23,467.0557556152344,481.0101303368078,464.0131367618536,469.0379130057905,3856600
2025-09-24,465.598876953125,472.26881733323603,464.449222016843,468.48291963680003,2776700
2025-09-25,459.5830078125,463.8248233633606,455.4799275496085,460.5641660295736,2979200
2025-09-26,461.6048583984375,464.2708627140112,458.2550073107458,461.3273575521667,2329000
2025-09-29,467.4026184082031,468.2747725169249,463.2896477887433,463.90411175298215,2892100
2025-09-30,472.8932189941406,473.1806403000155,466.04486120972217,467.412554722472,2315300
2025-10-01,476.5304870605469,479.6127274244174,466.93685211552236,469.7812432602788,2964700
2025-10-02,486.1934814453125,491.5552208012501,479.8703945478238,482.51655771945536,2648600
2025-10-03,493.4085693359375,499.97942638889214,488.13602304585334,488.8496009666566,2996500
2025-10-06,490.9605712890625,501.0794763482754,488.64145076029416,495.9556164061983,2629200
2025-10-07,482.3678894042969,493.93379075270917,479.23607718806414,493.48779325456275,2135400
2025-10-08,497.64044189453125,504.93479699906175,484.97445706662853,486.6097309050626,3959400
2025-10-09,495.8961181640625,502.0110869813308,492.7048738219319,499.56312141040974,3113900
2025-10-10,486.9169616699219,506.936763855807,486.9169616699219,498.6315193662882,3889100
2025-10-13,500.25689697265625,501.862439636013,491.02995664581124,497.6701658242201,2618400
2025-10-14,522.7642822265625,526.8178209532057,494.5582195537324,496.1141902137148,5459800
2025-10-15,529.2855834960938,533.6463541030148,522.5066388597335,529.4342695018062,3447100
2025-10-16,536.1339721679688,540.1279879992816,529.9298096326004,533.2598196514376,3463100
2025-10-17,522.3778686523438,537.3728968209717,522.2688040035558,532.5859689331006,2814700
2025-10-20,527.9536743164062,530.9553506408456,523.7394372326117,526.3435188393798,2170800
2025-10-21,521.4633178710938,530.1402727330866,518.8691248180469,521.8807498192268,2259100
2025-10-22,510.78857421875,522.6063710062963,507.1110655683006,522.5367888942704,4149000
2025-10-23,517.3385620117188,519.714060073985,509.89406484104944,515.1817592483561,2619400
2025-10-24,519.5549926757812,524.0276603137546,517.8554177985912,519.6842079273665,2392000
2025-10-27,523.86865234375,526.2540386558354,518.2628944140288,523.8487544085407,2493800
2025-10-28,521.284423828125,527.0690813569698,518.5014427140171,522.7654247641187,2775400
2025-10-29,581.9337768554688,592.5886960881123,554.6107583416834,554.7896577581906,6948500
2025-10-30,579.6080322265625,590.1635226054125,572.2728527206586,574.3799712094859,2574800
2025-10-31,573.7537841796875,583.4842987575205,567.8796470181617,580.4826832187915,2974800
2025-11-03,567.1243896484375,572.7201384664689,561.9559611616494,572.431921701316,2439400
2025-11-04,544.254150390625,563.0592179657676,541.8886010736416,561.5683285978088,3440700
2025-11-05,565.693115234375,570.5235819577124,547.0172033013409,548.5876236673902,2701300
2025-11-06,566.3192749023438,580.4429267692692,560.802936198976,569.7184853735289,2245800
2025-11-07,559.6798095703125,562.1447877568031,546.9874134609403,560.1270884857013,2320100
2025-11-10,567.3827514648438,570.692542722908,558.0995146559482,566.5379384539784,1829900
2025-11-11,564.48046875,566.9851820502381,556.8570721971415,565.2656485660478,1517400
2025-11-12,569.5396118164062,577.7395029848318,567.0348983741569,567.0348983741569,2645100
2025-11-13,550.187744140625,573.3164223708467,541.3219409009232,569.2910340649148,3458700
2025-11-14,550.6649780273438,554.9189507439277,537.7140901385312,545.6257647642421,2764500
2025-11-17,548.6968994140625,558.1789933722746,544.2441298334198,549.2336583411678,1941100
2025-11-18,543.558349609375,548.2198657810277,534.7819645275937,540.0497611044922,1918600
2025-11-19,549.75048828125,557.5031002595834,544.3137412606447,546.6593924579079,1880900
2025-11-20,542.8129272460938,565.4147996103806,537.7140809231862,562.5125520561364,3195000
2025-11-21,547.0867309570312,551.6190315051457,533.81784190874,542.5047462372565,2921600
2025-11-24,556.2010498046875,562.303770930973,547.3252965564551,548.7764505760367,4653500
2025-11-25,563.1685180664062,563.6953280792367,544.2242868369434,561.1608283641237,3105100
2025-11-26,570.2452392578125,571.388278613388,562.5821073505675,563.1684898158576,1995100
2025-11-28,572.262939453125,573.8531970540906,568.9233620924339,570.3048733591917,1019500
2025-12-01,564.6096801757812,572.0939731224682,563.5561208948657,566.9453823369956,1764500
2025-12-02,578.93212890625,582.0033873672734,565.6036060782534,567.8598378257869,2749500
2025-12-03,587.8973388671875,589.636709541254,558.7952142203117,577.868658495653,2545700
2025-12-04,595.5108642578125,599.0591271524567,583.4346375287093,586.5953153381445,2313600
2025-12-05,599.5064086914062,603.3131627670662,594.109397068626,600.3313843678878,2177300
2025-12-08,592.876953125,601.1762122768168,588.3347033041421,600.9873638802582,1822500
2025-12-09,590.7498779296875,596.3456864955986,588.632810570641,589.4478372188383,1755300
2025-12-10,611.6124877929688,613.4810739781636,595.0537033194854,596.4849595323061,2797900
2025-12-11,621.81005859375,623.0027819809063,600.5897617939688,606.7421664404887,2779500
2025-12-12,594.258544921875,623.6886848791781,592.161375218241,622.1977955926144,4581100
2025-12-15,586.1779174804688,600.480529864253,584.3192803647931,598.8703742952125,3968600
2025-12-16,585.3529663085938,595.0238490965977,582.7190982024641,587.112235145173,2319400
2025-12-17,558.4771728515625,587.4103482009461,554.0740873351356,584.0210867590089,3753300
2025-12-18,562.3932495117188,571.1695737233289,558.4970153317583,565.0470153417933,2193000
2025-12-19,572.7201538085938,578.196697144301,566.8659743097338,569.2116256967963,5355600
2025-12-22,578.8724975585938,582.2319727710629,572.1933430045676,580.9398809195987,2387700
2025-12-23,578.8824462890625,585.1342805437183,576.9741250836139,576.9741250836139,1731000
2025-12-24,580.21435546875,583.5638818359926,577.4711095107192,579.1210002741107,947000
2025-12-26,579.4589233398438,580.2838989989081,575.1353690180908,579.6676696625764,954400
2025-12-29,575.0956420898438,580.4230721297454,571.1497840708116,576.5666941638784,2585700
2025-12-30,573.8829956054688,577.4511562712479,572.0144097163305,576.4870770896953,1216700
2025-12-31,569.3905029296875,575.4236423026385,568.5754761579547,573.793588759173,1163900
2026-01-02,594.775390625,595.9681142780522,571.8157181276375,574.081899134881,2761600
2026-01-05,612.3578491210938,617.9735558810016,602.5378543489936,604.1878056556369,3444800
2026-01-06,619.3055419921875,622.9631833608089,605.2017258916547,612.25857809417,2706800
2026-01-07,592.8968505859375,621.2038481246618,592.161354936068,619.2159958106629,3312400
2026-01-08,604.4363403320312,605.8775454441251,590.5611088447556,592.8968717959257,2075400
2026-01-09,613.86865234375,615.3893884435275,604.5058851731994,606.265093173736,1822000
2026-01-12,625.9448852539062,627.147497059322,609.2369892496407,610.9167268545718,1856800
2026-01-13,632.6638793945312,640.6749222183288,629.1552907552737,629.3540881301068,1959100
2026-01-14,634.870361328125,635.844389593158,619.2856057653921,630.2485802245001,2105700
2026-01-15,643.2491455078125,648.397675901431,640.1282027061995,641.0227605445657,2052800
2026-01-16,642.9609375,651.6975270053068,637.116646559735,648.0100389444793,2554900
2026-01-20,626.6422729492188,641.6856481839558,622.7768117746247,639.5935440912535,2659000
2026-01-21,642.9609375,644.7741229203464,624.9686339367224,631.2948080123786,2490700
2026-01-22,645.9795532226562,653.3219843660706,638.4977538571923,646.6769415903204,1565700
2026-01-23,624.271240234375,644.076729048593,621.2326846870689,641.7056451196811,2267800
2026-01-26,633.536376953125,636.604849277463,616.9388500475836,625.6460803540638,2532900
2026-01-27,636.51513671875,641.7156021289474,630.8564344499586,637.6010778091998,1827500
2026-01-28,640.8687744140625,644.853780913422,626.6223275337533,635.578619912044,2720700
2026-01-29,662.7464599609375,677.4411722872061,640.3208248445067,652.7141982149842,4441900
2026-01-30,654.8959350585938,675.2892368637702,647.8723734626461,653.1923837441966,3300100
2026-02-02,688.3201904296875,688.7884603174838,654.965705145667,657.3467611470082,4450000
2026-02-03,700.25537109375,707.3686228160087,688.8084488046916,691.7573149167657,3524700
2026-02-04,689.2268676757812,720.4493623228277,672.4699065592722,704.3499613887487,7146700
2026-02-05,675.7674560546875,683.9267595218794,662.5770939030525,678.9853294346018,2792800
2026-02-06,723.4779663085938,724.673480459647,687.9317144426263,689.9740181805553,3359700
2026-02-09,739.3382568359375,740.7130889536498,718.9051261191041,721.784307931297,2496800
2026-02-10,739.5873413085938,749.181249676272,734.9049463368419,739.9659218045892,4008700
2026-02-11,772.0950317382812,772.6329857410683,753.2658511578556,755.8361974505888,3926300
2026-02-12,755.4476318359375,786.8495028882893,753.1762097231763,773.7786862769942,4893400
2026-02-13,771.2980346679688,781.0612886143734,744.6183864642087,762.1325073851986,3232800
2026-02-17,761.8934326171875,771.5171969407592,747.1887483212059,762.1325232876301,3450300
2026-02-18,749.1513061523438,769.8036437114121,747.5673001182851,762.2420671138931,2563700
2026-02-19,757.6792602539062,759.1437209221699,741.3606541443767,749.1812048995693,2908000
2026-02-20,756.8922119140625,769.0763500239998,749.290807029629,752.1699888653055,2095100
2026-02-23,753.6344604492188,765.1013267300037,749.9583502155189,756.1052059025391,2289600
2026-02-24,765.3504028320312,771.0390217717472,748.8724220607829,752.1700126641815,2615300
2026-02-25,763.7364501953125,774.6852459189079,753.903451436773,769.6043869103986,2606500
2026-02-26,750.1077880859375,767.7215109133087,725.6697654097186,767.7215109133087,3350900
2026-02-27,740.0455932617188,748.6731053653391,728.2997479783403,742.426588373545,3441900
2026-03-02,749.5000610351562,752.8972524631026,722.3422308774508,730.7406251292482,2473100
2026-03-03,719.4730224609375,728.927441063359,703.9514044442288,725.5402218752246,3332700
2026-03-04,729.226318359375,743.213730965023,728.1006098946033,734.3271829401724,2823700
2026-03-05,703.433349609375,725.3409126532893,690.9802045588214,717.3011549118872,3713200
2026-03-06,678.3477783203125,693.7199341079731,672.539614127826,679.9118399139131,3564400
2026-03-09,702.1781005859375,705.9738169690279,660.3653868983685,662.7264984623016,3584400
2026-03-10,713.9935913085938,728.0506868288134,707.6176175352949,710.1082465419832,3089100
2026-03-11,704.937744140625,717.7196092536873,700.9925656471443,710.8255647405732,1947500
2026-03-12,698.0635986328125,701.1320708617518,677.2120580717838,690.4024207095666,3231800
2026-03-13,691.388671875,704.2801706399919,684.6042005803665,701.6999129217173,2042200
2026-03-16,697.156982421875,707.338644712223,691.9963455607045,702.7259948828996,2145500
2026-03-17,699.36865234375,706.3424138343572,692.3052014506017,704.7085465487422,1824900
2026-03-18,691.0200805664062,709.1718176679043,690.1035460530255,698.681258364083,1796200
2026-03-19,686.0687255859375,690.8905495378739,666.4923562698121,673.9542714263839,2240200
2026-03-20,678.327880859375,691.4584713266976,667.9270103954749,684.0563282905971,5131100
2026-03-23,699.06982421875,709.3312044818609,691.956572546567,696.3799324899169,2981000
2026-03-24,713.94384765625,718.4469247164266,690.4323322862327,691.1994047329505,2098300
2026-03-25,716.3447875976562,726.6161400077198,714.3124560564942,724.5240357978876,1591500
2026-03-26,700.55419921875,715.2787669658998,693.8195283451223,707.408415425701,2428700
2026-03-27,692.7933959960938,705.704777984371,689.7348962474484,691.8668284864045,2059800
2026-03-30,664.9282836914062,700.3549927158422,662.0790183421327,699.5779479871221,2610000
2026-03-31,705.804443359375,706.2328242584599,669.481087467496,677.4511004135376,3002200
2026-04-01,727.58251953125,737.2362005476217,717.0421599440658,719.2936984243867,2435800
2026-04-02,714.5315551757812,732.6533745115805,702.805714998292,702.9252603277583,1764300
2026-04-06,718.5364990234375,719.861530686015,701.6301384462996,714.0533667936859,1246500
2026-04-07,721.7245483398438,723.0096910790843,706.2726755068721,716.8927521560001,1549100
2026-04-08,768.6878662109375,771.497303164643,750.2770943447797,761.753932826917,3014000
2026-04-09,784.1198120117188,792.5381508146413,770.0925714220997,770.1025436678556,2801900
2026-04-10,787.6962890625,794.8593407330197,783.2928738722721,787.7062613078457,1872000
2026-04-13,788.7623291015625,795.5468006613135,782.3863547852659,785.464738448129,1820100
2026-04-14,791.2728881835938,795.0088319427231,779.1086334135731,793.0163286045207,1866300
2026-04-15,767.2831420898438,787.0089132627536,753.8138606766557,784.1496757954905,2764700
2026-04-16,769.7637329101562,769.9131949723961,751.6220302277318,765.1212272185556,2005100
2026-04-17,791.67138671875,798.7646935012053,773.0912693883489,777.5843739948707,2818800
2026-04-20,796.921630859375,798.1493337790997,785.3730476630781,789.4355185739555,1454100
2026-04-21,798.9678344726562,818.6812637814107,796.3127258265731,803.3896242170772,2293500
2026-04-22,807.3722534179688,816.3356061328308,803.9885158799823,810.9955368131328,1628400
2026-04-23,833.6934204101562,843.7048776309479,813.9500776721137,815.5969859008802,2601800
2026-04-24,829.2516479492188,837.9455420325936,825.1193600701589,837.705996175505,2253900
2026-04-27,827.2553100585938,834.4719637158767,815.2076527314963,828.2235455919534,1986700
2026-04-28,816.3555908203125,823.4723934703793,803.5094263559458,812.8420891130871,1875600
2026-04-29,808.550048828125,821.6857150696084,807.6017957228132,821.4062042924049,2566300
2026-04-30,888.4617919921875,895.3190661192531,849.2245837270511,855.0438055268626,5203300
2026-05-01,888.0225830078125,903.3242135395597,877.9513007544701,895.1793501989104,2376500
2026-05-04,873.1602172851562,891.1867735213634,867.9798250634782,885.6370712947719,2669900
2026-05-05,902.9150390625,907.2170559966296,886.4555216632989,886.4555216632989,2581100
2026-05-06,925.213623046875,928.8169238923074,903.6735650545003,911.8084983025743,3010600
2026-05-07,894.031494140625,929.6254373403041,885.2378096524474,928.2380574406951,2957300
2026-05-08,895.7882080078125,913.0761439514413,892.1948375585309,909.3131053486029,2030300
2026-05-11,925.0738525390625,927.2797822414883,893.4026260809471,901.9367819677409,2811700
2026-05-12,910.4510498046875,913.3955996190748,892.853689535601,910.3112944144943,2348900
2026-05-13,900.6292114257812,921.2809024767588,895.7183387797106,910.8103364117429,1957100
2026-05-14,918.5159912109375,918.6457553625539,900.8288327349338,908.3149449183267,2095600
2026-05-15,886.6651611328125,898.0639982673679,878.5701926102348,897.0858323763846,2907900
2026-05-18,862.3502807617188,891.6658929816624,849.2545792592714,891.6658929816624,2720500
2026-05-19,858.5573120117188,868.2492933238366,843.9843098133897,859.9946480464719,3239700
2026-05-20,870.9442749023438,876.1346582270527,855.4729763111202,869.6067293796847,2415600
2026-05-21,864.3465576171875,871.0540851449379,857.0101308463039,863.2985140562439,1860700
2026-05-22,878.2607421875,892.1849234720975,859.4655922148785,876.3742272364863,1987600
2026-05-26,906.86767578125,907.8758153673763,876.3942381815907,883.311398971316,2255700
2026-05-27,908.2451171875,909.9818855620404,888.1823598012618,903.5039125438832,2463400
2026-05-28,886.0263061523438,903.3242336741595,878.8396260315028,896.8961560274821,2750600
2026-05-29,874.2481689453125,889.1605073645437,864.5861004655337,885.048141137427,5195400
2026-06-01,863.7576293945312,872.1520910164453,851.7898405937815,858.5672458630542,2675000
2026-06-02,908.1253051757812,910.2713483962286,871.5032414993966,875.0466557908541,2822600
2026-06-03,924.4650268554688,934.9755581708781,910.7005831099782,912.7367838017946,2511200
2026-06-04,938.738525390625,945.0768038629545,901.3279453383334,912.297585778242,3077000
2026-06-05,902.6055908203125,932.3005032997836,899.8307092518731,928.2080586400859,2780500
2026-06-08,913.9445190429688,925.6228662736298,901.0683816744204,915.3019861022437,2550600
2026-06-09,913.0062866210938,936.4427898370324,875.3660912890945,925.772581787675,3007300
2026-06-10,854.5746459960938,904.3223854868979,853.1473011972071,900.0702638605761,3611200
2026-06-11,895.9678955078125,898.9823229769119,868.4190258095142,870.7846324915096,3463300
2026-06-12,908.8839111328125,917.2783115881767,897.5349697570279,903.5637635987888,2097200
2026-06-15,932.20068359375,944.3481319861804,926.7807453500175,933.2687096416439,2449600
2026-06-16,943.7093505859375,959.5499598531543,937.4309585430387,941.0542418876219,2834400
2026-06-17,954.14990234375,973.8334184263562,951.2353263767437,955.2079371009456,2743900
2026-06-18,983.9945678710938,992.648496604276,974.5221502183816,977.1871891305391,6175000
2026-06-22,1020.3870849609375,1021.3951635807964,997.1501630302782,997.4296738000802,4033500
2026-06-23,982.41748046875,992.7582823135842,970.8489757007219,983.4256200069108,4286900
2026-06-24,992.6085815429688,1003.0092696913831,968.2537388400114,979.7923306630531,3526000
2026-06-25,1055.052734375,1055.1125599134125,1013.120514940133,1022.7426790826507,4642100
2026-06-26,995.6229858398438,1029.9393303113325,987.8075282770787,1029.9393303113325,13948500
2026-06-29,1031.27685546875,1037.1459727555814,990.2729643108368,996.5612868546871,3146900
2026-06-30,1062.92822265625,1071.4723093369823,1035.2894309559908,1043.0650457416903,3287500
2026-07-01,989.57421875,1039.3319500420437,983.22600993022,1032.0055753443496,3914100
2026-07-02,961.7459106445312,999.4260109246698,947.023222455603,999.4260109246698,3568600
2026-07-06,968.1240234375,989.1650075586006,961.5362687449162,977.2770876034715,2441700
2026-07-07,938.3792114257812,948.2409218871791,907.8458878574123,944.7474027012789,3810200
2026-07-08,946.324462890625,953.2316321090701,923.5467112399381,935.774027986887,2741500
2026-07-09,936.6524047851562,981.3394630795779,932.6498203250138,973.2744686198736,3521200
2026-07-10,950.6464233398438,956.2161080745815,926.7807235961147,928.9566796429589,1959400
2026-07-13,929.7451782226562,944.9969136609404,922.6683408124034,937.4708973262046,1991000
2026-07-14,931.6117553710938,962.8437935531342,923.786245941709,956.2260654912558,2028600
2026-07-15,912.6069946289062,936.8420650237014,888.7512863907219,936.8420650237014,2703600
2026-07-16,875.5457763671875,900.329817104665,867.2711484279856,890.1187789179534,3586600
2026-07-17,878.6500244140625,891.536092302809,836.7776905848835,840.171358288863,3377200
2026-07-20,864.2999877929688,894.3699951171875,861.27001953125,890.0,2770000
2026-07-21,889.969970703125,898.0,876.010009765625,887.489990234375,3219600
2026-07-22,889.3099975585938,902.5700073242188,872.9400024414062,877.2899780273438,1976900
2026-07-23,894.5399780273438,909.5999755859375,881.9500122070312,886.5599975585938,2677100
2026-07-24,888.72998046875,902.8200073242188,881.1900024414062,895.0,1982100
2026-07-27,873.280029296875,894.02001953125,839.5800170898438,887.5,3150000
2026-07-28,840.8499755859375,855.8200073242188,824.0,855.760009765625,3808600
2026-07-29,782.7100219726562,822.7999877929688,776.0,810.22998046875,5966400
2026-07-30,809.1400146484375,822.760009765625,801.6799926757812,810.75,3505200
2026-07-31,814.8099975585938,845.0,807.3099975585938,843.3900146484375,2423600
2026-08-03,830.030029296875,835.3400268554688,804.5700073242188,811.5800170898438,3314300
2026-08-04,876.5399780273438,935.0,866.8499755859375,922.0,6230100
2026-08-05,871.0800170898438,905.719970703125,870.0,874.9000244140625,3363200
2026-08-06,856.9600219726562,879.3300170898438,856.9600219726562,862.0,2896500
2026-08-07,842.1900024414062,868.0,836.010009765625,865.6300048828125,2443800
2026-08-10,837.5800170898438,854.9299926757812,835.8599853515625,849.0399780273438,1900900
2026-08-11,843.3699951171875,864.25,842.1099853515625,850.0,2173800
2026-08-12,855.5999755859375,871.2000122070312,855.25,866.0,3148500
2026-08-13,854.5999755859375,863.8381958007812,848.3699951171875,858.5,1750701
