Date,Close,High,Low,Open,Volume
2021-08-24,195.07176208496094,195.69573474742597,192.2639201073835,192.46579238040988,2485900
2021-08-25,197.0629425048828,197.9254851189794,194.66801601311926,195.60396799877788,2599800
2021-08-26,193.8330078125,196.83353701885983,193.13562580621743,196.83353701885983,2513900
2021-08-27,195.29197692871094,196.39308943312497,194.73224275543475,194.76894043830632,2511400
2021-08-30,194.02566528320312,196.12696789774725,193.42923350256672,195.6498140723961,1922100
2021-08-31,193.4934844970703,194.8056541965323,193.0805690536947,193.86970225718366,2857900
2021-09-01,190.8232879638672,193.60360298081883,189.58452764877165,193.49348192968262,4122900
2021-09-02,194.32850646972656,195.40209225711908,191.70418098896516,191.70418098896516,2921600
2021-09-03,193.03468322753906,195.26444898680947,192.69517715775834,193.7504070511555,2512000
2021-09-07,191.07101440429688,193.00714255723156,190.72233743933037,192.73186095227607,2641100
2021-09-08,189.7313232421875,190.9700694047948,187.8961312963366,190.05247343186937,2603100
2021-09-09,188.49258422851562,190.99761759529343,188.01543034866106,189.48358967064206,2777900
2021-09-10,188.11639404296875,190.74990468762473,187.94206252418448,190.03418076366572,2551200
2021-09-13,189.20828247070312,190.73149511110694,187.1253357396161,190.0891807450942,2699100
2021-09-14,185.65721130371094,189.11655234801447,185.02406778616577,189.0614848235893,3757600
2021-09-15,188.77703857421875,189.56617176707215,185.23511712742166,185.51039875309704,3342700
2021-09-16,186.82257080078125,189.3826577487514,186.1068469658044,188.5201151780344,3120100
2021-09-17,183.28981018066406,186.51975218283923,183.01452856659492,185.93249127348054,6351100
2021-09-20,175.095703125,178.00448122473753,172.94851750444226,177.1511095290812,9151100
2021-09-21,174.19644165039062,176.82995199931088,171.57211622344292,176.17845260250613,5699900
2021-09-22,175.58201599121094,178.47243805059426,175.4076704953069,176.17844784428843,3924400
2021-09-23,180.41775512695312,181.31700945786537,176.9584276343725,177.0134811645495,3367800
2021-09-24,180.60125732421875,181.49131259192305,178.86698738637284,179.52765764800816,2199500
2021-09-27,183.51918029785156,185.34520118232,181.31695573483827,181.31695573483827,3033100
2021-09-28,184.02386474609375,185.25343991982538,182.37218928810958,183.70270057320144,3247500
2021-09-29,181.56471252441406,184.58361114675358,181.4087228876025,183.95963859810385,2954700
2021-09-30,176.15089416503906,182.48230056640526,175.83891490499093,182.25290158082817,4978100
2021-10-01,178.3164520263672,179.72954386159685,175.48108343399645,177.0042823209204,3695500
2021-10-04,177.21533203125,179.76624796489014,176.554661746137,178.69266225193266,2864600
2021-10-05,176.63723754882812,178.3806644227743,175.0130886390249,176.87580747851837,3074600
2021-10-06,176.04998779296875,176.53631260443896,172.32454987805116,174.3432584918867,3777700
2021-10-07,179.6194305419922,180.2066914662112,177.6557755140031,177.76588256185514,3510500
2021-10-08,179.0780487060547,180.381033418543,178.69266004473317,179.66530961874525,2713200
2021-10-11,176.99510192871094,180.9224119115688,176.8024005971528,180.16080550816068,2015200
2021-10-12,174.26983642578125,177.62824125762089,173.95785713576012,176.47207529974028,4706700
2021-10-13,173.37060546875,175.49025017177647,172.25113713185556,174.8020531122793,3253200
2021-10-14,178.3164520263672,178.7477233140436,176.73818561219073,177.6007281875436,5212900
2021-10-15,182.6199493408203,183.01450887746162,179.20649129696176,179.8121079824793,4736300
2021-10-18,181.8491973876953,182.30799546042812,179.43592904607692,181.11513167244766,2809400
2021-10-19,184.5652618408203,184.87724112548833,182.10611124204337,182.2345741240481,2626900
2021-10-20,187.36392211914062,188.27233316255288,184.00551753074745,184.5836074684849,2936000
2021-10-21,185.48287963867188,185.62969837860652,183.28065454527479,184.9873838931495,3071300
2021-10-22,185.13221740722656,186.7007548559215,183.79435965279137,185.12299585094092,2632400
2021-10-25,186.5716094970703,187.5865299041651,185.00307182287253,185.71352596293863,3294700
2021-10-26,184.2003936767578,187.1067757524226,184.04354269629403,187.06987543649086,2933600
2021-10-27,180.9618377685547,184.92927606981263,180.7680724091552,184.76320354351193,3406700
2021-10-28,188.30621337890625,188.68450843730528,181.810674637606,182.0966978012247,4462700
2021-10-29,188.23239135742188,193.52847973287058,187.52195129436143,191.9045986303859,4292200
2021-11-01,189.49642944335938,190.88042319838547,188.04784255531672,188.49071661488557,3215200
2021-11-02,191.10186767578125,191.73850710394936,187.30050237899204,189.83782445555474,3429600
2021-11-03,187.8079833984375,190.6036500744767,186.21178097148686,190.30839127156244,3137000
2021-11-04,187.84486389160156,189.04432801414532,186.94065854082191,188.2231589134069,2543500
2021-11-05,189.95777893066406,192.72576670643843,189.35803979868462,189.5887054466658,2591300
2021-11-08,197.68048095703125,199.72879325123796,194.9124928922887,199.19364720260856,5944700
2021-11-09,193.58384704589844,198.8983928846411,192.79959224588583,198.5385409379878,3310300
2021-11-10,190.68670654296875,193.71303920000875,190.46526241731357,193.0856352953933,3261800
2021-11-11,192.40281677246094,194.16510558839528,191.8030917578319,191.8030917578319,4819800
2021-11-12,193.08560180664062,194.39578097908503,192.19061797891158,193.15941650238992,2018000
2021-11-15,191.64622497558594,194.39575515307502,190.7696843792098,193.75911580569098,2392600
2021-11-16,189.5425567626953,192.0798787199621,189.3857058220553,191.91380622235954,2138000
2021-11-17,187.2820587158203,189.32114934475305,185.31679686624423,189.14584119056744,3135700
2021-11-18,185.8426971435547,187.9556023582251,185.1414786436607,187.54962856612875,2119900
2021-11-19,184.9384765625,187.22667565522679,184.21880092786242,185.38135062718942,2980100
2021-11-22,186.72848510742188,188.71220431680325,184.6155796021378,185.90731585272297,2596500
2021-11-23,189.45033264160156,189.6717767564911,185.99956909782904,187.34666282565502,3127100
2021-11-24,191.05577087402344,192.1537276541628,187.37434165528362,187.90948770744458,3880500
2021-11-26,183.36073303222656,185.87037640966847,181.40469284166977,185.45518105886154,3496000
2021-11-29,180.76806640625,185.91652573133268,178.3322375503876,185.66740287143912,4559900
2021-11-30,178.39683532714844,181.56156157094836,176.73603968258618,178.84893103128258,6358000
2021-12-01,176.6621856689453,183.08390862738406,176.56069223328578,182.2996539688441,3425300
2021-12-02,181.5707550048828,182.3365666023298,176.97589949891398,177.43723076879434,3445700
2021-12-03,182.50267028808594,183.96970048493273,180.60198753060428,182.38271964148478,3250900
2021-12-06,185.71351623535156,187.54038413540283,183.00088609601636,184.14499272202622,2838400
2021-12-07,188.67530822753906,190.26228926206574,187.36512882995842,187.568101679755,2818000
2021-12-08,188.39849853515625,190.25304548958155,187.86335248093306,188.60148545498973,2341200
2021-12-09,188.3431396484375,189.11817293010688,185.34448590221913,187.3927982028563,1646600
2021-12-10,187.7249298095703,189.97621461974546,186.47932972767623,189.5148833418163,3315200
2021-12-13,185.6858673095703,188.45385539368812,184.94773433806247,188.057117192748,1868500
2021-12-14,186.0457000732422,188.20472734049793,184.3480041406333,184.53253385874905,2248800
2021-12-15,186.8852996826172,186.9314356252092,183.27768578410385,185.45516993454353,2193700
2021-12-16,190.22535705566406,192.1260398640142,188.82290588418917,189.14584344350544,2856800
2021-12-17,185.79656982421875,189.37650534394828,185.66739761880143,189.0997037384213,6079600
2021-12-20,180.34364318847656,182.2720046991642,178.12924443742503,182.2720046991642,3605100
2021-12-21,182.9732208251953,183.6283174761113,181.52464784139104,181.76453505281907,2303400
2021-12-22,186.5162353515625,187.6695635792588,185.29832806404633,185.4367218198844,3558700
2021-12-23,190.25302124023438,191.26795571003981,187.56806975269666,187.68802039332286,2669600
2021-12-27,190.41912841796875,190.89890287493003,189.27502162634488,190.01315458614366,1711200
2021-12-28,190.6405487060547,192.15371486087358,190.1976745842994,190.2345748949813,1393000
2021-12-29,191.29562377929688,192.4212731906931,190.14229561833457,190.3176037513949,1334900
2021-12-30,190.14230346679688,192.7534402204404,190.00389563454064,191.29563167536486,1465900
2021-12-31,190.75125122070312,191.67391372506788,189.76399558325085,190.25300558426716,1374500
2022-01-03,190.99118041992188,192.46744638315633,189.88398798685387,191.29566080279082,2055600
2022-01-04,201.21426391601562,201.98929713044006,191.85846560270866,192.17216751158796,5242300
2022-01-05,202.75511169433594,206.08592433127998,201.30652461637052,201.30652461637052,5378200
2022-01-06,204.82186889648438,205.48618707290203,201.19579767697854,204.3605376116784,3913200
2022-01-07,206.85174560546875,208.4940840267344,205.04332058318067,205.2924434453568,3673400
2022-01-10,204.49896240234375,208.29110670212913,203.54862093770768,207.5529737186708,3734900
2022-01-11,202.9396209716797,204.91411822578547,199.83947430293563,204.83108197684814,2944300
2022-01-12,205.2001495361328,206.39039213319,203.05035814149534,204.94180514333397,2506900
2022-01-13,209.44442749023438,210.25637515045145,205.42161765899138,205.6522833280335,5002300
2022-01-14,211.23439025878906,211.88025130084438,206.2889178702137,207.3407527326223,3970600
2022-01-18,212.09243774414062,212.60912652412847,209.31522851234917,210.09949731828934,5411900
2022-01-19,205.50975036621094,213.0659318309817,204.83292832756487,212.9268665611374,4991700
2022-01-20,200.84625244140625,205.70445480341562,200.29922933556182,204.9720207573587,3545600
2022-01-21,198.49131774902344,201.6621335501588,196.94299628205843,201.6621335501588,3754700
2022-01-24,198.7138214111328,199.30719015713825,191.60266276163628,195.77479073583822,5107300
2022-01-25,198.6953125,201.03170857168146,192.01064299503489,196.62779487130936,4554300
2022-01-26,198.67674255371094,202.93232415286855,196.77611765407752,199.3350179073064,3558500
2022-01-27,196.71121215820312,202.02371823801187,194.838386158157,199.5297245350883,3678100
2022-01-28,186.50343322753906,192.84506564480216,182.46110340102643,190.61065547930363,10747300
2022-01-31,186.87428283691406,186.91137634867326,180.49555692917883,184.91801742899116,6179000
2022-02-01,190.38816833496094,190.7960979736244,185.92861390228387,186.16967931039295,4026400
2022-02-02,190.0079803466797,190.80532092013132,186.72589843969374,188.39475244773516,3492300
2022-02-03,185.97488403320312,190.87017880663296,185.51131434521147,190.06357207657524,2748200
2022-02-04,183.95379638671875,186.36435118552146,182.1736898108703,185.6226507225234,3930800
2022-02-07,185.2610626220703,186.8464635950991,183.6014746279775,184.35245552541525,2402000
2022-02-08,186.81863403320312,187.56961486430345,184.7140231278399,185.66897580776106,2407100
2022-02-09,188.7656707763672,189.22924068087985,187.36568061063926,187.87561033500936,2743700
2022-02-10,188.2742156982422,191.6860820980981,186.87422606872576,187.81064597128187,3538500
2022-02-11,186.5775909423828,189.73912644261205,185.54846535020027,188.5987486178785,3826700
2022-02-14,185.325927734375,187.00404808940817,183.67562043462755,186.3086934132103,2730500
2022-02-15,188.5894775390625,189.55369653982373,185.43719427532403,186.07692289035145,2752600
2022-02-16,188.802734375,190.4530419654669,188.2093655126639,188.31135144901992,2253900
2022-02-17,180.55116271972656,187.05967223469963,180.27301802276423,186.35505126315175,4699600
2022-02-18,177.96446228027344,181.36706327579236,177.25056075133008,179.27173265031763,4385200
2022-02-22,177.27841186523438,180.69954593023309,176.66649618647455,177.96448628048236,3488000
2022-02-23,173.0691375732422,178.30748450298879,172.79099287968478,177.75119511587394,3550400
2022-02-24,171.23345947265625,171.77120227800097,166.5792135103513,168.7672641006711,5919500
2022-02-25,173.43075561523438,174.23736265321497,170.70496254574604,171.4652239148543,3594600
2022-02-28,173.912841796875,175.01614014589933,170.28772269208858,170.90890450476886,5168500
2022-03-01,169.50892639160156,174.50620802284587,167.4784885043844,174.0889980528623,5110600
2022-03-02,178.5763702392578,179.4571500856722,171.52083687022835,171.70626197257425,5849900
2022-03-03,180.6531524658203,182.257099974892,178.32602307050863,179.2346300429778,4429700
2022-03-04,181.4041290283203,181.7286193848939,176.44392674200913,177.17637491401248,4334700
2022-03-07,182.3683624267578,188.67291474137903,179.51277066816385,180.59752233782964,6912300
2022-03-08,194.6992950439453,199.23300663408756,188.20931854248047,189.0159253806142,9318600
2022-03-09,194.49533081054688,198.03701063010058,192.33509399313257,197.08205803938878,4798300
2022-03-10,196.35888671875,201.6714067330526,193.01191224699124,194.13375737088327,4886300
2022-03-11,199.17739868164062,201.90319132422263,196.8317366640777,196.8317366640777,4045500
2022-03-14,199.74295043945312,202.56144849648615,197.4158210738,200.54029103240111,3530700
2022-03-15,200.68865966796875,201.54162646874448,195.172167300787,200.3734214276807,4364200
2022-03-16,200.3363494873047,203.49789928190094,196.85030928363614,201.65288617295124,4378700
2022-03-17,205.5468292236328,205.62100208304523,198.72308177498064,199.63168869251297,3600400
2022-03-18,204.81443786621094,205.54687201647627,202.1164578998751,203.4886207171097,4105100
2022-03-21,207.41038513183594,210.50702768688654,204.88856454351208,204.89783084564354,2902200
2022-03-22,206.48329162597656,209.39450975777413,205.21310059968457,208.1057861230905,2461500
2022-03-23,205.9826202392578,208.40245536090848,205.53759715568665,205.53759715568665,2001700
2022-03-24,206.0196990966797,208.60641238556852,205.37069005163573,206.32564271879411,2110900
2022-03-25,207.0859375,207.4938812582016,205.02768609964096,205.9084660428326,1581100
2022-03-28,205.68589782714844,206.45541114066745,203.08062402346192,206.14018711500597,3072500
2022-03-29,204.9349365234375,205.29652041137365,200.76280821016124,204.712432067494,3667800
2022-03-30,206.82630920410156,209.4223029830234,204.6197123699638,205.8249967116448,2507400
2022-03-31,206.58526611328125,208.78258258342635,206.22366806424117,206.94685001529282,3152100
2022-04-01,203.75746154785156,209.08851392589878,202.27403261862776,208.00376235705238,2618300
2022-04-04,204.7217254638672,205.22238885005424,200.81847504766708,203.191950538692,2181300
2022-04-05,200.2807159423828,206.16804437241723,199.4648285038279,203.9707278764339,3582100
2022-04-06,200.4568634033203,201.30983015581498,197.99066861959113,199.44627046608952,2783300
2022-04-07,200.16940307617188,200.5495336487685,197.9999001424174,199.76147359865703,2253600
2022-04-08,201.2171173095703,202.00519167167215,198.4356983567804,200.06745904948693,2450200
2022-04-11,200.30850219726562,202.82104245029234,200.03035750342906,201.21709499323998,2494700
2022-04-12,200.91114807128906,203.48859502214768,199.31646683085498,199.75222357370777,2508200
2022-04-13,202.36676025390625,203.67401631103874,200.63299961790432,201.12438246394555,1898900
2022-04-14,211.21170043945312,212.518970859064,202.6820177200798,203.8873022031176,5337900
2022-04-18,213.16795349121094,217.3030026879908,211.38784700356123,211.38784700356123,3644000
2022-04-19,215.24473571777344,215.96790348337314,210.9891682939689,213.4738956635621,2689400
2022-04-20,217.95196533203125,219.1479691170739,215.63411647595686,216.53344296387584,2907700
2022-04-21,215.62484741210938,220.56648866059243,214.771866594614,219.95458732216528,3571400
2022-04-22,201.50204467773438,214.06913009871232,200.84993735295905,212.7742261913465,5053700
2022-04-25,201.8746337890625,202.15411236341464,195.232436906091,200.57973013560596,4145500
2022-04-26,195.9125213623047,203.2720444272005,195.02751758334225,201.34366896902952,4176700
2022-04-27,199.32208251953125,200.80330037016728,193.11771834929348,196.6670575900088,3358300
2022-04-28,197.90611267089844,198.39054132347005,188.18035351203537,193.2388581719179,6092800
2022-04-29,196.13609313964844,202.34978372871802,195.78210015652778,198.14832213633935,3404000
2022-05-02,197.5614471435547,198.21355449166907,193.45314952812282,195.63305732676557,2639500
2022-05-03,199.00537109375,200.6263356419531,196.36898134813615,197.40304224330714,2121100
2022-05-04,207.3616943359375,208.0138015986428,199.2010072736421,200.24437889397058,3023700
2022-05-05,201.1573486328125,207.88340037154904,199.14513377138778,207.18471090462938,3005600
2022-05-06,199.96487426757812,202.1634171920561,195.95906694019575,202.1634171920561,2268400
2022-05-09,192.17684936523438,197.54279325537462,191.38500987788575,197.5241575571803,2929900
2022-05-10,189.10260009765625,195.1858540233829,187.61205718342833,193.99342537794882,3040400
2022-05-11,191.17074584960938,195.36288233505255,189.66156704873652,191.49679238066477,2552400
2022-05-12,189.139892578125,191.2918538287533,185.6650809962636,189.6802141300157,3282000
2022-05-13,190.35093688964844,192.3352192827848,189.0373974402519,191.11482988870824,2323800
2022-05-16,193.01527404785156,194.8970814402577,189.7453986251012,190.99373446424755,2540800
2022-05-17,198.51162719726562,199.14511297284636,194.83186589877448,198.24147355281568,2275900
2022-05-18,193.71397399902344,202.99256158730228,193.32270962745724,199.21032511395634,4723300
2022-05-19,192.6146697998047,194.96226993392114,187.91017300604238,191.7762482879128,2887700
2022-05-20,184.2863311767578,192.49360075333044,180.76492336620308,192.32590789812647,5404500
2022-05-23,190.18325805664062,191.43159398076241,185.53465345797747,186.251964374784,3246600
2022-05-24,191.5806427001953,191.62722484012747,187.5189274369075,188.18967045028518,2467800
2022-05-25,194.99026489257812,195.7169008410039,190.80745281777132,190.97513147592755,3080200
2022-05-26,198.41848754882812,199.02401270273276,196.00566924518427,197.07700156769545,2016000
2022-05-27,202.28453063964844,202.74101277778124,199.5084090648681,200.290937688921,2020400
2022-05-31,201.0828094482422,203.169552634382,198.88426629507924,200.09531651637604,3773500
2022-06-01,202.6851348876953,204.01729579509112,199.63884525798812,203.5142457038385,2314000
2022-06-02,204.94888305664062,205.73141174401493,202.38702201843262,204.5669294539204,1784100
2022-06-03,207.65049743652344,208.76841192079058,203.31862856204427,203.31862856204427,2222500
2022-06-06,208.33053588867188,209.38321817093,207.04494294278803,207.65046802360138,1565400
2022-06-07,211.56317138671875,211.72153928978088,206.48601667237543,206.81207743536248,1799000
2022-06-08,214.0784149169922,216.45396149708014,209.25279318869093,209.87695395501083,4171300
2022-06-09,208.36781311035156,212.59722098691952,208.32123097314533,211.87057091922213,3045700
2022-06-10,200.45863342285156,205.15383399791992,200.30026553647232,204.48309105862444,2604100
2022-06-13,192.7264862060547,195.51191881462375,190.8819359786871,195.24176517125264,3559400
2022-06-14,192.54946899414062,195.38148353803018,191.2266188796046,193.82573697625457,2359000
2022-06-15,191.90670776367188,194.37540487176966,189.2330606071803,193.28545100433365,2343100
2022-06-16,181.46363830566406,187.48169037292502,180.02900205996403,187.31401170902333,4789900
2022-06-17,179.46072387695312,184.21181809421657,177.81181270062652,182.2927390214662,7226100
2022-06-21,182.93548583984375,184.84523943546142,180.6065215073515,183.615553659638,2755400
2022-06-22,174.97979736328125,179.60045589105903,174.8680115937803,177.00133724604328,4008700
2022-06-23,166.44644165039062,174.42081422981343,163.97774484071132,173.81528911494777,6667900
2022-06-24,172.79986572265625,172.90234073551542,167.0985506120209,168.93377588739838,4868900
2022-06-27,174.7561798095703,177.07583360873352,173.10728314997948,175.21266197675803,3061100
2022-06-28,174.61643981933594,179.88921871374987,174.60711486407507,176.97335069126248,3327200
2022-06-29,170.92735290527344,174.7375495035471,169.6697206461245,174.50465306131161,2436900
2022-06-30,166.5302734375,169.67903800816197,165.00247328540812,167.9276521454452,4197100
2022-07-01,166.09242248535156,168.9151404768355,161.83508286187708,167.04264396125097,3423100
2022-07-05,161.87234497070312,162.487195015894,158.92854461908902,161.88166992630596,3724900
2022-07-06,160.52154541015625,162.72008844602232,157.70815234051815,161.61149908009517,3190600
2022-07-07,167.94627380371094,170.01439525579292,164.2665130233404,170.01439525579292,4677600
2022-07-08,166.8470458984375,168.84063922182875,164.32244177133137,167.8997283341669,2491100
2022-07-11,163.04615783691406,167.47119058071226,162.6735149716711,165.2726474278303,2773300
2022-07-12,162.55242919921875,165.11429043037884,160.79173241258,162.78532567477876,2718400
2022-07-13,161.974853515625,163.26044674632445,160.10237077015458,160.46568874210777,2389000
2022-07-14,158.31369018554688,159.02169026304142,155.6493542784447,158.1366866124555,2531200
2022-07-15,161.51837158203125,161.51837158203125,157.62433503930478,160.4656749422141,2282100
2022-07-18,161.6208038330078,164.61118588868914,160.8941681438776,164.08018944580292,2476400
2022-07-19,168.37496948242188,168.57195707926996,162.17429748406306,163.1311230107966,2671400
2022-07-20,168.82525634765625,169.6038598423853,166.10484622563703,167.7089454855011,2175900
2022-07-21,169.78208923339844,169.8571369023675,165.55136456777726,167.37123117710937,2214500
2022-07-22,167.558837890625,171.47999616537854,166.35810385287246,170.25112104188793,1961500
2022-07-25,170.55128479003906,171.29237149671542,166.76147094731556,168.0747692309629,1845600
2022-07-26,170.0072021484375,172.27734024701837,169.3974595762366,169.94154439035765,1767700
2022-07-27,173.77828979492188,174.65069215237972,169.15358968210808,171.59257463476143,1856500
2022-07-28,176.20787048339844,177.78384272742116,172.79328065420646,175.2791861009478,2229200
2022-07-29,185.97325134277344,187.1364687614197,177.4086274192827,177.47429949848961,5188100
2022-08-01,182.7931671142578,184.97888205188713,181.4235722748863,182.99954461490117,3185100
2022-08-02,172.14599609375,177.73692477990332,171.8176787029122,176.35795452230494,8193100
2022-08-03,171.5456085205078,173.9564658623738,170.35426470259446,171.9677533225972,4155900
2022-08-04,172.26797485351562,174.41615883925616,169.90402345903786,171.5362779980142,2478900
2022-08-05,173.9095916748047,174.57563071737187,171.88334777745183,172.21167950379353,1908500
2022-08-08,174.30360412597656,176.3579893775636,172.75578707241678,175.20416185920305,2655000
2022-08-09,174.50997924804688,176.2454226112234,173.69385910160526,174.43493157848405,2460000
2022-08-10,178.9095458984375,179.6600082610175,175.8420386851016,177.04277273967804,2304300
2022-08-11,181.9864501953125,183.46860960013586,180.0258779558593,180.88890476489306,2538900
2022-08-12,184.65057373046875,184.77252799101385,181.79883366308113,182.82133139169375,1864800
2022-08-15,183.815673828125,184.33161760531777,181.11402931879792,181.42358127123435,1752400
2022-08-16,185.28846740722656,186.1139631810351,182.87760922562703,183.22470650188515,1959300
2022-08-17,183.79690551757812,184.70683880690623,181.8644745943053,182.92450321904155,1576200
2022-08-18,185.12896728515625,185.39162694185342,183.15900554604968,184.8475421347299,1750900
2022-08-19,183.48733520507812,185.0070109608174,181.80817422525578,183.17776897448724,2003600
2022-08-22,179.88514709472656,181.92076688507913,179.68815948069107,181.15155329761697,2008900
2022-08-23,184.99761962890625,185.87002176589047,180.56051834854944,180.81380239091234,2444900
2022-08-24,182.13653564453125,186.3766217826332,181.47049649790466,185.32598299639625,2503200
2022-08-25,186.5642547607422,186.5923958496694,182.5211560942198,183.38418288704227,1888700
2022-08-26,180.03521728515625,187.96194222862204,179.85698087858245,187.0520090158131,2560400
2022-08-29,179.9038848876953,181.20780756879336,177.29603952549922,178.23411380870294,1996600
2022-08-30,175.3636474609375,180.07278540889578,173.159166683758,179.64126484536334,2691200
2022-08-31,173.27174377441406,176.41428469908243,173.07474183519335,175.07284506121218,2656600
2022-09-01,171.14227294921875,171.86459414855057,168.94718258197284,170.98280204020114,2686200
2022-09-02,169.6319580078125,174.23790572995708,168.71264930672066,173.40302027088998,2185400
2022-09-06,169.47254943847656,172.28677305194626,168.46880281234257,171.57382724231644,2141700
2022-09-07,169.66012573242188,170.57943457788474,167.1554689618818,168.01849563715612,2166900
2022-09-08,171.80833435058594,171.93028861276343,167.05230420611056,168.55321477760654,2245700
2022-09-09,177.75570678710938,178.00897654571799,175.6262740879499,175.93584032901626,2279600
2022-09-12,180.4854736328125,180.7668987606996,178.80632708241785,179.03147004750286,1937200
2022-09-13,172.89646911621094,178.28102066317854,172.13663123585349,176.21726009969316,2207500
2022-09-14,173.2154083251953,173.67506987074393,170.6075629982715,172.53061811560443,2295000
2022-09-15,171.18922424316406,174.9884145966247,170.4293718585907,173.23421982532898,1933100
2022-09-16,168.35617065429688,169.17229059312444,166.76144744493953,168.85334881402812,5088300
2022-09-19,170.83274841308594,171.41435002484175,165.85157508948438,166.27370575330332,2923700
2022-09-20,166.96786499023438,169.5288040541818,165.391892579735,169.40684980365316,2512400
2022-09-21,161.3019256591797,169.31309081119994,161.23626787997037,168.17801423968908,4061900
2022-09-22,159.98855590820312,163.8065104168778,159.74464745801242,162.00540969040796,2508400
2022-09-23,154.06932067871094,158.94730393827913,151.71474513954445,158.21560716503777,4047200
2022-09-26,152.54965209960938,155.57964267295304,152.17442807069037,153.8441993329745,3213400
2022-09-27,152.3808135986328,154.37891672676534,150.6547600725784,154.27572796630122,2753500
2022-09-28,157.37132263183594,158.0467372009153,153.41264836290614,154.31320589297073,3694800
2022-09-29,155.6265411376953,156.2738147801502,153.4126849256147,155.43892911576572,3518100
2022-09-30,153.91925048828125,157.3901229329851,153.7410140606494,155.61716287550334,2963000
2022-10-03,160.62644958496094,162.6339279044732,155.7672318477206,157.06176457739303,3444700
2022-10-04,168.50633239746094,169.03165184401848,163.42197016273434,163.50639343509934,4008200
2022-10-05,167.33370971679688,169.097279788586,165.74836175060113,166.17986794249086,3067400
2022-10-06,167.73709106445312,169.77271091481862,165.93598982791613,166.4237925525658,2415000
2022-10-07,166.55511474609375,167.87780310260467,164.29435197739855,165.77651126631525,2759200
2022-10-10,167.60574340820312,169.94155370679422,165.16675867181297,168.675147601101,2633900
2022-10-11,168.6188507080078,171.74263975728738,165.72958022716773,165.87029995655794,2542400
2022-10-12,168.3843536376953,169.90402957476405,167.70893892924713,168.36558814193862,2260800
2022-10-13,171.79893493652344,173.49684721041464,162.0148263907841,162.9904174112832,3745900
2022-10-14,167.1554412841797,172.9152162064499,166.53630888686496,172.3711314615863,2830200
2022-10-17,169.60382080078125,172.89645613983436,168.1028963324164,171.01093212216958,2940000
2022-10-18,172.18356323242188,174.04094658237753,169.70704732785438,173.44995511534992,2674000
2022-10-19,172.99032592773438,174.2004357622398,170.72956289581543,171.61135523615766,2088700
2022-10-20,169.3599090576172,174.23790632820285,169.28487571814395,173.11220584183616,2953900
2022-10-21,179.63449096679688,179.81392000488663,169.23718917891608,169.72824144040197,3483800
2022-10-24,180.65438842773438,181.44763998174565,177.9629817291855,178.15184908828496,2919500
2022-10-25,183.9973602294922,184.78117335190092,178.40680358751624,179.70055995082802,2545000
2022-10-26,185.9994354248047,188.47363118029412,183.74243643015072,187.26486268832545,3546000
2022-10-27,200.3346405029297,205.04695764942178,195.830081749888,198.45537663841148,7872200
2022-10-28,207.13401794433594,207.28511761595018,199.45645140478172,200.67465828423423,5161000
2022-10-31,204.41427612304688,206.6901516642542,203.0449552948272,203.3565929337537,3786100
2022-11-01,206.34071350097656,207.2567352125404,204.65033138737198,206.46348375396576,2717500
2022-11-02,202.60108947753906,209.36264717308643,202.02503469937767,205.49081610202975,3150000
2022-11-03,207.05841064453125,209.44761770144143,199.59804294732896,199.76801922347886,3570400
2022-11-04,215.17044067382812,216.94581124669335,211.15694781287857,211.55357361350772,4973800
2022-11-07,215.8881378173828,216.37920449748847,210.27868913936274,215.31208298389055,3405600
2022-11-08,217.0213623046875,219.6844397935383,214.0560999035004,215.88814366652713,3676600
2022-11-09,212.98895263671875,216.38862255025302,212.53566811813252,213.48947200452534,6248300
2022-11-10,219.5144500732422,219.64665867480267,213.7350249055169,219.297253315605,4590800
2022-11-11,223.3296356201172,225.13333558309301,219.08949325710455,220.0338445211438,3585400
2022-11-14,223.3390655517578,226.5026479312583,221.4503630946605,222.86688993748348,3217700
2022-11-15,221.5353546142578,226.07768178707542,219.79775178563415,223.90568545612405,3371000
2022-11-16,219.486083984375,221.60143566526042,217.99400749647202,220.97816047227798,3062000
2022-11-17,217.61630249023438,217.70129064368834,212.96064337461922,215.0759953439637,3256900
2022-11-18,218.5511932373047,218.93838069105536,214.96267017320912,218.0034822169451,2868700
2022-11-21,219.25001525878906,220.6665420515785,215.56705136139882,218.66452212885923,2522600
2022-11-22,224.05677795410156,224.26453638703575,220.3738137514628,220.97819799009216,2523300
2022-11-23,223.7356719970703,226.29486994544814,222.49857430016127,224.4061676516255,2311300
2022-11-25,222.5835723876953,224.273969085582,222.10195846873302,223.81123181544956,1034800
2022-11-28,219.372802734375,221.88478056896255,218.68343034250861,220.92153823959876,2862100
2022-11-29,222.03585815429688,222.61191298505062,218.6645317324133,220.31714639658236,2277900
2022-11-30,223.2540740966797,223.58458837598835,217.9468104721858,222.77244575506512,3850000
2022-12-01,222.57411193847656,223.81120956767305,219.03279533139312,223.71676869428916,2504700
2022-12-02,222.98963928222656,225.1994174913403,220.5909793174034,220.87428754131267,2218300
2022-12-05,219.62774658203125,222.78187586001906,219.33498563113866,221.73364554192676,2064500
2022-12-06,215.5859375,220.08105860916407,213.00786265834526,219.64665070000507,3633800
2022-12-07,216.23751831054688,217.04966086097846,213.21559756812286,214.36770710268058,3044000
2022-12-08,218.069580078125,219.5616567217801,216.76637079488,218.06014175348406,2189400
2022-12-09,214.6416015625,219.85442479568695,214.54717507788712,219.089502544933,2257000
2022-12-12,220.09046936035156,220.4115452823074,214.38659494516313,214.88709988516914,2709200
2022-12-13,222.38528442382812,224.68005107950734,219.21226359930333,224.5856245988687,2945200
2022-12-14,221.43145751953125,224.96333607024852,220.14713935651181,222.92353409198438,3513800
2022-12-15,217.8240509033203,219.96771774895328,215.04765607419822,219.24057770106376,2953200
2022-12-16,219.76942443847656,220.24160006430526,215.3593058223954,215.9070312775155,7610700
2022-12-19,219.3633270263672,223.7451158805251,218.07900885826976,220.88373298705858,2622400
2022-12-20,222.0547637939453,222.60248927633543,218.9572926870654,219.5050181694555,2649900
2022-12-21,228.27804565429688,228.44803638872062,224.4345431889595,224.4345431889595,4143600
2022-12-22,224.32119750976562,227.39979191570905,220.07161673463273,226.78595493572897,3129900
2022-12-23,226.521484375,227.1541978566669,223.3390259107437,223.76398100623297,1959900
2022-12-27,229.6095428466797,231.41325703929843,226.37986357515194,227.295885362622,3381500
2022-12-28,226.0587921142578,230.25171369674342,225.0200000430454,229.6095473955424,2270000
2022-12-29,226.83316040039062,228.16469908030706,225.01056946051062,227.78696435577262,1652500
2022-12-30,226.22874450683594,226.7953609239261,224.4722509054413,226.068206550913,1521100
2023-01-03,225.5866241455078,227.28644481454265,223.05575538175557,227.28644481454265,2651900
2023-01-04,227.92861938476562,228.65577388550548,225.27499466490653,226.64430110213394,2387900
2023-01-05,226.90870666503906,228.0985839973334,224.3400702314923,227.1447944665808,2355900
2023-01-06,235.01123046875,236.00280206958718,228.75963039492666,229.37345288562554,3945100
2023-01-09,232.89588928222656,237.0038227828334,232.31039614692986,235.15288808304018,3417100
2023-01-10,236.56942749023438,236.88106513326346,232.7353637039208,233.207539330997,3011900
2023-01-11,236.7771453857422,237.87259611134954,233.37749009856452,237.4948614382145,2402400
2023-01-12,240.87567138671875,243.05712038836748,237.04159334875214,237.9765062393113,3881500
2023-01-13,244.07699584960938,244.1903133791615,241.0267455987042,242.50936944574707,3067800
2023-01-17,241.99945068359375,246.00349059821406,241.69725137927588,244.45474077806887,4100100
2023-01-18,238.75088500976562,244.50198054514786,238.04262158689622,242.96268342835498,3361400
2023-01-19,233.18109130859375,238.3997932503934,231.80525460143102,237.66917092459596,4885200
2023-01-20,236.93856811523438,237.137819540267,232.24172468504364,234.24380914260337,2964100
2023-01-23,239.775634765625,240.70550853086453,236.52106934809814,237.92537057210558,2610200
2023-01-24,244.43447875976562,245.80083203096189,236.97649369817483,239.94641394797293,3505100
2023-01-25,245.2220916748047,245.93373293397008,241.3128136575374,241.51206510221175,2424900
2023-01-26,248.71385192871094,248.8467055193871,243.7513591310394,246.7022840915071,2677200
2023-01-27,251.01004028320312,252.43332238898284,248.71379907824246,249.03640621407604,2783000
2023-01-30,248.12557983398438,251.44657229830156,247.94529506938093,249.87146954041467,3426900
2023-01-31,239.38658142089844,244.22576137882496,233.8073248021513,243.85569409166294,10992100
2023-02-01,236.77725219726562,239.77563724246204,232.76359990857443,238.87422795716705,6022000
2023-02-02,232.3745574951172,236.76776028261318,229.43311601396005,236.57799219969607,6130300
2023-02-03,235.08828735351562,238.11513683378163,230.69509896431347,231.52059810315805,4134700
2023-02-06,238.5611114501953,239.2442881772153,235.31602923603913,235.4204038603999,3528800
2023-02-07,236.89112854003906,239.11144563180954,232.8015660523211,237.73560886015915,3467900
2023-02-08,236.14149475097656,238.69391653689067,234.44305099128357,235.41088696298394,2300300
2023-02-09,233.68397521972656,239.08296172333354,232.92488843131787,237.21371647920728,2464900
2023-02-10,235.00291442871094,235.91382159267042,232.12788495758187,233.68400656729654,2820300
2023-02-13,235.45835876464844,235.67660583565683,230.2396563465223,231.04618887522028,3068100
2023-02-14,231.86221313476562,234.66133254650154,229.29080966153816,234.37667314498736,2512900
2023-02-15,235.98019409179688,236.04662087973298,230.78995699656875,231.71034734292826,2398200
2023-02-16,233.91172790527344,235.81892115541825,232.0140179924767,233.89274675219974,1934900
2023-02-17,235.11672973632812,238.02972098655744,233.0672143264357,235.18315652342156,3759300
2023-02-21,228.39886474609375,235.31601045719253,227.48795768996737,231.9950183741273,3105900
2023-02-22,225.7230987548828,229.84112567693484,224.3282808492882,228.85432292006206,3145200
2023-02-23,225.78001403808594,228.5127207042373,223.55021377451564,228.36090044981194,3219000
2023-02-24,224.091064453125,224.5844730648852,221.10217725002195,223.1991385128429,2105500
2023-02-27,227.70619201660156,228.91124177856264,226.5106400696835,226.8712095602805,1720900
2023-02-28,227.29818725585938,228.76891520166316,226.50115263898715,228.61709494748473,2647700
2023-03-01,235.9517364501953,236.92905579835232,229.21487562689825,229.63235960373015,4117700
2023-03-02,239.2822265625,239.5763837492743,233.54166588432318,233.9022209083051,2676500
2023-03-03,242.2521514892578,242.33754495872097,237.1283406241859,239.48149681244925,2314700
2023-03-06,240.9901580810547,242.62218963097848,238.71291216312108,242.57474399135978,2317100
2023-03-07,233.5511474609375,241.7207888324063,233.37086271111687,241.05659328968056,3018400
2023-03-08,235.9991912841797,238.26695391025902,234.12994597767843,235.30653126289232,2068600
2023-03-09,228.6360626220703,237.33705953932594,228.30395764542774,236.21740332872776,2518800
2023-03-10,215.39952087402344,225.95079599432387,214.251414684903,224.2238733252335,5767500
2023-03-13,213.2076873779297,216.6520352050163,210.20930250007265,211.19611967732058,4885100
2023-03-14,214.12808227539062,217.84759172392134,210.8355546336517,217.27828747432451,3754900
2023-03-15,206.14820861816406,209.8677180572989,201.69809133664003,208.1787575078544,5471700
2023-03-16,207.52406311035156,208.5677948211758,202.40973574001987,204.63953608476496,3555000
2023-03-17,204.01329040527344,206.28105307680482,200.61638806645146,206.28105307680482,7203000
2023-03-20,209.04220581054688,210.52241703255814,205.40809006503167,206.23360361451927,3464200
2023-03-21,213.4164276123047,214.44119257084478,212.17343009580142,212.60041187559918,3074600
2023-03-22,208.7006378173828,215.0010339390193,208.61524434895998,213.65366168318727,2930200
2023-03-23,208.2167205810547,213.77701084771277,206.47083104817867,209.23198779046427,2957400
2023-03-24,205.91099548339844,206.30951280176097,202.23893167404765,205.7591897038151,2976800
2023-03-27,206.85035705566406,207.7612640810735,202.97902753483183,203.93736571998446,3209500
2023-03-28,208.89990234375,209.27943851982096,206.5752106889671,206.9926946912943,1802000
2023-03-29,211.59463500976562,211.80338423844896,210.17135271149365,211.34793795694725,1857300
2023-03-30,213.05587768554688,214.76381943978137,212.5340190614666,213.53980296163328,1921100
2023-03-31,217.13595581054688,217.34470505063305,213.39746511966504,214.80178082176792,2746700
2023-04-03,218.11326599121094,221.88971882693826,217.15492777744424,218.2461050948853,2242500
2023-04-04,206.32850646972656,217.75272820263268,205.18988342270958,217.19289277724192,4282100
2023-04-05,202.60899353027344,206.73651829738967,200.73026480904318,205.14243447454479,4265300
2023-04-06,198.47198486328125,202.1061009989302,198.25375228234543,201.79297713321674,4180100
2023-04-10,204.5067138671875,205.0380703425287,198.6143325151057,199.46829621070717,3839000
2023-04-11,209.31739807128906,211.4997527725579,205.113963308625,205.113963308625,3882000
2023-04-12,209.22250366210938,211.8033901263248,208.64370159892042,210.78810844237995,2385100
2023-04-13,210.3326873779297,210.81659821862465,205.57892901154787,208.69117227200047,2909100
2023-04-14,212.23985290527344,214.2798995871492,210.1144272372652,211.58515519899507,2246900
2023-04-17,213.7200927734375,215.31416212954736,212.82816680964285,213.5018457119116,1751800
2023-04-18,213.68211364746094,215.86448274228903,212.60041967571155,214.02370197950688,2567100
2023-04-19,213.16024780273438,213.6346752534223,211.03482208981362,213.30258472496683,2078400
2023-04-20,210.90199279785156,212.75225704596792,209.63051616726872,211.04431524833072,2826800
2023-04-21,210.13877868652344,210.82566375592313,207.49617958777648,210.52037503309325,2712500
2023-04-24,213.15342712402344,213.40147785331433,210.38681718830466,210.38681718830466,2790700
2023-04-25,208.57421875,212.96263513964544,208.23077620150877,212.13265504619503,2505600
2023-04-26,206.2464141845703,210.2532336506826,206.17962682426815,207.71557598459057,3254700
2023-04-27,204.4720001220703,206.14150974347962,194.65527539628104,200.79907313218234,7711100
2023-04-28,208.73638916015625,210.41543346168552,203.20315480341165,203.43212134510688,4669500
2023-05-01,207.27676391601562,211.75105171321118,206.57079465708944,209.25154758710187,2876400
2023-05-02,205.25425720214844,207.124114202282,200.90399488151323,207.124114202282,2858000
2023-05-03,205.7217254638672,209.08936338734028,204.97760241067277,205.7217254638672,2635100
2023-05-04,200.7036895751953,206.95241419830572,199.7019808497373,206.11289922430535,3211000
2023-05-05,205.19703674316406,205.75989648692587,202.63075965354378,203.766028512399,2716600
2023-05-08,204.91082763671875,208.07813277117796,203.80419235945647,206.4849453897969,2414100
2023-05-09,203.6706085205078,205.48321287258656,202.20143212161048,203.9091098593059,4111900
2023-05-10,203.3653106689453,206.05561263687954,200.52237891434254,205.52135743415917,2446100
2023-05-11,200.36976623535156,200.60826760110874,198.8338168575967,199.38714177298948,3263300
2023-05-12,199.9022674560547,202.77383277290403,198.36631831542726,201.9724718013504,2172600
2023-05-15,201.57179260253906,203.49888756776693,199.53022164865288,200.6368713955732,1925600
2023-05-16,197.66990661621094,200.59871004298412,197.5268116357681,200.38882770035696,2771500
2023-05-17,202.34454345703125,204.0045034733571,199.0532133067991,199.65424134414005,2897400
2023-05-18,204.8440399169922,205.7408073188868,200.5605504458654,201.29513867717841,2643600
2023-05-19,204.90127563476562,209.77624373936735,203.15544403159865,209.36602841074298,4402100
2023-05-22,204.4051971435547,207.17182161055413,202.14420894427366,204.3956623298119,2540600
2023-05-23,202.9264678955078,205.35916969453453,201.62902014277648,203.39392116252202,2298300
2023-05-24,200.054931640625,202.70706551686214,199.59701311960416,202.06788363875853,2964000
2023-05-25,200.32205200195312,202.04879946568056,199.005534434325,200.04539683799982,2243600
2023-05-26,202.058349609375,203.47027354623344,200.54148449469122,202.00111161364615,1973900
2023-05-30,200.2457275390625,203.09820892417255,198.67162445262093,201.4668532859066,2885900
2023-05-31,196.28663635253906,201.08528296855638,196.1435413468801,199.51117967843177,5937000
2023-06-01,199.4539031982422,200.88491120664295,196.56325362886372,198.12782180243656,2989100
2023-06-02,216.20623779296875,217.30333812605275,204.1666803402431,205.0634477011128,8358200
2023-06-05,212.23756408691406,216.54967219670752,210.59667377673512,216.54967219670752,3438400
2023-06-06,216.25392150878906,217.7708010488296,211.26447770210865,211.6556233816082,3230100
2023-06-07,224.7159881591797,225.48873024972391,215.8723535026853,217.3319806863729,5586400
2023-06-08,223.6665496826172,225.4123812065785,221.08120335582447,223.75240666978752,3546800
2023-06-09,224.2198944091797,224.96401747790105,220.78546904818282,224.85907629862152,2488500
2023-06-12,226.95787048339844,227.90234103514274,222.5885387223549,224.41067790599098,3644200
2023-06-13,234.15109252929688,235.3340499332102,228.65601199562352,229.0376228976661,4335100
2023-06-14,232.12860107421875,236.89862807748347,230.4590916230761,235.44853579254018,3122400
2023-06-15,236.27850341796875,236.95585362190752,232.28121867014968,232.77730552837386,2743900
2023-06-16,233.98890686035156,239.35041251177404,233.7027023310052,237.92893923543292,5261200
2023-06-20,230.0584259033203,232.03322432202785,229.48603132406336,231.18415998937303,2979800
2023-06-21,230.3732147216797,233.97935388781244,227.08189907728448,227.85464110474624,2892500
2023-06-22,226.4236297607422,229.8962087059181,225.09756288610825,229.1807046824041,2421600
2023-06-23,223.65701293945312,225.01169876754756,220.64235258889389,223.65701293945312,3354000
2023-06-26,226.05157470703125,228.5987673566552,224.31529246333682,224.6301159895106,1748300
2023-06-27,229.61956787109375,229.76266286193132,224.4965634015639,226.55720405446232,2283000
2023-06-28,230.7452850341797,230.9170135784777,226.9197285610957,228.28394931700245,2200100
2023-06-29,233.00625610351562,235.50574529257247,230.26825103618745,230.8120410361083,2070000
2023-06-30,234.7330322265625,235.57254708213227,232.67237706322663,235.22911911187683,2377900
2023-07-03,235.9541473388672,236.96539069093782,233.9888986271878,234.63761528437783,1045700
2023-07-05,233.5691375732422,236.1163301761856,232.89178735231783,233.73131674006254,1820600
2023-07-06,229.51461791992188,232.6532892403924,227.85464330481418,231.58480786439682,3079700
2023-07-07,233.90304565429688,236.40254979367893,229.0662456666433,229.14256784830826,2903900
2023-07-10,237.3660888671875,237.89079476543031,232.86318207003274,233.26386260406335,2771900
2023-07-11,241.2202911376953,242.76577535512354,238.34872533004364,238.34872533004364,3293300
2023-07-12,241.935791015625,245.78998123447928,239.8751357237802,243.73886075674716,2986200
2023-07-13,244.091796875,244.66419132137105,241.1153049943668,242.85158707241428,1949400
2023-07-14,243.86285400390625,244.6833137814801,241.27750753968078,244.6833137814801,1936800
2023-07-17,245.6182098388672,246.94429125318507,240.41888358048774,242.5749449930355,2674500
2023-07-18,251.6761474609375,252.01005515410998,245.11258603626442,245.78040142260937,3832400
2023-07-19,251.90626525878906,252.0692622050285,248.98215095236984,249.40399442228193,2771900
2023-07-20,250.31475830078125,254.4468813705604,249.6915897865617,253.26766244962025,2102300
2023-07-21,247.0167236328125,250.95711826942903,246.88251667692427,250.94752160896874,2249900
2023-07-24,248.665771484375,251.60907932302695,247.44819503449028,247.63992346116564,2195300
2023-07-25,251.24472045898438,252.98961565728493,248.73285315014607,249.36561830748948,2016600
2023-07-26,247.65908813476562,251.70492904764234,246.6332402302286,249.77787279345188,2622800
2023-07-27,247.63987731933594,250.32433811563877,246.2209760454806,248.28223911139082,2284400
2023-07-28,249.68199157714844,252.1267700905364,248.30141834227575,249.20262668332074,2101200
2023-07-31,254.22645568847656,254.26478382394575,250.86130391052123,251.90631613537022,3568700
2023-08-01,276.7373962402344,276.8620358159447,259.3364533720682,261.4935957753479,11823200
2023-08-02,275.701904296875,281.75148630718365,274.28297382110077,275.87446861933034,6288300
2023-08-03,269.8345642089844,276.0567124081643,269.45104881100985,273.7557663109024,4743500
2023-08-04,265.0312805175781,271.7999108781631,263.9958359011181,271.51230362809804,3888200
2023-08-07,270.0262451171875,270.3234490176191,264.5039813074654,265.6832002484965,2438200
2023-08-08,271.215087890625,272.23133914069166,263.43977397763007,266.5268851122038,2519500
2023-08-09,272.7873840332031,275.2704906606234,272.164215525769,272.91202358631216,3088600
2023-08-10,272.1067199707031,275.7882391773787,269.5852557197649,272.7490526019992,2647100
2023-08-11,273.4489440917969,274.23510963416936,270.94664383085876,272.2217709863362,1874100
2023-08-14,272.7970275878906,273.81327899209043,269.66196193283173,272.3368266799429,2194000
2023-08-15,265.9228515625,270.97537579443065,265.61605103729835,270.86030365389865,2593600
2023-08-16,263.1809387207031,270.0837760395317,262.7686626518027,265.5681666685936,2831300
2023-08-17,263.813720703125,268.01293310815055,263.32475908921793,265.58734762001393,2534700
2023-08-18,262.50018310546875,264.3121963027155,259.92119784284984,261.74280769979913,2533000
2023-08-21,261.4935607910156,264.8395185307501,257.70656626421606,263.41102044851164,2207400
2023-08-22,259.048828125,262.8166295728434,258.5407024533426,262.6344685529932,1668800
2023-08-23,261.7619934082031,262.4618766878628,258.00375975762125,259.1446505484348,1677800
2023-08-24,258.1859130859375,263.3534805446604,258.0900635162694,260.3910090924009,1433600
2023-08-25,261.3114013671875,262.32765265117274,257.7353285513559,260.31431414697295,1291700
2023-08-28,263.4493713378906,265.56815601490797,261.7715941789517,262.2126016970301,1550700
2023-08-29,268.4731140136719,268.5689928486119,262.14549126309436,263.6507041231261,2065800
2023-08-30,270.67822265625,272.0971535610212,268.2622336371049,268.47315540324496,1431000
2023-08-31,269.5277099609375,273.0558285585585,269.24967013016783,271.93413109122736,2579000
2023-09-01,274.43646240234375,275.22262802401224,271.94375855160723,273.04629219959133,2336600
2023-09-05,270.0071105957031,277.4660281627789,269.7674281169949,274.5227203022941,2515600
2023-09-06,271.224609375,272.72982193213755,267.5239270075276,268.84697859236917,1688900
2023-09-07,269.8153381347656,271.78075190741885,266.19134042546693,269.33597320359854,1593200
2023-09-08,270.6302795410156,271.69448496208537,267.6006894952259,269.94958949287036,1240100
2023-09-11,270.4096984863281,273.23796278683875,268.39638953543806,272.81611938083495,1515300
2023-09-12,270.17962646484375,272.9599368672083,268.27176363935854,268.6936070668191,1587300
2023-09-13,264.53277587890625,271.0712917831283,261.7620323297722,268.6457062239534,2119300
2023-09-14,270.898681640625,271.49308941710046,266.36387929275816,267.4856059979311,2660500
2023-09-15,267.62945556640625,270.2372021605426,265.8845600623492,270.2372021605426,4940900
2023-09-18,269.3455505371094,271.08084912276354,267.3418087795891,267.5431338439608,1363200
2023-09-19,268.12799072265625,271.7999131841671,266.1913376954109,268.52104421504225,2313500
2023-09-20,267.1116638183594,274.77193390632607,266.6035382550166,269.88240665526627,2380300
2023-09-21,260.8033142089844,264.8107984868397,260.39106734123976,264.8107984868397,2277600
2023-09-22,261.7908020019531,263.74661932357066,260.40063184892705,260.7841472415664,1707800
2023-09-25,262.9508056640625,263.48769199906286,258.92415815155994,259.57608737861597,1257400
2023-09-26,258.39691162109375,262.1359822092478,258.0421861851585,259.9596462783168,1756400
2023-09-27,261.4552001953125,262.9124882423081,258.0900784332422,259.81578040055456,1991600
2023-09-28,264.8395690917969,266.7666257780745,260.9854849773596,262.20306155939903,1994700
2023-09-29,261.7332458496094,268.01291458707834,260.16091487094104,267.56231039276366,2257800
2023-10-02,260.5060729980469,265.38600436710834,259.0871423035444,261.3881173234106,1778200
2023-10-03,257.8695983886719,262.28932945827034,256.49862156847297,260.0171441354515,2187900
2023-10-04,254.09213256835938,256.76699663781704,251.93499073191808,256.4601961102437,2970100
2023-10-05,250.03672790527344,254.96461327427397,249.68200254955016,253.00879622923645,2639300
2023-10-06,255.0605010986328,257.3422828552472,247.61115133343705,250.77497743811344,2293400
2023-10-09,260.1034240722656,260.40062801650544,253.72787574804238,255.06052442418274,1640800
2023-10-10,261.93450927734375,263.74652228912583,260.6114577306024,261.39762303491335,2009000
2023-10-11,261.5702819824219,263.08509170300954,258.76121022297457,262.24140465733285,1538200
2023-10-12,258.4831848144531,262.5002659104028,255.20434455386163,262.5002659104028,1910500
2023-10-13,256.882080078125,262.63445921683086,255.1180206532288,259.3268295088297,1918300
2023-10-16,259.614501953125,262.6632562966612,258.4544176004138,260.8895999651176,1678600
2023-10-17,261.39764404296875,264.18755095094616,257.4956071839754,257.4956071839754,2110100
2023-10-18,248.52195739746094,257.89833433029736,248.0713531894589,257.41896939659796,4257100
2023-10-19,242.45318603515625,249.26975570913365,241.36981664635317,247.26601387613758,3850000
2023-10-20,240.14999389648438,244.28420552768608,239.14776924008098,242.18336725082975,3103500
2023-10-23,238.33827209472656,242.4724689119476,237.60586303379392,238.6370117044661,3193200
2023-10-24,240.48727416992188,242.57846606822508,238.2707986831032,241.16184982991538,2304600
2023-10-25,236.044677734375,241.66295522962128,235.62065457176837,240.79563111393165,2542400
2023-10-26,233.62586975097656,237.76971326559598,231.67923895254378,236.61329558130998,3859200
2023-10-27,229.89637756347656,235.0617227037706,229.2218019248394,234.2233226032249,3229900
2023-10-30,233.3656463623047,234.75335323140004,230.49385837306437,232.18995108180144,4478300
2023-10-31,217.84072875976562,222.16765966697966,215.6338845945052,219.38261403699954,12093300
2023-11-01,223.41079711914062,224.20101011798502,215.78805541440215,216.93484138648716,4932800
2023-11-02,230.43605041503906,230.88898294766145,224.4226733089836,227.23662805560002,7749900
2023-11-03,232.00689697265625,235.3701590490281,229.53022231226583,232.73929143681937,3929500
2023-11-06,229.62655639648438,234.09804828411708,227.77628541242737,232.73925070523805,2891500
2023-11-07,226.3885955810547,228.52797478444532,225.08763127930487,226.06094661954566,4074000
2023-11-08,226.29222106933594,229.154348225896,225.93564808923708,227.42936081518138,2532500
2023-11-09,225.6465606689453,230.59026337317553,225.32855794829783,228.81708867272252,2708800
2023-11-10,230.97569274902344,231.42862524594503,226.09945577839935,226.79330919050707,2525200
2023-11-13,232.89346313476562,234.47390398504908,230.2047917918049,230.2047917918049,3035700
2023-11-14,238.85865783691406,240.4872857474336,235.80378207593932,237.78896827291084,3441800
2023-11-15,241.9713592529297,243.74453389705477,239.57179602729067,240.4583833493532,3739900
2023-11-16,239.19593811035156,243.73488011154126,237.6444067621605,241.40276731758166,2625000
2023-11-17,243.87945556640625,245.02622688591657,240.9209393726791,241.00766738173795,2792500
2023-11-20,241.35459899902344,243.71562131164907,239.62961150830762,243.43615948637517,2661400
2023-11-21,240.35235595703125,240.77637913920526,239.30194424960243,240.38126529175707,1765500
2023-11-22,237.07582092285156,238.63699851060812,233.0283523377884,233.05726167231663,3593700
2023-11-24,238.37681579589844,239.86088231833375,237.74078098429163,237.78896811328863,982200
2023-11-27,238.40573120117188,239.20559050801168,237.37459719669485,237.99135423147345,1743300
2023-11-28,238.51171875,239.83196073011916,237.07582472526664,238.7430081345818,2149900
2023-11-29,240.39093017578125,242.44358145388287,239.29233118989202,240.61257334096854,2224700
2023-11-30,241.61480712890625,242.3664793277856,238.83939303787605,241.92317830310515,3210500
2023-12-01,247.43540954589844,248.09070733301775,241.89421416367222,242.76153822295007,3731500
2023-12-04,245.49844360351562,246.25011577752946,243.25305862562644,244.36130379834253,3028700
2023-12-05,245.92245483398438,247.859468553463,244.56365723770918,244.56365723770918,2682200
2023-12-06,246.6741485595703,251.53112324653614,246.28868091346428,247.47399319000797,3632600
2023-12-07,248.06182861328125,249.96028670824901,246.51992878738523,247.86908010655935,2162500
2023-12-08,250.07591247558594,252.1382096467579,247.66670329952055,248.03290779976916,3258200
2023-12-11,251.4443817138672,252.71642193670093,250.0759378230694,250.4035867751095,2898300
2023-12-12,251.93585205078125,252.9573545393165,249.70974479658685,250.54814500799824,2375700
2023-12-13,258.2383117675781,258.4888789303658,249.8638984022678,251.90690305772964,3708300
2023-12-14,274.8136901855469,275.09313728031395,260.72460996633447,262.5556325005585,6464100
2023-12-15,275.36297607421875,276.43268029365777,269.81217785879585,269.92781519942855,7321200
2023-12-18,275.3340759277344,278.3889663547672,274.2354917457675,276.3266690136818,2691700
2023-12-19,282.3207702636719,282.3882351813194,275.7677328268556,276.38447510583825,3659600
2023-12-20,279.18878173828125,287.4379114216012,279.00567949221414,281.3281606155945,3818400
2023-12-21,279.53570556640625,280.1717402639127,276.19172233803556,279.3718664162787,3209300
2023-12-22,279.815185546875,282.1954854667666,278.4178618247972,279.76701312550057,2833800
2023-12-26,284.89385986328125,286.3008300426766,280.4319989544971,281.0005688940521,2019000
2023-12-27,287.29339599609375,288.2859890862007,284.0265233633318,284.8938328599495,1876500
2023-12-28,286.0984802246094,288.3342339252702,285.2889892797422,286.3104918584531,2267400
2023-12-29,284.932373046875,287.40901780940015,282.5520731270942,286.0695127567511,2300600
2024-01-02,282.0798645019531,285.8671640210489,280.76926870784865,282.7737179839186,2433100
2024-01-03,273.9752502441406,278.43711025422226,273.0308590880085,277.91674225731765,3043400
2024-01-04,275.7099304199219,277.752935291578,273.4838232805895,274.0813025080405,2995400
2024-01-05,278.4371032714844,280.4319354374651,275.1027661568979,275.85443820953395,2684800
2024-01-08,281.6366271972656,282.05100422695443,274.881193469257,277.11694723440985,2369100
2024-01-09,281.67510986328125,281.74254536953237,277.5408986590704,278.72624016777195,1974500
2024-01-10,282.69659423828125,283.85299693028253,280.875218090141,281.54016213699,2048000
2024-01-11,281.4534606933594,284.8649092456468,278.89970475548165,283.90122554008593,1941400
2024-01-12,279.8634033203125,285.08655281257006,278.43714077301,284.54689226154625,1955600
2024-01-16,276.79888916015625,279.67064786195925,275.2280799702015,278.38896143742136,3140100
2024-01-17,268.51116943359375,271.7780415844277,266.8825417770767,268.7038885103599,3789200
2024-01-18,271.66241455078125,272.26953995464515,267.5764052933103,269.85068458664495,2479300
2024-01-19,276.193359375,276.96786623473247,270.0649933357628,273.32764853933855,3116000
2024-01-22,279.4754638671875,281.3342925971322,276.98731492317563,276.98731492317563,2072200
2024-01-23,279.6302795410156,283.5512981504913,278.36200754524776,281.2471003122127,1866300
2024-01-24,281.42144775390625,283.2899675924168,279.1559834160062,281.5763550862694,2765900
2024-01-25,291.1899719238281,293.6490770337082,283.79333380890534,284.6356181557528,4647100
2024-01-26,289.8926696777344,293.3296142411456,289.1472060426417,291.41266976377847,2920500
2024-01-29,293.5909729003906,294.0266514549804,287.9757245609081,289.4956949420875,2101400
2024-01-30,295.05291748046875,295.9920226155164,290.93828675757186,290.93828675757186,2150200
2024-01-31,290.7446594238281,296.0113893693833,290.376758284569,295.83712973885406,2813000
2024-02-01,297.8895568847656,298.2574579711086,292.32270408325616,293.58128507233727,3196300
2024-02-02,305.0539245605469,307.2613020834813,296.2534577436285,297.2216062983462,4661500
2024-02-05,311.16290283203125,324.20386350589774,305.84777734886825,324.20386350589774,6557500
2024-02-06,312.44085693359375,317.0008276847345,308.9071211362886,312.89588786939214,2825700
2024-02-07,313.2831726074219,317.37845143853065,310.8724922736208,312.65388198542917,3203000
2024-02-08,311.7437744140625,316.03266459224477,311.1822613608092,314.3287435559822,1986100
2024-02-09,307.05792236328125,312.06323259381554,305.5185700917444,311.7437566507026,2823000
2024-02-12,311.3855895996094,312.79907805885784,306.42867428042626,307.10636046570215,2483600
2024-02-13,302.8755798339844,305.93493270651527,300.8908871836962,305.7316297898119,2923200
2024-02-14,306.62225341796875,307.7259567107743,303.9695364129024,305.94456730524035,1887100
2024-02-15,312.77972412109375,312.91524953923505,305.4120991167763,305.88651194413507,2362900
2024-02-16,311.65667724609375,317.8431306002096,311.2016462837764,313.40902361159215,2513200
2024-02-20,303.7469177246094,308.83938857066374,302.7787691710963,307.15481954212675,2701600
2024-02-21,307.03863525390625,307.69696915537236,302.93366544563065,302.93366544563065,1779700
2024-02-22,311.8309326171875,313.0701614589249,310.1366728193526,310.77565434571585,1875800
2024-02-23,313.5638732910156,314.7256335131675,311.7921453725608,312.7118980674462,1575000
2024-02-26,315.0161437988281,316.8168857134475,311.9858344575697,313.3412363630164,1650000
2024-02-27,317.1944885253906,317.5043031272805,313.4574200607673,316.5651979278651,1640900
2024-02-28,319.0630187988281,321.1154889012056,316.57487005117997,316.9621530894417,1471000
2024-02-29,323.3229064941406,324.2233071699035,319.58586698394566,320.45719483723275,2699800
2024-03-01,325.97552490234375,327.0114210666823,322.97425944301074,323.36151283070603,1815500
2024-03-04,327.86346435546875,329.4221987125852,324.1264255468648,324.91062342215315,1551000
2024-03-05,322.90655517578125,328.192637502712,321.1735611569781,324.7363699498417,2030000
2024-03-06,324.9396667480469,326.97278438806086,323.5164873545917,325.53991405559816,1542300
2024-03-07,329.3834533691406,331.4359232719079,327.65045944176666,327.727927860104,1732500
2024-03-08,328.3862609863281,333.5271266709361,327.33098276670984,331.1745331296161,2307400
2024-03-11,324.3006591796875,327.43745042939486,320.97022643865904,326.26599917986914,1868000
2024-03-12,326.4984130859375,327.61180757376366,322.14174453703373,324.6008501685022,1645900
2024-03-13,330.64202880859375,332.1717198162767,326.64360076052446,327.36971205586224,1818800
2024-03-14,331.0293884277344,335.7926630822265,328.1442949100347,333.5755944745125,2110200
2024-03-15,335.91845703125,336.2282716152546,330.28382616003944,332.04586336782745,4406000
2024-03-18,340.6914367675781,342.085572911996,336.7801087209865,336.99310256376,2528200
2024-03-19,342.62774658203125,342.72456734067197,338.48407220391505,340.4010168610311,2207600
2024-03-20,345.0965270996094,346.7714050103135,337.0512158372512,339.93627931143334,2563900
2024-03-21,352.9482116699219,353.5678408862959,345.3579310426227,346.27768392769445,2616300
2024-03-22,346.70355224609375,353.87753425412905,346.46151518595303,352.9868544183134,2052000
2024-03-25,344.6124572753906,347.4394342422739,343.721747689255,345.59026713219754,1774800
2024-03-26,345.0384216308594,348.13647877610714,344.6608295739031,345.10616956408325,1637200
2024-03-27,353.0353088378906,353.19021612765744,346.480954793532,347.2941959056492,2262800
2024-03-28,354.75860595703125,355.5234514546502,351.9509815470093,353.0062597421828,2028600
2024-04-01,352.154296875,356.21084111889024,351.08935724931877,355.7751920571693,1953800
2024-04-02,353.2095947265625,353.3645020278493,349.966320975493,350.76987120877504,1968900
2024-04-03,363.8204650878906,364.09154543540245,352.98688303409745,353.84851967436856,2623700
2024-04-04,358.01165771484375,368.8936378752634,357.13063899592186,365.35021066512826,2492200
2024-04-05,367.2186279296875,368.8644918111029,359.94785449440474,360.6352314951071,2068300
2024-04-08,361.5743408203125,369.8423354387215,361.0128278156103,367.0346817785877,2690000
2024-04-09,360.054443359375,365.1469142367855,353.86798942802,363.08475307781737,2042700
2024-04-10,360.2189636230469,360.7514333972523,352.78359138705844,354.5359375366602,2148500
2024-04-11,360.1318359375,361.47754678804563,355.2136257457525,360.7611264595052,2535700
2024-04-12,353.984130859375,360.9644730759482,351.12808104621706,356.8982672172609,2072900
2024-04-15,352.31890869140625,362.5328630991493,350.5762237406917,361.0903313521428,2171000
2024-04-16,348.417236328125,351.8831944549366,345.8032239393779,351.45720681313276,2513900
2024-04-17,346.906982421875,351.3507805530364,341.6402521451916,351.0990524849702,2313800
2024-04-18,346.52935791015625,351.9025993844619,344.8254367768599,349.6467970136485,2380700
2024-04-19,344.6151123046875,350.72697149017046,342.16649591720085,348.142306032314,2929600
2024-04-22,347.48162841796875,351.7473075133613,343.2354018535565,346.0144153381303,2085400
2024-04-23,352.9618835449219,355.16758099266286,348.87112920578244,349.80393138657087,1810700
2024-04-24,353.2242126464844,357.7425369810023,348.7350671056107,353.6420565298599,3032700
2024-04-25,328.4270324707031,332.2554446297516,320.96455553607717,321.0811521048608,6459600
2024-04-26,333.6546325683594,335.71458417245265,328.747643285614,328.85454323282363,3324600
2024-04-29,339.892822265625,341.0102752599385,334.23768100958716,334.23768100958716,2171400
2024-04-30,325.09417724609375,337.92030359649846,323.68523288430936,337.19154540659207,4201700
2024-05-01,321.6933288574219,328.9128867285087,321.3726586249544,323.93790187169924,3520600
2024-05-02,325.9395446777344,326.6391537533824,319.9248578108678,324.0739105915905,2492000
2024-05-03,327.21240234375,331.934740821078,325.4925438217437,328.51444665214797,1977100
2024-05-06,332.41094970703125,332.84818688350947,330.0789291393963,331.21577545149006,1653900
2024-05-07,335.2287292480469,338.6684758162828,333.6740393556681,334.71374137185353,1965600
2024-05-08,334.742919921875,336.4627785304851,329.14604767884504,330.3703708953193,2260300
2024-05-09,341.8167419433594,342.88559322463254,335.6465833068363,336.1227254908675,3208900
2024-05-10,344.7414855957031,347.3844497126833,343.5074361315304,344.9455295778968,2210600
2024-05-13,346.57794189453125,348.3949741710144,344.33336912319965,344.7511833534962,2051200
2024-05-14,348.0354919433594,350.3966615051105,346.9180685817003,347.5885285293454,1563400
2024-05-15,349.8427429199219,353.020117374734,347.977109245719,351.23223449912865,1913900
2024-05-16,340.78680419921875,348.6087978245045,339.70822653231005,346.6460195452766,2821700
2024-05-17,346.1795959472656,346.31564505585595,341.6030023830756,342.9730714685591,2104300
2024-05-20,352.4760437011719,354.10845492599975,344.72204590336946,346.3058851102815,2247900
2024-05-21,348.9002990722656,352.952178245694,347.3747580529876,351.99995313176754,1841100
2024-05-22,345.8589172363281,349.02659560904635,342.57464229952757,348.3464094475713,2104200
2024-05-23,340.7673034667969,351.10593641518136,338.9113959250415,350.1925572134119,2749200
2024-05-24,339.0182800292969,343.88639388250635,336.86115475365415,342.6523741100701,2635200
2024-05-28,336.6571350097656,339.33897464096185,334.64575528636846,338.14380053287516,2264900
2024-05-29,328.53387451171875,335.5299645693611,328.15493569577075,335.22874690816695,3040000
2024-05-30,329.6416320800781,334.7915115968908,328.883724723769,328.883724723769,2745800
2024-05-31,328.9322814941406,331.2351822519791,325.5702853928613,329.72906422116085,8319400
2024-06-03,321.97503662109375,331.73068685598133,316.52394017353464,331.2156989759807,3878600
2024-06-04,318.2923583984375,320.9741677349134,315.3093018008324,319.4000551638159,3706600
2024-06-05,320.119140625,321.8875710080989,317.44702769708925,320.14828976172026,2616300
2024-06-06,318.9920349121094,321.65442194111637,317.82600997721437,320.8673654886983,2452100
2024-06-07,319.6236267089844,323.45203876047646,314.5514685366634,316.9612396190647,2499100
2024-06-10,320.2746276855469,322.50950387503684,319.13778154131046,319.40012380846207,2640500
2024-06-11,318.0397644042969,319.33211210238966,314.5611719552224,318.47703114643986,3247000
2024-06-12,319.4195861816406,325.6771922598648,316.76689567459556,323.7143845417172,4817300
2024-06-13,317.11669921875,318.6033944697328,312.3457881183307,318.2244259579337,3183900
2024-06-14,312.3652038574219,313.54092546782414,306.90438040953575,312.2874826957062,4195300
2024-06-17,313.26885986328125,314.6680780132807,309.84856530397576,312.3652067902705,3198900
2024-06-18,315.9312744140625,316.37823781467483,311.90851484880875,313.90044210103014,3275300
2024-06-20,319.8082580566406,321.7224641436452,315.3871071180019,315.85352304820645,4463300
2024-06-21,318.5547790527344,321.18801703117026,316.9417906873216,321.1685941544473,8265100
2024-06-24,320.65362548828125,324.21969552220156,316.8349394287914,320.03173755680524,2447300
2024-06-25,318.127197265625,320.1385767422576,315.183015722113,318.7199359411139,2990400
2024-06-26,317.4761962890625,318.42842124910555,314.60973583852933,317.00978041971405,2198600
2024-06-27,318.185546875,319.90543524984434,315.47458765077556,316.7960549876129,1995100
2024-06-28,323.665771484375,324.7248963692568,319.0211543596467,319.2057754513754,8891500
2024-07-01,319.7596740722656,325.7938137434185,316.1547582253818,325.6188892266357,2950200
2024-07-02,318.47705078125,320.741046478668,316.35877113587077,318.7102439097061,2119800
2024-07-03,321.2463073730469,322.02366722145166,318.962888804801,318.962888804801,1352200
2024-07-05,319.0503234863281,323.99615856463254,317.37903694555916,322.17912632474753,2280900
2024-07-08,319.740234375,323.8212922289402,317.8746299556113,321.0034034161851,1913400
2024-07-09,316.8251647949219,320.77017309155383,316.60166829368376,319.2349356816294,1896100
2024-07-10,319.1766662597656,319.1766662597656,312.5303950854512,316.8640688450947,2904400
2024-07-11,321.7515869140625,324.9581109183142,319.97340041916766,320.65358655497624,3016400
2024-07-12,326.0852355957031,328.6504783264342,323.9864087214439,325.4633774403168,2451300
2024-07-15,335.9769287109375,338.0466065933588,328.2715330185315,329.4958561947796,3394300
2024-07-16,350.3675231933594,352.01938710305154,335.4814437407866,337.0069551548912,4637000
2024-07-17,347.66619873046875,352.4177159539469,346.11153844818193,348.8030744564662,3061000
2024-07-18,345.9463806152344,358.77253701429146,345.67431206874517,346.4030702811178,3876300
2024-07-19,337.7842712402344,346.3933200943043,336.8708919715447,345.2856231076832,3462700
2024-07-22,339.3940734863281,340.233134897739,333.0622131550311,339.52091077430975,2659600
2024-07-23,335.7842102050781,340.1648005117775,333.0621810358556,337.30619796606084,2027800
2024-07-24,327.8523864746094,336.4184603939053,327.2767654102418,334.59402774816033,2835800
2024-07-25,335.9110107421875,339.7160098397614,325.81321555341805,327.3352032828445,3291300
2024-07-26,341.94049072265625,344.3405439609443,338.4281995361306,340.14532628821223,1894900
2024-07-29,336.1354675292969,342.8185720843192,334.76958471909086,341.64779837613565,2190300
2024-07-30,333.3939514160156,337.2964909246783,330.3694773419993,335.2866854596381,1970800
2024-07-31,337.7647705078125,342.43803963576306,332.5451185145921,336.9354749955047,2568100
2024-08-01,323.4424133300781,341.30628276383095,320.0862274939839,337.86229337536327,3747900
2024-08-02,313.05194091796875,315.52029582940173,309.920161472604,314.8861391492018,4246700
2024-08-05,309.0810852050781,312.768983468327,299.5686461366812,301.4711458599648,4681300
2024-08-06,318.4862365722656,324.07663487181514,302.9346149862211,306.3981067262171,5071700
2024-08-07,317.86181640625,327.0132758956988,316.54473320205153,325.3839823994481,3011700
2024-08-08,327.9693603515625,328.23277099872837,319.62766590321644,321.95944709949106,2268300
2024-08-09,330.0182189941406,330.2523618056994,324.37905134835967,327.81327493859675,1668100
2024-08-12,327.842529296875,331.5694610221791,325.471744105389,330.0182054114287,2127600
2024-08-13,330.5450134277344,331.24747157926987,325.5985682919293,328.9644900302813,1503800
2024-08-14,329.364501953125,333.46217944289674,326.44736384159177,331.32553715131667,1610900
2024-08-15,337.21844482421875,339.16971452988184,332.48660983318325,336.10620680046463,3232600
2024-08-16,335.11102294921875,337.4135065873096,332.45729533090554,336.83788567778686,2483800
2024-08-19,336.25250244140625,337.6671847040477,334.93538960618986,335.30613556599985,2252600
2024-08-20,334.9354248046875,337.73552177340713,333.49150431348625,336.5940159231892,1479500
2024-08-21,334.61346435546875,337.17938861116886,333.52075815699817,336.18422207226746,1433200
2024-08-22,334.0182800292969,336.73057306558644,333.4426591318855,334.6427005258836,2021400
2024-08-23,339.9208984375,341.0233704416532,334.71101257386357,336.56471259834706,2183900
2024-08-26,342.6039123535156,345.77472538329425,340.4380019545218,341.2867994478824,1718100
2024-08-27,342.5649108886719,343.15029776564216,338.64286942879335,341.8136827572015,1210800
2024-08-28,339.7160339355469,345.79421940982337,337.4135204289916,342.04778551981076,1514500
2024-08-29,343.0722351074219,347.7747722116629,339.02332687123544,342.66245539116284,1664500
2024-08-30,347.42352294921875,347.560096324862,341.3062743191414,343.9990356213384,2974100
2024-09-03,331.949951171875,344.0380797740845,330.1547868406672,343.6283000867176,3107200
2024-09-04,328.54498291015625,332.5450911067741,327.12056459491464,330.340147172627,2782500
2024-09-05,325.4327392578125,328.291342056301,322.50583487803317,327.8327925125085,2525500
2024-09-06,321.3350524902344,330.3694399581627,320.1252749071289,326.05715096250657,2676600
2024-09-09,325.90106201171875,328.1645121547727,324.85712561367404,325.77422472189875,2355800
2024-09-10,326.01812744140625,327.56938319624504,321.36436017688993,326.9449626344424,1869200
2024-09-11,326.837646484375,327.30596189051863,318.1642391264439,324.88637695312497,1934700
2024-09-12,331.3059997558594,332.7304477753055,325.549761303296,327.110782690603,1747000
2024-09-13,336.8964538574219,338.7599199173936,332.05731353657035,334.0768847390226,2518600
2024-09-16,339.48187255859375,342.8965943172258,335.9013095594171,339.8623844175094,1648200
2024-09-17,345.0722961425781,345.94059568581156,340.73070910437184,341.4722011259294,2088400
2024-09-18,346.4674377441406,352.8188300458924,343.7356721165121,346.35036632781544,1990700
2024-09-19,364.2142028808594,365.5605835876508,352.46755225926927,354.1554110803064,4066600
2024-09-20,359.8336486816406,362.39957307359214,356.92624614103175,361.37513862762006,5440500
2024-09-23,362.1263732910156,363.88250398006653,358.03846119333656,359.99946684884094,2442700
2024-09-24,376.5267333984375,379.94145521820974,370.2534087438758,370.7412261467004,4024300
2024-09-25,369.0338134765625,379.17067197699936,368.7118671364191,377.57061682863105,2661500
2024-09-26,381.43414306640625,387.5416259616551,376.79014203004635,380.50730794372095,3906800
2024-09-27,381.55126953125,385.9221244408289,379.65856528708935,381.473231842692,2683700
2024-09-30,381.5902404785156,383.1902956838192,377.39502316296523,379.8926456220663,2251300
2024-10-01,382.8293762207031,385.8538204612813,377.20970991096016,381.73664016957633,2091400
2024-10-02,384.4488525390625,386.01963993313797,379.1706948633543,382.42931128097837,1767900
2024-10-03,381.5610046386719,384.4001054369888,379.24875496117943,382.78054812038823,1866100
2024-10-04,387.4147644042969,387.77574446543633,382.30244830252377,387.05378434315736,1675100
2024-10-07,388.5465087890625,391.3953751367421,386.48793391914245,386.79037828605954,2224500
2024-10-08,378.5072021484375,385.3756782700223,375.47299274522675,384.6537181725908,2438800
2024-10-09,386.5367736816406,386.9367875431031,378.05850445150395,378.7121929017018,1757900
2024-10-10,386.975830078125,387.28801060904107,380.9854176700956,385.5513817271392,1331700
2024-10-11,392.2247009277344,393.76622062192945,386.9758105887737,386.9758105887737,2110400
2024-10-14,384.351318359375,386.6343000818168,377.4438077154655,383.8049652860048,3006100
2024-10-15,378.53656005859375,382.90741495298147,378.1463120691336,381.1122503822543,2715100
2024-10-16,384.0293273925781,384.9854601210613,377.50232884144236,377.9608783432444,1551600
2024-10-17,384.8781433105469,387.44406746896,383.58056219256355,385.5220658189479,1561500
2024-10-18,384.2635192871094,386.79043969422355,380.22440657933635,386.5953008189057,3024100
2024-10-21,382.3346252441406,384.94891249737105,381.1204712384198,384.10686638014585,2375900
2024-10-22,380.3567810058594,383.1277644125483,377.68374747307996,381.60030814210677,1523900
2024-10-23,377.6837463378906,381.8940370920451,374.70715187170066,378.87829853359284,1500900
2024-10-24,378.9859313964844,380.2588014621846,374.2468973148408,378.8782403378247,1844100
2024-10-25,377.9186706542969,383.85225672126813,376.293294652842,381.48272475069416,1606800
2024-10-28,382.4618835449219,383.4018795144979,379.2894793203066,380.28822130285823,3213900
2024-10-29,379.4266052246094,381.473004531552,377.5074690358426,381.37508454135195,2186400
2024-10-30,371.32904052734375,380.16090236767076,359.54021655310817,366.198356537766,4037500
2024-10-31,368.35247802734375,371.00593904680164,364.9744330926052,369.4784830452628,2394500
2024-11-01,371.7109069824219,375.2749608909137,369.07701810530665,370.1834510386425,1633300
2024-11-04,368.6658020019531,373.53212926064924,367.4712499420423,370.2128600190585,1793600
2024-11-05,375.3729553222656,378.01664568527826,367.81399215296227,369.2631303351969,1724100
2024-11-06,408.18389892578125,409.57426102971203,395.5823715688477,396.7181775850203,4720000
2024-11-07,399.69476318359375,409.7701229607008,399.0387560641761,406.26481462637594,3211100
2024-11-08,385.164306640625,394.65217586811485,384.21453962166015,392.59597584055376,3345900
2024-11-11,388.26824951171875,393.6926645131283,386.7701662540609,389.60966675721147,1858900
2024-11-12,384.8118591308594,390.41254168162243,382.9906430121052,389.49214759985136,1737100
2024-11-13,378.9957580566406,383.0396113692742,377.6249679204048,380.836546188579,2001900
2024-11-14,379.2796936035156,382.0408758482914,378.15368846824424,380.3959276568871,1372500
2024-11-15,376.0583190917969,380.3861012979317,374.2273320137412,377.9382512190375,2165500
2024-11-18,376.440185546875,378.24179970240687,374.9323313429633,377.9480696317705,1626200
2024-11-19,374.3546142578125,375.25543628053504,370.14432385924374,370.14432385924374,1793200
2024-11-20,373.54193115234375,378.14390136532944,370.5751379795841,375.9995822534258,1859600
2024-11-21,381.4631652832031,383.8424684132418,371.09407582669235,375.91145797977947,1833500
2024-11-22,389.1983642578125,389.8544012310989,379.79864379501856,382.21709100385056,1893000
2024-11-25,397.1881408691406,398.6568508907553,391.6560057639216,391.6560057639216,4398000
2024-11-26,399.32269287109375,399.8906108610737,393.37933518799383,395.2298944344132,1796600
2024-11-27,395.2788391113281,403.5231813690067,394.8284131865848,399.88077928937,1371900
2024-11-29,397.6385498046875,402.61259797254974,396.5517186963175,398.83310185624657,1962100
2024-12-02,394.1136474609375,399.6359814737714,392.4295254806586,398.9603724892944,1548500
2024-12-03,390.9315185546875,397.07071673753285,388.3270020853324,395.1026354101623,1716200
2024-12-04,391.17620849609375,393.0953144192019,387.866710705206,390.2558145584748,1193800
2024-12-05,386.7407531738281,393.0561886570249,385.9867962008397,392.145595569087,1291400
2024-12-06,386.7897033691406,391.40144476450405,384.547464226442,389.84461562800516,1331000
2024-12-09,390.9315185546875,401.1635155260965,390.1286164341596,394.14309715581203,1739800
2024-12-10,380.2882385253906,387.2205372993111,377.5662003563235,382.5696218152179,2251000
2024-12-11,380.7582092285156,383.18648745485905,379.3482450817336,382.33464034138336,1651600
2024-12-12,372.8369445800781,381.73732399004706,372.22008157169705,380.93442198291666,1804600
2024-12-13,372.5725402832031,374.9028980722717,370.98633839477264,372.6606592902294,2034800
2024-12-16,371.0157470703125,374.34481714008126,369.87994106891244,373.80627220405665,1311100
2024-12-17,367.96087646484375,370.9864459884505,366.0319690690136,368.1860894687688,2138700
2024-12-18,356.2993469238281,373.2090876676015,355.45727080141796,370.8004111071047,2820700
2024-12-19,352.8526611328125,361.8607606796399,352.50018509155285,360.754327748497,2616700
2024-12-20,358.4044494628906,363.74074506280607,349.78799868093233,351.0217247650341,5142000
2024-12-23,357.76800537109375,358.707971473854,353.95913614686253,357.2588334096532,1804900
2024-12-24,359.9024963378906,359.9024963378906,355.09491536063575,356.8475843242253,886000
2024-12-26,359.4619140625,359.8241911239157,356.27970869030224,357.4350868540023,1097900
2024-12-27,357.2490539550781,359.7360782551992,354.20394248967773,355.80974664784605,1245800
2024-12-30,355.43768310546875,357.20992442484305,351.25673545065746,352.91148473044694,1422200
2024-12-31,355.19287109375,358.1400624661869,354.25287508646915,355.917425203501,1168100
2025-01-02,352.26519775390625,361.1558059575858,350.6202496753251,357.8854818438653,1802600
2025-01-03,356.2013854980469,356.87699455781467,351.99106513765514,354.04726532473165,1390800
2025-01-06,356.60284423828125,363.1043191075778,355.01661214126545,359.3444246263608,1590700
2025-01-07,355.4278259277344,358.45336499247577,353.55766491082653,356.5342589271442,1607400
2025-01-08,353.53814697265625,355.3103882829562,350.2384493936005,354.8893651829372,1828800
2025-01-10,343.6781921386719,352.3435884294766,342.5032120080256,350.36570620558825,2773900
2025-01-13,354.938232421875,355.623642340323,344.46142298834076,345.59722891780837,2746000
2025-01-14,363.8190612792969,364.24008431284653,357.56234226234204,357.86587327545755,2331700
2025-01-15,367.0697937011719,372.0144385434647,366.5214478334377,371.23113852838196,1984500
2025-01-16,372.61175537109375,373.463632363307,366.9033817009739,368.46021088373385,1974700
2025-01-17,377.9676208496094,378.7803238018952,374.0314887150496,376.67517872904097,2605900
2025-01-21,391.4801330566406,395.6272529987254,384.0506999836018,384.2472578917774,3144500
2025-01-22,390.74310302734375,393.56356217980886,388.28627902000744,391.7946309002103,1994800
2025-01-23,399.3813171386719,402.5162270694257,390.40899078448166,390.5072697459576,2587400
2025-01-24,400.5901184082031,402.3295392066595,398.2806975805142,398.7229379483488,1938200
2025-01-27,388.1585388183594,392.63978328675427,383.18592956184636,390.3303627844939,2964400
2025-01-28,383.549560546875,390.0257452917185,379.8053630084051,387.2347967060406,1788900
2025-01-29,386.4387512207031,392.46285816201805,384.36517627793273,385.1710217055696,2675800
2025-01-30,368.50396728515625,374.23326782959884,366.71539216164894,367.04951663683244,4234600
2025-01-31,365.0251159667969,371.47182029004847,364.86787561860416,370.9411378637143,2858000
2025-02-03,355.3058776855469,362.18498493979195,353.47801501058643,357.8511737612818,3079300
2025-02-04,355.6989440917969,363.27577991729044,353.2028028376392,363.27577991729044,2709800
2025-02-05,352.65252685546875,356.73084874243517,351.03102899565414,356.6030890945388,2134200
2025-02-06,359.1385803222656,361.19248179331976,356.2591595127836,357.61533129523326,3007000
2025-02-07,357.59564208984375,363.14805818335157,356.31807564966994,362.8728951023263,1804800
2025-02-10,356.947021484375,359.9148538716964,355.30584997161327,359.0205663995358,1944400
2025-02-11,355.9741516113281,358.1263318213101,354.7457396188967,355.49259371673656,1516900
2025-02-12,345.96014404296875,352.73113553401606,345.3705002724868,350.83447456393213,2833100
2025-02-13,347.5914611816406,351.414263616907,344.3681093890982,346.48097196817326,3547200
2025-02-14,347.218017578125,352.68199156775137,346.70697900968963,350.4413693561098,2045300
2025-02-18,347.88629150390625,350.7656821426383,345.0461884574744,349.3309052699419,3120200
2025-02-19,346.903564453125,347.7388906489224,343.5524527670515,345.79307515653267,2211000
2025-02-20,343.1200866699219,350.68711775118066,341.4494640870231,348.86906171316065,2174100
2025-02-21,334.1673889160156,345.92082679264513,331.76952624014257,344.47621304931613,3225200
2025-02-24,333.0667419433594,339.48396527672935,330.4231968191943,337.45954462268503,2513300
2025-02-25,336.4472961425781,338.28502571219514,330.5705922467349,335.11079826343246,3323500
2025-02-26,336.66351318359375,342.75644906197147,334.2460066212438,339.483972495286,2397800
2025-02-27,334.1280517578125,340.9285535364795,332.61463983191504,337.71500866828376,1971000
2025-02-28,338.0098876953125,338.9434629032453,332.88984443505046,336.07390901312925,3210300
2025-03-03,326.3055419921875,342.1373013174093,324.33024591610297,341.6262927263671,2569700
2025-03-04,321.10693359375,326.18765940375243,313.17629761529867,321.73589500527214,3500200
2025-03-05,332.6441345214844,333.64653791288964,322.974078803601,323.4359629177415,3189100
2025-03-06,335.1206359863281,336.0050866427207,326.77724115200306,329.479747596303,2234100
2025-03-07,344.25018310546875,346.03875825947614,333.5384359588177,333.5384359588177,3063800
2025-03-10,339.248046875,346.323711366679,335.9460901058996,339.0416820745624,2809100
2025-03-11,333.9020080566406,339.1890978285785,330.56073358825086,337.980359677283,3190900
2025-03-12,332.2904052734375,338.9533115804562,329.65669681957274,337.10577490697375,1816700
2025-03-13,327.5535888671875,334.76682027446157,325.9419279758763,330.2266144832518,2490300
2025-03-14,333.77435302734375,336.08374399129787,331.1308075503724,331.88749867565843,1936100
2025-03-17,336.7225036621094,338.4127698791943,333.14535331950793,333.8725636678379,1683800
2025-03-18,330.8948974609375,336.0935457917309,329.55839951055316,336.0935457917309,3310000
2025-03-19,332.7718811035156,336.0935118377058,330.85557644261644,331.1110657364205,2407200
2025-03-20,330.4428405761719,333.9118749965772,327.84841993797886,328.7918619830646,2782900
2025-03-21,329.98089599609375,330.1479731996768,323.52435626344703,325.48981517818714,6766100
2025-03-24,335.7692565917969,337.22367729666706,333.43035519928173,334.6685741790321,2277200
2025-03-25,336.70281982421875,338.8550001054402,334.94372539548147,337.6462318682864,1678000
2025-03-26,335.2188720703125,341.2724898717177,332.93896224137615,337.43001362156565,1703200
2025-03-27,333.44012451171875,336.0935062944643,330.816253406395,335.1893819121098,1481100
2025-03-28,323.9961242675781,332.40828724548703,322.38443332790445,331.17987524531895,1965200
2025-03-31,324.1042175292969,326.2465908993135,316.43893846941666,320.0062517978514,2837500
2025-04-01,324.8609313964844,326.47259234703125,318.296304859608,321.3624164162076,1955300
2025-04-02,328.8802795410156,330.54109490368995,320.4681168710387,320.49759755834253,1747600
2025-04-03,300.47943115234375,319.09233335620013,299.7325470120002,314.1492043542791,4638700
2025-04-04,283.1047668457031,289.2075400497505,276.63841843131297,280.0779724793044,7216800
2025-04-07,275.2232360839844,289.26644978707077,262.683597396657,271.2333564999304,7824700
2025-04-08,269.20892333984375,286.7408141323816,263.636833843607,284.88347096065235,4989000
2025-04-09,295.81146240234375,296.6467586148459,264.48203627089566,266.08389040353114,6457300
2025-04-10,284.1661376953125,293.11879130932823,274.96777165362244,291.556254607966,4116800
2025-04-11,288.38201904296875,290.3081607012067,279.23280867817857,283.9597357520831,3197900
2025-04-14,292.9713439941406,297.256060651659,290.60296205571535,293.51186326926995,2758400
2025-04-15,288.3623352050781,296.51900876270844,287.34031802887836,291.70360979917376,3611300
2025-04-16,285.12921142578125,290.62266688599084,282.6428764775453,287.65480397856265,3017200
2025-04-17,289.1681823730469,292.55861146080235,286.8587618343241,287.1241180180345,2717600
2025-04-21,281.16973876953125,287.3512565431559,278.9183280679924,285.70218280809263,2978300
2025-04-22,287.5191345214844,289.5533024915671,283.40140743286463,283.8951381078348,2231200
2025-04-23,292.06146240234375,301.5312140976315,291.4788637626677,297.56162991470046,2458300
2025-04-24,303.01239013671875,304.3454690510541,293.34516474709113,293.7006363856177,2874400
2025-04-25,302.6075744628906,304.12824340404836,300.09941393335356,301.2744954737504,2162400
2025-04-28,303.20989990234375,307.5251014674819,300.0401571956407,302.60756290351713,2189600
2025-04-29,303.5456237792969,304.7997190248387,299.1119318029877,301.17572248183563,2651000
2025-04-30,305.3921813964844,312.08716859417024,298.391083570514,311.25770462059944,5124800
2025-05-01,310.0233459472656,314.8915531316246,307.12020727104897,307.47570901452843,2961000
2025-05-02,319.6214904785156,320.59909773106176,314.4867094118688,314.4867094118688,3765200
2025-05-05,319.05865478515625,322.37654092878114,315.37544286139166,315.37544286139166,1829100
2025-05-06,316.86651611328125,320.0362588995701,315.8395477773594,317.5182141452847,1724200
2025-05-07,316.2740478515625,318.7525556901605,314.12135890910565,318.6933104117834,1555500
2025-05-08,320.18438720703125,324.74645445605563,318.8513081723978,320.8064927655224,2553400
2025-05-09,321.53717041015625,323.6305837185696,319.256137028354,321.56679304622133,1646200
2025-05-12,338.2548828125,346.5989435064418,335.47026463046495,338.80785877311195,4592000
2025-05-13,348.1196594238281,350.8746551041414,343.70570564593515,344.55490800719645,4132500
2025-05-14,345.2757568359375,348.01101406612105,344.40678598210764,347.30992490970715,2052200
2025-05-15,345.4238586425781,346.9346733298417,344.13028666161716,345.05850275809854,1580400
2025-05-16,349.14654541015625,349.7785350928307,343.8735058019138,347.13214610021646,2561700
2025-05-19,348.1492614746094,348.53435573766353,344.16979337009315,345.3152521722647,2277700
2025-05-20,345.1078796386719,348.04064124112506,343.13295681237156,346.44095857341074,2266000
2025-05-21,338.2154235839844,344.0513242437374,337.3661910851462,342.2936441060654,2093400
2025-05-22,340.86181640625,343.01447511004676,336.31948776163546,337.71181200627416,2174100
2025-05-23,339.08441162109375,340.6149648590403,332.0240379407437,333.3966238608459,1936600
2025-05-27,347.1025390625,348.90958002303256,342.27383873144197,345.5621018104279,2240100
2025-05-28,345.1078796386719,348.37637450540444,344.48577412679833,348.0702638781224,1924400
2025-05-29,347.3790588378906,348.66274662052575,344.3672834479684,347.78392163332006,2290300
2025-05-30,343.66619873046875,348.81086431982897,342.6688530474803,347.4185400936048,4867100
2025-06-02,340.3483581542969,342.12577674648065,335.24316909457616,342.12577674648065,2552700
2025-06-03,345.01898193359375,346.4409286565324,340.5951744710543,341.66161944579414,2614300
2025-06-04,344.94989013671875,347.31982169077685,344.94989013671875,345.90772893492,1616300
2025-06-05,344.5845031738281,347.1025476893613,341.5135128497583,346.5989327592689,1753300
2025-06-06,348.91949462890625,352.95820817241986,347.84316531011535,349.1367373441165,1608000
2025-06-09,353.580322265625,355.9403394184546,349.4922174714876,350.7660511568258,2147100
2025-06-10,354.0740051269531,355.8415391545768,351.6250902574669,354.9330916352816,1894300
2025-06-11,358.58673095703125,359.7223054884144,353.26429978825774,356.4143039218321,2551700
2025-06-12,356.4340515136719,357.46101978730525,353.3827994637232,355.3379838459412,1571800
2025-06-13,352.57305908203125,355.86132221689076,351.24001038215,352.7508250256202,1609600
2025-06-16,357.8955078125,360.0382821485099,355.6836039469594,356.4735610032439,1579800
2025-06-17,353.1951599121094,357.8461244555184,352.5533160770845,356.19705078144614,1560100
2025-06-18,355.2886047363281,359.66308170330313,352.48421793649857,352.65209963626376,2000500
2025-06-20,355.99957275390625,359.6828146211133,354.6369013364938,358.3991268562593,6268300
2025-06-23,361.6380310058594,362.4971176774215,353.2446083716216,355.4071514375904,2927400
2025-06-24,368.34283447265625,369.4191637646201,363.3068055240931,365.2521056552391,3841800
2025-06-25,366.9208984375,369.49818839457083,364.8768762159489,368.32310690277285,1737700
2025-06-26,377.0917663574219,377.53610590894266,368.3626111489127,369.31056566042093,2575100
2025-06-27,379.8862609863281,382.63140243123644,377.95084510950466,378.21744883488043,4455000
2025-06-30,383.3423767089844,384.2705928237997,379.985014019299,381.46620610018346,2791400
2025-07-01,386.0184631347656,388.9512249974072,379.43208166535476,381.7427379609309,2393600
2025-07-02,393.4342346191406,393.64162320831355,384.5372279817055,387.7761001374332,2713700
2025-07-03,392.87139892578125,397.3742508721599,392.60479518225037,393.9181357892993,1737800
2025-07-07,386.6010437011719,393.0689041742861,383.2239122673532,393.0689041742861,3012900
2025-07-08,389.3461608886719,390.9853504164222,386.610873545077,387.50946702844846,2003600
2025-07-09,397.13720703125,398.69741287328463,391.9036738179354,394.70806049591243,3101000
2025-07-10,403.2100524902344,406.83404865877134,398.3813824857813,399.58608645662423,3382800
2025-07-11,400.8303527832031,401.77830730842715,396.66326438626425,400.36624471050146,2072600
2025-07-14,400.6822204589844,401.6894504211761,397.1866286341185,398.93442454655144,2497500
2025-07-15,399.5663757324219,403.6248274222874,397.9666630296648,401.16605830025003,2167000
2025-07-16,407.70306396484375,407.89068403994065,398.2629354770489,399.9218633816563,3242100
2025-07-17,412.8280029296875,414.63504406820834,407.7030757511053,409.6582300755818,2444700
2025-07-18,408.5226745605469,414.6350634443773,406.99212134259653,413.45012776642835,2526600
2025-07-21,406.41168212890625,413.70600742397147,406.1837231214389,413.49788934908986,1833300
2025-07-22,413.4681396484375,414.78626105732553,406.71889588639976,406.71889588639976,2185000
2025-07-23,423.7753601074219,424.34028225516494,415.7079947904893,416.2530760061776,3254900
2025-07-24,425.6881408691406,426.32244579741183,420.71293634997335,423.2302848853988,2511400
2025-07-25,429.8804016113281,430.99040495606425,424.7961628579183,425.8566243639983,2218400
2025-07-28,429.0776062011719,432.50672996578027,427.27383574443274,427.40268081210286,2550300
2025-07-29,426.21337890625,431.32734858052663,421.0102157792346,430.6732330151204,2383700
2025-07-30,430.2470397949219,432.93285434972523,422.6256428916587,426.163800775579,3172600
2025-07-31,434.1123046875,437.21438602497625,429.81102652706835,430.25702406423954,4116400
2025-08-01,424.86553955078125,427.01616343911303,417.5315630605503,423.16088293994295,4027300
2025-08-04,429.8308410644531,432.9923845133677,426.153917338398,427.0161509616799,4059500
2025-08-05,430.35614013671875,435.81696352853527,422.7644732181411,423.8348249692419,4329900
2025-08-06,423.9042053222656,430.83183612525954,421.74366090021846,429.4740630732879,2630800
2025-08-07,413.39874267578125,423.5176477382776,406.3026155514068,423.0320288535796,4261100
2025-08-08,412.8041076660156,418.1361161493236,412.0509083872065,416.76842264300916,2965200
2025-08-11,404.89532470703125,414.55834260815186,403.1708270993959,413.2600318533708,3416000
2025-08-12,409.028076171875,414.45919826134957,405.98548759124657,407.33334008691867,2765100
2025-08-13,410.0092468261719,411.83282790038254,406.87743468394495,411.47602386123265,4403000
2025-08-14,413.7753601074219,415.49982737882766,403.3690336855586,405.64850261317133,3676000
2025-08-15,404.1520080566406,412.8437577224977,403.4681613060707,412.0112552099175,3107400
2025-08-18,408.9587097167969,409.454249043085,401.8427420048564,403.3690115985134,3185200
2025-08-19,412.3779296875,418.11628378791653,410.36604115078353,415.5692042883594,3543600
2025-08-20,416.8377685546875,418.1559201053598,408.37394835853775,411.09941466421867,4060200
2025-08-21,414.1618957519531,416.8278696504428,410.46516128326067,416.1836745393879,2504300
2025-08-22,431.78326416015625,433.93388797001467,416.3025896887122,417.8486700182532,3785100
2025-08-25,428.4433288574219,433.0022971280815,428.31451402679596,431.1192535638786,1857900
2025-08-26,427.4126281738281,428.3343241454859,423.4284722719269,427.5513634702117,2792200
2025-08-27,428.8100280761719,431.17869040646895,425.12321415704747,425.8962543217677,1970900
2025-08-28,431.0300598144531,432.0905213285052,428.7704014898754,431.0300598144531,1651700
2025-08-29,415.3016357421875,424.2808065353764,410.67328480688974,421.61480235609594,3673800
2025-09-02,412.33831787109375,413.4879728952311,406.8576533803183,410.2174249912014,2329500
2025-09-03,411.4165954589844,414.39975209956526,407.70005024044906,414.39975209956526,1496700
2025-09-04,416.47113037109375,417.03605254030884,410.5940404048838,412.1004692774664,1634600
2025-09-05,419.3055419921875,421.1093123943144,414.1816823083564,417.08553549438216,1843200
2025-09-08,419.00823974609375,420.1281634847258,413.06176771398384,418.8793946794801,1876700
2025-09-09,414.3600769042969,419.7713579658857,412.72480315025484,419.3848530127183,1710700
2025-09-10,419.1370849609375,422.6950537653031,415.75750305872134,416.07465549275634,2221000
2025-09-11,427.5315856933594,431.9022469137081,419.54349283345437,420.1381461737996,2737900
2025-09-12,427.6702575683594,428.7505296911868,423.9339018639754,425.2322125044124,2341800
2025-09-15,432.05084228515625,434.83577095701594,426.7683759820764,429.95965054227463,2255800
2025-09-16,436.7386474609375,436.86746228097826,430.40564029054644,432.2391418650219,2366300
2025-09-17,446.6395568847656,448.30456193998054,439.04788996607147,441.0300474828483,4512200
2025-09-18,462.7940979003906,463.5374069199572,444.8654879778833,446.9368388163036,4331900
2025-09-19,462.37786865234375,467.9080745320919,458.5820202653485,466.06468265394983,5069300
2025-09-22,467.8882751464844,469.01808917272103,455.50968122438695,463.14099955435273,3180000
2025-09-23,467.0557556152344,481.0101303368078,464.0131367618536,469.0379130057905,3856600
2025-09-24,465.598876953125,472.26881733323603,464.449222016843,468.48291963680003,2776700
2025-09-25,459.5830078125,463.8248233633606,455.4799275496085,460.5641660295736,2979200
2025-09-26,461.6048583984375,464.2708627140112,458.2550073107458,461.3273575521667,2329000
2025-09-29,467.4026184082031,468.2747725169249,463.2896477887433,463.90411175298215,2892100
2025-09-30,472.8932189941406,473.1806403000155,466.04486120972217,467.412554722472,2315300
2025-10-01,476.5304870605469,479.6127274244174,466.93685211552236,469.7812432602788,2964700
2025-10-02,486.1934814453125,491.5552208012501,479.8703945478238,482.51655771945536,2648600
2025-10-03,493.4085693359375,499.97942638889214,488.13602304585334,488.8496009666566,2996500
2025-10-06,490.9605712890625,501.0794763482754,488.64145076029416,495.9556164061983,2629200
2025-10-07,482.3678894042969,493.93379075270917,479.23607718806414,493.48779325456275,2135400
2025-10-08,497.64044189453125,504.93479699906175,484.97445706662853,486.6097309050626,3959400
2025-10-09,495.8961181640625,502.0110869813308,492.7048738219319,499.56312141040974,3113900
2025-10-10,486.9169616699219,506.936763855807,486.9169616699219,498.6315193662882,3889100
2025-10-13,500.25689697265625,501.862439636013,491.02995664581124,497.6701658242201,2618400
2025-10-14,522.7642822265625,526.8178209532057,494.5582195537324,496.1141902137148,5459800
2025-10-15,529.2855834960938,533.6463541030148,522.5066388597335,529.4342695018062,3447100
2025-10-16,536.1339721679688,540.1279879992816,529.9298096326004,533.2598196514376,3463100
2025-10-17,522.3778686523438,537.3728968209717,522.2688040035558,532.5859689331006,2814700
2025-10-20,527.9536743164062,530.9553506408456,523.7394372326117,526.3435188393798,2170800
2025-10-21,521.4633178710938,530.1402727330866,518.8691248180469,521.8807498192268,2259100
2025-10-22,510.78857421875,522.6063710062963,507.1110655683006,522.5367888942704,4149000
2025-10-23,517.3385620117188,519.714060073985,509.89406484104944,515.1817592483561,2619400
2025-10-24,519.5549926757812,524.0276603137546,517.8554177985912,519.6842079273665,2392000
2025-10-27,523.86865234375,526.2540386558354,518.2628944140288,523.8487544085407,2493800
2025-10-28,521.284423828125,527.0690813569698,518.5014427140171,522.7654247641187,2775400
2025-10-29,581.9337768554688,592.5886960881123,554.6107583416834,554.7896577581906,6948500
2025-10-30,579.6080322265625,590.1635226054125,572.2728527206586,574.3799712094859,2574800
2025-10-31,573.7537841796875,583.4842987575205,567.8796470181617,580.4826832187915,2974800
2025-11-03,567.1243896484375,572.7201384664689,561.9559611616494,572.431921701316,2439400
2025-11-04,544.254150390625,563.0592179657676,541.8886010736416,561.5683285978088,3440700
2025-11-05,565.693115234375,570.5235819577124,547.0172033013409,548.5876236673902,2701300
2025-11-06,566.3192749023438,580.4429267692692,560.802936198976,569.7184853735289,2245800
2025-11-07,559.6798095703125,562.1447877568031,546.9874134609403,560.1270884857013,2320100
2025-11-10,567.3827514648438,570.692542722908,558.0995146559482,566.5379384539784,1829900
2025-11-11,564.48046875,566.9851820502381,556.8570721971415,565.2656485660478,1517400
2025-11-12,569.5396118164062,577.7395029848318,567.0348983741569,567.0348983741569,2645100
2025-11-13,550.187744140625,573.3164223708467,541.3219409009232,569.2910340649148,3458700
2025-11-14,550.6649780273438,554.9189507439277,537.7140901385312,545.6257647642421,2764500
2025-11-17,548.6968994140625,558.1789933722746,544.2441298334198,549.2336583411678,1941100
2025-11-18,543.558349609375,548.2198657810277,534.7819645275937,540.0497611044922,1918600
2025-11-19,549.75048828125,557.5031002595834,544.3137412606447,546.6593924579079,1880900
2025-11-20,542.8129272460938,565.4147996103806,537.7140809231862,562.5125520561364,3195000
2025-11-21,547.0867309570312,551.6190315051457,533.81784190874,542.5047462372565,2921600
2025-11-24,556.2010498046875,562.303770930973,547.3252965564551,548.7764505760367,4653500
2025-11-25,563.1685180664062,563.6953280792367,544.2242868369434,561.1608283641237,3105100
2025-11-26,570.2452392578125,571.388278613388,562.5821073505675,563.1684898158576,1995100
2025-11-28,572.262939453125,573.8531970540906,568.9233620924339,570.3048733591917,1019500
2025-12-01,564.6096801757812,572.0939731224682,563.5561208948657,566.9453823369956,1764500
2025-12-02,578.93212890625,582.0033873672734,565.6036060782534,567.8598378257869,2749500
2025-12-03,587.8973388671875,589.636709541254,558.7952142203117,577.868658495653,2545700
2025-12-04,595.5108642578125,599.0591271524567,583.4346375287093,586.5953153381445,2313600
2025-12-05,599.5064086914062,603.3131627670662,594.109397068626,600.3313843678878,2177300
2025-12-08,592.876953125,601.1762122768168,588.3347033041421,600.9873638802582,1822500
2025-12-09,590.7498779296875,596.3456864955986,588.632810570641,589.4478372188383,1755300
2025-12-10,611.6124877929688,613.4810739781636,595.0537033194854,596.4849595323061,2797900
2025-12-11,621.81005859375,623.0027819809063,600.5897617939688,606.7421664404887,2779500
2025-12-12,594.258544921875,623.6886848791781,592.161375218241,622.1977955926144,4581100
2025-12-15,586.1779174804688,600.480529864253,584.3192803647931,598.8703742952125,3968600
2025-12-16,585.3529663085938,595.0238490965977,582.7190982024641,587.112235145173,2319400
2025-12-17,558.4771728515625,587.4103482009461,554.0740873351356,584.0210867590089,3753300
2025-12-18,562.3932495117188,571.1695737233289,558.4970153317583,565.0470153417933,2193000
2025-12-19,572.7201538085938,578.196697144301,566.8659743097338,569.2116256967963,5355600
2025-12-22,578.8724975585938,582.2319727710629,572.1933430045676,580.9398809195987,2387700
2025-12-23,578.8824462890625,585.1342805437183,576.9741250836139,576.9741250836139,1731000
2025-12-24,580.21435546875,583.5638818359926,577.4711095107192,579.1210002741107,947000
2025-12-26,579.4589233398438,580.2838989989081,575.1353690180908,579.6676696625764,954400
2025-12-29,575.0956420898438,580.4230721297454,571.1497840708116,576.5666941638784,2585700
2025-12-30,573.8829956054688,577.4511562712479,572.0144097163305,576.4870770896953,1216700
2025-12-31,569.3905029296875,575.4236423026385,568.5754761579547,573.793588759173,1163900
2026-01-02,594.775390625,595.9681142780522,571.8157181276375,574.081899134881,2761600
2026-01-05,612.3578491210938,617.9735558810016,602.5378543489936,604.1878056556369,3444800
2026-01-06,619.3055419921875,622.9631833608089,605.2017258916547,612.25857809417,2706800
2026-01-07,592.8968505859375,621.2038481246618,592.161354936068,619.2159958106629,3312400
2026-01-08,604.4363403320312,605.8775454441251,590.5611088447556,592.8968717959257,2075400
2026-01-09,613.86865234375,615.3893884435275,604.5058851731994,606.265093173736,1822000
2026-01-12,625.9448852539062,627.147497059322,609.2369892496407,610.9167268545718,1856800
2026-01-13,632.6638793945312,640.6749222183288,629.1552907552737,629.3540881301068,1959100
2026-01-14,634.870361328125,635.844389593158,619.2856057653921,630.2485802245001,2105700
2026-01-15,643.2491455078125,648.397675901431,640.1282027061995,641.0227605445657,2052800
2026-01-16,642.9609375,651.6975270053068,637.116646559735,648.0100389444793,2554900
2026-01-20,626.6422729492188,641.6856481839558,622.7768117746247,639.5935440912535,2659000
2026-01-21,642.9609375,644.7741229203464,624.9686339367224,631.2948080123786,2490700
2026-01-22,645.9795532226562,653.3219843660706,638.4977538571923,646.6769415903204,1565700
2026-01-23,624.271240234375,644.076729048593,621.2326846870689,641.7056451196811,2267800
2026-01-26,633.536376953125,636.604849277463,616.9388500475836,625.6460803540638,2532900
2026-01-27,636.51513671875,641.7156021289474,630.8564344499586,637.6010778091998,1827500
2026-01-28,640.8687744140625,644.853780913422,626.6223275337533,635.578619912044,2720700
2026-01-29,662.7464599609375,677.4411722872061,640.3208248445067,652.7141982149842,4441900
2026-01-30,654.8959350585938,675.2892368637702,647.8723734626461,653.1923837441966,3300100
2026-02-02,688.3201904296875,688.7884603174838,654.965705145667,657.3467611470082,4450000
2026-02-03,700.25537109375,707.3686228160087,688.8084488046916,691.7573149167657,3524700
2026-02-04,689.2268676757812,720.4493623228277,672.4699065592722,704.3499613887487,7146700
2026-02-05,675.7674560546875,683.9267595218794,662.5770939030525,678.9853294346018,2792800
2026-02-06,723.4779663085938,724.673480459647,687.9317144426263,689.9740181805553,3359700
2026-02-09,739.3382568359375,740.7130889536498,718.9051261191041,721.784307931297,2496800
2026-02-10,739.5873413085938,749.181249676272,734.9049463368419,739.9659218045892,4008700
2026-02-11,772.0950317382812,772.6329857410683,753.2658511578556,755.8361974505888,3926300
2026-02-12,755.4476318359375,786.8495028882893,753.1762097231763,773.7786862769942,4893400
2026-02-13,771.2980346679688,781.0612886143734,744.6183864642087,762.1325073851986,3232800
2026-02-17,761.8934326171875,771.5171969407592,747.1887483212059,762.1325232876301,3450300
2026-02-18,749.1513061523438,769.8036437114121,747.5673001182851,762.2420671138931,2563700
2026-02-19,757.6792602539062,759.1437209221699,741.3606541443767,749.1812048995693,2908000
2026-02-20,756.8922119140625,769.0763500239998,749.290807029629,752.1699888653055,2095100
2026-02-23,753.6344604492188,765.1013267300037,749.9583502155189,756.1052059025391,2289600
2026-02-24,765.3504028320312,771.0390217717472,748.8724220607829,752.1700126641815,2615300
2026-02-25,763.7364501953125,774.6852459189079,753.903451436773,769.6043869103986,2606500
2026-02-26,750.1077880859375,767.7215109133087,725.6697654097186,767.7215109133087,3350900
2026-02-27,740.0455932617188,748.6731053653391,728.2997479783403,742.426588373545,3441900
2026-03-02,749.5000610351562,752.8972524631026,722.3422308774508,730.7406251292482,2473100
2026-03-03,719.4730224609375,728.927441063359,703.9514044442288,725.5402218752246,3332700
2026-03-04,729.226318359375,743.213730965023,728.1006098946033,734.3271829401724,2823700
2026-03-05,703.433349609375,725.3409126532893,690.9802045588214,717.3011549118872,3713200
2026-03-06,678.3477783203125,693.7199341079731,672.539614127826,679.9118399139131,3564400
2026-03-09,702.1781005859375,705.9738169690279,660.3653868983685,662.7264984623016,3584400
2026-03-10,713.9935913085938,728.0506868288134,707.6176175352949,710.1082465419832,3089100
2026-03-11,704.937744140625,717.7196092536873,700.9925656471443,710.8255647405732,1947500
2026-03-12,698.0635986328125,701.1320708617518,677.2120580717838,690.4024207095666,3231800
2026-03-13,691.388671875,704.2801706399919,684.6042005803665,701.6999129217173,2042200
2026-03-16,697.156982421875,707.338644712223,691.9963455607045,702.7259948828996,2145500
2026-03-17,699.36865234375,706.3424138343572,692.3052014506017,704.7085465487422,1824900
2026-03-18,691.0200805664062,709.1718176679043,690.1035460530255,698.681258364083,1796200
2026-03-19,686.0687255859375,690.8905495378739,666.4923562698121,673.9542714263839,2240200
2026-03-20,678.327880859375,691.4584713266976,667.9270103954749,684.0563282905971,5131100
2026-03-23,699.06982421875,709.3312044818609,691.956572546567,696.3799324899169,2981000
2026-03-24,713.94384765625,718.4469247164266,690.4323322862327,691.1994047329505,2098300
2026-03-25,716.3447875976562,726.6161400077198,714.3124560564942,724.5240357978876,1591500
2026-03-26,700.55419921875,715.2787669658998,693.8195283451223,707.408415425701,2428700
2026-03-27,692.7933959960938,705.704777984371,689.7348962474484,691.8668284864045,2059800
2026-03-30,664.9282836914062,700.3549927158422,662.0790183421327,699.5779479871221,2610000
2026-03-31,705.804443359375,706.2328242584599,669.481087467496,677.4511004135376,3002200
2026-04-01,727.58251953125,737.2362005476217,717.0421599440658,719.2936984243867,2435800
2026-04-02,714.5315551757812,732.6533745115805,702.805714998292,702.9252603277583,1764300
2026-04-06,718.5364990234375,719.861530686015,701.6301384462996,714.0533667936859,1246500
2026-04-07,721.7245483398438,723.0096910790843,706.2726755068721,716.8927521560001,1549100
2026-04-08,768.6878662109375,771.497303164643,750.2770943447797,761.753932826917,3014000
2026-04-09,784.1198120117188,792.5381508146413,770.0925714220997,770.1025436678556,2801900
2026-04-10,787.6962890625,794.8593407330197,783.2928738722721,787.7062613078457,1872000
2026-04-13,788.7623291015625,795.5468006613135,782.3863547852659,785.464738448129,1820100
2026-04-14,791.2728881835938,795.0088319427231,779.1086334135731,793.0163286045207,1866300
2026-04-15,767.2831420898438,787.0089132627536,753.8138606766557,784.1496757954905,2764700
2026-04-16,769.7637329101562,769.9131949723961,751.6220302277318,765.1212272185556,2005100
2026-04-17,791.67138671875,798.7646935012053,773.0912693883489,777.5843739948707,2818800
2026-04-20,796.921630859375,798.1493337790997,785.3730476630781,789.4355185739555,1454100
2026-04-21,798.9678344726562,818.6812637814107,796.3127258265731,803.3896242170772,2293500
2026-04-22,807.3722534179688,816.3356061328308,803.9885158799823,810.9955368131328,1628400
2026-04-23,833.6934204101562,843.7048776309479,813.9500776721137,815.5969859008802,2601800
2026-04-24,829.2516479492188,837.9455420325936,825.1193600701589,837.705996175505,2253900
2026-04-27,827.2553100585938,834.4719637158767,815.2076527314963,828.2235455919534,1986700
2026-04-28,816.3555908203125,823.4723934703793,803.5094263559458,812.8420891130871,1875600
2026-04-29,808.550048828125,821.6857150696084,807.6017957228132,821.4062042924049,2566300
2026-04-30,888.4617919921875,895.3190661192531,849.2245837270511,855.0438055268626,5203300
2026-05-01,888.0225830078125,903.3242135395597,877.9513007544701,895.1793501989104,2376500
2026-05-04,873.1602172851562,891.1867735213634,867.9798250634782,885.6370712947719,2669900
2026-05-05,902.9150390625,907.2170559966296,886.4555216632989,886.4555216632989,2581100
2026-05-06,925.213623046875,928.8169238923074,903.6735650545003,911.8084983025743,3010600
2026-05-07,894.031494140625,929.6254373403041,885.2378096524474,928.2380574406951,2957300
2026-05-08,895.7882080078125,913.0761439514413,892.1948375585309,909.3131053486029,2030300
2026-05-11,925.0738525390625,927.2797822414883,893.4026260809471,901.9367819677409,2811700
2026-05-12,910.4510498046875,913.3955996190748,892.853689535601,910.3112944144943,2348900
2026-05-13,900.6292114257812,921.2809024767588,895.7183387797106,910.8103364117429,1957100
2026-05-14,918.5159912109375,918.6457553625539,900.8288327349338,908.3149449183267,2095600
2026-05-15,886.6651611328125,898.0639982673679,878.5701926102348,897.0858323763846,2907900
2026-05-18,862.3502807617188,891.6658929816624,849.2545792592714,891.6658929816624,2720500
2026-05-19,858.5573120117188,868.2492933238366,843.9843098133897,859.9946480464719,3239700
2026-05-20,870.9442749023438,876.1346582270527,855.4729763111202,869.6067293796847,2415600
2026-05-21,864.3465576171875,871.0540851449379,857.0101308463039,863.2985140562439,1860700
2026-05-22,878.2607421875,892.1849234720975,859.4655922148785,876.3742272364863,1987600
2026-05-26,906.86767578125,907.8758153673763,876.3942381815907,883.311398971316,2255700
2026-05-27,908.2451171875,909.9818855620404,888.1823598012618,903.5039125438832,2463400
2026-05-28,886.0263061523438,903.3242336741595,878.8396260315028,896.8961560274821,2750600
2026-05-29,874.2481689453125,889.1605073645437,864.5861004655337,885.048141137427,5195400
2026-06-01,863.7576293945312,872.1520910164453,851.7898405937815,858.5672458630542,2675000
2026-06-02,908.1253051757812,910.2713483962286,871.5032414993966,875.0466557908541,2822600
2026-06-03,924.4650268554688,934.9755581708781,910.7005831099782,912.7367838017946,2511200
2026-06-04,938.738525390625,945.0768038629545,901.3279453383334,912.297585778242,3077000
2026-06-05,902.6055908203125,932.3005032997836,899.8307092518731,928.2080586400859,2780500
2026-06-08,913.9445190429688,925.6228662736298,901.0683816744204,915.3019861022437,2550600
2026-06-09,913.0062866210938,936.4427898370324,875.3660912890945,925.772581787675,3007300
2026-06-10,854.5746459960938,904.3223854868979,853.1473011972071,900.0702638605761,3611200
2026-06-11,895.9678955078125,898.9823229769119,868.4190258095142,870.7846324915096,3463300
2026-06-12,908.8839111328125,917.2783115881767,897.5349697570279,903.5637635987888,2097200
2026-06-15,932.20068359375,944.3481319861804,926.7807453500175,933.2687096416439,2449600
2026-06-16,943.7093505859375,959.5499598531543,937.4309585430387,941.0542418876219,2834400
2026-06-17,954.14990234375,973.8334184263562,951.2353263767437,955.2079371009456,2743900
2026-06-18,983.9945678710938,992.648496604276,974.5221502183816,977.1871891305391,6175000
2026-06-22,1020.3870849609375,1021.3951635807964,997.1501630302782,997.4296738000802,4033500
2026-06-23,982.41748046875,992.7582823135842,970.8489757007219,983.4256200069108,4286900
2026-06-24,992.6085815429688,1003.0092696913831,968.2537388400114,979.7923306630531,3526000
2026-06-25,1055.052734375,1055.1125599134125,1013.120514940133,1022.7426790826507,4642100
2026-06-26,995.6229858398438,1029.9393303113325,987.8075282770787,1029.9393303113325,13948500
2026-06-29,1031.27685546875,1037.1459727555814,990.2729643108368,996.5612868546871,3146900
2026-06-30,1062.92822265625,1071.4723093369823,1035.2894309559908,1043.0650457416903,3287500
2026-07-01,989.57421875,1039.3319500420437,983.22600993022,1032.0055753443496,3914100
2026-07-02,961.7459106445312,999.4260109246698,947.023222455603,999.4260109246698,3568600
2026-07-06,968.1240234375,989.1650075586006,961.5362687449162,977.2770876034715,2441700
2026-07-07,938.3792114257812,948.2409218871791,907.8458878574123,944.7474027012789,3810200
2026-07-08,946.324462890625,953.2316321090701,923.5467112399381,935.774027986887,2741500
2026-07-09,936.6524047851562,981.3394630795779,932.6498203250138,973.2744686198736,3521200
2026-07-10,950.6464233398438,956.2161080745815,926.7807235961147,928.9566796429589,1959400
2026-07-13,929.7451782226562,944.9969136609404,922.6683408124034,937.4708973262046,1991000
2026-07-14,931.6117553710938,962.8437935531342,923.786245941709,956.2260654912558,2028600
2026-07-15,912.6069946289062,936.8420650237014,888.7512863907219,936.8420650237014,2703600
2026-07-16,875.5457763671875,900.329817104665,867.2711484279856,890.1187789179534,3586600
2026-07-17,878.6500244140625,891.536092302809,836.7776905848835,840.171358288863,3377200
2026-07-20,864.2999877929688,894.3699951171875,861.27001953125,890.0,2770000
2026-07-21,889.969970703125,898.0,876.010009765625,887.489990234375,3219600
2026-07-22,889.3099975585938,902.5700073242188,872.9400024414062,877.2899780273438,1976900
2026-07-23,894.5399780273438,909.5999755859375,881.9500122070312,886.5599975585938,2677100
2026-07-24,888.72998046875,902.8200073242188,881.1900024414062,895.0,1982100
2026-07-27,873.280029296875,894.02001953125,839.5800170898438,887.5,3150000
2026-07-28,840.8499755859375,855.8200073242188,824.0,855.760009765625,3808600
2026-07-29,782.7100219726562,822.7999877929688,776.0,810.22998046875,5966400
2026-07-30,809.1400146484375,822.760009765625,801.6799926757812,810.75,3505200
2026-07-31,814.8099975585938,845.0,807.3099975585938,843.3900146484375,2423600
2026-08-03,830.030029296875,835.3400268554688,804.5700073242188,811.5800170898438,3314300
2026-08-04,876.5399780273438,935.0,866.8499755859375,922.0,6230100
2026-08-05,871.0800170898438,905.719970703125,870.0,874.9000244140625,3363200
2026-08-06,856.9600219726562,879.3300170898438,856.9600219726562,862.0,2896500
2026-08-07,842.1900024414062,868.0,836.010009765625,865.6300048828125,2443800
2026-08-10,837.5800170898438,854.9299926757812,835.8599853515625,849.0399780273438,1900900
2026-08-11,843.3699951171875,864.25,842.1099853515625,850.0,2173800
2026-08-12,855.5999755859375,871.2000122070312,855.25,866.0,3148500
2026-08-13,854.5999755859375,864.1099853515625,848.3699951171875,858.5,2523500
2026-08-14,856.5700073242188,870.989990234375,850.0,854.0,1894900
2026-08-17,881.6500244140625,887.9099731445312,859.6199951171875,864.030029296875,2140600
2026-08-18,840.8699951171875,863.9199829101562,834.8099975585938,862.1900024414062,2685700
2026-08-19,816.1500244140625,848.9400024414062,805.6799926757812,845.0,4143900
2026-08-20,815.3900146484375,818.9299926757812,801.0,811.5399780273438,2937800
2026-08-21,827.9000244140625,832.0,812.3400268554688,829.52001953125,2465200
2026-08-24,811.0399780273438,825.969970703125,804.489990234375,822.989990234375,1411434
