Date,Close,High,Low,Open,Volume
2021-08-13,35.559329986572266,36.1193215937972,35.475331423504386,35.93265772472222,12872600
2021-08-16,34.38336181640625,34.654024312724545,33.72070830637293,34.38336181640625,13430700
2021-08-17,32.3953857421875,33.55269872848665,31.78873269866472,33.49669850710684,23492800
2021-08-18,31.6207332611084,32.30205321618685,31.583399782943882,31.86339374854488,18157900
2021-08-19,30.258098602294922,30.603428035407696,29.539446739926838,30.44476248716068,32408600
2021-08-20,30.61275291442871,30.939415531389223,30.052764942948826,30.519422772620963,21881100
2021-08-23,31.919397354125977,32.106061204447016,31.387407694916945,31.452739508481788,16189600
2021-08-24,32.86204528808594,33.030042400677864,32.47938598947474,32.619384770073644,15470700
2021-08-25,32.76872253417969,33.08605008952147,32.302064573989874,32.89938619338201,9923500
2021-08-26,32.236724853515625,32.9180448813818,32.16205788920967,32.53538559010582,11336100
2021-08-27,34.13136672973633,34.37403088987448,32.54472877608794,32.54472877608794,18805800
2021-08-30,34.19668197631836,34.86867032722161,34.112683432455455,34.794003372536196,13357900
2021-08-31,33.96335983276367,34.28068733260479,33.16070771197042,34.112690211493785,16216100
2021-09-01,33.49669647216797,33.87002413805348,32.70337963255687,33.347366117877066,16478200
2021-09-02,33.85136032104492,34.25268635040671,33.59003306855512,33.73002828511032,10981300
2021-09-03,33.73003387451172,34.09402648231593,33.52470325049196,33.702035538624436,12687100
2021-09-07,33.93536376953125,34.22468939499756,33.55270442591669,33.57137116954633,10296400
2021-09-08,32.07806396484375,33.720701813513784,32.068732373116944,33.71136666146965,18265700
2021-09-09,32.48871994018555,32.992707699026646,32.19939079911713,32.20872238933113,12518800
2021-09-10,33.11404037475586,34.15935295448026,32.86204471029861,32.91804493361694,22605900
2021-09-13,32.936702728271484,33.48735898022051,32.255382884388084,33.384693712181836,13867400
2021-09-14,32.47005844116211,33.01137976887953,32.339394795172296,32.81538429989481,14925200
2021-09-15,34.29001998901367,34.336685061412034,32.79671275004844,32.79671275004844,18871400
2021-09-16,32.012733459472656,33.19804503533614,31.48074370121422,33.17937829079686,35807800
2021-09-17,30.84608268737793,32.27405810691514,30.398091585667935,31.975393812125017,37559800
2021-09-20,29.091453552246094,29.4834462593856,28.484798638381253,28.708794216724026,38463200
2021-09-21,28.44746208190918,29.399444522248587,28.018137714790484,29.352779449356003,35686600
2021-09-22,29.455442428588867,30.108762337962883,29.371443874787317,29.49277591034884,28813500
2021-09-23,29.96877098083496,30.220766674688406,29.558111529387713,29.838105558008014,20270400
2021-09-24,30.090099334716797,30.510088545882706,29.576774638442554,29.576774638442554,15164300
2021-09-27,31.648733139038086,31.68606661903038,30.127427652359852,30.127427652359852,22469300
2021-09-28,31.331409454345703,31.779400587274537,30.622091050620977,31.75140225406556,19761000
2021-09-29,30.90208625793457,31.760735072486437,30.715422388587633,31.52740612588206,12717000
2021-09-30,30.360759735107422,31.508737662481217,30.360759735107422,30.3700948862395,23041700
2021-10-01,30.65008544921875,30.89274594661884,29.735436558531344,30.706085668764885,16091200
2021-10-04,30.528759002685547,31.4807415471448,30.267431717651835,31.144747289063037,20137600
2021-10-05,30.05276870727539,30.575423263371757,29.632775895899993,30.51009144385971,20005300
2021-10-06,29.595439910888672,30.034099427980077,28.86745480619812,29.707438577849445,22783900
2021-10-07,32.03138732910156,32.19005281375168,30.44475028418067,30.56608229475828,37035100
2021-10-08,31.854066848754883,32.675382127390606,31.63940465818075,32.29272282065986,17625300
2021-10-11,32.88071060180664,34.13135374106631,32.862043861182855,32.94604241383152,27084300
2021-10-12,32.30205535888672,33.11403898108604,32.14338984632094,32.71271296498733,21591600
2021-10-13,33.43136215209961,33.91668665714886,32.28338447220697,32.787375715179216,26459800
2021-10-14,34.726715087890625,35.44687629836973,34.19360933962973,34.595777334673734,28961400
2021-10-15,36.13898849487305,36.48503889222582,35.17565737109681,35.69940855243348,30048400
2021-10-18,36.04545974731445,36.522447903342666,34.9698932520963,35.11018577505069,23196100
2021-10-19,36.335391998291016,36.428921535167625,35.746171971010014,36.326040828496865,16543100
2021-10-20,36.410213470458984,36.550505983567945,35.61523207693974,36.138983181267974,14281700
2021-10-21,35.9332275390625,36.03610825612597,34.37132157720761,35.57782596639081,19571900
2021-10-22,35.231773376464844,36.297988839598645,34.80154814988433,35.5123584586402,19058200
2021-10-25,36.793678283691406,37.07425976236312,35.5591169233062,35.755523601597694,19215100
2021-10-26,36.335391998291016,37.10231636174406,35.87710975485024,36.8872037786084,15564400
2021-10-27,34.605125427246094,35.820980471943514,34.455481784326196,35.04470518922962,19544200
2021-10-28,35.63393783569336,35.746173284068014,34.75478156348152,35.21306739154346,13978400
2021-10-29,35.27854537963867,35.605889935643305,34.782847607675556,35.138252816900646,16052200
2021-11-01,35.84905242919922,36.12963390231018,35.16629930198697,35.33464889941095,10873400
2021-11-02,36.054813385009766,36.24186890582309,35.4468874021006,36.09222520272989,14574500
2021-11-03,35.755523681640625,36.195103592142175,35.09148001481404,36.13898586916738,17054400
2021-11-04,34.605125427246094,36.09221068966892,34.371307012197136,36.00803591753986,16309500
2021-11-05,34.64254379272461,34.97924294502629,34.39001942849835,34.74542448568196,12536200
2021-11-08,36.87785339355469,37.205197860120954,35.446885342869145,35.49364832840902,25103800
2021-11-09,36.662750244140625,37.21456217825633,35.68071302384333,36.69080732913003,16030800
2021-11-10,35.09147644042969,37.036844257504,34.85765797019851,36.48503252504695,24055700
2021-11-11,38.25271987915039,38.55200736645719,35.792947498046146,36.58792921724452,39436900
2021-11-12,38.56134796142578,38.90739835473584,37.74766055150695,38.03759321842052,18481700
2021-11-15,38.21529769897461,38.570702831794726,37.59801697764878,38.364941402090345,13962100
2021-11-16,37.036842346191406,38.131114585651716,36.905904580464956,38.04693979800093,19165300
2021-11-17,36.35409164428711,37.82247122636946,36.157685002354505,37.07425289915973,19209100
2021-11-18,36.27928161621094,36.47568831239331,35.250478010317146,36.36345642425872,17613600
2021-11-19,35.80228805541992,36.7282108975854,35.63393844775347,35.97999240117185,18915800
2021-11-22,35.297237396240234,36.12963056904854,34.51160720333831,34.969889401322206,19073700
2021-11-23,36.176395416259766,36.70015009449107,35.47493997809721,35.57782067987362,15861800
2021-11-24,36.148345947265625,36.4943963705996,35.75552896398339,36.1670482898998,13430300
2021-11-26,34.829612731933594,34.988607633185886,33.015178502940095,33.93174678959783,21122400
2021-11-29,35.521705627441406,35.67134932277342,34.23102652533582,35.390767839999285,17219200
2021-11-30,34.67996597290039,36.054816498874196,34.12815410112703,35.50300462710083,27056100
2021-12-01,33.88497543334961,36.04545958388676,33.83821244850585,35.35335527772322,19234100
2021-12-02,34.69866943359375,34.93248797039098,33.595045654487805,34.03462564535867,18548800
2021-12-03,34.1936149597168,35.08212230766319,33.305104043983626,34.67060307737447,20762700
2021-12-06,34.9511833190918,35.43752615678995,34.00655828572679,34.85765735975189,13602900
2021-12-07,36.26057815551758,37.046208561087006,35.72747219114414,35.72747219114414,18048200
2021-12-08,36.21381378173828,36.756270896820055,35.783584990301875,36.34475158304121,14213800
2021-12-09,35.97998809814453,36.31668727320989,35.4842905047264,35.66199482922578,11526700
2021-12-10,35.88645935058594,36.66273841757086,35.428177127246414,36.456977013254495,10018500
2021-12-13,35.194366455078125,36.36345911572447,34.82025537655623,36.11093467289034,11557800
2021-12-14,35.50300216674805,36.26992660416157,34.96989624239444,35.12889468652461,12609600
2021-12-15,34.83895492553711,35.03536160039206,33.46410106597843,34.84830609528815,23245200
2021-12-16,35.80228805541992,36.672093172434174,35.62458727745521,35.923874676020624,17549100
2021-12-17,35.54041290283203,36.176399524410954,35.11953887858315,35.78358257918291,19628600
2021-12-20,34.997955322265625,35.20371676720877,34.33391156349695,34.65190490214199,13373700
2021-12-21,36.644039154052734,36.84044585680395,35.60588434267128,35.70876506348026,13560800
2021-12-22,37.541900634765625,37.56995771520041,36.47568876479455,36.65338955386058,13244500
2021-12-23,38.46781539916992,38.61745907615285,37.26131124661508,37.3361313012132,17727500
2021-12-27,39.27215576171875,39.31891874688948,38.0001825854674,38.34623295707526,11409000
2021-12-28,39.27215576171875,39.505974255359455,38.944807729949524,39.09445142316809,10835200
2021-12-29,39.26280212402344,39.477914716065165,38.73904739919108,38.99157180753237,14596200
2021-12-30,38.92610168457031,40.00166817862611,38.879338699565075,39.33762451530536,12001000
2021-12-31,39.028987884521484,39.253455239036185,38.70164337563292,38.944813072551916,8793200
2022-01-03,38.795169830322266,39.32827579001305,38.6174690330212,38.795169830322266,12658000
2022-01-04,39.42179489135742,39.74913931744525,38.77645364023191,39.11315280294319,14448600
2022-01-05,38.98222732543945,40.890187470615274,38.832583602354354,39.459215577839515,22270600
2022-01-06,37.906654357910156,39.18798231616808,37.6728358561855,38.79516537802131,16145800
2022-01-07,39.169273376464844,39.38438595326885,37.83183136468557,38.34623131511138,16974600
2022-01-10,38.92610168457031,39.15992017738357,38.046945435995816,38.91675051468409,12066900
2022-01-11,40.20742416381836,40.235481237474865,38.626809082485494,39.12250664639884,17291600
2022-01-12,42.227622985839844,42.50820447533041,41.30170014595505,42.07797928692573,28622600
2022-01-13,41.59889602661133,42.846954833576994,41.51444065022422,41.75842085996508,22954000
2022-01-14,41.36430358886719,41.72088982072716,40.407143724005394,40.63235570416118,19204600
2022-01-18,41.56135559082031,43.353683005491405,40.754338421339675,41.19538352086493,25895000
2022-01-19,41.36430358886719,42.69681794721525,41.3361494065878,42.2651586688501,18064400
2022-01-20,40.529136657714844,42.13378920203532,40.45406718236434,41.79596761375732,17598500
2022-01-21,38.46466827392578,40.09746744168952,38.19253388607203,39.97547554718965,24839300
2022-01-24,37.498130798339844,37.59197211445993,35.161537511992705,37.150926877896005,30985600
2022-01-25,37.18845748901367,37.40428711223894,35.677646546757174,36.897554824833726,27054500
2022-01-26,36.0623893737793,38.295762377859724,35.4149004602702,37.132155222046435,24866900
2022-01-27,34.814327239990234,36.644191592317895,34.476509267895196,36.043621535686846,24521300
2022-01-28,33.81963348388672,34.23252449139777,32.78740059558938,34.17621970777726,30157400
2022-01-31,34.92693328857422,34.964466228569165,33.44427297854778,33.763326236421854,20213700
2022-02-01,36.61603927612305,36.68172639926326,35.20845192938183,35.84655847961223,22363000
2022-02-02,36.96324920654297,37.40429445958744,35.987320960507695,36.62542761524766,19673300
2022-02-03,35.8465576171875,36.70987611750544,35.64949625250792,36.30636746810651,16367000
2022-02-04,36.05299758911133,36.4377415179516,35.386740522460705,35.68702549840688,15184300
2022-02-07,36.50343322753906,37.000779610362976,35.837172497344326,36.053002127243,13817400
2022-02-08,38.12685012817383,38.192537251073645,36.57850262055311,36.75679572846979,18641700
2022-02-09,40.8763427734375,41.10155477148742,38.72742497216358,38.849416892587385,26474800
2022-02-10,41.204776763916016,42.753124401588984,40.16316147090111,40.21946625797868,29329400
2022-02-11,40.16315841674805,41.45813978361688,39.72211681372557,39.97547938710797,23462800
2022-02-14,39.834720611572266,40.35083522997322,39.18722817386383,40.11623735072919,17130400
2022-02-15,40.97956466674805,40.99833293069713,39.262309681730244,39.88164807332884,15759100
2022-02-16,41.52383041381836,41.702123538209825,40.85757320302494,40.9138744108959,11736000
2022-02-17,40.547889709472656,41.48628106722771,40.31329187003389,41.251683227788945,12251700
2022-02-18,40.36960220336914,41.148465276205016,40.14438667141307,40.698037791972325,15846700
2022-02-22,39.75026321411133,40.773110058882196,39.22476270259477,40.360215521376546,14429600
2022-02-23,39.84410095214844,40.529126295602175,39.459360592683204,39.92855632762517,13945700
2022-02-24,41.02647399902344,41.22353533796174,38.708646047757355,38.830637934581674,20397700
2022-02-25,43.48506164550781,43.51321224461699,41.04524521147468,41.14846526810146,29087900
2022-02-28,44.05747604370117,44.49851755848747,43.18477177319859,43.25984122222813,23876900
2022-03-01,44.95833969116211,46.497301283479786,44.263928358695004,44.58298163366426,27302500
2022-03-02,45.192935943603516,45.784123609839845,44.517292896476285,45.2023182838449,19132900
2022-03-03,46.065635681152344,46.0937862787012,44.49852012347954,45.74658245010801,22678700
2022-03-04,47.022804260253906,47.351239892653076,45.64336744481754,46.03749378337647,25481300
2022-03-07,44.24516677856445,46.33777968353359,43.832272170442124,45.88735213077467,27210600
2022-03-08,43.79473114013672,45.268009140698474,43.25046591226517,43.54136857626799,23946900
2022-03-09,44.09502029418945,44.62990318870259,42.13378182108138,42.856340160934124,23418100
2022-03-10,44.770660400390625,44.89265230531542,43.4944473079827,44.71435919787126,16686600
2022-03-11,44.038719177246094,44.83635062534941,43.738434144100374,44.226398217882156,14331200
2022-03-14,41.77719497680664,43.372461432417296,41.4206051620984,43.31615664703813,21012000
2022-03-15,41.551979064941406,41.72088983997612,40.350838957743356,40.669892246177824,18570100
2022-03-16,43.56012725830078,43.89794873651167,42.180694328511805,42.48097929143724,20461600
2022-03-17,45.5964469909668,45.79350836353811,43.87918868224022,44.123172497530234,18150900
2022-03-18,45.11786651611328,46.42223017108991,45.02402521523175,45.3524643987977,27493100
2022-03-21,46.45976638793945,46.919579845484336,45.37123227871141,45.37123227871141,15327100
2022-03-22,46.788204193115234,47.65152271816493,45.69967011649446,46.863273657185765,15558200
2022-03-23,46.74128723144531,47.31370310476082,46.619295320229924,46.92896268909373,11371700
2022-03-24,48.280242919921875,48.74005274581553,46.97587932039575,47.05094877823005,18021600
2022-03-25,48.730674743652344,48.78697952679955,47.78289724891323,47.961193939039475,11525800
2022-03-28,47.172943115234375,47.97057449185311,45.934266569599835,47.97057449185311,14166900
2022-03-29,47.00403594970703,47.00403594970703,44.7049757862571,46.00933955311827,15729400
2022-03-30,47.65152359008789,48.26147955284069,47.0603394682959,47.49199873871921,11190300
2022-03-31,46.67559814453125,48.11133609737094,46.67559814453125,47.46384720445259,10964400
2022-04-01,47.820430755615234,48.65559863139706,46.76005092080526,46.806969780629494,16632900
2022-04-04,47.76414108276367,48.58992323806145,47.4544700897667,48.58992323806145,12298500
2022-04-05,46.065635681152344,48.38346367078851,45.877956678241695,47.84858083928466,13805900
2022-04-06,45.09910202026367,46.00933944687267,44.51729664527494,45.896733456095454,13635800
2022-04-07,45.49321365356445,45.91549049032135,44.55482227396202,45.52136424945524,11154300
2022-04-08,45.953041076660156,46.309627332736284,45.25862966804851,45.896736287957545,9620300
2022-04-11,44.7800407409668,45.86857467009196,44.67681710963677,45.71843218261536,9370600
2022-04-12,45.04279708862305,46.28147372218579,44.90203691584914,45.64336714372257,11646600
2022-04-13,46.530094146728516,46.55833298986735,45.296946526755875,45.645242349671484,11976500
2022-04-14,46.30418014526367,47.46201958361198,46.25711420209204,46.78426210195766,12110200
2022-04-18,47.7914924621582,48.328052160267454,46.5206903422403,46.756023669161955,14267000
2022-04-19,47.66910934448242,47.932681472987476,46.80308458459385,47.13254974522517,10278500
2022-04-20,46.97252655029297,47.55615210938252,46.012366287396645,46.8878064214815,13101800
2022-04-21,42.31293487548828,45.92765508951506,41.87050705111752,45.64525580219614,31430900
2022-04-22,39.451271057128906,41.98345586629095,38.71703236998248,41.870496896937865,32547600
2022-04-25,39.2065315246582,39.611305111761475,37.239144877191606,37.672157312869075,31955300
2022-04-26,37.82277297973633,39.37597438977956,37.72864108435864,39.05592091823314,18707700
2022-04-27,39.24418258666992,40.39261032085939,39.08415765500165,39.63012908228912,22816500
2022-04-28,39.3853874206543,39.96901309091288,38.161654786537234,39.43245336987,15184900
2022-04-29,38.17106628417969,40.94800036011495,38.011041339738505,39.987839920762674,17202000
2022-05-02,37.82277297973633,38.26520078799504,36.73082647520768,37.5968514035676,21723800
2022-05-03,37.79453659057617,38.49112127989826,37.48389485197713,37.97338863980171,16184300
2022-05-04,38.87705993652344,38.98060716172179,36.93791586790381,37.91689965409478,17667500
2022-05-05,37.31444549560547,38.66996752993285,36.58961853911674,38.60407090579661,22061300
2022-05-06,35.65770721435547,36.90967866434746,35.394131442592695,36.872024469681115,22379500
2022-05-09,33.436161041259766,34.78226801977072,33.27613250440302,33.98213251729051,30392800
2022-05-10,33.953895568847656,34.48104356740622,32.937257360579956,34.48104356740622,26543200
2022-05-11,33.80327606201172,35.60122238322633,33.71855592788532,35.06466273072625,22542800
2022-05-12,32.32538986206055,33.43616358753134,31.468776591492603,32.29715100848313,27193400
2022-05-13,32.98431396484375,33.6997255685888,32.56071333523769,32.73015358708012,18988000
2022-05-16,33.08785629272461,34.01036219920595,32.89017363419971,33.09726804270179,17882500
2022-05-17,35.431785583496094,35.601225868335895,34.4151474653589,34.91405297577519,22673600
2022-05-18,33.26671600341797,35.394127491986985,33.05962154677009,34.979942169592476,18276000
2022-05-19,34.56575393676758,35.384712760435164,33.53970067388943,33.53970067388943,18860200
2022-05-20,34.179813385009766,35.29999871827857,33.41733211997038,35.12114668416386,21630900
2022-05-23,36.10013198852539,36.373119517700786,34.89522646789153,35.39413198673492,19211900
2022-05-24,35.28116989135742,35.71418232591895,34.55634285564284,35.69535522995088,15922900
2022-05-25,35.610633850097656,35.82714003798645,34.76343260105375,34.895218664038154,12859800
2022-05-26,36.2319221496582,36.4390130444344,34.81050678307152,35.422374895719045,10011800
2022-05-27,37.32386779785156,37.37093374595306,36.42960042031647,36.79671984277047,11914400
2022-05-31,36.787296295166016,38.59465397730001,36.42017339951332,37.70038688647515,16890100
2022-06-01,37.31444549560547,37.6344989102771,36.57079144520653,37.01321917484405,12817600
2022-06-02,39.27241516113281,39.790147609458565,38.8393992382435,39.32889284475711,19239100
2022-06-03,38.905303955078125,39.47951420659382,38.5946622668586,38.622901114550814,13459900
2022-06-06,40.27023696899414,40.449092592146236,39.23477178707773,39.39479672263327,15137400
2022-06-07,40.844444274902344,41.06095046568984,39.677193194926176,39.7713250723465,12694800
2022-06-08,39.72426223754883,40.60911416350226,39.57364906736736,40.41143505093307,12373400
2022-06-09,38.1428337097168,39.79016732861894,38.12400660887821,39.70544717029645,13547900
2022-06-10,37.851009368896484,38.02986498574624,36.67434279868034,36.90026436015846,23307200
2022-06-13,34.989356994628906,36.2601591026176,34.17039803008167,35.949517390364285,30274600
2022-06-14,34.659889221191406,35.44119752527011,34.311596931746124,35.28116900899441,16368800
2022-06-15,34.73519515991211,35.36588665565033,33.784446654135245,35.299993621495624,17094500
2022-06-16,32.82429122924805,33.91623771573107,32.475998913024576,33.398505117906645,20474600
2022-06-17,31.83588409423828,32.94665740250922,31.459349430420758,32.513645052749546,30089700
2022-06-21,32.03357696533203,32.7301653159629,31.920617953925102,32.24067147866325,13634400
2022-06-22,29.482553482055664,30.357993584317356,29.341353870986143,30.357993584317356,31329200
2022-06-23,27.83522605895996,29.058960455476374,27.176293810482655,28.6730121414379,41337600
2022-06-24,29.171920776367188,29.171920776367188,27.439867240509393,28.014081167909797,35347200
2022-06-27,29.200159072875977,29.75554585734895,28.91775800873929,29.727305212300053,17053700
2022-06-28,28.97423553466797,30.405060584362886,28.880101858851724,29.689648957240692,22635000
2022-06-29,28.512985229492188,29.46373023950391,28.230584174991566,29.44490493889776,15424300
2022-06-30,27.54340934753418,28.296475181153816,27.28924895539359,27.97642175300283,21029200
2022-07-01,27.48693084716797,27.55282388554755,26.28202367460354,27.195116255128916,22967500
2022-07-05,25.660743713378906,26.329089435697846,25.048877481359305,26.206716907474174,35842200
2022-07-06,25.773706436157227,25.971387374082873,24.672346340431154,25.52896134417444,35581200
2022-07-07,27.505754470825195,27.806982592196658,27.091569170409176,27.590474599421775,24755700
2022-07-08,26.357328414916992,27.505754220919048,26.347914867886175,27.49634067388823,17509200
2022-07-11,25.33127784729004,25.70781079166963,25.180664669538203,25.46306392896022,22219500
2022-07-12,24.75705909729004,25.51954017900786,24.493486985985424,24.804126828201827,25721900
2022-07-13,24.88884925842285,25.368929385579083,23.881623064280582,24.248742422214544,26774600
2022-07-14,23.7528076171875,24.04628540240787,23.478262542917392,23.951614624876978,31890900
2022-07-15,24.44390106201172,24.737378845293453,23.553998648211593,24.036817985304378,29197400
2022-07-18,25.95862579345703,26.621319367845075,25.570477267390945,25.598879039674337,29351200
2022-07-19,26.981067657470703,27.085205689409598,25.807154755022022,25.845021981194005,22850400
2022-07-20,27.04733657836914,27.681628414722862,26.715989773283795,27.000002094369012,25186600
2022-07-21,27.369218826293945,27.50175683912893,25.93022798007556,26.971602982093998,27566100
2022-07-22,26.280506134033203,28.35378862662328,26.214237135688805,28.050841796671367,20926700
2022-07-25,26.78226089477539,27.094673187667915,26.48878131228935,27.01893692895745,16260800
2022-07-26,26.441448211669922,27.151476351378804,26.299442944867135,26.715991486729322,14626600
2022-07-27,27.72896385192871,27.84256733231436,26.28050593430097,26.488780185471168,17466300
2022-07-28,28.240184783935547,28.770338603498594,27.615360188026813,28.344322818485292,18827100
2022-07-29,29.868513107299805,30.03892013121331,28.183380994587914,28.448456982280263,26279200
2022-08-01,28.382184982299805,29.366757991537963,28.107641766139448,29.20581824216998,17320500
2022-08-02,27.766830444335938,28.39165498930866,27.000000649268454,28.050840944525458,17031900
2022-08-03,27.16094207763672,28.02244269409289,26.981067786796853,28.02244269409289,17600000
2022-08-04,27.22721290588379,27.870972048364393,27.00947137407269,27.284014652074738,12475300
2022-08-05,28.656734466552734,28.874475983223398,26.98106772202842,27.094673012205845,17881000
2022-08-08,28.988082885742188,29.972654297364947,28.78927406829749,29.29102793547227,15915700
2022-08-09,28.448457717895508,29.11115131565167,28.1644472078256,29.054349574776648,12976800
2022-08-10,29.72650718688965,29.9063814642716,28.959677402232472,29.309956893997917,17104900
2022-08-11,29.982118606567383,31.080297012354514,29.85904786935649,30.379734396648743,14663700
2022-08-12,29.93478012084961,30.00104910938454,29.404624601181165,29.575031603524987,10878800
2022-08-15,28.874475479125977,29.111151507643402,28.17391465139777,28.618864934960403,16050600
2022-08-16,29.717041015625,29.7927772711282,29.092216456299912,29.300492513204784,11931700
2022-08-17,28.637800216674805,29.063817801680138,28.410591439903577,29.054350543602812,12467000
2022-08-18,29.565567016601562,29.726506777157706,28.921807974376982,29.063815026281272,12556200
2022-08-19,28.8271427154541,29.36676380375508,28.438994149985152,29.253158508783603,13799000
2022-08-22,28.268587112426758,28.315921598679612,27.72896602408662,28.30645434029006,14027500
2022-08-23,30.09572410583496,30.33240013004935,28.77033692567858,28.855540438851342,18021900
2022-08-24,29.65077018737793,29.963182447754722,29.253154419107954,29.414094177829007,10531400
2022-08-25,31.458980560302734,31.47791507792693,30.199864029413455,30.199864029413455,18058800
2022-08-26,30.47440528869629,32.0838030659899,30.332401833028747,32.01753406440043,15736100
2022-08-29,29.82118034362793,30.322932381066494,29.45196630767203,29.792778569440998,12645500
2022-08-30,28.173913955688477,29.53716835188003,27.861501677987786,29.480364806338265,19734800
2022-08-31,28.022441864013672,28.315919630915456,27.55855706933189,28.117112635635312,19624100
2022-09-01,26.592918395996094,27.0189359645963,26.11009908681412,26.97159967603251,19731900
2022-09-02,26.79172706604004,27.577491448381284,26.649721802859307,27.340815407848442,13699900
2022-09-06,26.621320724487305,27.378683300359636,26.365710177994835,27.047336496279936,14929200
2022-09-07,26.867460250854492,26.9621310173682,25.845019945034746,26.166899467764544,13627400
2022-09-08,28.988082885742188,29.00701559707912,26.933734735853285,27.056805485170532,21393900
2022-09-09,30.45547103881836,30.55960907405295,29.47089965315499,29.631839432292594,17883000
2022-09-12,30.45547103881836,31.032961153199444,30.199862288407363,30.909892212821987,12635900
2022-09-13,29.395166397094727,30.019991060973616,29.016485056212836,29.111155842857077,17693700
2022-09-14,28.429527282714844,29.063819157935825,27.956175190928885,28.89341211598169,20529700
2022-09-15,28.192852020263672,29.215292494705807,27.927774191447202,28.259121026044046,13837400
2022-09-16,27.766830444335938,28.06030820195774,27.160940414227774,27.710028705436976,27657400
2022-09-19,28.865007400512695,28.988079943031224,26.962131968658316,26.962131968658316,18022100
2022-09-20,28.136043548583984,28.344319593989656,27.79523132048367,28.325385079735565,14182100
2022-09-21,26.602384567260742,28.382187413591694,26.58345005260852,28.334852932655835,18878100
2022-09-22,26.839061737060547,27.501753527123224,26.64972019378848,27.22721027564298,16103400
2022-09-23,25.258068084716797,25.79768918424673,24.642710722194856,25.65568391684858,26058200
2022-09-26,25.087657928466797,25.807153240457133,24.727911175318987,24.784712914090804,17105500
2022-09-27,25.437942504882812,25.873425567690486,25.002457636380186,25.65568403628665,15322300
2022-09-28,26.375179290771484,26.498250040870285,25.381138808625284,25.532611334452238,14899300
2022-09-29,26.668659210205078,26.697060988197777,25.419009869647706,26.488784894308157,17580400
2022-09-30,25.873424530029297,26.905332205273773,25.835557302723153,26.365711124873332,16108400
2022-10-03,27.776294708251953,27.899365430218534,26.40357322532299,26.555045716525488,16515200
2022-10-04,29.139554977416992,29.338361986211282,28.353790589225216,28.448459561587313,17325900
2022-10-05,28.883943557739258,29.130086851075358,28.012975675817216,28.401124229160153,13118100
2022-10-06,28.230714797973633,28.47685807041119,27.672159257768158,28.117111321891496,18258700
2022-10-07,27.407081604003906,28.259114845405698,27.22720733787305,27.833097321857508,12667300
2022-10-10,27.7005672454834,28.50526623869624,27.568029225081908,27.757368996270454,11617700
2022-10-11,27.624828338623047,28.26858747173588,26.72545864282807,27.14200898878842,13833900
2022-10-12,27.302946090698242,27.426016827850372,26.611852538601838,27.359747830484245,15818400
2022-10-13,27.940553665161133,28.368796748012546,26.17047717366279,26.35129188782783,16285500
2022-10-14,26.303714752197266,28.04524141835683,26.237099265726357,28.007176204003112,13972100
2022-10-17,27.42666244506836,27.950073128338452,27.103100005268107,27.160200540622686,13874400
2022-10-18,27.11261558532715,28.140401580373357,26.484524244750883,28.03571908523214,14492100
2022-10-19,26.9888973236084,27.34100814757072,26.522587266249914,26.74146716386273,12703600
2022-10-20,27.712156295776367,29.120603323596242,26.798567808044982,26.988899272403504,26954400
2022-10-21,30.481470108032227,30.576637666368878,27.39811382334781,27.731191201848205,27259400
2022-10-24,29.548852920532227,30.25307840508114,29.149158209229007,29.61547021836257,19179500
2022-10-25,30.138874053955078,30.462434656012103,29.073021065238272,29.082537820465753,15134000
2022-10-26,31.728139877319336,32.137351328053185,30.77648601612832,30.919235547415525,19799800
2022-10-27,31.157148361206055,31.737654154966027,30.824067338591213,31.699590760320557,14606700
2022-10-28,30.643259048461914,30.843105514081934,29.92951855958596,30.614706960322014,13156900
2022-10-31,30.15791130065918,30.805034400080466,29.872414053871037,30.20549326755603,13138500
2022-11-01,31.30940818786621,32.10879744122405,31.109558151823673,32.061211851998685,16684600
2022-11-02,29.51078224182129,31.77571730956389,29.463198466471077,31.090525465604284,20061600
2022-11-03,30.034194946289062,30.13887745045307,28.81607918206351,29.073024341620048,15062200
2022-11-04,33.488704681396484,34.040665772412765,32.4704351392671,33.02239623028338,30363400
2022-11-07,32.78447341918945,33.526762205271815,32.47042592952626,33.27933382000138,12396400
2022-11-08,33.745643615722656,34.45938398135269,32.6702774119687,33.11755223917908,18453300
2022-11-09,32.38477325439453,34.031133669182864,32.04217735207637,33.20319599209443,14161900
2022-11-10,34.97327423095703,35.173120641011785,33.98355349029896,34.13581794037937,21126200
2022-11-11,36.20091247558594,37.361927676750994,35.91541705334113,35.91541705334113,22053500
2022-11-14,36.05815505981445,36.67673136455994,35.477645771111554,35.667977221054045,14006700
2022-11-15,36.24848937988281,36.581566720952125,35.753629022957874,36.40075382583889,15132100
2022-11-16,35.572818756103516,35.858314159580836,35.19215579795308,35.53475173423427,12620100
2022-11-17,34.60213088989258,34.65922779145159,33.60289517962934,34.06920348362574,13618400
2022-11-18,34.583106994628906,34.89715093133184,34.09776504508002,34.68778951695387,9136200
2022-11-21,34.38324737548828,34.60212727925722,33.4411086650936,34.27856489319214,10425300
2022-11-22,36.02962112426758,36.058169582662515,35.03038514745362,35.20168315836709,11848000
2022-11-23,36.20091247558594,36.343658371572715,35.306355554208615,35.3539411498088,8632400
2022-11-25,35.353946685791016,36.20091814419321,35.296846140292324,36.0486536531352,5219800
2022-11-28,34.44034957885742,35.106507962276346,34.37373410354264,34.76391201478826,10420000
2022-11-29,35.696533203125,35.84879766916638,35.12554236303763,35.27780682907901,8912700
2022-11-30,37.87582015991211,37.87582015991211,35.95347906624812,36.476891555572585,23334200
2022-12-01,37.65694046020508,38.151800870321466,36.83851761386918,37.961469384850375,12098000
2022-12-02,38.2755126953125,38.34212816340287,36.5815666531368,36.81948007639404,15008700
2022-12-05,36.981266021728516,38.6371415458313,36.83851650435678,38.351646141358856,12200500
2022-12-06,36.60060501098633,37.93292180982264,36.35317661534193,37.171599480603845,14971800
2022-12-07,36.686248779296875,37.29530655600025,36.400753400251006,36.49591731650939,12273600
2022-12-08,37.932918548583984,38.11373145176851,37.38095763843504,37.75210201512854,12677600
2022-12-09,36.72431945800781,38.59907856336416,36.6767374951364,38.13276661457377,10601800
2022-12-12,37.00029754638672,37.05739444605337,36.03912525892862,36.26752374840773,9557200
2022-12-13,37.3619270324707,39.17007072595975,36.89561869790864,39.103455249593736,12513200
2022-12-14,37.523704528808594,37.961464346096975,36.98126222689242,37.143041608393084,11163700
2022-12-15,36.30559158325195,37.02884682733954,35.915413695598595,36.553019957992966,11046700
2022-12-16,36.50543975830078,37.16207956278081,36.020094295200295,36.324623215852284,29060700
2022-12-19,35.55378341674805,36.85754799141754,35.296836477751135,36.68625003208627,9245700
2022-12-20,35.972511291503906,36.53398715339092,35.82976540610476,35.82976540610476,7608100
2022-12-21,36.59108352661133,36.97174280801265,36.28655464938204,36.51494949216872,7266700
2022-12-22,35.84879684448242,36.20091136369826,35.068441020188146,36.20091136369826,11351300
2022-12-23,36.25800704956055,36.277040560522025,35.51571827341783,36.039127118910024,6598000
2022-12-27,37.00029754638672,37.3619233451783,36.5530191375535,36.80044750674094,10559300
2022-12-28,36.04864501953125,37.09546269105964,35.76314962095723,37.009813708460335,8305500
2022-12-29,36.457855224609375,36.705283593842154,36.21994179523251,36.286557265036365,6455800
2022-12-30,36.162845611572266,36.36269204500269,35.64895167109008,36.162845611572266,6820100
2023-01-03,36.086708068847656,37.18111132167027,35.77266422247053,36.115260149624426,8576100
2023-01-04,37.11449432373047,37.257243830930044,35.89637874863827,36.162840623121994,10415600
2023-01-05,37.913883209228516,38.323094586937515,36.79093156299509,37.01933004624203,12341000
2023-01-06,40.23591613769531,40.540445022671065,38.580040779423506,38.74182016132345,16483800
2023-01-09,40.75933837890625,42.04406969492996,40.75933837890625,41.111449306288705,17009500
2023-01-10,42.54844665527344,42.65312916919495,40.93063423619482,41.14951783636071,16052500
2023-01-11,43.12894821166992,43.17653017372483,42.09164546568062,42.843452809069504,18910300
2023-01-12,43.062110900878906,43.778221416807,42.240973902168896,43.472681221397124,12834900
2023-01-13,43.014373779296875,43.377204151267094,42.470130042504884,42.737476820626796,11109600
2023-01-17,42.1550407409668,43.14804456068992,42.05001061524453,42.66109100963613,12644000
2023-01-18,41.9354248046875,44.284269770496174,41.906781553187415,43.23397229347253,19797400
2023-01-19,42.1454963684082,42.46058678899269,41.03791209037293,41.12384551032079,13731200
2023-01-20,43.35810089111328,43.38674414378306,41.41027957839335,41.86858983274049,12365100
2023-01-23,42.91889190673828,43.491778874879174,42.135944683860025,43.195788853014534,11735800
2023-01-24,42.575157165527344,43.44403777534111,40.770559256093094,40.770559256093094,9720800
2023-01-25,44.532527923583984,44.61846133612036,41.98317608888252,42.23142614602837,18821700
2023-01-26,43.39629364013672,44.379750817805174,42.26006273776334,44.17924076761907,15945700
2023-01-27,42.79476547241211,43.48223275464413,42.66109208805067,42.95708575508425,10871300
2023-01-30,41.99271774291992,42.985725140661636,41.964074489514786,42.36509460649151,8850300
2023-01-31,42.60380554199219,42.823412355231746,41.467578036363115,41.725378289033955,10931900
2023-02-01,42.785221099853516,43.272174687861174,41.22887309818003,42.269620612085355,13159900
2023-02-02,41.73491287231445,42.909333480949414,40.885129121195924,42.67063001637339,14696200
2023-02-03,41.20977783203125,42.7565757075438,41.01881427697772,41.419838106822816,13162800
2023-02-06,41.00926208496094,41.15248199976243,40.25495814976346,40.761008404916176,11026500
2023-02-07,41.7158203125,41.86859039934983,40.42682293235001,41.076096712043295,12585600
2023-02-08,41.07609939575195,41.62988963089215,40.95197255384971,41.33389961709057,6826000
2023-02-09,40.999717712402344,42.088208887628774,40.65598768279738,41.98317874983551,9417800
2023-02-10,40.4459228515625,40.799203022444146,39.92077586407324,40.77055976711837,8030400
2023-02-13,40.207218170166016,40.570048510445076,39.443367697730906,39.91122451857963,8600600
2023-02-14,41.037906646728516,41.20022692613259,39.6629757522731,40.07354607730364,9376200
2023-02-15,40.3981819152832,40.47456514177275,39.462464626246444,39.853938223112095,10787200
2023-02-16,40.82784652709961,41.50576726000355,40.054449489968825,40.41727984305913,11010300
2023-02-17,39.85394287109375,40.22631979418402,39.338342373433306,40.21676961330505,11621300
2023-02-21,40.73236846923828,41.47712228540136,40.47456823079876,40.56050164361193,15233000
2023-02-22,39.90167236328125,40.56049262006249,39.586582038955974,40.130825651585226,9818800
2023-02-23,38.75590133666992,39.96851558287796,38.13527076483087,39.84438874004486,12760600
2023-02-24,38.08753204345703,38.135272017706974,37.24729465581713,37.581481760219845,11207300
2023-02-27,38.29758834838867,38.7749953262697,38.01114489012529,38.32623160151716,8130300
2023-02-28,39.11873245239258,39.4911093458681,38.31668851170434,38.6795152250604,11700900
2023-03-01,41.057003021240234,41.429379907730414,40.41727937364458,40.67507595480975,14042800
2023-03-02,40.8851318359375,41.01880520220375,39.97805788185441,39.97805788185441,9786500
2023-03-03,41.75402069091797,41.8972442646838,40.80875675950921,41.22887365765457,10232200
2023-03-06,40.7992057800293,41.07610274131529,40.67507892801718,41.07610274131529,8697800
2023-03-07,38.326229095458984,40.39817713799268,38.17345901821936,40.2835968483185,16238900
2023-03-08,38.708160400390625,39.56749081424516,38.33578352348769,38.33578352348769,9938600
2023-03-09,37.40006637573242,39.051897966341315,37.11362287552238,38.67951740950887,11896900
2023-03-10,36.16835021972656,37.7246941969298,36.044223397447034,37.38096426514362,18172000
2023-03-13,35.910552978515625,36.588470003878165,34.66929558109767,35.40450275427685,18949400
2023-03-14,36.321128845214844,37.22820295886692,35.89146177639789,37.084979388485706,17198000
2023-03-15,33.90544128417969,34.75522874726094,33.351651094991695,34.60245866310637,26465400
2023-03-16,34.46877670288086,34.50697012901663,33.30390634434454,33.59034975571165,25292000
2023-03-17,34.59291076660156,34.84116444618721,33.87680026693939,34.59291076660156,18290700
2023-03-20,35.75778579711914,35.92010243229167,35.08941525428649,35.309022041928024,11952500
2023-03-21,36.53118133544922,36.69350160634003,35.95829440338748,36.24473786941835,11516000
2023-03-22,36.13016128540039,37.60057569431423,36.07287113514648,36.61711481441664,12672800
2023-03-23,36.08241653442383,37.495540605870616,35.70048953464867,36.52163003453719,15292600
2023-03-24,36.2924690246582,36.483432503069515,35.089405302620115,35.681388807602325,13894800
2023-03-27,36.263832092285156,36.636208936749746,35.70049173615702,36.58846896941537,12486000
2023-03-28,36.63621139526367,36.87491489028006,36.37841118356682,36.63621139526367,6945900
2023-03-29,37.657859802246094,38.011143576140455,37.14226305212584,37.23774298747098,11948800
2023-03-30,38.383522033691406,39.2905960268324,38.22120176600296,38.56493537538912,12550600
2023-03-31,39.061439514160156,39.242852857906136,38.4121657207281,38.44080897439161,11181300
2023-04-03,39.338340759277344,39.48156068564402,38.64132691911157,39.271504065174234,10302400
2023-04-04,38.44081115722656,38.95641160640526,37.915664170393356,38.91821817113429,12783000
2023-04-05,38.49810791015625,38.58404133308492,37.78199726652637,38.068440795512906,10516000
2023-04-06,38.469459533691406,38.63177617634313,37.76289552332249,38.4121693785826,8095600
2023-04-10,38.316680908203125,38.55538437125042,37.74379041149414,38.19255408756731,9373900
2023-04-11,39.27149963378906,39.63432632017136,38.96595945455858,39.166469514242415,11684300
2023-04-12,39.26194381713867,39.77754416143241,39.02324035874258,39.41471388481914,9918400
2023-04-13,41.15940475463867,41.45647843939911,39.875269535269055,39.98068419334338,17383700
2023-04-14,41.36065673828125,41.648148988273725,40.62275764804777,41.33190860998069,11637600
2023-04-17,40.36400604248047,41.25523441117844,40.00943245508651,41.07315687293,12149100
2023-04-18,41.16898727416992,41.22648717701194,40.63233613695784,40.65149911557681,14166400
2023-04-19,40.14359664916992,40.66108481481714,40.095681890645935,40.3448408283677,11655000
2023-04-20,39.63569641113281,40.047769943558635,39.35778567425735,39.47278183392023,11494200
2023-04-21,38.006561279296875,39.00320421118266,37.259080908213164,38.13114255969791,22431500
2023-04-24,37.88198471069336,37.901151345112964,36.84701204166666,37.556159236883495,12908000
2023-04-25,36.17618942260742,36.684092369192705,35.55328668551658,36.597844354144144,20736100
2023-04-26,35.72578811645508,36.46368709994204,35.52454393613912,36.406190851658494,10484500
2023-04-27,35.907867431640625,35.92703406528229,35.150801853271844,35.639538216318854,10761200
2023-04-28,36.32952117919922,36.3486878121943,35.371211463413786,35.48620760572283,9463200
2023-05-01,36.06119918823242,37.239919816321965,35.79286995547563,37.239919816321965,9629300
2023-05-02,35.074134826660156,35.62995622748633,34.72914639293461,35.505374938394,10714600
2023-05-03,34.81539535522461,35.534127675631446,34.76747694266819,35.16996894304006,12554000
2023-05-04,33.751678466796875,34.81540312324327,33.31085310028748,34.67165516482419,19129300
2023-05-05,34.949562072753906,35.18913953987032,34.269159287840154,34.41290723037481,13540300
2023-05-08,35.035804748535156,35.85994803860959,34.93039009422082,35.6491223856424,9274700
2023-05-09,35.131629943847656,35.38078883244953,34.652475141746265,34.78663790142889,11133300
2023-05-10,34.72914505004883,35.45745881174501,34.02957575380806,35.409544057996555,11944500
2023-05-11,33.10002136230469,33.50250972350126,32.86044391235575,33.310847032409754,17097700
2023-05-12,33.53126525878906,33.53126525878906,32.9371104842949,33.253354508363934,10943100
2023-05-15,34.62372589111328,34.73872201627175,33.50250178992029,33.76124581327252,13039800
2023-05-16,33.78042221069336,34.78664682200715,33.70375566797972,34.451239836789874,12940400
2023-05-17,34.326656341552734,34.997473924829244,33.93374947438048,34.815396380999765,14459700
2023-05-18,34.1924934387207,34.36498949256176,33.37793158331926,33.65583864280833,9791600
2023-05-19,34.24040603637695,34.729146043308894,33.95291385000248,34.527898222751425,8720600
2023-05-22,34.13499450683594,34.53748652913822,34.11582787190137,34.23082768150878,6280800
2023-05-23,33.23418045043945,33.77083519463419,33.07126590166227,33.751668562092085,11101800
2023-05-24,31.825468063354492,32.707114993671006,31.672138639255333,32.678363213384905,17677500
2023-05-25,32.227962493896484,32.33337716627594,31.681726151259436,32.00755165876768,12397000
2023-05-26,33.32042694091797,33.66541899953115,33.03293477729405,33.41625644357221,14099700
2023-05-30,32.802947998046875,33.2916881025572,32.42920771557558,33.272521465550696,13296500
2023-05-31,32.908363342285156,32.985026236206366,31.921305278202492,32.32379369652899,16890300
2023-06-01,33.991249084472656,34.3937374375689,33.23418348051159,33.40667953345618,14008700
2023-06-02,35.6395378112793,35.99411504612805,35.0933015535152,35.7353709783985,20451100
2023-06-05,35.49580383300781,35.888710792931846,34.75790468277729,35.888710792931846,10166900
2023-06-06,36.16661071777344,36.233692106233335,35.38079337815756,35.38079337815756,8924700
2023-06-07,36.003700256347656,36.71285114368139,35.96536698553785,36.21452959013967,15290200
2023-06-08,36.26244354248047,36.482854361230714,35.85037002961555,36.30077681243577,9407100
2023-06-09,36.31035232543945,36.46368172436094,35.98452689577364,36.22410431006729,9268800
2023-06-12,36.24327087402344,36.597844422928944,35.34246111400416,35.90786395690488,10721100
2023-06-13,38.1599006652832,38.44739290972386,37.53699775594326,37.6040828134529,17147800
2023-06-14,38.389892578125,39.05112503569732,37.87240439967962,38.90737710090855,10557700
2023-06-15,38.4090576171875,38.82112745809207,38.21739493065362,38.34197256958821,12694600
2023-06-16,38.22697830200195,38.4761409034618,37.92990459612689,38.13114878184778,16144200
2023-06-20,37.75740051269531,38.00655940555245,36.97158691628136,37.90114476238406,11959300
2023-06-21,38.11198043823242,38.370724517844174,37.287833441467974,37.34533334438004,10526700
2023-06-22,38.06406784057617,38.11198260122471,37.51783152672662,37.84365701706336,10897100
2023-06-23,36.77034378051758,36.942839826547214,36.319940687583795,36.87575843705364,12456600
2023-06-26,37.63283157348633,37.92032382275728,36.837432572985655,36.837432572985655,9130600
2023-06-27,38.72529983520508,38.82112935532447,37.805323281676166,37.920319436951814,12084700
2023-06-28,37.58491516113281,38.09281823444689,37.14408983219197,38.09281823444689,14802000
2023-06-29,37.70949172973633,37.75741014752135,36.9907593309053,37.307003341108725,10597100
2023-06-30,38.33238983154297,38.4186378548904,37.795735057863205,38.24614180819553,12637600
2023-07-03,39.060707092285156,39.58778042371916,38.600718812211575,38.72530011379251,6915700
2023-07-05,37.54656982421875,38.53362752673289,37.163244528041496,38.50487940900093,13610800
2023-07-06,36.32952117919922,37.00033871138131,35.64912215835031,36.69367989478289,17541100
2023-07-07,37.029090881347656,37.508245791625264,36.233695631230994,36.454106451279266,11158400
2023-07-10,37.354915618896484,37.38366374312594,36.62660177834309,36.645768413049986,9122300
2023-07-11,38.054481506347656,38.16948131510621,37.33574915208475,37.699907901829924,11554100
2023-07-12,39.022377014160156,39.34820249896911,38.72529965412022,38.9073772037604,11778100
2023-07-13,40.47477340698242,40.62866973035135,39.6187212097414,39.6187212097414,16155700
2023-07-14,39.51292037963867,40.484390230746165,39.34940347251498,40.484390230746165,13132300
2023-07-17,38.916568756103516,38.983898167823114,38.31060405062714,38.53182978473121,8037400
2023-07-18,38.86848068237305,39.31093219428217,38.5318335905244,38.67610934309749,8934200
2023-07-19,39.11855697631836,39.18589005718999,38.243270955120224,38.58953859764744,15002500
2023-07-20,40.292022705078125,40.88837055431677,39.73414985751374,40.15736386839631,17041800
2023-07-21,39.06085205078125,40.705619847916715,38.95504763064187,40.705619847916715,11550700
2023-07-24,40.494014739990234,40.99417880090885,39.12818507566431,39.16666008093,16669400
2023-07-25,42.023353576660156,42.56199254331,41.24425504448012,41.340438870692196,19515400
2023-07-26,41.754032135009766,42.273433555399485,41.26348879520444,41.580898328213195,12767000
2023-07-27,41.63861083984375,42.648555600515145,41.53280643906511,42.023349779101814,13403200
2023-07-28,41.965641021728516,42.206104235081476,41.36928961080541,42.206104235081476,9641100
2023-07-31,42.94674301147461,42.99483493334307,42.35039143893471,42.40810394668392,10282600
2023-08-01,42.0810661315918,42.408096278010134,41.75403598517346,42.013736719315474,9046100
2023-08-02,40.94607925415039,41.60975646009399,40.59019469465986,41.32120131269146,10714400
2023-08-03,41.40776443481445,41.74441513362701,40.55171598587591,40.907600512801245,8557900
2023-08-04,40.88836669921875,41.51357257535556,40.65752404929404,41.263492426407495,8161900
2023-08-07,40.67676544189453,41.07112503667694,40.513248519133086,41.07112503667694,6637300
2023-08-08,41.061500549316406,41.13845054546242,39.157032174835905,39.58024981528342,10580500
2023-08-09,40.81142044067383,41.71556088121954,40.763328527623756,41.32120132352454,8842900
2023-08-10,40.763328552246094,41.38853076063017,40.59019472981905,40.955699873740336,9092400
2023-08-11,39.839942932128906,40.359344347120675,39.493678991311796,40.080406142494276,8627800
2023-08-14,39.637962341308594,39.65719984213989,38.42602914236166,39.10894391057126,12482600
2023-08-15,38.32984161376953,38.9165725466267,38.089378357298756,38.84924312834914,11486800
2023-08-16,37.52187728881836,38.56068010656071,37.5026434610919,38.089370605360415,9967700
2023-08-17,38.108612060546875,38.81076425916981,38.07975764678276,38.46450028646715,10921000
2023-08-18,37.358367919921875,37.79120247193249,37.05057527608716,37.57959365335447,12635600
2023-08-21,37.252567291259766,37.77196880638466,36.983249617866754,37.56035996633124,8988200
2023-08-22,37.406455993652344,38.12784561657702,37.137138375230556,38.03166180119134,7596600
2023-08-23,37.76234436035156,38.243270824625505,37.33913039269448,37.43531421787817,9647200
2023-08-24,36.93515396118164,37.6661605731775,36.83896646672314,37.3391304303741,8152600
2023-08-25,36.86782455444336,37.27180102368835,36.30033117918654,37.13714220060668,8446600
2023-08-28,37.473785400390625,37.685394197263996,36.964004574298265,37.18523028503981,8445700
2023-08-29,38.65686798095703,38.68572606393161,37.2333260831953,37.396842989458754,9229100
2023-08-30,38.65686798095703,39.00313562323,38.34907533653167,38.56068415551576,6655900
2023-08-31,38.38755416870117,38.80115126393052,38.16632841274703,38.724201260549194,8605100
2023-09-01,39.907283782958984,40.22469337451906,39.32055284826943,39.35902418084954,10985300
2023-09-05,39.24359893798828,40.25354378394231,39.1762695262032,39.77261731737585,6392900
2023-09-06,38.86848068237305,38.92619318490915,38.17594532865226,38.59916300889412,7647800
2023-09-07,38.24327087402344,38.31060395475228,37.79120249206287,38.089374552024104,7450800
2023-09-08,37.791194915771484,38.224029381239006,37.675769945528806,38.03165810001155,6337000
2023-09-11,38.57992172241211,39.06084818882128,38.28174599233443,38.849239369464364,6583400
2023-09-12,38.531829833984375,39.01275630069781,38.281746016553846,38.33945851346345,8955000
2023-09-13,38.22404098510742,38.714584415436065,38.08937847894411,38.44526674146568,5233600
2023-09-14,39.128173828125,39.82070904712178,39.118553244984824,39.464820854483214,7455300
2023-09-15,38.830013275146484,39.41674432356102,38.69535441207013,39.11856850590707,11064400
2023-09-18,38.65686798095703,38.88771429886492,38.15670401647138,38.86847679994112,6683100
2023-09-19,37.33913040161133,38.935806116615,37.18523407977403,38.666488470694155,12864800
2023-09-20,37.214088439941406,38.08937445710217,37.19485094109221,37.55073916603569,7265000
2023-09-21,35.809783935546875,36.48308171647062,35.78092952195139,36.43498980408558,12882000
2023-09-22,35.73283767700195,36.521556782973825,35.684742095348426,36.41575237402043,7816000
2023-09-25,35.78092956542969,35.81940456305556,35.030681788436056,35.348095015082926,6611100
2023-09-26,35.174957275390625,35.87710939252208,34.963348481205664,35.174957275390625,11739900
2023-09-27,35.15572738647461,35.55008698059195,34.66518395737376,35.367336226452046,10358400
2023-09-28,35.90597152709961,36.059867848656715,35.511608304608174,35.617412713649514,10314500
2023-09-29,35.86750030517578,36.76202391501073,35.60779954723872,36.52156065794065,10169400
2023-10-02,35.242286682128906,35.71359617762333,34.80945217997633,35.367328575901276,8687500
2023-10-03,34.953731536865234,35.37694545568741,34.63631834586562,34.72288524621303,11198100
2023-10-04,34.49204635620117,35.15572355121191,34.097686805105916,35.15572355121191,13597300
2023-10-05,34.0207405090332,34.65556335955265,33.693710333360876,34.43433760382992,13218400
2023-10-06,35.27114486694336,35.588558092214356,33.95340739197977,34.12654121136801,12692300
2023-10-09,35.425052642822266,35.74246226867874,34.85755914769363,34.94412607641422,7766200
2023-10-10,35.86750030517578,36.386901821049904,35.61741646308315,35.73284146828504,11390300
2023-10-11,35.73283767700195,36.18490605728776,35.35771195366415,36.18490605728776,6235900
2023-10-12,34.83469009399414,35.73284015477074,34.400100760706565,35.70386876056929,11862200
2023-10-13,34.23592758178711,35.13407772039935,34.11037872261188,35.066475338701956,9435300
2023-10-16,34.62221908569336,35.105095244121735,34.31317863902342,34.57393220666106,10920500
2023-10-17,35.23065185546875,35.414143509925914,34.00414570017249,34.216612435688646,11333800
2023-10-18,34.39044189453125,34.998866908717055,34.25523715450171,34.68982276629585,12195000
2023-10-19,34.02345657348633,34.79605775584853,33.637157824331744,34.29386606629984,15584400
2023-10-20,32.719696044921875,33.92688668148426,32.56517579080403,33.666133061900375,16094400
2023-10-23,32.36235809326172,32.82592244125128,31.947087991777728,32.52653790068566,11470800
2023-10-24,33.24119186401367,33.39571576622356,32.25612777579384,32.478250359141654,12380500
2023-10-25,32.681060791015625,33.52126433276621,32.5941429291757,33.16393698255897,10861900
2023-10-26,32.55550765991211,32.99009691184685,32.27543862154833,32.526536271133956,10294400
2023-10-27,32.516883850097656,33.279829184480434,32.372023190236604,33.13496852461938,10565300
2023-10-30,32.874210357666016,33.23153768997356,32.63277227398878,32.91284133522704,11163100
2023-10-31,32.623111724853516,32.75831645827439,32.13057966966995,32.487906991432645,9175200
2023-11-01,32.55550765991211,32.825920796700665,32.14989348080801,32.71002787348307,9698600
2023-11-02,33.81098937988281,33.926882318607866,33.134965657584885,33.134965657584885,9225600
2023-11-03,33.94620132446289,34.7574335592989,33.878598945231,34.429077567006864,9307300
2023-11-06,34.15866470336914,34.3807873350466,33.955857563670605,34.29386946316817,7805900
2023-11-07,32.89352798461914,33.501949342516895,32.574827925103435,33.4729779494893,12611900
2023-11-08,32.45893478393555,33.10598704445988,32.1595502502892,32.71968834213347,10634700
2023-11-09,32.10160827636719,33.04804509427714,31.95674395682832,32.86454979832089,9730500
2023-11-10,32.52653884887695,32.67140317235326,31.705650839985307,31.95674482541775,9922100
2023-11-13,32.285099029541016,32.76797516975664,32.23681215232997,32.45893473474285,8944500
2023-11-14,33.96550369262695,34.45803938620794,33.36673834981408,33.36673834981408,11724600
2023-11-15,34.76708984375,35.134076823635645,34.081406456004416,34.26489810392054,14733400
2023-11-16,34.32284164428711,34.863660637806134,34.081403541022375,34.6608535152365,10034700
2023-11-17,34.76708984375,34.99887206369183,34.25524219994744,34.67051606780539,8961500
2023-11-20,35.39482879638672,35.82941445201574,34.844350194140276,34.921608474498655,12322100
2023-11-21,35.73283386230469,36.24468138467873,35.58796954870136,35.703862473205035,11351800
2023-11-22,35.62660217285156,35.77146649316131,35.269274849220935,35.53968431747625,7624400
2023-11-24,35.57831954956055,35.94530650326794,35.34653734615242,35.48174578050482,3536700
2023-11-27,35.336883544921875,35.41414182795162,34.9216096819836,35.27893706960955,8251400
2023-11-28,35.9453010559082,36.21571051552731,35.21132725972407,35.452765329827585,11345400
2023-11-29,35.897010803222656,36.29297277828666,35.510712098167886,36.14810846135824,9792300
2023-11-30,36.041873931884766,36.18673824403715,35.66523114115156,35.99358705585147,10439000
2023-12-01,37.8961181640625,38.10858114411279,36.44748985584081,36.544063602768006,18671400
2023-12-04,36.32194519042969,37.2587261157491,36.2157118462323,36.78550585997514,15675100
2023-12-05,35.317562103271484,36.05153593069641,35.298246614754746,36.05153593069641,13057200
2023-12-06,35.00852966308594,35.906679822270085,34.96024277277515,35.607295207857504,9356900
2023-12-07,35.12440872192383,35.58796936539321,34.8057123913116,35.3175599110492,10691600
2023-12-08,36.84345245361328,37.0945464356392,35.62660246826878,35.781122691989204,19549100
2023-12-11,36.57304000854492,36.73721982171247,36.02256147060885,36.244684066262636,8606700
2023-12-12,36.138450622558594,36.47646615038248,35.89701253870702,36.408863781628256,13640500
2023-12-13,37.847835540771484,37.88646652126168,35.868043841312314,36.20605939452193,15442500
2023-12-14,40.53262710571289,40.870638952901515,38.91981877357028,38.91981877357028,29234600
2023-12-15,40.07872772216797,40.52297297660233,39.547564597600505,39.547564597600505,23084700
2023-12-18,39.93385314941406,40.98652322517055,39.92419724811826,40.14631981844547,12242000
2023-12-19,40.73543167114258,41.16036135023272,40.5615959651392,40.590567354788895,16499800
2023-12-20,39.9242057800293,40.899614117657265,39.875918895126496,40.33947962148908,10798700
2023-12-21,40.783721923828125,40.85132429464057,40.39742318833598,40.532627929960874,7032300
2023-12-22,40.928585052490234,41.37283024310849,40.65817189311377,41.07344569253386,6984600
2023-12-26,41.3631706237793,41.60460868620887,41.054126514541174,41.14104436437792,6701000
2023-12-27,41.72050094604492,41.93296395121387,41.31488305608106,41.56598072226172,7172600
2023-12-28,41.54666519165039,41.768787782860194,41.41146045648379,41.479062824067086,5426700
2023-12-29,41.11207962036133,41.45009148877158,40.82235463543068,40.95755938279478,6509700
2024-01-02,40.64851760864258,41.08310691417677,40.329817556566525,40.52296876836538,9620900
2024-01-03,39.95317077636719,40.26221121112155,39.19988517715999,39.56687207495052,13723000
2024-01-04,40.127010345458984,40.15598542179352,39.32543779189374,39.71173653050909,11897500
2024-01-05,39.99180603027344,40.532628690980125,39.69242146530229,39.83728579636481,8420600
2024-01-08,40.75475311279297,40.8030399972809,39.624820858699096,39.85660306191555,9226300
2024-01-09,40.27187728881836,40.48434031942819,40.04009508336298,40.20427491307162,9119800
2024-01-10,39.88557052612305,40.223586052342284,39.721394398228696,40.127008608828454,8167500
2024-01-11,39.769256591796875,40.31205061979491,39.352469046589455,40.31205061979491,8279700
2024-01-12,39.6820182800293,40.486516299989724,39.50754891901334,40.079419891791986,7622500
2024-01-16,37.704708099365234,39.071382407371495,37.530238724089386,39.071382407371495,16524400
2024-01-17,37.06499099731445,37.14253089339036,36.44465334129694,36.83236391412263,11757200
2024-01-18,37.035911560058594,37.229766853061726,36.65789577231768,37.21038095401319,10158600
2024-01-19,37.578704833984375,37.62716773182389,36.61912318784067,37.016524866096084,13539600
2024-01-22,36.32834243774414,37.026220005000276,36.318651337079864,36.91959941028257,19429000
2024-01-23,36.99713897705078,37.53024194586992,36.65789499460414,36.97775677589563,18432900
2024-01-24,38.499515533447266,39.730492392674364,38.451048937054864,39.40093950360977,27944600
2024-01-25,38.22810745239258,38.89690786798459,37.56900183274087,38.74182441027132,15599800
2024-01-26,38.37350845336914,38.916302526343564,38.19903906196601,38.46074314907071,10135100
2024-01-29,38.99384307861328,39.05200077588481,37.81132911646746,38.51890149208343,8875500
2024-01-30,38.7418327331543,38.906607324725,38.247501563478025,38.62551734177042,10859000
2024-01-31,38.470436096191406,39.55602429424561,38.431667994282705,38.92599549532991,16275400
2024-02-01,38.945377349853516,38.97445434763545,38.2959627186956,38.65459627958841,10854300
2024-02-02,38.867828369140625,39.022911831607985,37.695009453138624,38.30565220425197,14120200
2024-02-05,37.4914665222168,38.02456574198958,36.82266972259077,38.00517984522744,16202100
2024-02-06,38.93568801879883,38.98415461854926,37.73379177362967,37.82102647670504,13060700
2024-02-07,37.99549102783203,38.88722014756285,37.71440105411959,38.867834249636275,9705200
2024-02-08,36.948673248291016,37.70470844729001,36.725740977266256,37.656241855669215,13849300
2024-02-09,36.2120246887207,36.745123875707755,36.11509521087119,36.677275089953845,15822200
2024-02-12,36.531883239746094,36.803282084090206,36.16356231114165,36.328336879599185,12932600
2024-02-13,35.53353500366211,35.97939953278909,35.14582446682369,35.74677616867141,14272300
2024-02-14,36.05694580078125,36.10540869711991,35.42691705593268,35.75646992751036,9269200
2024-02-15,37.07468032836914,37.17160611820873,36.21202822735844,36.21202822735844,10171000
2024-02-16,37.63685607910156,38.528585078453276,37.607775387396465,37.89855642207718,12614300
2024-02-20,36.96806335449219,37.326693248931115,36.83236575646028,37.239458550556,10516300
2024-02-21,37.66593551635742,37.81132419438703,37.22007098776256,37.28791977700605,11343900
2024-02-22,37.48176956176758,37.8404030849454,37.32668609410311,37.4430014679626,9548500
2024-02-23,37.76286697387695,37.94703117018454,37.40423707722458,37.59809237453044,10291600
2024-02-26,36.8614387512207,37.22976340405644,36.444651203994376,37.18130050966586,10433100
2024-02-27,36.98744201660156,37.54962189557011,36.735432769206994,37.32668594530223,6760200
2024-02-28,36.26049041748047,36.67727796115694,36.14417873243735,36.580352173201305,10166200
2024-02-29,36.6482048034668,37.22976698708762,36.59004710611184,37.00683469345023,16037500
2024-03-01,36.76451110839844,37.17160383772778,36.444649366083965,36.7742022077951,10343200
2024-03-04,37.14252853393555,37.26853501672172,36.48342282049036,36.832361574370964,9192600
2024-03-05,35.97940444946289,37.094069622083786,35.62077455724281,36.84205662945611,13885400
2024-03-06,36.96806335449219,37.5690114446973,36.754822159023625,37.00683515321051,11704200
2024-03-07,38.58674621582031,39.20708013128741,38.043952191045705,38.11180098195731,12895700
2024-03-08,38.625511169433594,38.906601107470145,38.33473013240472,38.76121243769646,7670800
2024-03-11,39.17799377441406,39.42031190621271,38.557659948606535,38.557659948606535,9599800
2024-03-12,39.11984634399414,39.52693909883631,38.577052306722706,39.420318511382824,8841400
2024-03-13,42.07612228393555,42.415366205798584,40.25388880975917,40.2732747049344,26393300
2024-03-14,41.988895416259766,42.4832265914931,41.61087963371788,42.34752530001975,16004500
2024-03-15,43.239261627197266,43.52035163587357,42.16336819207808,42.299065796961145,33978700
2024-03-18,43.11324691772461,44.07282846565542,43.00662633490099,43.578497344833515,14482200
2024-03-19,42.96786117553711,43.10355876386565,42.02766546000082,42.33783243260377,13528600
2024-03-20,44.59622573852539,45.03239909950472,42.58014087747144,42.92907956625491,20140800
2024-03-21,44.81917190551758,44.9742553918004,44.072831472318406,44.96456059407411,17023900
2024-03-22,43.714195251464844,44.68346790624217,43.69481305215323,44.68346790624217,14515000
2024-03-25,43.956512451171875,45.06148635927009,43.82081487407604,44.05344193301295,7754800
2024-03-26,43.35556411743164,44.09221338378389,43.2392524376061,44.09221338378389,10490000
2024-03-27,44.47024154663086,44.528395554058,43.17141571683988,43.559122657123915,10700000
2024-03-28,45.5752067565918,45.739981355113635,44.547776274250474,44.78040336934969,20169000
2024-04-01,45.875675201416016,46.34092561858405,45.769054620870534,46.06952676879147,10376000
2024-04-02,46.89341735839844,47.33928194245017,45.85629579669968,46.37970027918199,22037500
2024-04-03,48.08562088012695,48.22131847116224,47.145425145836676,47.213273941354316,19957500
2024-04-04,47.66883087158203,48.70595234715576,47.358663908652424,48.45394307633114,24836900
2024-04-05,47.949920654296875,48.056541240675074,47.164808452542545,47.785142376035516,14155200
2024-04-08,48.4636344909668,48.725338560915844,47.901454556080274,48.49271148846717,12745900
2024-04-09,49.723690032958984,50.43125867822591,48.95796369312198,49.86908242064318,17624600
2024-04-10,49.35536575317383,49.801234020111394,48.0662349419251,48.444250715919225,16142600
2024-04-11,49.1808967590332,49.762458880341725,48.42486156435398,49.461983022425976,12975700
2024-04-12,48.09209060668945,50.95991993807317,47.955990684196706,50.46412683350033,19983800
2024-04-15,48.62677764892578,49.62808754818949,48.286524083967166,49.28783769167618,15047100
2024-04-16,48.03376770019531,48.22819777946192,46.74081453369619,47.071340847470516,20075200
2024-04-17,48.432350158691406,49.715583555333396,48.08237673988986,49.054523477251706,15795700
2024-04-18,48.76287078857422,49.618360790744234,48.2962408896937,49.40448736309053,15717500
2024-04-19,48.22819137573242,49.65724800388005,47.99487456990319,48.85036458001729,17066700
2024-04-22,47.586578369140625,48.03376492974971,46.46860825917282,46.876911772927485,20147900
2024-04-23,46.6533203125,47.33382001456125,45.78810666133811,46.128360220813974,19439600
2024-04-24,46.89635467529297,47.11022441038256,46.06030798705211,46.886631132344085,11838300
2024-04-25,48.02404022216797,48.2767966890775,46.653313758730576,47.57684999848999,15974700
2024-04-26,49.093406677246094,49.30728013066132,48.160146767071836,48.54900320875516,19037100
2024-04-29,50.95020294189453,51.05713966079286,49.36560295224052,49.82251303900796,22023300
2024-04-30,48.54899597167969,49.77390266607925,48.51011292921921,49.093399359017795,17226600
2024-05-01,48.519840240478516,49.968340413154884,48.00460369113466,48.753157073422955,19247700
2024-05-02,47.42131423950195,48.014324312352684,46.87691446779267,47.994880933585165,24389400
2024-05-03,49.0447998046875,49.14201298744023,47.771286343333486,48.60733306540977,14498100
2024-05-06,49.56975555419922,50.07526851041258,49.13228885320219,49.77390544518287,10952000
2024-05-07,49.958614349365234,50.026664316281575,49.39477123656625,49.57947775984702,13121500
2024-05-08,48.568443298339844,49.29755324912597,48.053206786486705,48.80176011430719,14197700
2024-05-09,49.657249450683594,49.919725765777315,48.31568612207881,48.675379320952544,10234500
2024-05-10,50.15304183959961,50.55162178611386,49.919725030409495,50.230811637033064,14535000
2024-05-13,50.590511322021484,51.03769788008686,50.328031287910484,50.541904732396134,9210500
2024-05-14,51.99039840698242,52.16538508722868,50.87243207034787,50.87243207034787,17714100
2024-05-15,52.116783142089844,52.58341309482674,50.687726362277026,52.31121321617485,17286800
2024-05-16,50.590511322021484,52.544524409143264,50.46413122223951,52.31121129556354,14800500
2024-05-17,52.71950912475586,52.83616567717816,51.086302557063995,51.261289239919904,17946500
2024-05-20,53.331966400146484,53.701383169582634,51.89318978730251,52.49591967858082,15774400
2024-05-21,52.807003021240234,53.41945641767344,52.09733644817413,53.351406452341415,18146900
2024-05-22,49.803070068359375,51.28073335116951,49.19061666959218,50.366916878624885,26299700
2024-05-23,49.77390670776367,50.52246003546999,49.39477012676391,50.44468652734441,16864800
2024-05-24,50.0947151184082,50.629398736586985,49.86140200178939,50.07527174061578,9650000
2024-05-28,52.136226654052734,52.38898315509982,50.823826431947026,51.58210335197873,14922100
2024-05-29,51.300174713134766,51.71819803302984,50.94048152221744,51.26128796048294,11570900
2024-05-30,50.852996826171875,51.19324669859365,49.97806328502235,50.07527647472987,13146600
2024-05-31,51.26129150390625,51.805694953329095,49.78362817699718,51.27101504696377,18379900
2024-06-03,50.590511322021484,51.669594670551675,50.075271088346526,51.669594670551675,10249400
2024-06-04,48.3156852722168,49.62808165838035,47.06161530685037,49.60863828196635,24814600
2024-06-05,49.08369064331055,49.20034721400485,48.27680706726495,48.607337107936736,12639500
2024-06-06,49.82251739501953,49.85168060874339,48.51012085921177,49.25867054005631,11009100
2024-06-07,47.89766311645508,48.412899624412,47.46991995026866,48.26707986042445,16056400
2024-06-10,48.607330322265625,48.82120376238599,48.02404384177644,48.13097685339162,11051100
2024-06-11,47.96571350097656,48.06292667781875,46.93523676760242,47.547690165354176,10672900
2024-06-12,47.82960891723633,49.84195189136123,47.55740537335672,49.443371971569455,10109900
2024-06-13,46.6533203125,47.742123544243235,46.28390353963444,47.742123544243235,12397800
2024-06-14,46.76997756958008,47.81989406011031,46.060310935137124,46.381117412527225,8370200
2024-06-17,45.94364547729492,46.16724245285237,45.27286567595723,46.04086235980792,11361400
2024-06-18,46.361671447753906,46.585264727631305,45.57423505089113,45.846434920577515,9008900
2024-06-20,47.98515319824219,48.160139869895076,46.876906750070326,47.139386757549666,14675800
2024-06-21,48.179588317871094,48.43234480995542,46.8671881423032,47.72267821506837,18825000
2024-06-24,48.976749420166016,49.30727943054853,47.98515938901847,48.09209611420769,11347400
2024-06-25,48.49068069458008,48.63650048130972,48.092100677339545,48.568450505813445,7944700
2024-06-26,48.09209060668945,48.597607253408775,47.63518054536829,48.47122716461775,8416200
2024-06-27,46.974124908447266,48.30596475441663,46.828301430434124,48.26708170759887,8987900
2024-06-28,47.24632263183594,48.11153620912186,46.993566151001176,47.82961280894257,12546100
2024-07-01,47.06161880493164,48.30596532036068,46.88663211264379,47.75184203093086,6817200
2024-07-02,47.35326385498047,47.431037369372135,46.37139734068002,46.54638403961599,8470200
2024-07-03,49.23923110961914,49.73502428756526,48.03376758774449,48.03376758774449,8913700
2024-07-05,50.08499526977539,50.39608189747719,49.60864178510664,49.68641529625465,8300600
2024-07-08,49.70586395263672,49.94890063811624,49.122573682418555,49.68642057278489,9030800
2024-07-09,49.385047912597656,50.35719453965054,49.23922814360677,49.63780811236065,9349900
2024-07-10,50.15304183959961,50.52245857563193,49.336438570101514,49.521145083895235,9197100
2024-07-11,50.07527160644531,50.49329495674952,49.52114832040394,50.20165170753487,8219400
2024-07-12,49.8516731262207,50.52245660875007,49.68640999533039,50.503013233037436,8004100
2024-07-15,49.15943145751953,49.75418124495789,48.45743493995644,49.34468358632315,9112900
2024-07-16,48.818180084228516,48.91567845745691,47.42393177498018,48.23318240620908,11035800
2024-07-17,47.28743362426758,48.827933247199944,47.160682760771024,48.71093073351484,12056600
2024-07-18,44.77193069458008,46.829178187156614,44.391681863122656,46.712179405013764,17498900
2024-07-19,44.752437591552734,45.14243480312859,44.33318789259841,44.53793670762507,9671000
2024-07-22,44.85968017578125,44.98643102452949,44.3234317347568,44.70368056167734,12381400
2024-07-23,44.1381950378418,44.362444310012954,42.45144760160428,43.87494492199083,18792700
2024-07-24,43.075439453125,44.61593534311005,43.01693819679978,44.45018736250879,18534000
2024-07-25,43.416690826416016,44.12843942954949,42.18819410359006,42.919443127000115,16904600
2024-07-26,43.874942779541016,44.36244214375814,43.26069253921645,44.303940881095095,10390500
2024-07-29,43.27043914794922,43.68968884580639,43.02668949660549,43.37768958963238,9192600
2024-07-30,42.753684997558594,43.12418548855685,42.402688643234484,42.792685832258265,11608700
2024-07-31,44.27468490600586,45.21068264037941,43.99193442812498,44.859682560158234,13050800
2024-08-01,42.539188385009766,44.30393340532781,42.10043828738327,43.991934162421046,12260100
2024-08-02,40.92068862915039,42.19793429607972,40.58918898718589,42.19793429607972,17152400
2024-08-05,39.84819030761719,39.9554407448523,38.10294570306416,38.9999425975317,26149100
2024-08-06,40.01394271850586,40.82318960793353,39.31194254892085,39.68244305168232,11307900
2024-08-07,38.531944274902344,40.60869228885576,38.5026955077264,40.55019103517946,14519900
2024-08-08,40.01394271850586,40.325941967360436,38.912193278868145,38.99994330006627,10231400
2024-08-09,40.02368927001953,40.61843897372212,39.662940852109074,40.569689790651665,9182000
2024-08-12,40.520938873291016,40.90118769201991,40.17968716775486,40.598936819000585,8945700
2024-08-13,40.84269332885742,41.02794545488174,40.07244349375303,40.50144528511483,7439400
2024-08-14,40.86219024658203,41.115688240305786,40.34544219053492,41.115688240305786,9124700
2024-08-15,42.49044418334961,42.97794352247391,42.13944406408815,42.26619121434662,12988400
2024-08-16,42.35393524169922,42.617185293837125,41.973686406163665,42.21743604118125,8973100
2024-08-19,43.14368438720703,43.289935652520455,42.50018551461149,42.89018640923116,10891900
2024-08-20,42.441688537597656,43.523937595768786,42.30518932653545,43.32893712882654,9390400
2024-08-21,42.792686462402344,43.01693568624117,42.38318884999867,42.9291856665369,7041700
2024-08-22,42.217437744140625,42.597686595014586,41.93468726347686,42.50993657409564,7143500
2024-08-23,43.543434143066406,43.69943375888579,42.509934363685375,42.607436448150125,11801100
2024-08-26,44.060184478759766,44.85968301658729,43.83593525174223,44.45993374767353,11046800
2024-08-27,44.09918212890625,44.459930535933104,43.69943288886997,43.84568415299326,6755700
2024-08-28,42.77318572998047,43.2021874761883,42.45143813964893,42.94868576809743,9080100
2024-08-29,42.73419189453125,43.09494034754026,42.392940141187914,42.78294108234469,8612600
2024-08-30,43.17293167114258,43.21193250313114,42.43193445998012,42.79268285756421,7811600
2024-09-03,40.3259391784668,41.33018645880715,39.82868785295858,41.30093769353872,18809000
2024-09-04,40.56969451904297,41.07669426457978,39.974944746022395,40.29669608657111,9787500
2024-09-05,40.36493682861328,41.261933606468574,40.2674347532004,41.03768441200475,7371500
2024-09-06,38.999942779541016,40.3649422645547,38.73669271946019,40.10169220447387,13200100
2024-09-09,39.38994216918945,39.84818894995704,39.17544130202745,39.60443931702722,8663400
2024-09-10,39.399696350097656,39.428945120194996,38.35644806427834,39.28269755038352,9559500
2024-09-11,40.2674446105957,40.37469506014265,39.26319716361027,39.87744737144519,13306400
2024-09-12,40.76469421386719,41.232693111723236,40.55019332426976,40.73544172571551,11414200
2024-09-13,41.59344482421875,41.963945375468846,41.00844708588695,41.08644504864623,10831600
2024-09-16,41.81768798828125,42.59768609885094,41.62268753080774,42.149187650188914,11120200
2024-09-17,42.05168914794922,42.42218592471884,41.75919032232739,41.83718827347518,6921300
2024-09-18,42.821929931640625,43.845681274648975,41.96393397770306,42.09068109767689,11573700
2024-09-19,44.011436462402344,44.70368457975163,43.86518890315469,44.557437020503976,16920500
2024-09-20,43.416690826416016,43.748190532468236,43.250942833052335,43.56294211882797,16304200
2024-09-23,44.011436462402344,44.62568662535112,43.699437206151266,43.874937252708065,15471600
2024-09-24,47.501930236816406,47.75542822166275,46.35143165776335,46.97543013060753,26361600
2024-09-25,47.1021842956543,47.755431580570765,46.93643259752691,47.53118234607744,12454800
2024-09-26,50.61217498779297,51.294674722133585,49.5299259935181,49.81267646792446,32403100
2024-09-27,50.056427001953125,50.75842716631476,49.87117861161298,49.95892863215819,15967700
2024-09-30,48.67192840576172,49.24717772946883,48.20392952332068,48.95467889285875,14992400
2024-10-01,49.120426177978516,49.46167417015752,48.30142727742474,49.28617414008713,9102100
2024-10-02,49.54942321777344,50.16367331102699,49.0911727349451,49.58842405021076,10744200
2024-10-03,48.52568054199219,48.79867895853507,48.04792959371767,48.398929683172504,10383900
2024-10-04,49.28617477416992,49.841923636767994,48.73042591157185,49.34467602472075,11506600
2024-10-07,49.52017593383789,49.91017311190039,48.78892704073098,49.15942380199172,8895500
2024-10-08,47.375179290771484,47.74567977803451,46.84867918560682,47.74567977803451,13040400
2024-10-09,47.64817810058594,47.735928118865345,46.517179931275905,46.81943082075484,6977000
2024-10-10,48.301429748535156,48.58418022470571,47.29717869857154,47.69692796099998,6959900
2024-10-11,48.7791748046875,49.02292443488374,48.1356759297424,48.23317801341541,6415200
2024-10-14,47.638427734375,47.774926930513175,46.37093041681805,46.721926755748726,13573500
2024-10-15,46.239891052246094,47.08097259950143,46.054072185369414,46.934274672212936,11855000
2024-10-16,46.914710998535156,47.01250961004865,46.28879093098184,46.758230981646825,7360400
2024-10-17,46.89514923095703,47.33525043213158,46.5724071065031,47.19832715671678,8317600
2024-10-18,47.120094299316406,48.019853539692434,47.10053382920673,47.746014419713326,8823000
2024-10-21,46.88536834716797,47.62865122415052,46.63108971921786,47.36459049659971,10150400
2024-10-22,47.46238708496094,49.01740881596224,46.591966796491995,48.90004974120112,14468600
2024-10-23,46.86581039428711,47.061411358243475,46.23011192490151,46.464830097026685,10849200
2024-10-24,45.8095703125,47.13965236591564,45.623751452099704,46.934273036402985,10171700
2024-10-25,45.57484436035156,46.161647189195804,45.49660622163894,45.96604624624772,8528900
2024-10-28,45.701988220214844,45.93671011171,45.5063872657652,45.8291294002238,6446400
2024-10-29,45.54550552368164,46.51372813932565,45.506384588937344,46.445268368911975,8471900
2024-10-30,44.95870590209961,45.33034358550976,44.567504020767444,45.26188381589328,9017100
2024-10-31,44.029605865478516,44.56750567418262,43.73620630898335,44.41102566200001,9481400
2024-11-01,44.58707046508789,45.15430916520602,44.303449249639755,44.59684883458211,7733200
2024-11-04,45.25210952758789,45.701989120136155,44.62618944564631,44.95870995552502,9147800
2024-11-05,45.956268310546875,45.966046678936365,45.39880431212513,45.838905505206654,5991500
2024-11-06,45.83890914916992,46.19099013162382,43.93180631473,44.283887297183895,12911700
2024-11-07,47.511287689208984,48.12742559827384,47.129864186883445,47.17876721874552,12733400
2024-11-08,45.340126037597656,45.868247462276,44.47948413043046,45.49660604519372,16197400
2024-11-11,43.91225051879883,44.626190868195344,43.736210023793866,44.53817062069286,12737200
2024-11-12,42.640846252441406,43.14940726956761,41.97580520933623,43.01248771318327,18145300
2024-11-13,42.1713981628418,42.90489884478972,42.142059329412646,42.787539780295724,11931900
2024-11-14,42.3181037902832,42.61150334463094,41.77042188626376,42.51370473677427,11905700
2024-11-15,41.76064682006836,42.85600698394658,41.07604531860271,42.54304693712423,12902500
2024-11-18,42.591949462890625,42.6897518166482,41.62373041074977,42.093170516451146,11886900
2024-11-19,43.14940643310547,43.22764830996727,42.181187456997876,42.59194611818824,12764400
2024-11-20,42.738643646240234,43.17874483415865,42.445244097887176,43.03204319459329,8733700
2024-11-21,42.797325134277344,43.13962774686519,42.308324599818704,42.8071072342022,8872100
2024-11-22,42.75820541381836,42.79732261888467,42.415902821349185,42.71908447797426,9109800
2024-11-25,43.4036865234375,43.62862631143881,42.88534344338612,42.88534344338612,13286800
2024-11-26,42.52348709106445,43.11028998553993,42.17140610053479,42.99292716817797,11821000
2024-11-27,42.797325134277344,43.25698683051742,42.552824867048024,42.650627212406555,7050400
2024-11-29,43.22764587402344,43.54060590227881,42.61150418618038,42.66040349107445,6512500
2024-12-02,42.67996597290039,43.41346677325256,41.72152537480025,43.21786581366972,14413000
2024-12-03,42.86579132080078,43.843792450849314,42.59194846745799,43.67753031873638,12218800
2024-12-04,42.09315872192383,43.266760522722514,41.86821896747715,42.963578907193195,18548200
2024-12-05,41.848663330078125,42.396341497730404,41.51614284367022,42.171401717333545,11873600
2024-12-06,41.14449691772461,42.12249780234992,41.10537598695304,42.12249780234992,9471100
2024-12-09,42.76799011230469,43.76555173930744,42.728869170670464,42.7875505831218,18310000
2024-12-10,41.731300354003906,42.758204375701666,41.65306221499302,42.58216389945506,10835500
2024-12-11,42.05404281616211,42.17140189103131,41.46724371103838,41.868223970054395,7339000
2024-12-12,41.1542854309082,41.78998386654052,41.056483088733934,41.6628426871029,10184500
2024-12-13,40.6750602722168,40.87066121131767,40.19583815795854,40.811979810354124,9669300
2024-12-16,39.84376907348633,40.60660878775988,39.6090471525215,40.38166896767354,10232800
2024-12-17,39.72639846801758,39.89266057338748,39.18849867916696,39.266740547759305,11733800
2024-12-18,37.85841751098633,39.72639925677388,37.721497969008865,39.540580411344145,12501000
2024-12-19,37.398765563964844,38.35720624189838,36.84130147694742,37.8877661382643,15766500
2024-12-20,38.005126953125,38.425667764535454,37.12492438720114,37.14448485875261,22372300
2024-12-23,38.38653564453125,38.47455587549503,37.711716360993876,38.063793554071594,8562500
2024-12-24,38.35720443725586,38.523462833921904,37.9562241344269,38.50390236417682,3962500
2024-12-26,38.32786178588867,38.45500297357279,38.06380104105772,38.18116385927912,6127100
2024-12-27,38.005126953125,38.318087036391596,37.71172734140987,38.044247896227944,7892500
2024-12-30,37.32052230834961,37.63348236592577,36.90976363182271,37.574800956088424,11047300
2024-12-31,37.24228286743164,37.62370269119772,37.1249200518282,37.28140007518808,9247000
2025-01-02,37.04667663574219,37.926875242893736,36.978216868434096,37.54545547338365,8790300
2025-01-03,36.88041687011719,37.34985690313035,36.37185590165849,37.16403805593069,10153500
2025-01-06,37.72150421142578,38.88532424160891,37.66282279910541,37.97578660070237,18974400
2025-01-07,37.887760162353516,38.3082971576051,37.56501804344733,37.97578040107541,15304600
2025-01-08,38.86575698852539,38.95377721780753,37.46721541814106,37.90731283377442,15589000
2025-01-10,38.12247848510742,39.745959993866286,37.87797823541013,39.609040450960244,11971100
2025-01-13,38.54301834106445,38.7288371835505,37.77039667411391,37.79973924034261,10418100
2025-01-14,38.63104248046875,38.96356299535454,38.18116288114622,38.836421810927554,9801900
2025-01-15,39.298614501953125,39.710942669541325,38.79793431095242,39.710942669541325,10618000
2025-01-16,39.298614501953125,39.67167260691401,38.856839404893385,39.45569100746308,11793800
2025-01-17,39.48514938354492,40.06436975784107,39.141541918623666,39.35752353971704,12045600
2025-01-21,39.56368637084961,40.191992465364386,39.13172686712063,40.01528090815714,16558000
2025-01-22,38.375789642333984,39.76002748650877,38.30706890677205,39.70112239388459,15882700
2025-01-23,37.79656982421875,37.99291639048727,35.7938415892785,37.413696079744724,30475400
2025-01-24,37.11918258666992,38.16963253634693,36.77557511794397,38.02237165760728,19076400
2025-01-27,36.0,36.539953936513946,35.91164798675103,36.539953936513946,18550500
2025-01-28,35.18517303466797,36.32397870368626,34.8121149074897,36.206172253787685,16842900
2025-01-29,35.617130279541016,36.16689991957226,35.28334223827191,35.322612300774,12599900
2025-01-30,35.97055435180664,36.147265892978126,35.41096905309672,36.00000502700209,11821900
2025-01-31,35.19498825073242,35.970555171889295,35.037911737776554,35.69567221046639,13385200
2025-02-03,35.20480728149414,35.47969024012283,34.252528824816984,34.72375835889449,15940400
2025-02-04,35.8134765625,36.31416049292516,35.37169772535994,35.37169772535994,14490600
2025-02-05,36.009822845458984,36.33379149348287,35.31279609955978,35.6073140736722,14888300
2025-02-06,36.47123718261719,37.24680031732885,36.10799472300617,36.854110928424056,13748200
2025-02-07,37.52168655395508,38.473961212873355,37.178079129706866,37.78675385437539,21532000
2025-02-10,37.75729751586914,38.19907632744308,37.69839617099198,38.169625655004495,16243400
2025-02-11,36.903194427490234,37.5216847656602,36.76575296234114,37.02100086261816,13957900
2025-02-12,37.26643371582031,37.73766320886029,36.775569192445445,36.9817313934631,10946500
2025-02-13,39.48514938354492,39.61277148237313,37.77693893807842,37.983101170031375,21444700
2025-02-14,38.74885559082031,40.05455357607599,38.56232463221238,39.78948622305417,17559200
2025-02-18,38.58195114135742,38.79793273201869,37.8947400533436,38.75866267098952,12261300
2025-02-19,37.865291595458984,38.24816535039631,37.49223348385365,38.23834970706431,12101200
2025-02-20,38.248165130615234,38.90592558006079,37.88492640942851,38.22853009906469,11471600
2025-02-21,36.304344177246094,38.23835183628665,36.16690269294872,38.23835183628665,16151100
2025-02-24,36.431968688964844,36.75593735513621,36.265072789119436,36.51050507212782,8418400
2025-02-25,36.088356018066406,36.54976984168251,35.36187866279732,36.51049978328988,10618900
2025-02-26,37.25661849975586,38.01255032380878,37.128992673617276,37.83583879377048,16632700
2025-02-27,36.73630142211914,38.14017434609637,36.598859946205174,38.08127299641858,13147000
2025-02-28,36.23562240600586,36.34361321060102,35.56804629123527,36.0392758290146,14779600
2025-03-03,34.88083267211914,37.786753566636456,34.753210589369466,37.40387608338983,18101200
2025-03-04,34.26234817504883,34.969190602875436,33.63403838531488,34.753212740622594,18310700
2025-03-05,37.46278381347656,37.639495358186316,35.685852722783814,35.75457346294878,29191000
2025-03-06,36.991554260253906,38.297252067834805,36.61849613880245,37.305707285160565,18546800
2025-03-07,36.265071868896484,36.96210238115279,35.27352711850271,36.50068850240554,16969400
2025-03-10,33.869659423828125,35.028100248648904,33.35915975992406,34.94956011035601,21433000
2025-03-11,35.22444534301758,35.558233426488194,33.938378720969084,34.124905923938044,18345200
2025-03-12,36.10799789428711,36.559596161439394,35.371701012299205,36.13745231616636,13995800
2025-03-13,36.89338684082031,38.03219261571791,36.058914735205775,36.058914735205775,20682700
2025-03-14,38.140174865722656,38.23835002485543,37.305706610590775,37.394062381310576,15203300
2025-03-17,38.788116455078125,39.25934973522285,38.27762060075366,38.27762060075366,12880700
2025-03-18,39.11208724975586,39.573501122276596,38.562317608986454,39.38697019764092,14569900
2025-03-19,39.681488037109375,40.34906411819379,38.79793410273244,39.07281704964981,17519000
2025-03-20,39.95637512207031,40.771208327733284,39.8287492904607,40.29997880909699,22075600
2025-03-21,39.51459884643555,39.63240529750207,38.493599617193595,39.229896490108544,22336000
2025-03-24,40.84975051879883,41.53696167259852,40.57486755527876,40.73194406943301,21356100
2025-03-25,42.22417068481445,42.479422370632705,41.32098163037975,41.42897244014904,20804700
2025-03-26,40.73194122314453,42.65612932332461,40.59449600598946,42.44996711509087,19408300
2025-03-27,39.24953079223633,39.9661926191344,38.88629205695911,39.94655758682219,18010200
2025-03-28,37.7180290222168,39.534230046328766,37.5707719089099,39.16117195161941,20227400
2025-03-31,37.16826629638672,37.49223496916847,35.66622189212688,36.579226558147916,17462500
2025-04-01,37.43333435058594,37.43333435058594,36.52032592166924,37.36461360819432,13121200
2025-04-02,37.502052307128906,37.52168733849643,36.726485420608604,36.913012601101116,13166400
2025-04-03,32.897743225097656,35.332434890878936,32.809387448960436,35.32261550186389,31999800
2025-04-04,28.61740493774414,30.74775731204618,27.969463835191426,30.580863278206856,44734500
2025-04-07,29.815114974975586,31.071727082910186,27.154628016770776,27.517868624532962,40398800
2025-04-08,28.676307678222656,31.1993531759067,28.116722360263463,31.081544853573302,35158100
2025-04-09,33.12354278564453,33.55550225844804,28.430874956327116,29.383153419211514,38575500
2025-04-10,30.777212142944336,32.22035345607285,29.677674566870277,32.12218202977154,25658400
2025-04-11,32.74066162109375,33.12353908822567,31.268069950005863,31.336790682440018,26250000
2025-04-14,33.13336181640625,34.0071002399204,32.455969989692996,33.447514873287744,19645900
2025-04-15,32.90654754638672,33.34043911732191,32.512105109384784,32.827660563673426,18742000
2025-04-16,32.85724639892578,33.508080066641625,32.38391316437955,32.90655123886886,17261100
2025-04-17,32.44308090209961,33.11363725137264,31.92043907116385,32.886828218829535,16988000
2025-04-21,32.49238204956055,32.837519648182294,31.673907513232255,32.66001923697177,11419900
2025-04-22,33.58696746826172,34.27724268201815,32.837520433729324,32.955852790127885,19264300
2025-04-23,34.70127868652344,35.953641333205105,34.573086839538945,34.947806677719385,21643100
2025-04-24,37.10738754272461,37.2848879650572,34.7801631270021,35.075995910317104,23970900
2025-04-25,36.831275939941406,37.13697196639113,36.298778402057394,36.49599776186428,10958800
2025-04-28,36.722801208496094,37.37363477728638,36.28890965482418,36.53543757878592,13380800
2025-04-29,36.65377426147461,37.02849780346961,36.229749642920986,36.85099737629925,11269600
2025-04-30,35.52960968017578,35.6676647409084,33.97155487255564,34.40544274367504,15777400
2025-05-01,35.90433120727539,36.407246580201,35.40141583434978,35.53947088724237,11614600
2025-05-02,37.07780456542969,37.46239135206411,36.49599841545646,37.09752725410721,11932200
2025-05-05,36.831275939941406,37.16655411801853,36.65377550674068,37.16655411801853,7701000
2025-05-06,37.39335632324219,37.74835716051768,36.624190350290526,36.673495186197044,9778700
2025-05-07,36.505863189697266,37.245447118755024,36.13113961236019,36.989055916786036,11879300
2025-05-08,36.95947265625,37.43280590526203,36.3283616575673,36.64391715690865,9814600
2025-05-09,37.334197998046875,37.50183521929336,36.85100150073216,37.3046158441136,7306000
2025-05-12,38.56683349609375,40.02627852368129,38.379469844669345,39.552945306224636,15649500
2025-05-13,38.92184066772461,39.35572858039591,38.52739437495532,38.78378559377095,11879600
2025-05-14,38.51753234863281,38.69503279240168,38.31044598975687,38.54711450202149,10292800
2025-05-15,37.93571853637695,38.19210592480017,37.04821649622423,38.07377357335235,13149000
2025-05-16,37.49197006225586,37.590579734872364,36.47627613977794,37.56099758543099,13552200
2025-05-19,38.261131286621094,38.31043611680205,36.7721043495387,36.880577232967255,11107300
2025-05-20,37.866695404052734,38.15266497303284,37.551139922495466,37.90613701795884,7848000
2025-05-21,37.48210906982422,38.15266541635458,37.31447186405068,37.59058197319209,11012400
2025-05-22,37.17641830444336,37.53141918002534,36.83127689241944,37.156695615609,9415400
2025-05-23,38.47808837890625,38.52739322359932,36.70308763792602,36.70308763792602,15295500
2025-05-27,39.089473724365234,39.4543340611121,38.53725348749824,38.596417791895,11247800
2025-05-28,38.34988784790039,38.971139344055146,38.162527957442684,38.85280697964597,7689500
2025-05-29,38.48794174194336,38.95141548436785,38.19210895896263,38.823219899112964,8927600
2025-05-30,37.94558334350586,38.389334426091445,37.20599945976927,38.300584209574325,17241200
2025-06-02,39.59238815307617,39.9769711325929,39.040164220449356,39.533220094028295,15316700
2025-06-03,39.6811408996582,39.82905541416504,38.961275967863074,39.1387763946457,11741400
2025-06-04,40.29253005981445,40.62780823318331,39.809333606949465,39.94738866156286,10979300
2025-06-05,41.111000061035156,42.018224883572124,40.903917483463616,41.39697338913948,17270000
2025-06-06,40.9039192199707,41.89003107318615,40.9039192199707,41.426557298425074,8501800
2025-06-09,41.75197219848633,42.30419614001911,41.19974825695355,41.39697136190939,9938400
2025-06-10,41.60405349731445,41.90974949490748,41.32794341027417,41.84072197314741,9460600
2025-06-11,40.44044876098633,41.022254952555386,39.91781063968003,40.815172349213476,13530900
2025-06-12,40.60808563232422,41.101141549412446,39.691001325602656,39.83891960541637,8750100
2025-06-13,40.37141799926758,40.65739134009927,39.53322442700168,39.62197464444192,9722100
2025-06-16,41.32794952392578,41.742118477472104,40.99267132790004,41.041976170491225,10508000
2025-06-17,40.79544448852539,41.24905877960975,40.696834812304196,41.16030856632346,10291600
2025-06-18,40.60808563232422,40.99266864577814,40.57850348104872,40.795445526599224,6185500
2025-06-20,39.66141891479492,40.756003645443066,39.60225085091299,40.667253430479214,13986900
2025-06-23,40.37141799926758,40.48975413033337,39.2965559265883,39.49377904997975,11692400
2025-06-24,41.42655944824219,41.52517289571216,40.23336494674344,40.3812832370892,10817900
2025-06-25,41.03211212158203,41.37724974287172,40.617943214316455,41.20961254445043,7114000
2025-06-26,43.842529296875,44.276420892135675,42.77753051937269,42.77753051937269,20484500
2025-06-27,43.26072311401367,43.60586449706571,42.935308179858374,43.4776689112625,13661000
2025-06-30,42.747947692871094,43.319894378186355,42.50141972748725,42.994475658254935,10256300
2025-07-01,43.43822479248047,43.75378027302642,42.99447372242583,43.379060490951886,9385700
2025-07-02,45.134342193603516,46.0415633375706,43.80308886923655,44.12850760243237,23271300
2025-07-03,45.16392517089844,45.56823090751549,44.93711988076872,45.124479791297155,7607300
2025-07-07,44.503231048583984,44.927259466028886,43.82281143087464,44.621563423165384,19630200
2025-07-08,45.62739562988281,48.43781289024111,44.227114850503504,45.02586680110342,45175000
2025-07-09,44.95684051513672,46.37684026039438,44.3947570475315,46.09087067565575,24277000
2025-07-10,46.55433654785156,46.860032555950674,45.479474549866985,46.130308178628056,18640600
2025-07-11,45.71614456176758,45.765449400407455,45.02586553565509,45.2625340275318,17122800
2025-07-14,44.99628829956055,45.252675745522815,44.5623966440142,45.19351143737993,11484600
2025-07-15,43.6507453918457,44.95670577242146,42.770211899167705,44.75883596103856,20312200
2025-07-16,43.512237548828125,43.720003127357415,42.95819223195841,43.423194618869154,11377600
2025-07-17,43.98712921142578,44.10585562681775,43.23521411790021,43.403404211851765,11027900
2025-07-18,44.323516845703125,44.46202723434477,43.729899816060346,44.37298430248585,13554700
2025-07-21,44.7093620300293,45.58000348913132,44.7093620300293,45.085321442343165,11250300
2025-07-22,45.3128776550293,45.76798426165274,44.6796851981402,45.12489982380433,15316100
2025-07-23,44.363094329833984,45.58001193759928,44.095965522159865,44.185008458051236,23135900
2025-07-24,44.105857849121094,44.83798524363673,43.67053518566594,44.481813527764295,13223900
2025-07-25,44.41255569458008,44.48181088253406,43.71010806011844,44.09595947132625,16011000
2025-07-28,43.324256896972656,44.35319651550134,41.76105973334738,44.20479038382183,26374100
2025-07-29,42.77021408081055,43.48255751532368,42.226064523501876,43.433090059954694,16495800
2025-07-30,38.72371292114258,43.21542714843257,37.932222341782506,42.73063704562933,64894200
2025-07-31,39.81201171875,40.118712164096216,38.34774957828493,38.48626371793659,26276800
2025-08-01,39.604244232177734,39.75265035876448,38.862221147493166,39.46573386022988,15601200
2025-08-04,39.99009704589844,40.16818289444756,39.3272248783959,39.75265176391607,12727200
2025-08-05,39.604244232177734,40.09892628863411,39.17881736169528,39.94062818153305,11521300
2025-08-06,39.436058044433594,40.23744063970272,39.406378325831014,39.82190948276687,9498400
2025-08-07,40.36605453491211,40.64307904938361,39.79222531931845,40.27701161492565,9660400
2025-08-08,41.42467498779297,41.731379226196246,40.64308019490981,40.93988867852205,11828700
2025-08-11,41.019039154052734,42.117234028689985,40.900316505858825,42.107342047225885,10676300
2025-08-12,41.70170211791992,42.22606393089707,41.2564874775974,41.29606295098716,12573800
2025-08-13,42.28542709350586,42.631703049965225,41.741273770319914,42.19638416554133,13120800
2025-08-14,41.83031463623047,41.949041050413726,41.13776275745157,41.84021039114141,11933400
2025-08-15,41.90946578979492,42.344784654948825,41.79074314913925,42.24584975008989,8885300
2025-08-18,41.30595397949219,41.94904219780485,40.94978227544977,41.69180540082987,8325000
2025-08-19,41.019039154052734,41.5335089950596,40.62329573536472,41.33563539865312,7630500
2025-08-20,40.87063980102539,41.088297376409514,40.58372325378584,40.71234166705275,5526200
2025-08-21,41.276275634765625,41.30595535304784,40.52435672920019,40.67276286886111,6181200
2025-08-22,42.819679260253906,42.96808539259779,41.34552878833674,41.38510426017841,10822100
2025-08-25,43.225318908691406,43.3836170237548,42.88893494241609,42.95819013187353,12596800
2025-08-26,43.878299713134766,43.93766292240295,42.987874218860924,43.067021390427016,11824700
2025-08-27,43.403404235839844,43.591385839918665,43.00766084002204,43.47265942446108,11201800
2025-08-28,43.89808654785156,44.08606815294376,43.442979941851576,43.6507455088353,9253900
2025-08-29,43.927772521972656,44.25426074938413,43.63096023907592,43.8585173290634,7371000
2025-09-02,44.4620246887207,44.471920443985695,42.285426521899225,43.294574659689275,12166300
2025-09-03,45.71851348876953,45.80755640743653,44.630214504283515,44.76872487240452,12237800
2025-09-04,45.58000946044922,45.65916040988444,44.699475905669814,45.2337334919826,8509000
2025-09-05,45.847137451171875,46.519905413096275,45.253520437297375,46.22309690615902,8069200
2025-09-08,46.163726806640625,46.25276972284745,45.01606465004404,46.035108422314245,10436400
2025-09-09,43.42319869995117,45.619588662614554,43.15606988496844,44.83798995664196,24956700
2025-09-10,44.40266799926758,44.98639304987791,43.75957973577101,43.818942948657245,16678900
2025-09-11,45.431602478027344,45.66905154782144,44.323515625279704,44.39277081769362,14919200
2025-09-12,44.24436950683594,45.016072397356325,43.46277086052041,44.719263883627335,16046300
2025-09-15,45.15458297729492,45.26341364675368,43.888197967138545,44.02670835585877,12670200
2025-09-16,44.818199157714844,45.411819964077814,44.333412795349716,45.16447890495784,10043200
2025-09-17,44.61043167114258,45.79766945910601,44.30372741223018,44.62032365247045,8951800
2025-09-18,44.45213317871094,44.95670725295374,44.11574920450745,44.52138836980064,13174400
2025-09-19,44.4620246887207,45.21394357561797,44.23447138124845,44.76872894181364,21120200
2025-09-22,44.679683685302734,44.897345000285206,44.066278985226674,44.35319548695364,11980600
2025-09-23,44.8775634765625,45.797672541094215,44.6599021314528,44.90724319666832,14308500
2025-09-24,37.269344329833984,41.54340077072802,37.25945234931755,41.38510266359303,91311700
2025-09-25,34.96413040161133,37.1308366051481,34.776152565400324,37.1308366051481,86778600
2025-09-26,35.36977005004883,35.923815359168124,34.914663425124886,35.122429000747786,41515800
2025-09-29,36.725196838378906,37.70466902475304,35.66657748115498,35.96338597656009,40224700
2025-09-30,38.8028678894043,38.91169856299878,36.80435161047659,37.54637481321149,38973100
2025-10-01,38.67424774169922,39.060099185943244,38.42690668522228,38.61488452945975,19117000
2025-10-02,38.45658493041992,39.534992046294114,37.78381698065667,38.95126702441497,23508900
2025-10-03,39.24807357788086,39.920841494250794,38.506050473719135,39.22828961633293,23921600
2025-10-06,39.89116668701172,40.80138376934415,39.139251509541566,39.762548276373685,26706800
2025-10-07,40.25722885131836,40.8706373865847,39.73286702115923,40.27701658866163,19846800
2025-10-08,42.39425277709961,42.57233862795876,41.424676352491325,41.50382729692862,25769000
2025-10-09,42.849361419677734,44.31361986519584,42.09744257455044,44.056383080343224,23238000
2025-10-10,40.44520950317383,43.20553274945506,40.306699119203614,43.20553274945506,24243400
2025-10-13,42.32500076293945,43.037344219815026,41.830318645470314,42.829578636267996,15475300
2025-10-14,41.523616790771484,41.978723418176735,40.06925020523198,41.11797761867117,16563400
2025-10-15,41.414390563964844,42.53638305017526,40.97751031044986,42.53638305017526,16028100
2025-10-16,41.40446472167969,41.74205522685067,40.917935780709655,41.722196516233346,15081000
2025-10-17,40.88814926147461,41.692409990170134,40.42147903508393,41.30517081791262,14027500
2025-10-20,41.890987396240234,41.92077735423439,41.126444127190275,41.63283174881398,12617500
2025-10-21,41.01723098754883,41.21581052640497,40.37183612328063,40.90800996858081,12932200
2025-10-22,40.49098205566406,40.908007393871,39.835659770763165,40.36190612106387,12134400
2025-10-23,40.93779373168945,41.95056522840951,40.769000376066955,41.156235756764865,18292600
2025-10-24,41.07680130004883,41.33496074803701,40.17325080741364,40.86829052197803,10605300
2025-10-27,40.8087158203125,41.43425196410083,40.16332475305572,41.43425196410083,14374400
2025-10-28,40.87821578979492,41.65269030453861,40.212966070411326,40.30232836874092,11973800
2025-10-29,41.890987396240234,43.18177699635614,41.25552384473418,41.42432098116259,19707800
2025-10-30,41.43425369262695,42.03993115055221,40.57042055456179,41.46403986673409,11822900
2025-10-31,41.40446472167969,42.21865291868115,40.96758066342208,41.29524370711528,11939500
2025-11-03,40.88814926147461,41.295243356519116,40.14346466412526,41.27538464607039,13717200
2025-11-04,39.140621185302734,39.746298605942066,38.84274809958258,39.68672626139511,14388400
2025-11-05,39.92502212524414,40.381761096726855,39.33920343132964,39.607290337459496,12057600
2025-11-06,38.37607955932617,39.63707542712091,38.266858550069564,39.62714796612557,25307300
2025-11-07,39.527862548828125,39.72644209184734,38.475373547581135,39.64701103217205,17305700
2025-11-10,40.65978240966797,40.957655510392975,40.064032420555975,40.50091650343717,13890600
2025-11-11,40.7789306640625,41.04701758951231,40.16332575432329,40.54063369988175,10730700
2025-11-12,41.51368713378906,41.96049488090432,41.1760966172532,41.1760966172532,12842900
2025-11-13,40.252685546875,41.593116302680535,39.9250225070291,41.55339888191224,10381700
2025-11-14,39.8753776550293,40.38176151339174,38.60445049077712,39.3491350862677,10358500
2025-11-17,38.72359848022461,39.74629743316342,38.59451875807859,39.70658380052453,17578500
2025-11-18,39.71651077270508,41.51368424872817,39.656934642987835,41.454108119010925,23695200
2025-11-19,40.9576530456543,41.920779674779624,40.481055355642454,40.620062541771524,19873600
2025-11-20,39.34913635253906,41.6030489219418,39.03140455125128,41.6030489219418,15648000
2025-11-21,39.587432861328125,40.01438567465974,38.574661335820224,39.54771922736331,18896900
2025-11-24,40.500911712646484,40.82857094838709,39.617219977039305,39.617219977039305,15241000
2025-11-25,40.7789306640625,41.49382913192865,40.679640893597515,40.947727819047316,11446600
2025-11-26,41.85127639770508,42.18886690413676,41.265457689122506,41.48389593140528,13339400
2025-11-28,42.675392150878906,43.10234496250798,42.02006984730015,42.45695012046539,8848100
2025-12-01,42.76475524902344,43.618660888129234,42.695251653995,43.09241830072481,14614800
2025-12-02,42.66546630859375,43.112274060252524,42.010143980144036,42.87397709772277,11131900
2025-12-03,44.21440505981445,44.77043758241702,43.81724221880835,44.01582553314225,22864300
2025-12-04,44.29384231567383,44.422922045178005,43.35057436190371,43.71795105147203,12392100
2025-12-05,44.87965774536133,45.64420102909816,44.80022290606636,44.94916133591362,20208100
2025-12-08,44.68107604980469,45.39597447865332,44.41298913898645,45.05838397477055,16538400
2025-12-09,44.48249435424805,44.879661004239416,43.618661246327996,43.81724457132368,10310100
2025-12-10,46.12080001831055,46.12080001831055,44.37327138055756,44.56192723543712,17054800
2025-12-11,47.76903533935547,47.97754611799072,46.10094153495002,46.2498799697819,20741000
2025-12-12,47.04420852661133,48.65272616794506,46.478248545629796,48.41442543442889,17034900
2025-12-15,47.18321990966797,48.51372330338613,47.05414017637073,48.474005879654364,15437700
2025-12-16,47.20307540893555,47.34208259487403,46.28959366358566,46.97470591951351,15481500
2025-12-17,47.4810905456543,47.89811589784907,47.03427902103912,47.76903617125761,15613000
2025-12-18,47.580379486083984,47.9576874100596,46.984633322048154,47.729317920923805,15029500
2025-12-19,48.80166244506836,49.28818756417531,47.72931487308638,47.72931487308638,21954800
2025-12-22,50.281105041503906,50.58890938197241,49.556279131041165,49.64564143713448,15316600
2025-12-23,51.53217697143555,51.91941236594886,50.62862645501721,51.244231344047044,14155700
2025-12-24,51.552032470703125,51.62153985366126,50.8669239794991,51.56196372012366,4073900
2025-12-26,52.664100646972656,53.38892660287348,52.26693397551315,52.6740281093112,14848300
2025-12-29,51.115150451660156,51.84990758968767,50.807346120329676,51.2045127551005,15231700
2025-12-30,51.04564666748047,52.00877329121122,50.48961413841685,51.86976610586075,10055700
2025-12-31,50.43004608154297,51.14494077949456,50.3009663466045,50.936429983744596,8776800
2026-01-02,51.56196212768555,51.82011778971855,50.638552918511515,51.36337880968845,11518400
2026-01-05,54.02438735961914,54.06410478217472,52.91232604169616,53.2499165580948,26935100
2026-01-06,55.75205612182617,56.71517897753509,55.27545463710327,55.61304514597928,35253300
2026-01-07,55.10666275024414,55.18609759570959,53.468355045307256,54.83857582829109,20894000
2026-01-08,53.835731506347656,54.23289434104907,52.91232232886598,54.23289434104907,22333100
2026-01-09,56.129356384277344,56.308080981777074,54.18324830890421,55.0570125869405,19272700
2026-01-12,58.29391098022461,58.41306324620523,56.75489686076229,57.340715578350604,20373700
2026-01-13,58.91944885253906,59.66413349233978,58.00596705813264,59.594629895638,22060100
2026-01-14,59.92228698730469,60.27973620742922,58.701004676987075,59.78327979895888,19747500
2026-01-15,59.68339538574219,60.220905202990124,58.42920960926322,58.70791671579198,18285700
2026-01-16,58.43916320800781,58.57851676461262,57.43382412314478,58.359534231562044,21629900
2026-01-20,59.79288864135742,60.10145993628045,58.08082201949989,58.8273621678076,19583600
2026-01-21,60.300537109375,61.84338596524875,59.47436420244871,61.2660597704666,25719800
2026-01-22,58.578514099121094,61.46513745809828,57.97133131541435,60.499611006842564,25597200
2026-01-23,60.13132095336914,60.52947722211961,58.11068681264456,59.474365767900586,24545800
2026-01-26,60.887813568115234,63.2866995918112,60.81813679035058,63.12743404594958,31620200
2026-01-27,62.57997131347656,62.88854260944093,60.98735384388529,61.21629236782031,20123700
2026-01-28,63.33646774291992,64.37166720423915,61.73389427110034,63.83415738193328,22636500
2026-01-29,64.82954406738281,69.11966663837174,62.81886593272703,69.06989425722418,48277600
2026-01-30,59.9521484375,61.634350816674484,58.38939141498124,61.4551846802406,40774400
2026-02-02,60.47970199584961,60.96744321227152,59.28524083998259,59.603764321160384,21334600
2026-02-03,64.37166595458984,64.66032905323542,62.31121547284985,63.794339757298694,31102700
2026-02-04,61.57463455200195,65.34715183332732,60.69869301239745,64.68024442957254,31834200
2026-02-05,58.94681167602539,60.64892231298611,57.96137700367469,59.67344363571447,22330400
2026-02-06,60.39011764526367,60.72854932210358,59.43454719198609,60.08155015559456,20119100
2026-02-09,63.316558837890625,63.87397304992581,60.99730562907429,61.076938400564764,14752000
2026-02-10,62.968170166015625,63.22697287218191,61.78366118700685,62.95821796828591,11647400
2026-02-11,65.15802764892578,65.19784403750455,62.77905348929174,64.79968774591651,15495800
2026-02-12,61.75380325317383,65.6756300099934,60.96744670276487,65.66567401476819,23459900
2026-02-13,62.55010986328125,63.0577554865233,59.88247279906541,60.86790745219345,14370600
2026-02-17,60.80818176269531,61.29592298145143,58.92690125639208,60.957491306442954,12238400
2026-02-18,62.26144790649414,62.888542697252376,61.26606103733484,62.4704782377137,17244800
2026-02-19,62.28135681152344,62.29131280670461,59.862566388047014,61.146616375245536,13357900
2026-02-20,64.04318237304688,64.09295475018716,61.61444377141086,61.763749511533945,14680000
2026-02-23,65.24761199951172,65.62585627407442,63.58531396146145,63.94365004308409,15631300
2026-02-24,67.56685638427734,68.52242684529907,64.51101907029575,65.09830125852098,20299300
2026-02-25,68.50252532958984,69.428235439214,67.82566194197004,68.68169527320094,16182000
2026-02-26,68.0645523071289,68.28353863640126,65.51636431748524,67.9650151376958,17726800
2026-02-27,67.76593780517578,68.61201509927935,66.56152064158384,68.07450529504676,19425700
2026-03-02,67.9749755859375,68.32335949887558,66.1036508577274,66.85019106868033,15851100
2026-03-03,65.26751708984375,65.3869662487552,60.56928982478183,63.864025545080295,25564300
2026-03-04,65.6258544921875,67.5369953973481,65.46658895299134,66.57146895001831,17438500
2026-03-05,62.370941162109375,64.00337881951452,61.08689118768624,63.854069270079435,23068000
2026-03-06,59.08616256713867,60.917674477878265,58.429207414215746,60.360256488662074,25912800
2026-03-09,60.21095275878906,60.21095275878906,55.24397066271487,56.99584986345735,26344800
2026-03-10,62.112144470214844,62.82882046070291,60.4498463622487,60.698693088816704,16982400
2026-03-11,61.256107330322266,61.485045848937055,59.344962614125706,61.027168811707476,17754700
2026-03-12,58.93685531616211,60.75841510019977,58.62828781841333,60.360258835692214,17564000
2026-03-13,56.119911193847656,58.787548233163115,55.72175493835899,58.7775922383712,21443200
2026-03-16,57.66276168823242,57.991237380871205,56.537973461839904,56.946081926693886,17824100
2026-03-17,57.822021484375,58.39934387505535,57.264603488977215,57.98128322633159,10610300
2026-03-18,55.1942024230957,56.448388202258855,54.78609396033393,56.02037154654534,17258700
2026-03-19,53.372642517089844,53.740938390216414,50.55569967001902,52.23790210109879,27550300
2026-03-20,51.849700927734375,53.67125688028826,51.27237473480616,52.82517958055495,25007300
2026-03-23,54.68655014038086,55.054845995109915,52.994395595925795,54.01964279826493,24888600
2026-03-24,56.21944808959961,56.36875763396679,53.73098099747622,53.97982770668856,17123000
2026-03-25,56.826637268066406,57.88174873036565,56.557882354166615,57.563225231765806,13965000
2026-03-26,55.572452545166016,55.950696833904644,54.64674242280626,55.10461948628967,16016500
2026-03-27,55.980560302734375,56.906266616084245,54.67660211131311,54.90554064010928,12327400
2026-03-30,54.397891998291016,57.88174591737756,53.92010297651164,57.31437572575142,14246700
2026-03-31,58.50883865356445,58.727824978726474,56.00046330051605,56.080096072247535,18882500
2026-04-01,60.91767883300781,61.76375617630111,59.62367662681232,60.469753970105614,23684000
2026-04-02,61.09684753417969,62.251496158873586,58.76764209161273,58.76764209161273,16880000
2026-04-06,60.768367767333984,61.43527894596868,60.12136857888792,60.81813635150682,8511500
2026-04-07,60.47970199584961,60.838041861449476,59.40468619614941,60.44984160608276,18276900
2026-04-08,64.7996826171875,65.56613474681669,63.72466299324472,64.9489921639905,20338000
2026-04-09,66.14344787597656,66.44206694486881,64.35175624521823,64.8992144125895,12664700
2026-04-10,67.48723602294922,68.09442264996916,66.7904606243987,66.92981418526891,15706800
2026-04-13,67.7161636352539,68.23376903047422,66.54160689280619,66.54160689280619,13134100
2026-04-14,67.9550552368164,68.5124770231629,67.25828749663178,68.22381393245819,12330800
2026-04-15,68.53365325927734,69.29181519806127,67.37646593148008,67.79544715649695,15405600
2026-04-16,68.11466979980469,69.34169490244113,67.55602818477473,68.70324516785799,10342700
2026-04-17,70.04000091552734,70.53879027479837,67.62586224327676,69.20203844519439,20218300
2026-04-20,70.01007080078125,70.7981588570401,69.06237411628784,69.37162106600061,12297800
2026-04-21,67.40638732910156,70.54876151734533,67.29665307157184,69.83050369021294,17092800
2026-04-22,70.18963623046875,70.31931871837686,69.00251517090204,69.2219836973014,14213100
2026-04-23,61.331138610839844,65.0421288229164,60.852301286877086,62.11922670475097,38773500
2026-04-24,60.90217590332031,62.29878753738295,59.68513253639658,61.91970658434414,17741600
2026-04-27,60.42333984375,61.271280192557306,59.22624467655214,61.161549735251214,15199300
2026-04-28,58.069053649902344,60.05423688384452,57.72987674881787,59.61529983217012,14754700
2026-04-29,56.79215621948242,57.83961310305561,56.45297930613427,57.83961310305561,11444700
2026-04-30,57.64009475708008,58.198740186338114,56.881936636729066,57.789733080860465,16181400
2026-05-01,56.4130744934082,58.02915091527603,56.363196319704144,57.55031359788781,14899700
2026-05-04,55.435447692871094,56.752251263842666,55.35564337623137,56.06392333529957,14777200
2026-05-05,57.540340423583984,57.849591194328916,56.11380256071473,56.871960707576754,13861100
2026-05-06,60.7425651550293,61.13162023096299,59.864694851986194,60.48319637289372,17655500
2026-05-07,60.4632453918457,62.398546692709175,59.97443015625413,61.480776118730844,18316100
2026-05-08,61.500728607177734,62.12920045059629,60.553028077541484,61.630411098730974,12202700
2026-05-11,64.21414184570312,64.82266544439383,61.989538058714295,62.06934617908189,14852300
2026-05-12,65.8701171875,66.20929788692945,62.57810839630805,63.45597867577942,14477500
2026-05-13,66.99739074707031,68.68329361495164,65.71051327999203,66.66818794157831,17112400
2026-05-14,65.97985076904297,66.76793880948615,64.79272974963955,66.76793880948615,12618300
2026-05-15,62.85742950439453,63.65549547437857,61.2313790333844,62.039415310075405,15462600
2026-05-18,60.353511810302734,63.30634387151275,59.56542371798159,62.1990308971938,14798200
2026-05-19,58.55786895751953,59.78489027056793,58.158835965512935,58.91699788923333,12142700
2026-05-20,60.72261428833008,60.91215667646554,58.667604605721614,59.046681771071086,12015900
2026-05-21,62.15913009643555,62.95719229443786,59.61530136995337,60.353511281518465,10184500
2026-05-22,61.83990478515625,62.558158855609484,61.36106366423981,62.558158855609484,7856200
2026-05-26,64.20416259765625,64.81268618373872,62.88735908255933,62.88735908255933,11372000
2026-05-27,63.47593307495117,64.2340912045271,62.71777113991454,63.86498434950053,8262700
2026-05-28,65.71051025390625,65.90004502728279,62.32871533920219,63.07689934763518,10288100
2026-05-29,65.55089569091797,66.63826043536643,64.32387814778062,65.27157487169715,11376700
2026-06-01,66.87767791748047,67.31661498725096,64.32387884446293,65.10198902384036,10051200
2026-06-02,71.54634094238281,71.91544016645913,67.55602640113153,67.70566471861265,18969700
2026-06-03,70.46895599365234,71.47651257216994,69.11224840602107,71.47651257216994,13873000
2026-06-04,69.5212631225586,71.69598502690647,68.88281335347679,69.75070196502027,11648600
2026-06-05,63.21656036376953,67.3265834908981,62.21898167623129,67.3265834908981,18101000
2026-06-08,63.755252838134766,65.5608716062001,63.545762230118854,64.4535586703151,12694000
2026-06-09,64.09442901611328,66.2691508031202,61.70023870577851,65.01219955828323,15696300
2026-06-10,61.9296875,64.62314694464756,61.580532671851095,63.04697457806288,14778100
2026-06-11,66.17936706542969,66.43873965754972,62.1890560853208,62.877384015865694,14895400
2026-06-12,68.2443618774414,68.75312152978589,66.66818571966643,67.04726288216412,12609400
2026-06-15,69.96018981933594,71.7059525026201,69.08232332424471,71.01762839149454,16652600
2026-06-16,69.98014831542969,71.34682628273988,69.48135895838588,70.40910746692421,9007500
2026-06-17,68.89278411865234,72.10498882183789,68.67331558202402,69.96019304695422,16490300
2026-06-18,68.51370239257812,70.44900742054514,67.85529682643305,69.780623936783,17963700
2026-06-22,69.04241943359375,69.74072907517663,67.9949663876014,68.33413948508806,12958900
2026-06-23,64.24407196044922,65.73046214232615,63.54576608589765,65.27157683822058,16705900
2026-06-24,61.69026565551758,62.6379661615666,60.90217758587445,62.55815804063333,18531800
2026-06-25,62.64794158935547,63.595642115303114,61.56058065430283,63.07690073472692,14175100
2026-06-26,62.298789978027344,62.84745749666802,61.49074986881862,61.90973489763597,24660500
2026-06-29,61.47079849243164,62.19903048753408,60.36348552540576,61.76009722904323,12286700
2026-06-30,62.73772430419922,63.13675730937334,61.90973595583496,62.827506540090354,13931700
2026-07-01,60.38343811035156,62.89733691669807,60.38343811035156,61.55060718011923,15526400
2026-07-02,60.82237243652344,62.109246022513794,59.29607449101578,61.17152344716799,13553500
2026-07-06,60.852298736572266,61.91970760669496,60.383435544952924,61.62043476744329,16343700
2026-07-07,59.186344146728516,60.30363118837164,58.01917512736101,59.954476371603995,18273700
2026-07-08,57.360774993896484,58.72745674126554,55.86440695057745,57.77975621940467,21829900
2026-07-09,60.38343811035156,60.9420835580266,58.278546422966535,59.53549772887018,16381700
2026-07-10,61.37104034423828,61.909733740307196,59.98440659934507,60.223823349513054,11865700
2026-07-13,59.82479476928711,61.849878275728884,59.4756399473574,60.612879035811616,12722800
2026-07-14,61.79999923706055,62.76764795720349,61.05181523614083,61.79002131932367,11627900
2026-07-15,60.970001220703125,62.880001068115234,59.369998931884766,62.630001068115234,14260800
2026-07-16,58.560001373291016,59.970001220703125,57.54999923706055,59.54999923706055,15386900
2026-07-17,58.380001068115234,59.36000061035156,56.0,56.70000076293945,20412700
2026-07-20,58.790000915527344,59.34000015258789,58.52000045776367,59.02000045776367,9953800
2026-07-21,62.560001373291016,62.66999816894531,60.470001220703125,61.09000015258789,15873500
2026-07-22,65.0,65.08000183105469,62.619998931884766,62.939998626708984,17461600
2026-07-23,63.5,65.43000030517578,61.970001220703125,62.63999938964844,18914100
2026-07-24,62.599998474121094,62.9900016784668,61.04999923706055,62.560001373291016,11938900
2026-07-27,62.720001220703125,63.529998779296875,61.18000030517578,63.529998779296875,9601600
2026-07-28,61.63999938964844,62.56999969482422,59.93000030517578,61.459999084472656,13592000
2026-07-29,59.9900016784668,61.560001373291016,58.189998626708984,60.79999923706055,22668800
2026-07-30,63.439998626708984,63.63999938964844,61.7400016784668,61.75,14850400
2026-07-31,62.630001068115234,63.650001525878906,60.970001220703125,62.599998474121094,10789600
2026-08-03,63.63999938964844,63.75,61.27000045776367,62.06999969482422,8951400
2026-08-04,67.30000305175781,67.8499984741211,65.75,66.19000244140625,16305900
2026-08-05,69.38999938964844,70.55999755859375,68.62000274658203,68.94999694824219,17116400
2026-08-06,68.18000030517578,69.66999816894531,67.94000244140625,68.4800033569336,12634900
2026-08-07,69.62000274658203,70.54000091552734,68.63999938964844,69.97000122070312,11290100
2026-08-10,70.51000213623047,71.22000122070312,68.88999938964844,69.73999786376953,11801000
2026-08-11,68.87000274658203,70.83000183105469,68.27999877929688,70.73999786376953,11952400
2026-08-12,69.22000122070312,70.08999633789062,68.70999908447266,70.08999633789062,8173500
2026-08-13,66.83000183105469,69.0999984741211,66.625,68.1449966430664,7858422
