Date,Close,High,Low,Open,Volume
2021-08-24,32.862060546875,33.030057737472795,32.47940107058413,32.61939991618848,15470700
2021-08-25,32.76871109008789,33.08603853460674,32.30205329287289,32.89937470365746,9923500
2021-08-26,32.23672103881836,32.918040986061285,32.16205408334804,32.53538174006686,11336100
2021-08-27,34.1313591003418,34.374023206237155,32.54472150135506,32.54472150135506,18805800
2021-08-30,34.196693420410156,34.86868199619769,34.11269484843672,34.794015016524604,13357900
2021-08-31,33.96335983276367,34.28068733260479,33.16070771197042,34.112690211493785,16216100
2021-09-01,33.4966926574707,33.87002028084061,32.70337590820474,33.34736232018596,16478200
2021-09-02,33.85136413574219,34.25269021032926,33.59003685380351,33.73003208613472,10981300
2021-09-03,33.73002624511719,34.094018770589926,33.524695667541145,33.702027915562844,12687100
2021-09-07,33.93536376953125,34.22468939499756,33.55270442591669,33.57137116954633,10296400
2021-09-08,32.078067779541016,33.72070582355221,32.0687361867045,33.71137067039794,18265700
2021-09-09,32.488731384277344,32.992719320647204,32.19940214129327,32.2087337347943,12518800
2021-09-10,33.11404037475586,34.15935295448026,32.86204471029861,32.91804493361694,22605900
2021-09-13,32.93671417236328,33.487370615641744,32.255394091750446,33.38470531193129,13867400
2021-09-14,32.470054626464844,33.011375890585924,32.33939099582586,32.81538044462744,14925200
2021-09-15,34.290016174316406,34.33668124152337,32.79670910147867,32.79670910147867,18871400
2021-09-16,32.01272964477539,33.19804107939493,31.480739949909847,33.17937433708001,35807800
2021-09-17,30.846080780029297,32.27405611126852,30.398089706020556,31.97539183494612,37559800
2021-09-20,29.09145164489746,29.483444326336407,28.484796770807275,28.70879233446403,38463200
2021-09-21,28.447460174560547,29.399442551071324,28.018135836227238,29.352777481307548,35686600
2021-09-22,29.455442428588867,30.108762337962883,29.371443874787317,29.49277591034884,28813500
2021-09-23,29.96876335144043,30.220758981141273,29.558104004538105,29.838097961878045,20270400
2021-09-24,30.0900936126709,30.510082743970088,29.5767690140124,29.5767690140124,15164300
2021-09-27,31.64874267578125,31.68607616702328,30.127436730686572,30.127436730686572,22469300
2021-09-28,31.33140754699707,31.779398652653743,30.622089186453213,31.751400321149205,19761000
2021-09-29,30.902088165283203,31.76073703283287,30.715424284414937,31.527408071826887,12717000
2021-09-30,30.360759735107422,31.508737662481217,30.360759735107422,30.3700948862395,23041700
2021-10-01,30.65009117126465,30.892751713966884,29.735442109821996,30.706091401265432,16091200
2021-10-04,30.52875518798828,31.480737613493297,30.267427935608517,31.144743397395434,20137600
2021-10-05,30.05276870727539,30.575423263371757,29.632775895899993,30.51009144385971,20005300
2021-10-06,29.595439910888672,30.034099427980077,28.86745480619812,29.707438577849445,22783900
2021-10-07,32.031394958496094,32.19006048093794,30.44475753566213,30.5660895751392,37035100
2021-10-08,31.854066848754883,32.675382127390606,31.63940465818075,32.29272282065986,17625300
2021-10-11,32.88072204589844,34.13136562044295,32.86205529877772,32.94605388066198,27084300
2021-10-12,32.302059173583984,33.11404289167416,32.14339364228068,32.71271682818103,21591600
2021-10-13,33.43136978149414,33.916694397299636,32.28339183962071,32.78738319760915,26459800
2021-10-14,34.72671890258789,35.44688019217603,34.19361309576583,34.595781134987604,28961400
2021-10-15,36.13898468017578,36.485035041000764,35.175653658085196,35.69940478413664,30048400
2021-10-18,36.04547119140625,36.52245949887368,34.969904354705925,35.11019692220186,23196100
2021-10-19,36.33539581298828,36.42892535968416,35.74617572384759,36.326044642212395,16543100
2021-10-20,36.41021728515625,36.550509812963654,35.61523580834682,36.13898696754845,14281700
2021-10-21,35.9332160949707,36.036096779268505,34.371310630554994,35.577814635488075,19571900
2021-10-22,35.23176956176758,36.2979849094576,34.801544381769425,35.51235461356277,19058200
2021-10-25,36.79368209838867,37.07426360615053,35.55912061000653,35.755527308661094,19215100
2021-10-26,36.33539581298828,37.102320256957434,35.87711352143441,36.88720765123803,15564400
2021-10-27,34.605140686035156,35.82099626685187,34.45549697713137,35.04472064184704,19544200
2021-10-28,35.63393783569336,35.746173284068014,34.75478156348152,35.21306739154346,13978400
2021-10-29,35.27853775024414,35.60588223545672,34.78284008548142,35.138245217846006,16052200
2021-11-01,35.84905242919922,36.12963390231018,35.16629930198697,35.33464889941095,10873400
2021-11-02,36.0548095703125,36.24186507133484,35.44688365172356,36.09222138407436,14574500
2021-11-03,35.755523681640625,36.195103592142175,35.09148001481404,36.13898586916738,17054400
2021-11-04,34.605140686035156,36.09222660417357,34.37132216788627,36.00805179492847,16309500
2021-11-05,34.64255905151367,34.97925835211917,34.39003457605955,34.74543978978625,12536200
2021-11-08,36.87784957885742,37.20519401156272,35.446881676193236,35.49364465689589,25103800
2021-11-09,36.66274642944336,37.214558306143964,35.68070931132538,36.69080351151347,16030800
2021-11-10,35.09148025512695,37.03684828367682,34.85766175947801,36.48503649123384,24055700
2021-11-11,38.25270080566406,38.55198814374079,35.792929651046066,36.58791097385242,39436900
2021-11-12,38.561344146728516,38.90739450580539,37.74765681730404,38.03758945553591,18481700
2021-11-15,38.215293884277344,38.57069898162049,37.59801322456923,38.36493757245547,13962100
2021-11-16,37.0368537902832,38.131126367864994,36.90591598409802,38.04695155420486,19165300
2021-11-17,36.354095458984375,37.82247519514632,36.157688796442486,37.07425678942475,19209100
2021-11-18,36.27928161621094,36.47568831239331,35.250478010317146,36.36345642425872,17613600
2021-11-19,35.80229187011719,36.728214810938795,35.63394224451326,35.97999623480333,18915800
2021-11-22,35.29724884033203,36.12964228301936,34.511618392712606,34.96990073928104,19073700
2021-11-23,36.17639923095703,36.70015396441677,35.47494371882801,35.57782443145289,15861800
2021-11-24,36.14834213256836,36.494392519384,35.75552519073969,36.1670444732289,13430300
2021-11-26,34.82960510253906,34.98859996896367,33.01517127099571,33.93173935688001,21122400
2021-11-29,35.521705627441406,35.67134932277342,34.23102652533582,35.390767839999285,17219200
2021-11-30,34.679954528808594,36.054804601093494,34.12814283912842,35.50299291141332,27056100
2021-12-01,33.884971618652344,36.045455525966865,33.838208639073066,35.35335129771893,19234100
2021-12-02,34.698665618896484,34.932484129988204,33.59504196112057,34.034621903664956,18548800
2021-12-03,34.1936149597168,35.08212230766319,33.305104043983626,34.67060307737447,20762700
2021-12-06,34.95118713378906,35.43753002456842,34.0065619973243,34.8576611642414,13602900
2021-12-07,36.26057815551758,37.046208561087006,35.72747219114414,35.72747219114414,18048200
2021-12-08,36.21381378173828,36.756270896820055,35.783584990301875,36.34475158304121,14213800
2021-12-09,35.97999572753906,36.316694973999965,35.484298029010496,35.66200239119127,11526700
2021-12-10,35.88645553588867,36.66273452035585,35.42817336126412,36.45697313791173,10018500
2021-12-13,35.194358825683594,36.363451232895365,34.82024782826107,36.110926844803195,11557800
2021-12-14,35.50300979614258,36.26993439836382,34.96990375722751,35.12890223552556,12609600
2021-12-15,34.838966369628906,35.0353731090006,33.46411205845066,34.848317542451674,23245200
2021-12-16,35.80229187011719,36.67209707980829,35.62459107321864,35.923878503672825,17549100
2021-12-17,35.5404052734375,36.176391758490354,35.11953133953686,35.78357489758759,19628600
2021-12-20,34.99795150756836,35.203712930083974,34.33390782117893,34.651901125163434,13373700
2021-12-21,36.64404296875,36.84044969194744,35.60588804929513,35.70876878081414,13560800
2021-12-22,37.541893005371094,37.56995008010402,36.47568135207926,36.65338210503233,13244500
2021-12-23,38.46781921386719,38.61746290568967,37.261314941668225,37.336135003685946,17727500
2021-12-27,39.27215576171875,39.31891874688948,38.0001825854674,38.34623295707526,11409000
2021-12-28,39.27215576171875,39.505974255359455,38.944807729949524,39.09445142316809,10835200
2021-12-29,39.26280212402344,39.477914716065165,38.73904739919108,38.99157180753237,14596200
2021-12-30,38.92610549926758,40.00167209872721,38.87934250967964,39.33762837033122,12001000
2021-12-31,39.02898025512695,39.253447565762734,38.701635810227764,38.9448054596119,8793200
2022-01-03,38.795166015625,39.328271922895915,38.61746523579711,38.795166015625,12658000
2022-01-04,39.42180633544922,39.74915085656467,38.77646489698204,39.11316415743662,14448600
2022-01-05,38.98222351074219,40.89018346921009,38.83257980230083,39.45921171646545,22270600
2022-01-06,37.906654357910156,39.18798231616808,37.6728358561855,38.79516537802131,16145800
2022-01-07,39.16927719116211,39.38438978891593,37.831835049129296,38.34623504965254,16974600
2022-01-10,38.92610549926758,39.15992401499468,38.04694916453714,38.916754328464954,12066900
2022-01-11,40.20743942260742,40.23549650691164,38.62682374142832,39.12252149345977,17291600
2022-01-12,42.22761917114258,42.508200635286386,41.30169641490245,42.077975485746755,28622600
2022-01-13,41.59890365600586,42.84696269187022,41.51444826412932,41.758428518617066,22954000
2022-01-14,41.36429977416992,41.72088597314482,40.407139997579286,40.632351956965586,19204600
2022-01-18,41.561363220214844,43.35369096390246,40.754345902590515,41.195391083078164,25895000
2022-01-19,41.36429977416992,42.6968140096309,41.33614559448697,42.26515477107421,18064400
2022-01-20,40.52912902832031,42.13378127057347,40.45405956710124,41.795959745888595,17598500
2022-01-21,38.46466827392578,40.09746744168952,38.19253388607203,39.97547554718965,24839300
2022-01-24,37.498130798339844,37.59197211445993,35.161537511992705,37.150926877896005,30985600
2022-01-25,37.18845748901367,37.40428711223894,35.677646546757174,36.897554824833726,27054500
2022-01-26,36.0623893737793,38.295762377859724,35.4149004602702,37.132155222046435,24866900
2022-01-27,34.8143310546875,36.6441956075182,34.47651304557686,36.043625485081115,24521300
2022-01-28,33.81963348388672,34.23252449139777,32.78740059558938,34.17621970777726,30157400
2022-01-31,34.92693328857422,34.964466228569165,33.44427297854778,33.763326236421854,20213700
2022-02-01,36.616024017333984,36.68171111310078,35.208437257168455,35.84654354148442,22363000
2022-02-02,36.96324157714844,37.40428673915902,35.98731353254951,36.625420055581145,19673300
2022-02-03,35.846553802490234,36.70987221093607,35.64949245878142,36.306363604477475,16367000
2022-02-04,36.0529899597168,36.43773380713906,35.38673303405689,35.687017946457935,15184300
2022-02-07,36.50343704223633,37.00078347703415,35.83717624241573,36.05300589486912,13817400
2022-02-08,38.12685012817383,38.192537251073645,36.57850262055311,36.75679572846979,18641700
2022-02-09,40.876338958740234,41.10155093577273,38.72742135800947,38.84941326704864,26474800
2022-02-10,41.20477294921875,42.75312044354724,40.163157752635556,40.21946253450048,29329400
2022-02-11,40.163169860839844,41.458151596700716,39.722128132146956,39.9754907777225,23462800
2022-02-14,39.834716796875,40.35083136585121,39.18722442117246,40.116233509073,17130400
2022-02-15,40.97956085205078,40.99832911425277,39.26230602688845,39.88164436083421,15759100
2022-02-16,41.5238151550293,41.702108213903266,40.85755818906585,40.913859376247764,11736000
2022-02-17,40.547889709472656,41.48628106722771,40.31329187003389,41.251683227788945,12251700
2022-02-18,40.36960983276367,41.14847305279579,40.14439425824444,40.69804548343743,15846700
2022-02-22,39.750267028808594,40.77311397173859,39.22476646686154,40.360219394608855,14429600
2022-02-23,39.8441047668457,40.52913017588416,39.4593643705452,39.92856015040824,13945700
2022-02-24,41.026485443115234,41.22354683702263,38.70865684530478,38.83064876615801,20397700
2022-02-25,43.485069274902344,43.5132198789505,41.045252412806754,41.14847248754336,29087900
2022-02-28,44.05748748779297,44.49852911714143,43.18478299060224,43.25985245913135,23876900
2022-03-01,44.95834732055664,46.497309174034875,44.26393587024848,44.582989199360824,27302500
2022-03-02,45.19293975830078,45.78412747443876,44.51729665414309,45.202322099334125,19132900
2022-03-03,46.06564712524414,46.09379772978646,44.49853117825262,45.74659381493737,22678700
2022-03-04,47.02280044555664,47.351236051311666,45.64336374202628,46.037490048611936,25481300
2022-03-07,44.24516677856445,46.33777968353359,43.832272170442124,45.88735213077467,27210600
2022-03-08,43.794734954833984,45.26801308372418,43.25046967955474,43.54137236889636,23946900
2022-03-09,44.09502410888672,44.62990704967303,42.133785466110254,42.85634386847214,23418100
2022-03-10,44.77066421508789,44.89265613040705,43.49445101393986,44.71436300777137,16686600
2022-03-11,44.03871536254883,44.83634674156016,43.73843035541424,44.226394386927865,14331200
2022-03-14,41.777198791503906,43.37246539277917,41.42060894423526,43.31616060225878,21012000
2022-03-15,41.55197525024414,41.720886009771924,40.35083525331727,40.669888512460915,18570100
2022-03-16,43.56013488769531,43.89795642507438,42.18070171630378,42.48098673182301,20461600
2022-03-17,45.59644317626953,45.793504532354255,43.87918501121249,44.12316880609029,18150900
2022-03-18,45.11787796020508,46.42224194603195,45.024036635520815,45.352475902394964,27493100
2022-03-21,46.45976257324219,46.91957599303292,45.371228553391006,45.371228553391006,15327100
2022-03-22,46.788211822509766,47.6515304883342,45.699677568390065,46.8632812988213,15558200
2022-03-23,46.74128341674805,47.31369924334696,46.61929151548878,46.9289588590797,11371700
2022-03-24,48.28024673461914,48.74005659684309,46.97588303203321,47.05095249579887,18021600
2022-03-25,48.73067855834961,48.78698334590442,47.78290098941731,47.961197693500836,11525800
2022-03-28,47.172943115234375,47.97057449185311,45.934266569599835,47.97057449185311,14166900
2022-03-29,47.00403594970703,47.00403594970703,44.7049757862571,46.00933955311827,15729400
2022-03-30,47.651519775390625,48.26147568931398,47.06033570092532,47.49199493679255,11190300
2022-03-31,46.675601959228516,48.111340029408005,46.675601959228516,47.46385108357177,10964400
2022-04-01,47.82042694091797,48.65559475007738,46.76004719069586,46.80696604677732,16632900
2022-04-04,47.764129638671875,48.58991159611564,47.45445871987079,48.58991159611564,12298500
2022-04-05,46.06564712524414,48.38347569069861,45.877968075708374,47.848592726313754,13805900
2022-04-06,45.09909439086914,46.00933166349369,44.517289114304155,45.89672569176598,13635800
2022-04-07,45.49321746826172,45.91549434042738,44.55482600997329,45.52136806651299,11154300
2022-04-08,45.95302963256836,46.30961579984066,45.258618396892125,45.89672485788783,9620300
2022-04-11,44.78004455566406,45.868578577518655,44.67682091554068,45.718436077251795,9370600
2022-04-12,45.04279327392578,46.281469802584375,44.90203311307293,45.643363278162724,11646600
2022-04-13,46.530094146728516,46.55833298986735,45.296946526755875,45.645242349671484,11976500
2022-04-14,46.304176330566406,47.46201567352793,46.25711039127223,46.784258247709595,12110200
2022-04-18,47.79148483276367,48.328044445216975,46.520682915715575,46.75601620506881,14267000
2022-04-19,47.66911697387695,47.93268914456647,46.80309207538196,47.132557288743854,10278500
2022-04-20,46.97252655029297,47.55615210938252,46.012366287396645,46.8878064214815,13101800
2022-04-21,42.31292724609375,45.927646808354666,41.87049950149662,45.64524757195482,31430900
2022-04-22,39.45127868652344,41.98346398537914,38.71703985738421,41.87050499418116,32547600
2022-04-25,39.20653533935547,39.6113089658422,37.23914850046708,37.67216097827557,31955300
2022-04-26,37.82276916503906,39.37597041843082,37.72863727915525,39.05591697916409,18707700
2022-04-27,39.24418258666992,40.39261032085939,39.08415765500165,39.63012908228912,22816500
2022-04-28,39.3853874206543,39.96901309091288,38.161654786537234,39.43245336987,15184900
2022-04-29,38.17106246948242,40.94799626789956,38.01103754103363,39.98783592450272,17202000
2022-05-02,37.82276916503906,38.26519692867576,36.730822770641026,37.596847611656145,21723800
2022-05-03,37.794532775878906,38.49111739489296,37.4838910686337,37.97338480705246,16184300
2022-05-04,38.87705612182617,38.98060333686426,36.93791224347936,37.91689593361042,17667500
2022-05-05,37.3144416809082,38.66996357665906,36.58961479851934,38.604066959259505,22061300
2022-05-06,35.65770721435547,36.90967866434746,35.394131442592695,36.872024469681115,22379500
2022-05-09,33.436161041259766,34.78226801977072,33.27613250440302,33.98213251729051,30392800
2022-05-10,33.953895568847656,34.48104356740622,32.937257360579956,34.48104356740622,26543200
2022-05-11,33.803279876708984,35.60122640082171,33.71855973302193,35.0646666877709,22542800
2022-05-12,32.32538604736328,33.43615964175242,31.468772877883683,32.29714719711831,27193400
2022-05-13,32.98431396484375,33.6997255685888,32.56071333523769,32.73015358708012,18988000
2022-05-16,33.087867736816406,34.010373962364724,32.89018500991904,33.09727949004883,17882500
2022-05-17,35.43178176879883,35.60122203539616,34.41514376011609,34.91404921681865,22673600
2022-05-18,33.26671600341797,35.394127491986985,33.05962154677009,34.979942169592476,18276000
2022-05-19,34.56575393676758,35.384712760435164,33.53970067388943,33.53970067388943,18860200
2022-05-20,34.17981719970703,35.30000265799607,33.41733584956961,35.121150603920256,21630900
2022-05-23,36.100128173828125,36.37311567415695,34.89522278051651,35.394128246640605,19211900
2022-05-24,35.28116989135742,35.71418232591895,34.55634285564284,35.69535522995088,15922900
2022-05-25,35.61063766479492,35.82714387587639,34.76343632499677,34.89522240209842,12859800
2022-05-26,36.231929779052734,36.439020717436286,34.810514113157105,35.42238235464635,10011800
2022-05-27,37.323856353759766,37.37092228743009,36.42958925042128,36.79670856031063,11914400
2022-05-31,36.78730392456055,38.594661981526244,36.420180952769456,37.70039470523746,16890100
2022-06-01,37.3144416809082,37.634495062860424,36.57078770653385,37.01321539094149,12817600
2022-06-02,39.272422790527344,39.790155339432225,38.839406783516665,39.32890048512348,19239100
2022-06-03,38.90530776977539,39.47951807759288,38.59466605109719,38.62290490155825,13459900
2022-06-06,40.27022933959961,40.449084928866625,39.23476435385717,39.3947892590952,15137400
2022-06-07,40.84445571899414,41.06096197044391,39.67720431196912,39.771336215763995,12694800
2022-06-08,39.724266052246094,40.60911806317133,39.57365286760134,40.41143893161914,12373400
2022-06-09,38.142822265625,39.79015539027343,38.12399517043515,39.70543525736975,13547900
2022-06-10,37.85100555419922,38.02986115302355,36.67433910256979,36.9002606412791,23307200
2022-06-13,34.989349365234375,36.26015119612593,34.170390579260335,35.94950955160774,30274600
2022-06-14,34.659889221191406,35.44119752527011,34.311596931746124,35.28116900899441,16368800
2022-06-15,34.735198974609375,35.365890539611556,33.78445036441917,35.29999749822033,17094500
2022-06-16,32.82428741455078,33.9162337741325,32.47599513880433,33.39850123647672,20474600
2022-06-17,31.83589744567871,32.9466712197895,31.45936262394881,32.513658688431654,30089700
2022-06-21,32.033565521240234,32.730153623012825,31.920606550188257,32.24065996058632,13634400
2022-06-22,29.482561111450195,30.358001440255286,29.34136146384152,30.358001440255286,31329200
2022-06-23,27.835222244262695,29.058956473071603,27.176290086089203,28.67300821192568,41337600
2022-06-24,29.17191505432129,29.17191505432129,27.439861858204228,28.01407567297309,35347200
2022-06-27,29.20015525817871,29.75554197009617,28.91775423093479,29.727301328736623,17053700
2022-06-28,28.97423553466797,30.405060584362886,28.880101858851724,29.689648957240692,22635000
2022-06-29,28.512981414794922,29.463726297608304,28.230580398076192,29.44490099952076,15424300
2022-06-30,27.54340934753418,28.296475181153816,27.28924895539359,27.97642175300283,21029200
2022-07-01,27.486934661865234,27.552827709389597,26.282027322081113,27.195120029327505,22967500
2022-07-05,25.660743713378906,26.329089435697846,25.048877481359305,26.206716907474174,35842200
2022-07-06,25.77370262145996,25.971383530127383,24.672342688743246,25.528957565701244,35581200
2022-07-07,27.505756378173828,27.806984520433538,27.091571049036702,27.590476512645207,24755700
2022-07-08,26.357328414916992,27.505754220919048,26.347914867886175,27.49634067388823,17509200
2022-07-11,25.331279754638672,25.707812727369756,25.18066656554624,25.463065846231842,22219500
2022-07-12,24.757064819335938,25.51954607728437,24.493492647112465,24.804132561126387,25721900
2022-07-13,24.888851165771484,25.368931329718492,23.881624894440773,24.248744280508802,26774600
2022-07-14,23.752805709838867,24.046283471492995,23.478260657614708,23.951612701564155,31890900
2022-07-15,24.443897247314453,24.73737498479626,23.55399497239185,24.036814234136198,29197400
2022-07-18,25.9586238861084,26.621317411804046,25.5704753885621,25.598877158758633,29351200
2022-07-19,26.98106575012207,27.08520377469923,25.807152930659772,25.84502015415484,22850400
2022-07-20,27.047338485717773,27.681630366801063,26.715991657266212,27.000003998379672,25186600
2022-07-21,27.369216918945312,27.50175492254378,25.930226173009558,26.971601102455033,27566100
2022-07-22,26.280508041381836,28.353790684443616,26.21423903822786,28.050843832504867,20926700
2022-07-25,26.78226089477539,27.094673187667915,26.48878131228935,27.01893692895745,16260800
2022-07-26,26.441442489624023,27.151470475679687,26.299437253551798,26.71598570527105,14626600
2022-07-27,27.72896385192871,27.84256733231436,26.28050593430097,26.488780185471168,17466300
2022-07-28,28.240182876586914,28.770336660343247,27.615358322878976,28.344320904103153,18827100
2022-07-29,29.868513107299805,30.03892013121331,28.183380994587914,28.448456982280263,26279200
2022-08-01,28.382190704345703,29.36676391208063,28.107647432835524,29.20582413026607,17320500
2022-08-02,27.766834259033203,28.39165888984635,27.000004358616156,28.050844798241005,17031900
2022-08-03,27.16094207763672,28.02244269409289,26.981067786796853,28.02244269409289,17600000
2022-08-04,27.22721290588379,27.870972048364393,27.00947137407269,27.284014652074738,12475300
2022-08-05,28.656736373901367,28.874477905064573,26.981069517847224,27.094674815586043,17881000
2022-08-08,28.988082885742188,29.972654297364947,28.78927406829749,29.29102793547227,15915700
2022-08-09,28.448457717895508,29.11115131565167,28.1644472078256,29.054349574776648,12976800
2022-08-10,29.72650909423828,29.906383383161543,28.95967926037883,29.30995877461934,17104900
2022-08-11,29.982118606567383,31.080297012354514,29.85904786935649,30.379734396648743,14663700
2022-08-12,29.934785842895508,30.00105484409778,29.404630221887615,29.575037256804805,10878800
2022-08-15,28.874475479125977,29.111151507643402,28.17391465139777,28.618864934960403,16050600
2022-08-16,29.717041015625,29.7927772711282,29.092216456299912,29.300492513204784,11931700
2022-08-17,28.637802124023438,29.0638197374026,28.41059333211954,29.05435247869473,12467000
2022-08-18,29.565567016601562,29.726506777157706,28.921807974376982,29.063815026281272,12556200
2022-08-19,28.827138900756836,29.36675991764973,28.43899038665161,29.253154637711646,13799000
2022-08-22,28.268585205078125,28.31591968813721,27.7289641531475,28.306452430386436,14027500
2022-08-23,30.095727920532227,30.332403974745805,28.770340572380192,28.85554409635268,18021900
2022-08-24,29.650774002075195,29.96318630264515,29.253158182650264,29.4140979620769,10531400
2022-08-25,31.458980560302734,31.47791507792693,30.199864029413455,30.199864029413455,18058800
2022-08-26,30.474403381347656,32.0838010579114,30.332399934567903,32.01753206046962,15736100
2022-08-29,29.82118034362793,30.322932381066494,29.45196630767203,29.792778569440998,12645500
2022-08-30,28.173912048339844,29.5371663522403,27.86149979178918,29.480362810544083,19734800
2022-08-31,28.022443771362305,28.315921558239666,27.558558945106185,28.117114549427715,19624100
2022-09-01,26.592920303344727,27.018937902500586,26.110100959533053,26.97160161054165,19731900
2022-09-02,26.791728973388672,27.577493411669824,26.649723700098345,27.34081735428761,13699900
2022-09-06,26.621320724487305,27.378683300359636,26.365710177994835,27.047336496279936,14929200
2022-09-07,26.867462158203125,26.96213293143761,25.845021779799293,26.166901325379648,13627400
2022-09-08,28.988082885742188,29.00701559707912,26.933734735853285,27.056805485170532,21393900
2022-09-09,30.455467224121094,30.559605246311886,29.470895961780126,29.63183572075923,17883000
2022-09-12,30.455467224121094,31.032957266168708,30.19985850572635,30.909888341206237,12635900
2022-09-13,29.395160675048828,30.019985217299713,29.016479407880823,29.111150176096505,17693700
2022-09-14,28.429527282714844,29.063819157935825,27.956175190928885,28.89341211598169,20529700
2022-09-15,28.19285011291504,29.215290518185366,27.927772302032043,28.259119114212073,13837400
2022-09-16,27.766834259033203,28.06031205697393,27.160944145685903,27.710032512330635,27657400
2022-09-19,28.865007400512695,28.988079943031224,26.962131968658316,26.962131968658316,18022100
2022-09-20,28.13604736328125,28.34432343692508,27.795235088973463,28.32538892010384,14182100
2022-09-21,26.602386474609375,28.382189448549354,26.583451958599575,28.33485496421969,18878100
2022-09-22,26.839061737060547,27.501753527123224,26.64972019378848,27.22721027564298,16103400
2022-09-23,25.25806427001953,25.797685288051106,24.64270700043431,25.65568004209985,26058200
2022-09-26,25.087657928466797,25.807153240457133,24.727911175318987,24.784712914090804,17105500
2022-09-27,25.437942504882812,25.873425567690486,25.002457636380186,25.65568403628665,15322300
2022-09-28,26.375179290771484,26.498250040870285,25.381138808625284,25.532611334452238,14899300
2022-09-29,26.66865348815918,26.697055260057972,25.419004415727432,26.488779210856215,17580400
2022-09-30,25.873428344726562,26.9053361721123,25.835561111837393,26.365715012151806,16108400
2022-10-03,27.776294708251953,27.899365430218534,26.40357322532299,26.555045716525488,16515200
2022-10-04,29.139554977416992,29.338361986211282,28.353790589225216,28.448459561587313,17325900
2022-10-05,28.88394546508789,29.130088774678043,28.012977525651564,28.401126104625856,13118100
2022-10-06,28.230716705322266,28.476859994389972,27.672161127379162,28.11711322156475,18258700
2022-10-07,27.40708351135254,28.259116812050117,27.227209232703647,27.833099258853974,12667300
2022-10-10,27.7005615234375,28.505260350425424,27.568023530414102,27.75736326249114,11617700
2022-10-11,27.624828338623047,28.26858747173588,26.72545864282807,27.14200898878842,13833900
2022-10-12,27.30294418334961,27.426014911904176,26.611850679532107,27.359745919167516,15818400
2022-10-13,27.940553665161133,28.368796748012546,26.17047717366279,26.35129188782783,16285500
2022-10-14,26.303707122802734,28.04523328383235,26.23709165565365,28.00716808051945,13972100
2022-10-17,27.426660537719727,27.950071184589962,27.10309812042117,27.16019865180477,13874400
2022-10-18,27.112613677978516,28.140399600720883,26.484522381587926,28.035717112943992,14492100
2022-10-19,26.988901138305664,27.341012012036455,26.52259101503742,26.741470943587426,12703600
2022-10-20,27.712156295776367,29.120603323596242,26.798567808044982,26.988899272403504,26954400
2022-10-21,30.48147201538086,30.57663957967253,27.398115537758393,27.731192937100783,27259400
2022-10-24,29.54884910583496,30.253074499469786,29.14915444613152,29.615466395065145,19179500
2022-10-25,30.13887596130371,30.462436583837377,29.073022905134046,29.082539660963796,15134000
2022-10-26,31.72813606262207,32.13734746415613,30.77648231584909,30.919231829973416,19799800
2022-10-27,31.15714454650879,31.73765026919506,30.82406356467442,31.69958687920985,14606700
2022-10-28,30.643251419067383,30.843097834930703,29.929511107894715,30.614699338036232,13156900
2022-10-31,30.157907485961914,30.8050305035281,29.872410275286533,30.20548944684008,13138500
2022-11-01,31.309412002563477,32.10880135331786,31.109561942171474,32.06121575829473,16684600
2022-11-02,29.510784149169922,31.775719363300404,29.463200370744264,31.090527475055296,20061600
2022-11-03,30.034194946289062,30.13887745045307,28.81607918206351,29.073024341620048,15062200
2022-11-04,33.488685607910156,34.040646384557085,32.47041664573602,33.02237742238295,30363400
2022-11-07,32.78446578979492,33.52675440313654,32.47041837321487,33.27932607544608,12396400
2022-11-08,33.745643615722656,34.45938398135269,32.6702774119687,33.11755223917908,18453300
2022-11-09,32.3847770690918,34.031137677809745,32.042181126418264,33.2031999031961,14161900
2022-11-10,34.97328186035156,35.17312831400267,33.983560903786625,34.135825387083415,21126200
2022-11-11,36.20091247558594,37.361927676750994,35.91541705334113,35.91541705334113,22053500
2022-11-14,36.05815887451172,36.6767352446982,35.477649524395055,35.66798099447326,14006700
2022-11-15,36.24849319458008,36.58157057070159,35.75363278557732,36.400757656560074,15132100
2022-11-16,35.572818756103516,35.858314159580836,35.19215579795308,35.53475173423427,12620100
2022-11-17,34.60212707519531,34.659223970459706,33.60289147509239,34.06919972768083,13618400
2022-11-18,34.58309555053711,34.897139383317985,34.09775376159547,34.68777803822099,9136200
2022-11-21,34.38325500488281,34.602134957219626,33.44111608543435,34.27857249935838,10425300
2022-11-22,36.02960968017578,36.05815812950287,35.03037402074924,35.201671977253305,11848000
2022-11-23,36.20091247558594,36.343658371572715,35.306355554208615,35.3539411498088,8632400
2022-11-25,35.35394287109375,36.20091423810757,35.296842331756224,36.04864976347892,5219800
2022-11-28,34.44034957885742,35.106507962276346,34.37373410354264,34.76391201478826,10420000
2022-11-29,35.696537017822266,35.84880150013533,35.125546116716166,35.27781059902923,8912700
2022-11-30,37.875816345214844,37.875816345214844,35.95347544516116,36.47688788176967,23334200
2022-12-01,37.65694046020508,38.151800870321466,36.83851761386918,37.961469384850375,12098000
2022-12-02,38.27552032470703,38.34213580607575,36.58157394487987,36.819487415560005,15008700
2022-12-05,36.98126220703125,38.637137560326906,36.838512704384435,38.35164218530393,12200500
2022-12-06,36.60060501098633,37.93292180982264,36.35317661534193,37.171599480603845,14971800
2022-12-07,36.686256408691406,37.29531431205646,36.40076097027297,36.49592490632196,12273600
2022-12-08,37.932918548583984,38.11373145176851,37.38095763843504,37.75210201512854,12677600
2022-12-09,36.72431182861328,38.59907054449265,36.67672987562691,38.13275869257752,10601800
2022-12-12,37.000301361083984,37.05739826663728,36.039128974529895,36.267527487556684,9557200
2022-12-13,37.36192321777344,39.170066726648855,36.895614930822006,39.103451257084366,12513200
2022-12-14,37.523712158203125,37.9614720644977,36.9812697459965,37.14304916039047,11163700
2022-12-15,36.30560302734375,37.028858499412735,35.915425016700205,36.55303148007807,11046700
2022-12-16,36.50544357299805,37.162083446094755,36.02009805918057,36.324627011654826,29060700
2022-12-19,35.55378723144531,36.85755194600055,35.29684026487962,36.68625396829008,9245700
2022-12-20,35.97250747680664,36.53398327915206,35.82976160654495,35.82976160654495,7608100
2022-12-21,36.591087341308594,36.971746662394445,36.28655843233154,36.51495329892885,7266700
2022-12-22,35.848793029785156,36.20090751153223,35.06843728852913,36.20090751153223,11351300
2022-12-23,36.25800323486328,36.27703674382225,35.51571453681661,36.03912332724107,6598000
2022-12-27,37.000301361083984,37.361927197158856,36.55302290613676,36.80045130083384,10559300
2022-12-28,36.048648834228516,37.095466616532015,35.763153405443134,37.009817624869264,8305500
2022-12-29,36.457855224609375,36.705283593842154,36.21994179523251,36.286557265036365,6455800
2022-12-30,36.162845611572266,36.36269204500269,35.64895167109008,36.162845611572266,6820100
2023-01-03,36.08670425415039,37.181107391284506,35.77266044097059,36.115256331908945,8576100
2023-01-04,37.114505767822266,37.25725531903803,35.89638981712946,36.16285177377554,10415600
2023-01-05,37.913883209228516,38.323094586937515,36.79093156299509,37.01933004624203,12341000
2023-01-06,40.23591613769531,40.540445022671065,38.580040779423506,38.74182016132345,16483800
2023-01-09,40.759334564208984,42.04406575999372,40.759334564208984,41.111445458637114,17009500
2023-01-10,42.54843521118164,42.6531176969471,40.9306232272398,41.149506768533406,16052500
2023-01-11,43.12894821166992,43.17653017372483,42.09164546568062,42.843452809069504,18910300
2023-01-12,43.06211471557617,43.778225294941585,42.240977644124975,43.472685072465154,12834900
2023-01-13,43.014373779296875,43.377204151267094,42.470130042504884,42.737476820626796,11109600
2023-01-17,42.15503692626953,43.148040656133674,42.05000681005166,42.661087149145324,12644000
2023-01-18,41.93543243408203,44.284277827220706,41.90678917737082,43.23398015911437,19797400
2023-01-19,42.145484924316406,42.460575259341965,41.037900947032036,41.12383434364574,13731200
2023-01-20,43.35810470581055,43.386747961000395,41.410283221718984,41.868593516388806,12365100
2023-01-23,42.918888092041016,43.49177500926283,42.13594093875231,43.19578501370624,11735800
2023-01-24,42.575157165527344,43.44403777534111,40.770559256093094,40.770559256093094,9720800
2023-01-25,44.53252410888672,44.61845751406196,41.98317249256508,42.23142252844559,18821700
2023-01-26,43.396305084228516,44.379762521245716,42.260073882218244,44.179252418182855,15945700
2023-01-27,42.79476547241211,43.48223275464413,42.66109208805067,42.95708575508425,10871300
2023-01-30,41.99272537231445,42.98573295046948,41.96408211370531,42.365102303540866,8850300
2023-01-31,42.603797912597656,42.823404686510514,41.46757061044167,41.72537081694621,10931900
2023-02-01,42.78521728515625,43.27217082974751,41.22886942224555,42.269616843358634,13159900
2023-02-02,41.73491287231445,42.909333480949414,40.885129121195924,42.67063001637339,14696200
2023-02-03,41.20977783203125,42.7565757075438,41.01881427697772,41.419838106822816,13162800
2023-02-06,41.009254455566406,41.152474343723156,40.25495066070021,40.76100082170695,11026500
2023-02-07,41.71581268310547,41.868582742015214,40.42681553869984,41.07608919964763,12585600
2023-02-08,41.07610321044922,41.62989349701938,40.95197635701944,41.3339034557295,6826000
2023-02-09,40.999717712402344,42.088208887628774,40.65598768279738,41.98317874983551,9417800
2023-02-10,40.44591522216797,40.79919532640968,39.92076833373823,40.770552076486936,8030400
2023-02-13,40.207218170166016,40.570048510445076,39.443367697730906,39.91122451857963,8600600
2023-02-14,41.037906646728516,41.20022692613259,39.6629757522731,40.07354607730364,9376200
2023-02-15,40.3981819152832,40.47456514177275,39.462464626246444,39.853938223112095,10787200
2023-02-16,40.827850341796875,41.505771138041474,40.05445323240473,40.417283619395626,11010300
2023-02-17,39.853939056396484,40.22631594384398,39.338338608087746,40.21676576387912,11621300
2023-02-21,40.732357025146484,41.477110632064885,40.47455685913805,40.56049024780752,15233000
2023-02-22,39.901676177978516,40.56049649774457,39.58658582352984,40.1308294881901,9818800
2023-02-23,38.75590133666992,39.96851558287796,38.13527076483087,39.84438874004486,12760600
2023-02-24,38.087528228759766,38.13526819822826,37.24729092527473,37.58147799620658,11207300
2023-02-27,38.297584533691406,38.77499146401949,38.011141103959716,38.32622778396683,8130300
2023-02-28,39.11872863769531,39.491105494858175,38.31668477521909,38.67951145319378,11700900
2023-03-01,41.05699920654297,41.429376058434784,40.41727561838546,40.675072175598174,14042800
2023-03-02,40.885135650634766,41.01880902937312,39.97806161191914,39.97806161191914,9786500
2023-03-03,41.7540168762207,41.897240436901455,40.80875303117239,41.228869890935364,10232200
2023-03-06,40.799198150634766,41.07609506014141,40.675071321834196,41.07609506014141,8697800
2023-03-07,38.32623291015625,40.398181158915676,38.17346281771107,40.28360085783706,16238900
2023-03-08,38.70816421508789,39.567494713629614,38.33578730148714,38.33578730148714,9938600
2023-03-09,37.40006637573242,39.051897966341315,37.11362287552238,38.67951740950887,11896900
2023-03-10,36.168357849121094,37.72470215462137,36.0442310006581,37.38097215032838,18172000
2023-03-13,35.910552978515625,36.588470003878165,34.66929558109767,35.40450275427685,18949400
2023-03-14,36.32112503051758,37.22819904890243,35.89145800682724,37.08497549356355,17198000
2023-03-15,33.90544128417969,34.75522874726094,33.351651094991695,34.60245866310637,26465400
2023-03-16,34.468772888183594,34.50696631009246,33.30390265856476,33.59034603823086,25292000
2023-03-17,34.59291076660156,34.84116444618721,33.87680026693939,34.59291076660156,18290700
2023-03-20,35.757789611816406,35.92010626430513,35.08941899768093,35.30902580875046,11952500
2023-03-21,36.53117752075195,36.69349777469279,35.958290648512815,36.244734084632384,11516000
2023-03-22,36.13015365600586,37.6005677544209,36.07286351784957,36.617107082194984,12672800
2023-03-23,36.08242416381836,37.49554853406113,35.700497083287196,36.52163775680059,15292600
2023-03-24,36.29248046875,36.48344400737776,35.089416367350246,35.68140005900241,13894800
2023-03-27,36.26382827758789,36.63620508288109,35.70048798071915,36.588465120568614,12486000
2023-03-28,36.63621139526367,36.87491489028006,36.37841118356682,36.63621139526367,6945900
2023-03-29,37.657859802246094,38.011143576140455,37.14226305212584,37.23774298747098,11948800
2023-03-30,38.383522033691406,39.2905960268324,38.22120176600296,38.56493537538912,12550600
2023-03-31,39.06144714355469,39.24286052273392,38.412173223307896,38.44081648256594,11181300
2023-04-03,39.33833694458008,39.4815568570585,38.641323172004775,39.27150025695822,10302400
2023-04-04,38.44081497192383,38.95641547226845,37.91566793297734,38.918222033207336,12783000
2023-04-05,38.49809646606445,38.58402986344823,37.78198603530831,38.068429479145564,10516000
2023-04-06,38.469459533691406,38.63177617634313,37.76289552332249,38.4121693785826,8095600
2023-04-10,38.31668472290039,38.55538820971231,37.7437941691561,38.19255788990687,9373900
2023-04-11,39.2714958190918,39.63432247023037,38.96595566954043,39.16646570974741,11684300
2023-04-12,39.26194763183594,39.777548026225496,39.02324415024737,39.414717714359575,9918400
2023-04-13,41.15939712524414,41.456470754938366,39.87526214390455,39.98067678243899,17383700
2023-04-14,41.360652923583984,41.64814514706103,40.62275390140701,41.33190479793487,11637600
2023-04-17,40.364009857177734,41.25523831010338,40.00943623627395,41.07316075464727,12149100
2023-04-18,41.16899871826172,41.226498637087474,40.63234743187218,40.65151041581805,14166400
2023-04-19,40.14360046386719,40.66108867868939,40.09568570079004,40.34484466218846,11655000
2023-04-20,39.63570022583008,40.0477737979155,39.35778946220738,39.47278563293795,11494200
2023-04-21,38.006561279296875,39.00320421118266,37.259080908213164,38.13114255969791,22431500
2023-04-24,37.88197708129883,37.901143711858296,36.847004620714614,37.556151673109895,12908000
2023-04-25,36.17619705200195,36.68410010570167,35.55329418354375,36.597852072463795,20736100
2023-04-26,35.72578811645508,36.46368709994204,35.52454393613912,36.406190851658494,10484500
2023-04-27,35.90787124633789,35.92703788201574,35.15080558754172,35.63954200250998,10761200
2023-04-28,36.32952880859375,36.34869544561393,35.37121889155814,35.48621505801699,9463200
2023-05-01,36.061195373535156,37.23991587693494,35.792866169163304,37.23991587693494,9629300
2023-05-02,35.074134826660156,35.62995622748633,34.72914639293461,35.505374938394,10714600
2023-05-03,34.815399169921875,35.534131569079676,34.76748075211507,35.16997279658769,12554000
2023-05-04,33.75166702270508,34.81539131847719,33.31084180566517,34.67164340879834,19129300
2023-05-05,34.949562072753906,35.18913953987032,34.269159287840154,34.41290723037481,13540300
2023-05-08,35.035804748535156,35.85994803860959,34.93039009422082,35.6491223856424,9274700
2023-05-09,35.13164520263672,35.38080419945626,34.652490192423095,34.78665301037689,11133300
2023-05-10,34.729148864746094,35.45746270644127,34.02957949166367,35.409547947429786,11944500
2023-05-11,33.10002517700195,33.502513584584335,32.86044769944229,33.31085087140416,17097700
2023-05-12,33.5312614440918,33.5312614440918,32.937106737191876,33.2533507252833,10943100
2023-05-15,34.62372970581055,34.738725843638804,33.50250548108577,33.761249532945335,13039800
2023-05-16,33.78041458129883,34.78663896535422,33.70374805590052,34.45123205588947,12940400
2023-05-17,34.326656341552734,34.997473924829244,33.93374947438048,34.815396380999765,14459700
2023-05-18,34.1924934387207,34.36498949256176,33.37793158331926,33.65583864280833,9791600
2023-05-19,34.24040603637695,34.729146043308894,33.95291385000248,34.527898222751425,8720600
2023-05-22,34.13499450683594,34.53748652913822,34.11582787190137,34.23082768150878,6280800
2023-05-23,33.23419189453125,33.77084682352147,33.07127728965493,33.75168018437939,11101800
2023-05-24,31.825471878051758,32.707118914045154,31.67214243557407,32.67836713031278,17677500
2023-05-25,32.227962493896484,32.33337716627594,31.681726151259436,32.00755165876768,12397000
2023-05-26,33.32042694091797,33.66541899953115,33.03293477729405,33.41625644357221,14099700
2023-05-30,32.80293655395508,33.29167648795674,32.429196401872005,33.272509857636976,13296500
2023-05-31,32.908363342285156,32.985026236206366,31.921305278202492,32.32379369652899,16890300
2023-06-01,33.99124526977539,34.39373357770203,33.23417975077666,33.40667578436273,14008700
2023-06-02,35.6395378112793,35.99411504612805,35.0933015535152,35.7353709783985,20451100
2023-06-05,35.49578857421875,35.888695365241574,34.75788974119325,35.888695365241574,10166900
2023-06-06,36.16660690307617,36.23368828446061,35.3807896463449,35.3807896463449,8924700
2023-06-07,36.003700256347656,36.71285114368139,35.96536698553785,36.21452959013967,15290200
2023-06-08,36.2624397277832,36.482850523346904,35.850366258267144,36.30077299370596,9407100
2023-06-09,36.31035614013672,36.463685555166705,35.984530676240304,36.2241081157035,9268800
2023-06-12,36.24327850341797,36.597852126963026,35.342468553773614,35.90787151569454,10721100
2023-06-13,38.1599006652832,38.44739290972386,37.53699775594326,37.6040828134529,17147800
2023-06-14,38.38988494873047,39.05111727489311,37.87239687312782,38.90736936867201,10557700
2023-06-15,38.409053802490234,38.821123602469,38.217391134991836,38.34196876155367,12694600
2023-06-16,38.22697830200195,38.4761409034618,37.92990459612689,38.13114878184778,16144200
2023-06-20,37.757415771484375,38.006574765033385,36.97160185750185,37.901160079264066,11959300
2023-06-21,38.11197280883789,38.37071683665331,37.287825977054176,37.3453258684557,10526700
2023-06-22,38.064064025878906,38.11197878172553,37.51782776677195,37.84365322445518,10897100
2023-06-23,36.77034378051758,36.942839826547214,36.319940687583795,36.87575843705364,12456600
2023-06-26,37.63282012939453,37.92031229123949,36.83742137077358,36.83742137077358,9130600
2023-06-27,38.72529220581055,38.82112170705027,37.80531583352914,37.920311966149036,12084700
2023-06-28,37.58491134643555,38.09281436819978,37.14408606223646,38.09281436819978,14802000
2023-06-29,37.7094841003418,37.75740250843195,36.9907518469249,37.30699579314575,10597100
2023-06-30,38.332393646240234,38.41864167817075,37.79573881915457,38.24614561430972,12637600
2023-07-03,39.060699462890625,39.58777269137589,38.60071127266263,38.72529254991016,6915700
2023-07-05,37.546573638916016,38.53363144171432,37.16324830379326,38.50488332106158,13610800
2023-07-06,36.32952880859375,37.00034648165113,35.649129644857396,36.69368760065271,17541100
2023-07-07,37.029090881347656,37.508245791625264,36.233695631230994,36.454106451279266,11158400
2023-07-10,37.35491943359375,37.38366756075899,36.62660551866469,36.64577215532889,9122300
2023-07-11,38.054481506347656,38.16948131510621,37.33574915208475,37.699907901829924,11554100
2023-07-12,39.02238082885742,39.34820634551798,38.7253034397762,38.90738100721566,11778100
2023-07-13,40.474769592285156,40.62866590114954,39.618717475725994,39.618717475725994,16155700
2023-07-14,39.51292419433594,40.48439413923208,39.349407271425825,40.48439413923208,13132300
2023-07-17,38.91657257080078,38.98390198912017,38.31060780592627,38.53183356171542,8037400
2023-07-18,38.86848068237305,39.31093219428217,38.5318335905244,38.67610934309749,8934200
2023-07-19,39.11856460571289,39.18589769971666,38.243278413805434,38.589546123866135,15002500
2023-07-20,40.292015075683594,40.8883628120023,39.734142333753816,40.15735626449977,17041800
2023-07-21,39.06085205078125,40.705619847916715,38.95504763064187,40.705619847916715,11550700
2023-07-24,40.49401092529297,40.99417493909414,39.12818138963363,39.16665639127483,16669400
2023-07-25,42.02334976196289,42.56198867971743,41.244251300506036,41.34043511798696,19515400
2023-07-26,41.75403594970703,42.27343741754987,41.26349256508509,41.58090212709275,12767000
2023-07-27,41.638614654541016,42.64855950773792,41.532810244069175,42.02335362904672,13403200
2023-07-28,41.96564483642578,42.20610807163697,41.36929337129404,42.20610807163697,9641100
2023-07-31,42.94674301147461,42.99483493334307,42.35039143893471,42.40810394668392,10282600
2023-08-01,42.0810661315918,42.408096278010134,41.75403598517346,42.013736719315474,9046100
2023-08-02,40.94607925415039,41.60975646009399,40.59019469465986,41.32120131269146,10714400
2023-08-03,41.40776062011719,41.744411287915746,40.55171225004225,40.90759674418167,8557900
2023-08-04,40.888370513916016,41.51357644838167,40.65752784245475,41.26349627610227,8161900
2023-08-07,40.6767692565918,41.071128888357535,40.5132523184956,41.071128888357535,6637300
2023-08-08,41.06150436401367,41.13845436730849,39.15703581260417,39.580253492369465,10580500
2023-08-09,40.81142044067383,41.71556088121954,40.763328527623756,41.32120132352454,8842900
2023-08-10,40.763328552246094,41.38853076063017,40.59019472981905,40.955699873740336,9092400
2023-08-11,39.8399543762207,40.35935594041142,39.49369033593868,40.08041765565954,8627800
2023-08-14,39.637962341308594,39.65719984213989,38.42602914236166,39.10894391057126,12482600
2023-08-15,38.329837799072266,38.916568673536275,38.089374566533095,38.849239261959525,11486800
2023-08-16,37.521881103515625,38.560684026868856,37.50264727383374,38.08937447775243,9967700
2023-08-17,38.108619689941406,38.81077202913613,38.07976527040059,38.46450798711097,10921000
2023-08-18,37.358367919921875,37.79120247193249,37.05057527608716,37.57959365335447,12635600
2023-08-21,37.252559661865234,37.771961070615745,36.983242043628984,37.5603522739002,8988200
2023-08-22,37.40645980834961,38.12784950484134,37.1371421624629,38.03166567964687,7596600
2023-08-23,37.762351989746094,38.24327855118502,37.33913793658409,37.435321781200486,9647200
2023-08-24,36.93514633178711,37.66615279278487,36.838958857197284,37.33912271753343,8152600
2023-08-25,36.867828369140625,37.271804880184874,36.30033493516552,37.13714604317012,8446600
2023-08-28,37.473793029785156,37.68540186974056,36.96401209990507,37.18523785568658,8445700
2023-08-29,38.65687561035156,38.685733699021625,37.233333431636844,37.39685037017231,9229100
2023-08-30,38.65687561035156,39.00314332096458,38.34908290517965,38.56069176592727,6655900
2023-08-31,38.387550354003906,38.80114740813275,38.16632462003369,38.7241974123982,8605100
2023-09-01,39.90727996826172,40.22468952948093,39.320549089657185,39.35902041855986,10985300
2023-09-05,39.24360656738281,40.253551609681416,39.17627714250814,39.77262504961747,6392900
2023-09-06,38.86848068237305,38.92619318490915,38.17594532865226,38.59916300889412,7647800
2023-09-07,38.24327087402344,38.31060395475228,37.79120249206287,38.089374552024104,7450800
2023-09-08,37.791202545166016,38.2240370980154,37.67577755162102,38.03166577795148,6337000
2023-09-11,38.57992172241211,39.06084818882128,38.28174599233443,38.849239369464364,6583400
2023-09-12,38.53182601928711,39.01275243838825,38.28174222661517,38.33945471781117,8955000
2023-09-13,38.224037170410156,38.714580551783364,38.089374677685946,38.445262904690445,5233600
2023-09-14,39.128173828125,39.82070904712178,39.118553244984824,39.464820854483214,7455300
2023-09-15,38.83000564575195,39.41673657888447,38.695346809133625,39.118560819816665,11064400
2023-09-18,38.65687561035156,38.88772197381974,38.15671154715258,38.86848447109918,6683100
2023-09-19,37.33913040161133,38.935806116615,37.18523407977403,38.666488470694155,12864800
2023-09-20,37.21409225463867,38.08937836152221,37.1948547538175,37.55074301524194,7265000
2023-09-21,35.809783935546875,36.48308171647062,35.78092952195139,36.43498980408558,12882000
2023-09-22,35.73284149169922,36.52156068187165,35.684745904911196,36.41575626162298,7816000
2023-09-25,35.78092956542969,35.81940456305556,35.030681788436056,35.348095015082926,6611100
2023-09-26,35.174957275390625,35.87710939252208,34.963348481205664,35.174957275390625,11739900
2023-09-27,35.15572738647461,35.55008698059195,34.66518395737376,35.367336226452046,10358400
2023-09-28,35.905975341796875,36.05987167970413,35.511612077407776,35.617416497689916,10314500
2023-09-29,35.867496490478516,36.76202000517617,35.607795760162,36.52155677368062,10169400
2023-10-02,35.24229431152344,35.71360390904887,34.809459715669085,35.36733623236539,8687500
2023-10-03,34.953731536865234,35.37694545568741,34.63631834586562,34.72288524621303,11198100
2023-10-04,34.49205017089844,35.1557274393095,34.09769057618842,35.1557274393095,13597300
2023-10-05,34.0207405090332,34.65556335955265,33.693710333360876,34.43433760382992,13218400
2023-10-06,35.271148681640625,35.58856194124097,33.95341106415914,34.1265449022724,12692300
2023-10-09,35.425048828125,35.74245841980167,34.85755539410611,34.94412231350486,7766200
2023-10-10,35.867496490478516,36.38689795111155,35.61741267498362,35.73283766790944,11390300
2023-10-11,35.73284149169922,36.18490992024607,35.357715728314474,36.18490992024607,6235900
2023-10-12,34.83469009399414,35.73284015477074,34.400100760706565,35.70386876056929,11862200
2023-10-13,34.235923767089844,35.13407380562678,34.11037492190375,35.0664714314619,9435300
2023-10-16,34.62222671508789,35.105102979923444,34.31318620031742,34.57393982541504,10920500
2023-10-17,35.230648040771484,35.41413967536057,34.0041420182786,34.216608730789325,11333800
2023-10-18,34.39044189453125,34.998866908717055,34.25523715450171,34.68982276629585,12195000
2023-10-19,34.023460388183594,34.79606165716955,33.63716159571734,34.29386991131532,15584400
2023-10-20,32.719696044921875,33.92688668148426,32.56517579080403,33.666133061900375,16094400
2023-10-23,32.36235809326172,32.82592244125128,31.947087991777728,32.52653790068566,11470800
2023-10-24,33.24119186401367,33.39571576622356,32.25612777579384,32.478250359141654,12380500
2023-10-25,32.681053161621094,33.521256507226134,32.59413532007215,33.16392924043698,10861900
2023-10-26,32.555511474609375,32.990100777467184,32.275442403428464,32.5265400824365,10294400
2023-10-27,32.516876220703125,33.279821376077024,32.37201559483054,33.134960750204435,10565300
2023-10-30,32.87420654296875,33.23153383381231,32.63276848730779,32.91283751604707,11163100
2023-10-31,32.62310791015625,32.75831262776732,32.13057591256562,32.48790319254518,9175200
2023-11-01,32.555511474609375,32.82592464308363,32.14989724797737,32.71003170628627,9698600
2023-11-02,33.81098937988281,33.926882318607866,33.134965657584885,33.134965657584885,9225600
2023-11-03,33.946197509765625,34.75742965343959,33.87859513813054,34.42907369804649,9307300
2023-11-06,34.158660888671875,34.380783495543604,33.95585377162199,34.293865633371794,7805900
2023-11-07,32.893524169921875,33.50194545726036,32.57482414736615,33.47297406759261,12611900
2023-11-08,32.45893478393555,33.10598704445988,32.1595502502892,32.71968834213347,10634700
2023-11-09,32.10160827636719,33.04804509427714,31.95674395682832,32.86454979832089,9730500
2023-11-10,32.52654266357422,32.67140700404014,31.705654558409208,31.956748573289836,9922100
2023-11-13,32.285099029541016,32.76797516975664,32.23681215232997,32.45893473474285,8944500
2023-11-14,33.96550750732422,34.45804325622235,33.366742097263455,33.366742097263455,11724600
2023-11-15,34.767086029052734,35.13407296867202,34.081402716541355,34.2648943443245,14733400
2023-11-16,34.32284164428711,34.863660637806134,34.081403541022375,34.6608535152365,10034700
2023-11-17,34.767086029052734,34.99886822356307,34.25523844141086,34.670512263704346,8961500
2023-11-20,35.39482116699219,35.82940672894579,34.84434268340202,34.92160094710729,12322100
2023-11-21,35.73283767700195,36.24468525401883,35.58797334793348,35.70386628480943,11351800
2023-11-22,35.6265983581543,35.771462662952786,35.269271072784285,35.53968051208567,7624400
2023-11-24,35.578311920166016,35.94529879517693,35.34652976646113,35.481738171819515,3536700
2023-11-27,35.33687973022461,35.41413800491414,34.92160591211609,35.27893326116774,8251400
2023-11-28,35.9453010559082,36.21571051552731,35.21132725972407,35.452765329827585,11345400
2023-11-29,35.897010803222656,36.29297277828666,35.510712098167886,36.14810846135824,9792300
2023-11-30,36.0418815612793,36.18674590409676,35.665238690817816,35.99359467502457,10439000
2023-12-01,37.8961181640625,38.10858114411279,36.44748985584081,36.544063602768006,18671400
2023-12-04,36.32194519042969,37.2587261157491,36.2157118462323,36.78550585997514,15675100
2023-12-05,35.31755828857422,36.051532036721646,35.298242802143776,36.051532036721646,13057200
2023-12-06,35.008522033691406,35.906671997142055,34.96023515390377,35.607287447974244,9356900
2023-12-07,35.12440872192383,35.58796936539321,34.8057123913116,35.3175599110492,10691600
2023-12-08,36.84345245361328,37.0945464356392,35.62660246826878,35.781122691989204,19549100
2023-12-11,36.57304382324219,36.73722365353427,36.02256522788926,36.244687846711216,8606700
2023-12-12,36.13845443725586,36.47647000075993,35.8970163279186,36.40886762486976,13640500
2023-12-13,37.847835540771484,37.88646652126168,35.868043841312314,36.20605939452193,15442500
2023-12-14,40.53262710571289,40.870638952901515,38.91981877357028,38.91981877357028,29234600
2023-12-15,40.0787239074707,40.52296911962176,39.5475608334594,39.5475608334594,23084700
2023-12-18,39.93385314941406,40.98652322517055,39.92419724811826,40.14631981844547,12242000
2023-12-19,40.73543167114258,41.16036135023272,40.5615959651392,40.590567354788895,16499800
2023-12-20,39.92420196533203,40.899610209761214,39.87591508504297,40.33947576711303,10798700
2023-12-21,40.783721923828125,40.85132429464057,40.39742318833598,40.532627929960874,7032300
2023-12-22,40.92858123779297,41.372826387005915,40.65816810362002,41.07344186433504,6984600
2023-12-26,41.36317443847656,41.604612523172634,41.05413030073701,41.141048158589705,6701000
2023-12-27,41.72050476074219,41.9329677853376,41.314886833690814,41.56598452283049,7172600
2023-12-28,41.54666519165039,41.768787782860194,41.41146045648379,41.479062824067086,5426700
2023-12-29,41.11207962036133,41.45009148877158,40.82235463543068,40.95755938279478,6509700
2024-01-02,40.64851760864258,41.08310691417677,40.329817556566525,40.52296876836538,9620900
2024-01-03,39.95317077636719,40.26221121112155,39.19988517715999,39.56687207495052,13723000
2024-01-04,40.127010345458984,40.15598542179352,39.32543779189374,39.71173653050909,11897500
2024-01-05,39.99180221557617,40.532624824695425,39.69241767916242,39.83728199640676,8420600
2024-01-08,40.754756927490234,40.803043816497876,39.624824567633254,39.85660679254482,9226300
2024-01-09,40.27187728881836,40.48434031942819,40.04009508336298,40.20427491307162,9119800
2024-01-10,39.88557434082031,40.2235898993677,39.72139819722399,40.12701244661711,8167500
2024-01-11,39.76925277709961,40.312046753032426,39.35246527187076,40.312046753032426,8279700
2024-01-12,39.68202590942383,40.486524084059674,39.50755651486382,40.07942759759226,7622500
2024-01-16,37.7047119140625,39.07138636033926,37.53024252113507,39.07138636033926,16524400
2024-01-17,37.06499099731445,37.14253089339036,36.44465334129694,36.83236391412263,11757200
2024-01-18,37.03590774536133,37.22976301839737,36.65789199655603,37.21037712134559,10158600
2024-01-19,37.578704833984375,37.62716773182389,36.61912318784067,37.016524866096084,13539600
2024-01-22,36.32835006713867,37.0262277809576,36.318658964439145,36.919607163848276,19429000
2024-01-23,36.99713897705078,37.53024194586992,36.65789499460414,36.97775677589563,18432900
2024-01-24,38.499515533447266,39.730492392674364,38.451048937054864,39.40093950360977,27944600
2024-01-25,38.22810745239258,38.89690786798459,37.56900183274087,38.74182441027132,15599800
2024-01-26,38.373504638671875,38.91629865768732,38.19903526461268,38.46073932570147,10135100
2024-01-29,38.99383544921875,39.05199313511135,37.811321718439345,38.51889395561425,8875500
2024-01-30,38.74182891845703,38.906603493803274,38.247497797454855,38.62551353852609,10859000
2024-01-31,38.470428466796875,39.55601644955899,38.4316603725766,38.925987775589576,16275400
2024-02-01,38.94538116455078,38.974458165180806,38.29596646978275,38.65460006580369,10854300
2024-02-02,38.86783218383789,39.02291566152598,37.69501315272915,38.30565596377425,14120200
2024-02-05,37.4914665222168,38.02456574198958,36.82266972259077,38.00517984522744,16202100
2024-02-06,38.9356803894043,38.98414697965777,37.73378437974505,37.82101906572691,13060700
2024-02-07,37.99549102783203,38.88722014756285,37.71440105411959,38.867834249636275,9705200
2024-02-08,36.94867706298828,37.704712340042725,36.72574476894729,37.65624574341809,13849300
2024-02-09,36.21202087402344,36.74512000485201,36.1150914063848,36.67727122624553,15822200
2024-02-12,36.531883239746094,36.803282084090206,36.16356231114165,36.328336879599185,12932600
2024-02-13,35.53353500366211,35.97939953278909,35.14582446682369,35.74677616867141,14272300
2024-02-14,36.05694580078125,36.10540869711991,35.42691705593268,35.75646992751036,9269200
2024-02-15,37.07468032836914,37.17160611820873,36.21202822735844,36.21202822735844,10171000
2024-02-16,37.636863708496094,38.528592888610845,37.60778301089603,37.89856410452118,12614300
2024-02-20,36.96806335449219,37.326693248931115,36.83236575646028,37.239458550556,10516300
2024-02-21,37.66593933105469,37.81132802380884,37.22007475730395,37.28792355341897,11343900
2024-02-22,37.481773376464844,37.8404069361425,37.3266898930168,37.44300527871426,9548500
2024-02-23,37.76285934448242,37.94702350358252,37.40422952028559,37.59808477842603,10291600
2024-02-26,36.86144256591797,37.229767256870694,36.44465497555935,37.18130435746481,10433100
2024-02-27,36.98744583129883,37.54962576824776,36.7354365579133,37.326689794987395,6760200
2024-02-28,36.260494232177734,36.677281819701335,36.14418253489832,36.58035602154885,10166200
2024-02-29,36.648197174072266,37.22975923662393,36.59003948882453,37.00682698939641,16037500
2024-03-01,36.7645149230957,37.17160769466512,36.44465314759228,36.77420602349791,10343200
2024-03-04,37.14252853393555,37.26853501672172,36.48342282049036,36.832361574370964,9192600
2024-03-05,35.97940444946289,37.094069622083786,35.62077455724281,36.84205662945611,13885400
2024-03-06,36.96806335449219,37.5690114446973,36.754822159023625,37.00683515321051,11704200
2024-03-07,38.58674621582031,39.20708013128741,38.043952191045705,38.11180098195731,12895700
2024-03-08,38.62550735473633,38.90659726501214,38.33472634642531,38.76120860959719,7670800
2024-03-11,39.17799758911133,39.420315744504094,38.55766370290291,38.55766370290291,9599800
2024-03-12,39.11984634399414,39.52693909883631,38.577052306722706,39.420318511382824,8841400
2024-03-13,42.07612609863281,42.41537005125232,40.25389245924945,40.273278356182246,26393300
2024-03-14,41.9888916015625,42.483222731885775,41.610875853363396,42.34752145274091,16004500
2024-03-15,43.239253997802734,43.52034395688183,42.16336075252064,42.29905833346041,33978700
2024-03-18,43.113250732421875,44.07283236525729,43.00663014016438,43.57850120069654,14482200
2024-03-19,42.96786117553711,43.10355876386565,42.02766546000082,42.33783243260377,13528600
2024-03-20,44.59623718261719,45.03241065552545,42.580151804204206,42.92909058253082,20140800
2024-03-21,44.819175720214844,44.974259219697295,44.072835223492355,44.96456442114586,17023900
2024-03-22,43.714195251464844,44.68346790624217,43.69481305215323,44.68346790624217,14515000
2024-03-25,43.956520080566406,45.06149418045149,43.820822479917965,44.05344957923122,7754800
2024-03-26,43.355567932128906,44.092217263296234,43.23925624206953,44.092217263296234,10490000
2024-03-27,44.47023010253906,44.52838409500069,43.17140460699142,43.559111447501905,10700000
2024-03-28,45.575199127197266,45.73997369813546,44.54776881685017,44.78039587300708,20169000
2024-04-01,45.87567901611328,46.34092947196826,45.76905842670198,46.069530599608065,10376000
2024-04-02,46.89341354370117,47.3392780914826,45.856292066370436,46.3796965062747,22037500
2024-04-03,48.08562088012695,48.22131847116224,47.145425145836676,47.213273941354316,19957500
2024-04-04,47.6688346862793,48.70595624484865,47.358667698528585,48.453946953857,24836900
2024-04-05,47.949920654296875,48.056541240675074,47.164808452542545,47.785142376035516,14155200
2024-04-08,48.46363067626953,48.72533472561918,47.90145078563364,48.492707671481185,12745900
2024-04-09,49.72368621826172,50.43125480924546,48.95795993716963,49.869078594791716,17624600
2024-04-10,49.35536575317383,49.801234020111394,48.0662349419251,48.444250715919225,16142600
2024-04-11,49.18090057373047,49.76246274014763,48.424865320409666,49.461986858925584,12975700
2024-04-12,48.09209442138672,50.959923980248604,47.95599448809843,50.46413083634912,19983800
2024-04-15,48.626773834228516,49.62808365494097,48.28652029596228,49.287833825119755,15047100
2024-04-16,48.03376770019531,48.22819777946192,46.74081453369619,47.071340847470516,20075200
2024-04-17,48.432342529296875,49.715575723795176,48.08236916562553,49.054515749848186,15795700
2024-04-18,48.76287078857422,49.618360790744234,48.2962408896937,49.40448736309053,15717500
2024-04-19,48.22819900512695,49.657255859342285,47.99488216238848,48.850372307835684,17066700
2024-04-22,47.58658218383789,48.03376878029493,46.468611984249904,46.87691553073554,20147900
2024-04-23,46.653316497802734,47.33381614422163,45.78810291738668,46.128356449041064,19439600
2024-04-24,46.89634704589844,47.110216746194354,46.06030049367093,46.88662350453144,11838300
2024-04-25,48.024051666259766,48.27680819340097,46.65332487617931,47.5768613360167,15974700
2024-04-26,49.09341049194336,49.30728396197716,48.160150509252155,48.54900698115073,19037100
2024-04-29,50.9502067565918,51.057143483496596,49.36560664829705,49.82251676927385,22023300
2024-04-30,48.54899978637695,49.77390657702255,48.51011674086128,49.093403216491105,17226600
2024-05-01,48.51983642578125,49.968336484574515,48.004599916946006,48.75315324038199,19247700
2024-05-02,47.42131423950195,48.014324312352684,46.87691446779267,47.994880933585165,24389400
2024-05-03,49.0447998046875,49.14201298744023,47.771286343333486,48.60733306540977,14498100
2024-05-06,49.56975555419922,50.07526851041258,49.13228885320219,49.77390544518287,10952000
2024-05-07,49.95861053466797,50.02666049638821,49.39476746492244,49.57947397409955,13121500
2024-05-08,48.56844711303711,49.29755712108951,48.0532105607159,48.801763947329796,14197700
2024-05-09,49.657249450683594,49.919725765777315,48.31568612207881,48.675379320952544,10234500
2024-05-10,50.15304183959961,50.55162178611386,49.919725030409495,50.230811637033064,14535000
2024-05-13,50.59050750732422,51.03769403167019,50.32802749300511,50.54190092136397,9210500
2024-05-14,51.99040222167969,52.165388914765266,50.87243580301647,50.87243580301647,17714100
2024-05-15,52.11677932739258,52.58340924597441,50.68772265217983,52.311209387246244,17286800
2024-05-16,50.59050750732422,52.544520447106734,50.46412741707173,52.31120735111961,14800500
2024-05-17,52.719505310058594,52.83616185403981,51.086298860542875,51.26128553073704,17946500
2024-05-20,53.331966400146484,53.701383169582634,51.89318978730251,52.49591967858082,15774400
2024-05-21,52.80699920654297,53.419452558733475,52.09733268474209,53.35140259831727,18146900
2024-05-22,49.80307388305664,51.28073727904931,49.1906204373782,50.366920736510345,26299700
2024-05-23,49.77391052246094,50.52246390753676,49.394773912403956,50.44469039345058,16864800
2024-05-24,50.09471130371094,50.629394881173724,49.86139820485885,50.075267927399125,9650000
2024-05-28,52.13622283935547,52.3889793219089,50.823822713275305,51.582099577825495,14922100
2024-05-29,51.3001823425293,51.71820572459306,50.94048909811817,51.261295584094206,11570900
2024-05-30,50.85299301147461,51.19324285837281,49.978059535957534,50.07527271837268,13146600
2024-05-31,51.261295318603516,51.805698808539084,49.78363188173159,51.27101886238463,18379900
2024-06-03,50.59050750732422,51.66959077448784,50.07526731250013,51.66959077448784,10249400
2024-06-04,48.3156852722168,49.62808165838035,47.06161530685037,49.60863828196635,24814600
2024-06-05,49.083683013916016,49.20033956647764,48.276799563289536,48.60732955258491,12639500
2024-06-06,49.822509765625,49.85167297488306,48.510113430786426,49.258662997004464,11009100
2024-06-07,47.89766311645508,48.412899624412,47.46991995026866,48.26707986042445,16056400
2024-06-10,48.607330322265625,48.82120376238599,48.02404384177644,48.13097685339162,11051100
2024-06-11,47.96571350097656,48.06292667781875,46.93523676760242,47.547690165354176,10672900
2024-06-12,47.829612731933594,49.841955866554876,47.55740916634413,49.44337591497397,10109900
2024-06-13,46.653316497802734,47.742119640517906,46.28389975514323,47.742119640517906,12397800
2024-06-14,46.769981384277344,47.81989796044186,46.06031469195188,46.38112119550791,8370200
2024-06-17,45.94364547729492,46.16724245285237,45.27286567595723,46.04086235980792,11361400
2024-06-18,46.361671447753906,46.585264727631305,45.57423505089113,45.846434920577515,9008900
2024-06-20,47.98515701293945,48.16014369850334,46.87691047666483,47.13939050501066,14675800
2024-06-21,48.17959213256836,48.43234864466509,46.86719185308905,47.72268199358904,18825000
2024-06-24,48.976749420166016,49.30727943054853,47.98515938901847,48.09209611420769,11347400
2024-06-25,48.49068069458008,48.63650048130972,48.092100677339545,48.568450505813445,7944700
2024-06-26,48.09209442138672,48.597611108203964,47.63518432382314,48.47123100938839,8416200
2024-06-27,46.974124908447266,48.30596475441663,46.828301430434124,48.26708170759887,8987900
2024-06-28,47.2463264465332,48.11154009367701,46.99356994529073,47.82961667073504,12546100
2024-07-01,47.06161117553711,48.3059574892389,46.88662451161723,47.75183428964079,6817200
2024-07-02,47.35326385498047,47.431037369372135,46.37139734068002,46.54638403961599,8470200
2024-07-03,49.239227294921875,49.735020434457546,48.03376386643777,48.03376386643777,8913700
2024-07-05,50.084991455078125,50.39607805908617,49.60863800669058,49.68641151191502,8300600
2024-07-08,49.70586013793945,49.948896804767024,49.12256991248614,49.68641675957982,9030800
2024-07-09,49.385047912597656,50.35719453965054,49.23922814360677,49.63780811236065,9349900
2024-07-10,50.15304183959961,50.52245857563193,49.336438570101514,49.521145083895235,9197100
2024-07-11,50.075279235839844,50.493302649833474,49.52115586537306,50.201659356184486,8219400
2024-07-12,49.8516731262207,50.52245660875007,49.68640999533039,50.503013233037436,8004100
2024-07-15,49.159427642822266,49.75417738410894,48.45743117973304,49.3446797572506,9112900
2024-07-16,48.818172454833984,48.915670812825155,47.42392436348133,48.233174868239054,11035800
2024-07-17,47.28743362426758,48.827933247199944,47.160682760771024,48.71093073351484,12056600
2024-07-18,44.77193069458008,46.829178187156614,44.391681863122656,46.712179405013764,17498900
2024-07-19,44.75244140625,45.14243865106921,44.333191671558836,44.53794050403828,9671000
2024-07-22,44.85969161987305,44.98644250095652,44.32344304204699,44.70369196597228,12381400
2024-07-23,44.13819122314453,44.36244047593467,42.45144393268622,43.87494113004528,18792700
2024-07-24,43.075443267822266,44.61593929423136,43.016942006316256,44.4501912989517,18534000
2024-07-25,43.416683197021484,44.12843167508299,42.18818669007301,42.9194355849844,16904600
2024-07-26,43.87493896484375,44.36243828667535,43.26068877792503,44.30393702909868,10390500
2024-07-29,43.27043914794922,43.68968884580639,43.02668949660549,43.37768958963238,9192600
2024-07-30,42.753684997558594,43.12418548855685,42.402688643234484,42.792685832258265,11608700
2024-07-31,44.27468490600586,45.21068264037941,43.99193442812498,44.859682560158234,13050800
2024-08-01,42.539188385009766,44.30393340532781,42.10043828738327,43.991934162421046,12260100
2024-08-02,40.92068862915039,42.19793429607972,40.58918898718589,42.19793429607972,17152400
2024-08-05,39.84819030761719,39.9554407448523,38.10294570306416,38.9999425975317,26149100
2024-08-06,40.01394271850586,40.82318960793353,39.31194254892085,39.68244305168232,11307900
2024-08-07,38.53194808959961,40.60869630915295,38.50269931952801,40.55019504968497,14519900
2024-08-08,40.01394271850586,40.325941967360436,38.912193278868145,38.99994330006627,10231400
2024-08-09,40.023685455322266,40.61843510233867,39.6629370717951,40.569685923914555,9182000
2024-08-12,40.52093505859375,40.901183841525494,40.179683385183495,40.598932996960485,8945700
2024-08-13,40.842689514160156,41.02794162288197,40.0724397509969,40.50144150229004,7439400
2024-08-14,40.86219024658203,41.115688240305786,40.34544219053492,41.115688240305786,9124700
2024-08-15,42.490440368652344,42.97793966401004,42.13944028090289,42.266187419782284,12988400
2024-08-16,42.353939056396484,42.61718913224456,41.973690186613005,42.21743984358442,8973100
2024-08-19,43.143680572509766,43.28993182489188,42.500181756811386,42.8901826169478,10891900
2024-08-20,42.44169235229492,43.523941507739565,42.30519312896404,43.32894102327051,9390400
2024-08-21,42.792686462402344,43.01693568624117,42.38318884999867,42.9291856665369,7041700
2024-08-22,42.217437744140625,42.597686595014586,41.93468726347686,42.50993657409564,7143500
2024-08-23,43.543434143066406,43.69943375888579,42.509934363685375,42.607436448150125,11801100
2024-08-26,44.06018829345703,44.859686900504535,43.83593904702417,44.45993759698079,11046800
2024-08-27,44.09918975830078,44.45993822773904,43.69944044910574,43.84569173853128,6755700
2024-08-28,42.773189544677734,43.2021913291458,42.45144192565136,42.94868959844655,9080100
2024-08-29,42.73419189453125,43.09494034754026,42.392940141187914,42.78294108234469,8612600
2024-08-30,43.172935485839844,43.211936321274464,42.431938209203956,42.79268663866324,7811600
2024-09-03,40.32594299316406,41.330190368502805,39.828691620617555,41.300941600467546,18809000
2024-09-04,40.5696907043457,41.07669040221021,39.9749409872484,40.29669229754341,9787500
2024-09-05,40.36494445800781,41.26194140540486,40.267442364166016,41.037692168555594,7371500
2024-09-06,38.999942779541016,40.3649422645547,38.73669271946019,40.10169220447387,13200100
2024-09-09,39.38993835449219,39.848185090881124,39.17543750810341,39.6044354815571,8663400
2024-09-10,39.39969253540039,39.42894130266585,38.356444350588866,39.28269374701413,9559500
2024-09-11,40.2674446105957,40.37469506014265,39.26319716361027,39.87744737144519,13306400
2024-09-12,40.76469421386719,41.232693111723236,40.55019332426976,40.73544172571551,11414200
2024-09-13,41.593441009521484,41.96394152679153,41.00844332484211,41.08644128044789,10831600
2024-09-16,41.81768798828125,42.59768609885094,41.62268753080774,42.149187650188914,11120200
2024-09-17,42.051692962646484,42.42218977302553,41.759194110490775,41.8371920687141,6921300
2024-09-18,42.82193374633789,43.84568518054487,41.963937715967646,42.09068484723247,11573700
2024-09-19,44.01142883300781,44.703676830355704,43.865181299112216,44.55742929646011,16920500
2024-09-20,43.416683197021484,43.748182844820946,43.25093523278386,43.56293446373345,16304200
2024-09-23,44.01142883300781,44.625678889476156,43.6994296308419,43.87492964697571,15471600
2024-09-24,47.50193405151367,47.75543205671747,46.3514353800685,46.9754339030236,26361600
2024-09-25,47.10218811035156,47.75543544817302,46.936436398800325,47.53118619551827,12454800
2024-09-26,50.61217498779297,51.294674722133585,49.5299259935181,49.81267646792446,32403100
2024-09-27,50.056434631347656,50.75843490270526,49.87118621277271,49.95893624669242,15967700
2024-09-30,48.67192077636719,49.24717000990315,48.203921967285645,48.954671219142675,14992400
2024-10-01,49.12042999267578,49.461678011356135,48.30143102851847,49.28617796765639,9102100
2024-10-02,49.54943084716797,50.16368103500095,49.091180293780305,49.58843168561046,10744200
2024-10-03,48.52567672729492,48.79867512237687,48.047925816577326,48.39892587843937,10383900
2024-10-04,49.28617477416992,49.841923636767994,48.73042591157185,49.34467602472075,11506600
2024-10-07,49.52018356323242,49.91018080138037,48.788934557464636,49.15943137580647,8895500
2024-10-08,47.37518310546875,47.74568362256484,46.848682957909766,47.74568362256484,13040400
2024-10-09,47.64817810058594,47.735928118865345,46.517179931275905,46.81943082075484,6977000
2024-10-10,48.301429748535156,48.58418022470571,47.29717869857154,47.69692796099998,6959900
2024-10-11,48.7791748046875,49.02292443488374,48.1356759297424,48.23317801341541,6415200
2024-10-14,47.638427734375,47.774926930513175,46.37093041681805,46.721926755748726,13573500
2024-10-15,46.23988723754883,47.08096871541664,46.05406838600182,46.93427080023043,11855000
2024-10-16,46.91471481323242,47.01251343269805,46.28879469478471,46.758234783620495,7360400
2024-10-17,46.89514923095703,47.33525043213158,46.5724071065031,47.19832715671678,8317600
2024-10-18,47.120094299316406,48.019853539692434,47.10053382920673,47.746014419713326,8823000
2024-10-21,46.88536834716797,47.62865122415052,46.63108971921786,47.36459049659971,10150400
2024-10-22,47.4623908996582,49.01741275564137,46.59197054123092,48.900053671447736,14468600
2024-10-23,46.865806579589844,47.06140752762504,46.23010816194766,46.46482631496768,10849200
2024-10-24,45.809566497802734,47.13964844045854,45.62374765287612,46.93426912804843,10171700
2024-10-25,45.57484436035156,46.161647189195804,45.49660622163894,45.96604624624772,8528900
2024-10-28,45.701988220214844,45.93671011171,45.5063872657652,45.8291294002238,6446400
2024-10-29,45.54550552368164,46.51372813932565,45.506384588937344,46.445268368911975,8471900
2024-10-30,44.958709716796875,45.33034743174008,44.567507802271656,45.26188765631486,9017100
2024-10-31,44.029605865478516,44.56750567418262,43.73620630898335,44.41102566200001,9481400
2024-11-01,44.58706283569336,45.15430143875,44.303441668776294,44.59684120351438,7733200
2024-11-04,45.252105712890625,45.701985267514594,44.62618568371334,44.958706165560976,9147800
2024-11-05,45.95627212524414,45.96605049444531,45.39880808054892,45.83890931016198,5991500
2024-11-06,45.83890914916992,46.19099013162382,43.93180631473,44.283887297183895,12911700
2024-11-07,47.51129150390625,48.12742946244102,47.12986797095609,47.178771006744604,12733400
2024-11-08,45.34013366699219,45.86825518053766,44.47949161500456,45.496613700919184,16197400
2024-11-11,43.91224670410156,44.62618699147743,43.736206224389406,44.538166751621354,12737200
2024-11-12,42.64085006713867,43.149411129761305,41.97580896453818,43.01249156112799,18145300
2024-11-13,42.17140197753906,42.904902725837246,42.14206314145601,42.7875436507273,11931900
2024-11-14,42.3181037902832,42.61150334463094,41.77042188626376,42.51370473677427,11905700
2024-11-15,41.760643005371094,42.85600306919178,41.076041566441525,42.543043050957294,12902500
2024-11-18,42.59194564819336,42.68974799319138,41.6237266827699,42.09316674642643,11886900
2024-11-19,43.14940643310547,43.22764830996727,42.181187456997876,42.59194611818824,12764400
2024-11-20,42.7386474609375,43.178748688137766,42.44524788639666,43.03204703547834,8733700
2024-11-21,42.797325134277344,43.13962774686519,42.308324599818704,42.8071072342022,8872100
2024-11-22,42.758209228515625,42.7973264370718,42.415906605507736,42.719088289181336,9109800
2024-11-25,43.403682708740234,43.62862247697186,42.8853396742454,42.8853396742454,13286800
2024-11-26,42.52348709106445,43.11028998553993,42.17140610053479,42.99292716817797,11821000
2024-11-27,42.797325134277344,43.25698683051742,42.552824867048024,42.650627212406555,7050400
2024-11-29,43.2276496887207,43.54060974459376,42.61150794650517,42.66040725571443,6512500
2024-12-02,42.679969787597656,43.41347065350947,41.72152910383295,43.21786967644399,14413000
2024-12-03,42.865787506103516,43.84378854911812,42.59194467713045,43.67752643180113,12218800
2024-12-04,42.093162536621094,43.266764443777575,41.86822276178923,42.963582800772386,18548200
2024-12-05,41.84866714477539,42.39634536235105,41.516146628056724,42.171405561449895,11873600
2024-12-06,41.144500732421875,42.122501707722186,41.10537979802323,42.122501707722186,9471100
2024-12-09,42.76798629760742,43.76554783563252,42.728865359462596,42.78754676667984,18310000
2024-12-10,41.73130416870117,42.758208284269195,41.65306602253847,42.58216779193056,10835500
2024-12-11,42.054039001464844,42.17139806568847,41.46723994956931,41.86822017221265,7339000
2024-12-12,41.1542854309082,41.78998386654052,41.056483088733934,41.6628426871029,10184500
2024-12-13,40.67506408691406,40.870665044359306,40.19584192771212,40.81198363789235,9669300
2024-12-16,39.84376907348633,40.60660878775988,39.6090471525215,40.38166896767354,10232800
2024-12-17,39.726402282714844,39.89266440404994,39.18850244221281,39.26674431831827,11733800
2024-12-18,37.85841751098633,39.72639925677388,37.721497969008865,39.540580411344145,12501000
2024-12-19,37.39875793457031,38.357198416980765,36.84129396127626,37.88775840911305,15766500
2024-12-20,38.00511932373047,38.42566005071885,37.12491693450416,37.144477402128935,22372300
2024-12-23,38.38654327392578,38.47456352238374,37.71172385626683,38.063801119320544,8562500
2024-12-24,38.35720443725586,38.523462833921904,37.9562241344269,38.50390236417682,3962500
2024-12-26,38.327857971191406,38.454999146221404,38.063797252641905,38.1811600591824,6127100
2024-12-27,38.00511932373047,38.31807934417144,37.71171977091427,38.04424025898002,7892500
2024-12-30,37.320518493652344,37.63347851923946,36.90975985911093,37.5747971154002,11047300
2024-12-31,37.24228286743164,37.62370269119772,37.1249200518282,37.28140007518808,9247000
2025-01-02,37.04668045043945,37.926879148225076,36.97822067608205,37.545459339440185,8790300
2025-01-03,36.88041687011719,37.34985690313035,36.37185590165849,37.16403805593069,10153500
2025-01-06,37.721500396728516,38.88532030921695,37.66281899034248,37.97578276029006,18974400
2025-01-07,37.88776397705078,38.30830101464378,37.56502182564958,37.97578422463492,15304600
2025-01-08,38.865760803222656,38.95378104114403,37.46721909557063,37.90731655439982,15589000
2025-01-10,38.12247848510742,39.745959993866286,37.87797823541013,39.609040450960244,11971100
2025-01-13,38.54302215576172,38.72884101663872,37.770400412342916,37.79974298147572,10418100
2025-01-14,38.63104248046875,38.96356299535454,38.18116288114622,38.836421810927554,9801900
2025-01-15,39.29861831665039,39.710946524263086,38.797938077048904,39.710946524263086,10618000
2025-01-16,39.29861831665039,39.67167645782384,38.85684317670776,39.45569483740769,11793800
2025-01-17,39.485145568847656,40.064365887184785,39.141538137122645,39.35751973734983,12045600
2025-01-21,39.56368637084961,40.191992465364386,39.13172686712063,40.01528090815714,16558000
2025-01-22,38.37579345703125,39.76003143880446,38.30707271463822,39.7011263403249,15882700
2025-01-23,37.796573638916016,37.99292022500122,35.79384520184627,37.41369985579966,30475400
2025-01-24,37.119178771972656,38.16962861369609,36.77557133855887,38.022367750090275,19076400
2025-01-27,36.000003814697266,36.53995780842679,35.911651792086175,36.53995780842679,18550500
2025-01-28,35.18517303466797,36.32397870368626,34.8121149074897,36.206172253787685,16842900
2025-01-29,35.61713409423828,36.166903793151434,35.28334601721952,35.32261608392754,12599900
2025-01-30,35.970558166503906,36.14726972641575,35.41097280844966,36.00000884482262,11821900
2025-01-31,35.19499206542969,35.970559070648335,35.03791553544868,35.69567607943155,13385200
2025-02-03,35.20480728149414,35.47969024012283,34.252528824816984,34.72375835889449,15940400
2025-02-04,35.813480377197266,36.31416436095312,35.37170149300083,35.37170149300083,14490600
2025-02-05,36.009822845458984,36.33379149348287,35.31279609955978,35.6073140736722,14888300
2025-02-06,36.47124099731445,37.24680421314589,36.10799849971021,36.85411478316788,13748200
2025-02-07,37.52168655395508,38.473961212873355,37.178079129706866,37.78675385437539,21532000
2025-02-10,37.75730514526367,38.19908404610525,37.69840378848466,38.16963336771575,16243400
2025-02-11,36.903202056884766,37.521692522921896,36.765760563320924,37.021008516368084,13957900
2025-02-12,37.26643753051758,37.73766707179394,36.77557295689643,36.981735179017434,10946500
2025-02-13,39.485145568847656,39.61276765534617,37.77693528841297,37.983097500448395,21444700
2025-02-14,38.74884796142578,40.05454568959812,38.56231703954456,39.78947838876631,17559200
2025-02-18,38.58195114135742,38.79793273201869,37.8947400533436,38.75866267098952,12261300
2025-02-19,37.865291595458984,38.24816535039631,37.49223348385365,38.23834970706431,12101200
2025-02-20,38.248165130615234,38.90592558006079,37.88492640942851,38.22853009906469,11471600
2025-02-21,36.304344177246094,38.23835183628665,36.16690269294872,38.23835183628665,16151100
2025-02-24,36.431968688964844,36.75593735513621,36.265072789119436,36.51050507212782,8418400
2025-02-25,36.08835983276367,36.549773705153235,35.36188240070275,36.5105036426096,10618900
2025-02-26,37.256622314453125,38.012554215905745,37.12899647524696,37.83584266777399,16632700
2025-02-27,36.736297607421875,38.14017038562095,36.598856145779834,38.081269042059475,13147000
2025-02-28,36.235618591308594,36.34360938453505,35.56804254681693,36.03927203498768,14779600
2025-03-03,34.88083267211914,37.786753566636456,34.753210589369466,37.40387608338983,18101200
2025-03-04,34.26234436035156,34.969186709479835,33.634034640572295,34.75320887127351,18310700
2025-03-05,37.46278381347656,37.639495358186316,35.685852722783814,35.75457346294878,29191000
2025-03-06,36.99155044555664,38.297248118489456,36.618492362576234,37.30570343806675,18546800
2025-03-07,36.26507568359375,36.9621062691702,35.273530828900086,36.50069234188715,16969400
2025-03-10,33.86965560913086,35.0280963034779,33.35915600272373,34.94955617403088,21433000
2025-03-11,35.22444534301758,35.558233426488194,33.938378720969084,34.124905923938044,18345200
2025-03-12,36.10799026489258,36.55958843662496,35.371693538479605,36.13744468054829,13995800
2025-03-13,36.89338302612305,38.03218868327057,36.05891100679114,36.05891100679114,20682700
2025-03-14,38.14017868041992,38.23835384937196,37.30571034182635,37.3940661213833,15203300
2025-03-17,38.78812026977539,39.259353596264525,38.27762436524515,38.27762436524515,12880700
2025-03-18,39.11208724975586,39.573501122276596,38.562317608986454,39.38697019764092,14569900
2025-03-19,39.681488037109375,40.34906411819379,38.79793410273244,39.07281704964981,17519000
2025-03-20,39.95637893676758,40.771212220223944,39.82875309297332,40.29998265659864,22075600
2025-03-21,39.51459503173828,39.63240147143189,38.493595901062506,39.22989270289614,22336000
2025-03-24,40.849754333496094,41.53696555147005,40.57487134430646,40.73194787312909,21356100
2025-03-25,42.22417068481445,42.479422370632705,41.32098163037975,41.42897244014904,20804700
2025-03-26,40.73194122314453,42.65612932332461,40.59449600598946,42.44996711509087,19408300
2025-03-27,39.249534606933594,39.966196503484674,38.88629583635288,39.94656146926412,18010200
2025-03-28,37.71803283691406,39.53423404471158,37.57077570871398,39.16117591227216,20227400
2025-03-31,37.168270111083984,37.49223881711568,35.66622555266455,36.579230312390166,17462500
2025-04-01,37.43333435058594,37.43333435058594,36.52032592166924,37.36461360819432,13121200
2025-04-02,37.50204849243164,37.5216835218019,36.72648168480176,36.91300884632079,13166400
2025-04-03,32.89773941040039,35.33243079386408,32.80938364450857,35.32261140598766,31999800
2025-04-04,28.617401123046875,30.74775321337315,27.96946010686465,30.58085920178079,44734500
2025-04-07,29.815114974975586,31.071727082910186,27.154628016770776,27.517868624532962,40398800
2025-04-08,28.676305770874023,31.199351100742625,28.116720490134558,31.081542786245016,35158100
2025-04-09,33.12354278564453,33.55550225844804,28.430874956327116,29.383153419211514,38575500
2025-04-10,30.77720832824707,32.2203494625047,29.677670888455758,32.122178048371296,25658400
2025-04-11,32.74066925048828,33.123546806840245,31.268077236249635,31.336797984697444,26250000
2025-04-14,33.133358001708984,34.007096324628215,32.45596625298494,33.44751102242153,19645900
2025-04-15,32.906551361083984,33.34044298231812,32.512108878356244,32.82766436922571,18742000
2025-04-16,32.85724639892578,33.508080066641625,32.38391316437955,32.90655123886886,17261100
2025-04-17,32.44308090209961,33.11363725137264,31.92043907116385,32.886828218829535,16988000
2025-04-21,32.49238586425781,32.83752350339969,31.673911231838304,32.66002307135011,11419900
2025-04-22,33.586971282958984,34.2772465751146,32.83752416330687,32.95585653314522,19264300
2025-04-23,34.70127487182617,35.95363738083613,34.57308303893376,34.9478028359214,21643100
2025-04-24,37.107391357421875,37.28489179800179,34.780166702457066,35.07599951618415,23970900
2025-04-25,36.831275939941406,37.13697196639113,36.298778402057394,36.49599776186428,10958800
2025-04-28,36.72280502319336,37.373638659591045,36.28891342444959,36.535441374020195,13380800
2025-04-29,36.65377426147461,37.02849780346961,36.229749642920986,36.85099737629925,11269600
2025-04-30,35.52960968017578,35.6676647409084,33.97155487255564,34.40544274367504,15777400
2025-05-01,35.90433120727539,36.407246580201,35.40141583434978,35.53947088724237,11614600
2025-05-02,37.07780456542969,37.46239135206411,36.49599841545646,37.09752725410721,11932200
2025-05-05,36.831275939941406,37.16655411801853,36.65377550674068,37.16655411801853,7701000
2025-05-06,37.39336013793945,37.74836101143049,36.62419408652104,36.67349892745741,9778700
2025-05-07,36.505855560302734,37.245439334794156,36.13113206127949,36.98904818640861,11879300
2025-05-08,36.959468841552734,37.43280204171063,36.328357908008876,36.6439133747808,9814600
2025-05-09,37.334197998046875,37.50183521929336,36.85100150073216,37.3046158441136,7306000
2025-05-12,38.56683349609375,40.02627852368129,38.379469844669345,39.552945306224636,15649500
2025-05-13,38.92183303833008,39.3557208659514,38.5273868228795,38.783777991437745,11879600
2025-05-14,38.51752471923828,38.695025127848595,38.310438401381155,38.54710686676745,10292800
2025-05-15,37.93572235107422,38.19210976527895,37.04822022167706,38.073777401932,13149000
2025-05-16,37.491973876953125,37.59058355960287,36.476279851131345,37.5610014071516,13552200
2025-05-19,38.261138916015625,38.31044375602813,36.7721116820164,36.8805845870748,11107300
2025-05-20,37.86669158935547,38.15266112952695,37.551136139587314,37.90613319928822,7848000
2025-05-21,37.48210525512695,38.152661533412235,37.3144680664145,37.59057814745512,11012400
2025-05-22,37.176422119140625,37.53142303114948,36.831280671701506,37.15669942828251,9415400
2025-05-23,38.478084564208984,38.527389404013995,36.70308399920138,36.70308399920138,15295500
2025-05-27,39.089473724365234,39.4543340611121,38.53725348749824,38.596417791895,11247800
2025-05-28,38.349891662597656,38.97114322054885,38.1625317535031,38.852810844369046,7689500
2025-05-29,38.48794174194336,38.95141548436785,38.19210895896263,38.823219899112964,8927600
2025-05-30,37.94558334350586,38.389334426091445,37.20599945976927,38.300584209574325,17241200
2025-06-02,39.59238815307617,39.9769711325929,39.040164220449356,39.533220094028295,15316700
2025-06-03,39.6811408996582,39.82905541416504,38.961275967863074,39.1387763946457,11741400
2025-06-04,40.29253005981445,40.62780823318331,39.809333606949465,39.94738866156286,10979300
2025-06-05,41.11100387573242,42.01822878245095,40.90392127894565,41.39697723037227,17270000
2025-06-06,40.9039192199707,41.89003107318615,40.9039192199707,41.426557298425074,8501800
2025-06-09,41.751976013183594,42.30420000517069,41.199752021196495,41.39697514417176,9938400
2025-06-10,41.60405731201172,41.90975333763417,41.32794719965476,41.840725809544935,9460600
2025-06-11,40.44044876098633,41.022254952555386,39.91781063968003,40.815172349213476,13530900
2025-06-12,40.60808563232422,41.101141549412446,39.691001325602656,39.83891960541637,8750100
2025-06-13,40.37141799926758,40.65739134009927,39.53322442700168,39.62197464444192,9722100
2025-06-16,41.327945709228516,41.74211462454576,40.99266754414999,41.041972382190174,10508000
2025-06-17,40.795448303222656,41.24906263672354,40.69683861778068,41.16031241513841,10291600
2025-06-18,40.60808563232422,40.99266864577814,40.57850348104872,40.795445526599224,6185500
2025-06-20,39.66141891479492,40.756003645443066,39.60225085091299,40.667253430479214,13986900
2025-06-23,40.37141799926758,40.48975413033337,39.2965559265883,39.49377904997975,11692400
2025-06-24,41.42655563354492,41.525169071934236,40.233361241919546,40.38127951864449,10817900
2025-06-25,41.0321159362793,41.37725358965594,40.617946990509026,41.20961637564965,7114000
2025-06-26,43.842529296875,44.276420892135675,42.77753051937269,42.77753051937269,20484500
2025-06-27,43.26072311401367,43.60586449706571,42.935308179858374,43.4776689112625,13661000
2025-06-30,42.74794387817383,43.3198905124503,42.50141593478939,42.994471821558264,10256300
2025-07-01,43.43822479248047,43.75378027302642,42.99447372242583,43.379060490951886,9385700
2025-07-02,45.13433837890625,46.04155944619615,43.803085167055116,44.12850387274697,23271300
2025-07-03,45.16392517089844,45.56823090751549,44.93711988076872,45.124479791297155,7607300
2025-07-07,44.50322723388672,44.92725561498504,43.822807674501114,44.621559598324986,19630200
2025-07-08,45.62739181518555,48.43780884057775,44.22711115287729,45.02586303669722,45175000
2025-07-09,44.95683670043945,46.37683632520668,44.394753280528384,46.09086676473326,24277000
2025-07-10,46.55433654785156,46.860032555950674,45.479474549866985,46.130308178628056,18640600
2025-07-11,45.716148376464844,45.76545321921887,45.025869292753335,45.26253780437839,17122800
2025-07-14,44.99628448486328,45.25267190908953,44.56239286610142,45.19350760596247,11484600
2025-07-15,43.65074920654297,44.95670970124835,42.77021563691397,44.75883987257334,20312200
2025-07-16,43.51223373413086,43.71999929444544,42.95818846583403,43.42319081197824,11377600
2025-07-17,43.98712921142578,44.10585562681775,43.23521411790021,43.403404211851765,11027900
2025-07-18,44.323516845703125,44.46202723434477,43.729899816060346,44.37298430248585,13554700
2025-07-21,44.70936584472656,45.58000737811356,44.70936584472656,45.085325289118074,11250300
2025-07-22,45.31288146972656,45.76798811466348,44.6796889595317,45.12490362267654,15316100
2025-07-23,44.363094329833984,45.58001193759928,44.095965522159865,44.185008458051236,23135900
2025-07-24,44.10585403442383,44.83798136561807,43.67053140861955,44.48180968055078,13223900
2025-07-25,44.41255569458008,44.48181088253406,43.71010806011844,44.09595947132625,16011000
2025-07-28,43.324256896972656,44.35319651550134,41.76105973334738,44.20479038382183,26374100
2025-07-29,42.77021026611328,43.48255363709213,42.226060757337585,43.43308618613518,16495800
2025-07-30,38.72370910644531,43.215422891253716,37.932218605055475,42.730632836207455,64894200
2025-07-31,39.812015533447266,40.118716008180826,38.3477532526799,38.48626740560366,26276800
2025-08-01,39.604248046875,39.752654187756285,38.86222489071846,39.46573766158577,15601200
2025-08-04,39.99009704589844,40.16818289444756,39.3272248783959,39.75265176391607,12727200
2025-08-05,39.604248046875,40.098930150979356,39.178821135415255,39.94063202863096,11521300
2025-08-06,39.43605422973633,40.23743674748676,39.40637451400471,39.82190563074573,9498400
2025-08-07,40.366058349609375,40.643082890260416,39.792229079787354,40.27701542120813,9660400
2025-08-08,41.424678802490234,41.73138306913716,40.643083937631914,40.93989244857653,11828700
2025-08-11,41.019039154052734,42.117234028689985,40.900316505858825,42.107342047225885,10676300
2025-08-12,41.70170211791992,42.22606393089707,41.2564874775974,41.29606295098716,12573800
2025-08-13,42.28542709350586,42.631703049965225,41.741273770319914,42.19638416554133,13120800
2025-08-14,41.83031463623047,41.949041050413726,41.13776275745157,41.84021039114141,11933400
2025-08-15,41.90946960449219,42.34478850926983,41.790746953030116,42.245853595405606,8885300
2025-08-18,41.30595779418945,41.94904607189276,40.94978605725379,41.69180925116138,8325000
2025-08-19,41.019039154052734,41.5335089950596,40.62329573536472,41.33563539865312,7630500
2025-08-20,40.87063217163086,41.088289706384465,40.58371567795053,40.71233406720801,5526200
2025-08-21,41.276275634765625,41.30595535304784,40.52435672920019,40.67276286886111,6181200
2025-08-22,42.819679260253906,42.96808539259779,41.34552878833674,41.38510426017841,10822100
2025-08-25,43.225318908691406,43.3836170237548,42.88893494241609,42.95819013187353,12596800
2025-08-26,43.87830352783203,43.937666742261136,42.987877956146264,43.067025134593266,11824700
2025-08-27,43.403404235839844,43.591385839918665,43.00766084002204,43.47265942446108,11201800
2025-08-28,43.89809036254883,44.086071983976424,43.44298371700056,43.65074930203889,9253900
2025-08-29,43.927772521972656,44.25426074938413,43.63096023907592,43.8585173290634,7371000
2025-09-02,44.46202850341797,44.47192425953199,42.28543014985144,43.29457837422313,12166300
2025-09-03,45.7185173034668,45.80756022956343,44.63021822817444,44.76872860785258,12237800
2025-09-04,45.58000564575195,45.65915658856285,44.69947216466645,45.233729706265976,8509000
2025-09-05,45.84713363647461,46.51990154242155,45.25351667199183,46.22309306018016,8069200
2025-09-08,46.16373062133789,46.25277354490269,45.01606836990529,46.03511222638325,10436400
2025-09-09,43.423194885253906,45.61958465496599,43.15606609373825,44.837986017656284,24956700
2025-09-10,44.40266418457031,44.98638918503199,43.75957597632239,43.81893918410864,16678900
2025-09-11,45.431602478027344,45.66905154782144,44.323515625279704,44.39277081769362,14919200
2025-09-12,44.24436950683594,45.016072397356325,43.46277086052041,44.719263883627335,16046300
2025-09-15,45.154579162597656,45.26340982286231,43.888194259426555,44.0267046364453,12670200
2025-09-16,44.818199157714844,45.411819964077814,44.333412795349716,45.16447890495784,10043200
2025-09-17,44.61043167114258,45.79766945910601,44.30372741223018,44.62032365247045,8951800
2025-09-18,44.45212936401367,44.95670339495602,44.11574541867726,44.52138454916018,13174400
2025-09-19,44.46202850341797,45.213947454827434,44.234475176422386,44.76873278282514,21120200
2025-09-22,44.679683685302734,44.897345000285206,44.066278985226674,44.35319548695364,11980600
2025-09-23,44.87755584716797,45.79766475527686,44.65989453906172,44.907235562228095,14308500
2025-09-24,37.26934814453125,41.5434050228956,37.25945616300232,41.385106899558025,91311700
2025-09-25,34.96413040161133,37.1308366051481,34.776152565400324,37.1308366051481,86778600
2025-09-26,35.36977005004883,35.923815359168124,34.914663425124886,35.122429000747786,41515800
2025-09-29,36.72520065307617,37.70467294118944,35.66658118589198,35.963389712127004,40224700
2025-09-30,38.8028678894043,38.91169856299878,36.80435161047659,37.54637481321149,38973100
2025-10-01,38.67424774169922,39.060099185943244,38.42690668522228,38.61488452945975,19117000
2025-10-02,38.45658493041992,39.534992046294114,37.78381698065667,38.95126702441497,23508900
2025-10-03,39.248077392578125,39.920845374337404,38.50605421629583,39.228293429107296,23921600
2025-10-06,39.89116287231445,40.80137986760499,39.13924776674816,39.76254447397589,26706800
2025-10-07,40.25722885131836,40.8706373865847,39.73286702115923,40.27701658866163,19846800
2025-10-08,42.39425277709961,42.57233862795876,41.424676352491325,41.50382729692862,25769000
2025-10-09,42.849365234375,44.31362381024984,42.097446322307555,44.05638700249652,23238000
2025-10-10,40.44520568847656,43.20552867441059,40.30669531757032,43.20552867441059,24243400
2025-10-13,42.32500076293945,43.037344219815026,41.830318645470314,42.829578636267996,15475300
2025-10-14,41.52361297607422,41.97871956166967,40.06924652414466,41.11797384123922,16563400
2025-10-15,41.41439437866211,42.53638696821974,40.9775140849059,42.53638696821974,16028100
2025-10-16,41.40446472167969,41.74205522685067,40.917935780709655,41.722196516233346,15081000
2025-10-17,40.88814926147461,41.692409990170134,40.42147903508393,41.30517081791262,14027500
2025-10-20,41.8909912109375,41.9207811716444,41.12644787226634,41.632835540002944,12617500
2025-10-21,41.01722717285156,41.215806693239344,40.371832368606576,40.908006164041346,12932200
2025-10-22,40.49098587036133,40.908011247856656,39.83566352372184,40.361909923600756,12134400
2025-10-23,40.93779373168945,41.95056522840951,40.769000376066955,41.156235756764865,18292600
2025-10-24,41.07680130004883,41.33496074803701,40.17325080741364,40.86829052197803,10605300
2025-10-27,40.808712005615234,41.434248090930005,40.16332099868801,41.434248090930005,14374400
2025-10-28,40.87821960449219,41.652694191508736,40.21296982302843,40.30233212969719,11973800
2025-10-29,41.8909912109375,43.18178092859591,41.25552760156455,41.424324753364054,19707800
2025-10-30,41.43425369262695,42.03993115055221,40.57042055456179,41.46403986673409,11822900
2025-10-31,41.40446472167969,42.21865291868115,40.96758066342208,41.29524370711528,11939500
2025-11-03,40.88814926147461,41.295243356519116,40.14346466412526,41.27538464607039,13717200
2025-11-04,39.140621185302734,39.746298605942066,38.84274809958258,39.68672626139511,14388400
2025-11-05,39.92502212524414,40.381761096726855,39.33920343132964,39.607290337459496,12057600
2025-11-06,38.37608337402344,39.63707936716494,38.26686235390993,39.627151905182785,25307300
2025-11-07,39.52785873413086,39.72643825798585,38.47536983445595,39.64700720597618,17305700
2025-11-10,40.65978240966797,40.957655510392975,40.064032420555975,40.50091650343717,13890600
2025-11-11,40.778926849365234,41.047013749736635,40.16332199721327,40.540629907476166,10730700
2025-11-12,41.51368713378906,41.96049488090432,41.1760966172532,41.1760966172532,12842900
2025-11-13,40.252689361572266,41.593120244408766,39.92502629067414,41.553402819876496,10381700
2025-11-14,39.8753776550293,40.38176151339174,38.60445049077712,39.3491350862677,10358500
2025-11-17,38.72359848022461,39.74629743316342,38.59451875807859,39.70658380052453,17578500
2025-11-18,39.716514587402344,41.513688236040615,39.65693845196292,41.45411210060119,23695200
2025-11-19,40.9576530456543,41.920779674779624,40.481055355642454,40.620062541771524,19873600
2025-11-20,39.34913635253906,41.6030489219418,39.03140455125128,41.6030489219418,15648000
2025-11-21,39.587432861328125,40.01438567465974,38.574661335820224,39.54771922736331,18896900
2025-11-24,40.500911712646484,40.82857094838709,39.617219977039305,39.617219977039305,15241000
2025-11-25,40.778926849365234,41.49382525035564,40.679637088188386,40.94772398855979,11446600
2025-11-26,41.85127639770508,42.18886690413676,41.265457689122506,41.48389593140528,13339400
2025-11-28,42.675392150878906,43.10234496250798,42.02006984730015,42.45695012046539,8848100
2025-12-01,42.76475524902344,43.618660888129234,42.695251653995,43.09241830072481,14614800
2025-12-02,42.66546630859375,43.112274060252524,42.010143980144036,42.87397709772277,11131900
2025-12-03,44.21440505981445,44.77043758241702,43.81724221880835,44.01582553314225,22864300
2025-12-04,44.29383850097656,44.42291821936407,43.35057062844306,43.71794728637197,12392100
2025-12-05,44.87965774536133,45.64420102909816,44.80022290606636,44.94916133591362,20208100
2025-12-08,44.68107604980469,45.39597447865332,44.41298913898645,45.05838397477055,16538400
2025-12-09,44.48249435424805,44.879661004239416,43.618661246327996,43.81724457132368,10310100
2025-12-10,46.12080383300781,46.12080383300781,44.373275050714994,44.56193092119847,17054800
2025-12-11,47.76903533935547,47.97754611799072,46.10094153495002,46.2498799697819,20741000
2025-12-12,47.04420852661133,48.65272616794506,46.478248545629796,48.41442543442889,17034900
2025-12-15,47.1832160949707,48.51371938111953,47.054136372109376,48.474001960598855,15437700
2025-12-16,47.20307922363281,47.3420864208051,46.289597404460274,46.97470971575519,15481500
2025-12-17,47.4810905456543,47.89811589784907,47.03427902103912,47.76903617125761,15613000
2025-12-18,47.580379486083984,47.9576874100596,46.984633322048154,47.729317920923805,15029500
2025-12-19,48.801666259765625,49.28819141690297,47.72931860396107,47.72931860396107,21954800
2025-12-22,50.281105041503906,50.58890938197241,49.556279131041165,49.64564143713448,15316600
2025-12-23,51.53217697143555,51.91941236594886,50.62862645501721,51.244231344047044,14155700
2025-12-24,51.552032470703125,51.62153985366126,50.8669239794991,51.56196372012366,4073900
2025-12-26,52.664100646972656,53.38892660287348,52.26693397551315,52.6740281093112,14848300
2025-12-29,51.115150451660156,51.84990758968767,50.807346120329676,51.2045127551005,15231700
2025-12-30,51.04564666748047,52.00877329121122,50.48961413841685,51.86976610586075,10055700
2025-12-31,50.4300422668457,51.14493691072027,50.300962541671254,50.93642613074276,8776800
2026-01-02,51.56195831298828,51.82011395592222,50.63854917213063,51.363375009682926,11518400
2026-01-05,54.024383544921875,54.064100964672974,52.91232230552227,53.24991279808342,26935100
2026-01-06,55.75205993652344,56.71518285813166,55.27545841919026,55.613048951165055,35253300
2026-01-07,55.106658935546875,55.18609377551354,53.468351344020014,54.838572032151845,20894000
2026-01-08,53.83573532104492,54.23289818388854,52.91232607813224,54.23289818388854,22333100
2026-01-09,56.129356384277344,56.308080981777074,54.18324830890421,55.0570125869405,19272700
2026-01-12,58.29391098022461,58.41306324620523,56.75489686076229,57.340715578350604,20373700
2026-01-13,58.91944885253906,59.66413349233978,58.00596705813264,59.594629895638,22060100
2026-01-14,59.92228698730469,60.27973620742922,58.701004676987075,59.78327979895888,19747500
2026-01-15,59.68339538574219,60.220905202990124,58.42920960926322,58.70791671579198,18285700
2026-01-16,58.43916320800781,58.57851676461262,57.43382412314478,58.359534231562044,21629900
2026-01-20,59.79288864135742,60.10145993628045,58.08082201949989,58.8273621678076,19583600
2026-01-21,60.300537109375,61.84338596524875,59.47436420244871,61.2660597704666,25719800
2026-01-22,58.578514099121094,61.46513745809828,57.97133131541435,60.499611006842564,25597200
2026-01-23,60.13132095336914,60.52947722211961,58.11068681264456,59.474365767900586,24545800
2026-01-26,60.88780975341797,63.28669562682074,60.81813298001865,63.1274300909373,31620200
2026-01-27,62.57997131347656,62.88854260944093,60.98735384388529,61.21629236782031,20123700
2026-01-28,63.33646774291992,64.37166720423915,61.73389427110034,63.83415738193328,22636500
2026-01-29,64.82954406738281,69.11966663837174,62.81886593272703,69.06989425722418,48277600
2026-01-30,59.9521484375,61.634350816674484,58.38939141498124,61.4551846802406,40774400
2026-02-02,60.479705810546875,60.967447057732585,59.28524457934041,59.60376808060875,21334600
2026-02-03,64.37166595458984,64.66032905323542,62.31121547284985,63.794339757298694,31102700
2026-02-04,61.57463073730469,65.3471477849135,60.698689251966876,64.68024042247525,31834200
2026-02-05,58.94681167602539,60.64892231298611,57.96137700367469,59.67344363571447,22330400
2026-02-06,60.39012145996094,60.72855315817875,59.43455094632228,60.08155395080036,20119100
2026-02-09,63.316558837890625,63.87397304992581,60.99730562907429,61.076938400564764,14752000
2026-02-10,62.968170166015625,63.22697287218191,61.78366118700685,62.95821796828591,11647400
2026-02-11,65.15802001953125,65.1978364034479,62.77904613845279,64.79968015848021,15495800
2026-02-12,61.75379943847656,65.67562595303444,60.96744293664295,65.66566995842422,23459900
2026-02-13,62.55010986328125,63.0577554865233,59.88247279906541,60.86790745219345,14370600
2026-02-17,60.80818176269531,61.29592298145143,58.92690125639208,60.957491306442954,12238400
2026-02-18,62.261444091796875,62.888538844133635,61.26605728362395,62.470474410209356,17244800
2026-02-19,62.28135681152344,62.29131280670461,59.862566388047014,61.146616375245536,13357900
2026-02-20,64.0431900024414,64.09296238551103,61.614451111472405,61.76375686938212,14680000
2026-02-23,65.24761199951172,65.62585627407442,63.58531396146145,63.94365004308409,15631300
2026-02-24,67.56685638427734,68.52242684529907,64.51101907029575,65.09830125852098,20299300
2026-02-25,68.50252532958984,69.428235439214,67.82566194197004,68.68169527320094,16182000
2026-02-26,68.06454467773438,68.28353098246043,65.51635697371856,67.96500751945845,17726800
2026-02-27,67.76593780517578,68.61201509927935,66.56152064158384,68.07450529504676,19425700
2026-03-02,67.97496795654297,68.32335183037904,66.10364343836716,66.85018356552969,15851100
2026-03-03,65.26751708984375,65.3869662487552,60.56928982478183,63.864025545080295,25564300
2026-03-04,65.6258544921875,67.5369953973481,65.46658895299134,66.57146895001831,17438500
2026-03-05,62.370941162109375,64.00337881951452,61.08689118768624,63.854069270079435,23068000
2026-03-06,59.08616256713867,60.917674477878265,58.429207414215746,60.360256488662074,25912800
2026-03-09,60.21095275878906,60.21095275878906,55.24397066271487,56.99584986345735,26344800
2026-03-10,62.112144470214844,62.82882046070291,60.4498463622487,60.698693088816704,16982400
2026-03-11,61.256107330322266,61.485045848937055,59.344962614125706,61.027168811707476,17754700
2026-03-12,58.936851501464844,60.75841116760176,58.62828402368814,60.36025492886493,17564000
2026-03-13,56.11991500854492,58.78755222919046,55.72175872599196,58.77759623372179,21443200
2026-03-16,57.66276168823242,57.991237380871205,56.537973461839904,56.946081926693886,17824100
2026-03-17,57.822021484375,58.39934387505535,57.264603488977215,57.98128322633159,10610300
2026-03-18,55.1942024230957,56.448388202258855,54.78609396033393,56.02037154654534,17258700
2026-03-19,53.372642517089844,53.740938390216414,50.55569967001902,52.23790210109879,27550300
2026-03-20,51.849700927734375,53.67125688028826,51.27237473480616,52.82517958055495,25007300
2026-03-23,54.686553955078125,55.054849835497905,52.994399292585676,54.01964656644162,24888600
2026-03-24,56.21944808959961,56.36875763396679,53.73098099747622,53.97982770668856,17123000
2026-03-25,56.826637268066406,57.88174873036565,56.557882354166615,57.563225231765806,13965000
2026-03-26,55.572452545166016,55.950696833904644,54.64674242280626,55.10461948628967,16016500
2026-03-27,55.980560302734375,56.906266616084245,54.67660211131311,54.90554064010928,12327400
2026-03-30,54.39789581298828,57.88174997638296,53.920106757703564,57.31437974496952,14246700
2026-03-31,58.50883865356445,58.727824978726474,56.00046330051605,56.080096072247535,18882500
2026-04-01,60.91767501831055,61.76375230862203,59.62367289314616,60.46975018345764,23684000
2026-04-02,61.09684753417969,62.251496158873586,58.76764209161273,58.76764209161273,16880000
2026-04-06,60.76836395263672,61.435275089406474,60.12136480480563,60.818132533685365,8511500
2026-04-07,60.479705810546875,60.83804569874868,59.40468994304113,60.44984541889661,18276900
2026-04-08,64.7996826171875,65.56613474681669,63.72466299324472,64.9489921639905,20338000
2026-04-09,66.1434555053711,66.44207460870791,64.35176366794796,64.89922189846645,12664700
2026-04-10,67.48723602294922,68.09442264996916,66.7904606243987,66.92981418526891,15706800
2026-04-13,67.71617126464844,68.23377671818594,66.54161438986664,66.54161438986664,13134100
2026-04-14,67.9550552368164,68.5124770231629,67.25828749663178,68.22381393245819,12330800
2026-04-15,68.53365325927734,69.29181519806127,67.37646593148008,67.79544715649695,15405600
2026-04-16,68.11466979980469,69.34169490244113,67.55602818477473,68.70324516785799,10342700
2026-04-17,70.04000091552734,70.53879027479837,67.62586224327676,69.20203844519439,20218300
2026-04-20,70.01007080078125,70.7981588570401,69.06237411628784,69.37162106600061,12297800
2026-04-21,67.40638732910156,70.54876151734533,67.29665307157184,69.83050369021294,17092800
2026-04-22,70.18963623046875,70.31931871837686,69.00251517090204,69.2219836973014,14213100
2026-04-23,61.331138610839844,65.0421288229164,60.852301286877086,62.11922670475097,38773500
2026-04-24,60.90217590332031,62.29878753738295,59.68513253639658,61.91970658434414,17741600
2026-04-27,60.42333984375,61.271280192557306,59.22624467655214,61.161549735251214,15199300
2026-04-28,58.069053649902344,60.05423688384452,57.72987674881787,59.61529983217012,14754700
2026-04-29,56.79215621948242,57.83961310305561,56.45297930613427,57.83961310305561,11444700
2026-04-30,57.64009475708008,58.198740186338114,56.881936636729066,57.789733080860465,16181400
2026-05-01,56.4130744934082,58.02915091527603,56.363196319704144,57.55031359788781,14899700
2026-05-04,55.435447692871094,56.752251263842666,55.35564337623137,56.06392333529957,14777200
2026-05-05,57.540340423583984,57.849591194328916,56.11380256071473,56.871960707576754,13861100
2026-05-06,60.7425651550293,61.13162023096299,59.864694851986194,60.48319637289372,17655500
2026-05-07,60.4632453918457,62.398546692709175,59.97443015625413,61.480776118730844,18316100
2026-05-08,61.500728607177734,62.12920045059629,60.553028077541484,61.630411098730974,12202700
2026-05-11,64.21414184570312,64.82266544439383,61.989538058714295,62.06934617908189,14852300
2026-05-12,65.8701171875,66.20929788692945,62.57810839630805,63.45597867577942,14477500
2026-05-13,66.99739074707031,68.68329361495164,65.71051327999203,66.66818794157831,17112400
2026-05-14,65.97985076904297,66.76793880948615,64.79272974963955,66.76793880948615,12618300
2026-05-15,62.85742950439453,63.65549547437857,61.2313790333844,62.039415310075405,15462600
2026-05-18,60.353511810302734,63.30634387151275,59.56542371798159,62.1990308971938,14798200
2026-05-19,58.55786895751953,59.78489027056793,58.158835965512935,58.91699788923333,12142700
2026-05-20,60.72261428833008,60.91215667646554,58.667604605721614,59.046681771071086,12015900
2026-05-21,62.15913009643555,62.95719229443786,59.61530136995337,60.353511281518465,10184500
2026-05-22,61.83990478515625,62.558158855609484,61.36106366423981,62.558158855609484,7856200
2026-05-26,64.20416259765625,64.81268618373872,62.88735908255933,62.88735908255933,11372000
2026-05-27,63.47593307495117,64.2340912045271,62.71777113991454,63.86498434950053,8262700
2026-05-28,65.71051025390625,65.90004502728279,62.32871533920219,63.07689934763518,10288100
2026-05-29,65.55089569091797,66.63826043536643,64.32387814778062,65.27157487169715,11376700
2026-06-01,66.87767791748047,67.31661498725096,64.32387884446293,65.10198902384036,10051200
2026-06-02,71.54634094238281,71.91544016645913,67.55602640113153,67.70566471861265,18969700
2026-06-03,70.46895599365234,71.47651257216994,69.11224840602107,71.47651257216994,13873000
2026-06-04,69.5212631225586,71.69598502690647,68.88281335347679,69.75070196502027,11648600
2026-06-05,63.21656036376953,67.3265834908981,62.21898167623129,67.3265834908981,18101000
2026-06-08,63.755252838134766,65.5608716062001,63.545762230118854,64.4535586703151,12694000
2026-06-09,64.09442901611328,66.2691508031202,61.70023870577851,65.01219955828323,15696300
2026-06-10,61.9296875,64.62314694464756,61.580532671851095,63.04697457806288,14778100
2026-06-11,66.17936706542969,66.43873965754972,62.1890560853208,62.877384015865694,14895400
2026-06-12,68.2443618774414,68.75312152978589,66.66818571966643,67.04726288216412,12609400
2026-06-15,69.96018981933594,71.7059525026201,69.08232332424471,71.01762839149454,16652600
2026-06-16,69.98014831542969,71.34682628273988,69.48135895838588,70.40910746692421,9007500
2026-06-17,68.89278411865234,72.10498882183789,68.67331558202402,69.96019304695422,16490300
2026-06-18,68.51370239257812,70.44900742054514,67.85529682643305,69.780623936783,17963700
2026-06-22,69.04241943359375,69.74072907517663,67.9949663876014,68.33413948508806,12958900
2026-06-23,64.24407196044922,65.73046214232615,63.54576608589765,65.27157683822058,16705900
2026-06-24,61.69026565551758,62.6379661615666,60.90217758587445,62.55815804063333,18531800
2026-06-25,62.64794158935547,63.595642115303114,61.56058065430283,63.07690073472692,14175100
2026-06-26,62.298789978027344,62.84745749666802,61.49074986881862,61.90973489763597,24660500
2026-06-29,61.47079849243164,62.19903048753408,60.36348552540576,61.76009722904323,12286700
2026-06-30,62.73772430419922,63.13675730937334,61.90973595583496,62.827506540090354,13931700
2026-07-01,60.38343811035156,62.89733691669807,60.38343811035156,61.55060718011923,15526400
2026-07-02,60.82237243652344,62.109246022513794,59.29607449101578,61.17152344716799,13553500
2026-07-06,60.852298736572266,61.91970760669496,60.383435544952924,61.62043476744329,16343700
2026-07-07,59.186344146728516,60.30363118837164,58.01917512736101,59.954476371603995,18273700
2026-07-08,57.360774993896484,58.72745674126554,55.86440695057745,57.77975621940467,21829900
2026-07-09,60.38343811035156,60.9420835580266,58.278546422966535,59.53549772887018,16381700
2026-07-10,61.37104034423828,61.909733740307196,59.98440659934507,60.223823349513054,11865700
2026-07-13,59.82479476928711,61.849878275728884,59.4756399473574,60.612879035811616,12722800
2026-07-14,61.79999923706055,62.76764795720349,61.05181523614083,61.79002131932367,11627900
2026-07-15,60.970001220703125,62.880001068115234,59.369998931884766,62.630001068115234,14260800
2026-07-16,58.560001373291016,59.970001220703125,57.54999923706055,59.54999923706055,15386900
2026-07-17,58.380001068115234,59.36000061035156,56.0,56.70000076293945,20412700
2026-07-20,58.790000915527344,59.34000015258789,58.52000045776367,59.02000045776367,9953800
2026-07-21,62.560001373291016,62.66999816894531,60.470001220703125,61.09000015258789,15873500
2026-07-22,65.0,65.08000183105469,62.619998931884766,62.939998626708984,17461600
2026-07-23,63.5,65.43000030517578,61.970001220703125,62.63999938964844,18914100
2026-07-24,62.599998474121094,62.9900016784668,61.04999923706055,62.560001373291016,11938900
2026-07-27,62.720001220703125,63.529998779296875,61.18000030517578,63.529998779296875,9601600
2026-07-28,61.63999938964844,62.56999969482422,59.93000030517578,61.459999084472656,13592000
2026-07-29,59.9900016784668,61.560001373291016,58.189998626708984,60.79999923706055,22668800
2026-07-30,63.439998626708984,63.63999938964844,61.7400016784668,61.75,14850400
2026-07-31,62.630001068115234,63.650001525878906,60.970001220703125,62.599998474121094,10789600
2026-08-03,63.63999938964844,63.75,61.27000045776367,62.06999969482422,8951400
2026-08-04,67.30000305175781,67.8499984741211,65.75,66.19000244140625,16305900
2026-08-05,69.38999938964844,70.55999755859375,68.62000274658203,68.94999694824219,17116400
2026-08-06,68.18000030517578,69.66999816894531,67.94000244140625,68.4800033569336,12634900
2026-08-07,69.62000274658203,70.54000091552734,68.63999938964844,69.97000122070312,11290100
2026-08-10,70.51000213623047,71.22000122070312,68.88999938964844,69.73999786376953,11801000
2026-08-11,68.87000274658203,70.83000183105469,68.27999877929688,70.73999786376953,11952400
2026-08-12,69.22000122070312,70.08999633789062,68.70999908447266,70.08999633789062,8173500
2026-08-13,66.83000183105469,69.0999984741211,66.62999725341797,68.1500015258789,9297000
2026-08-14,66.48999786376953,67.45999908447266,65.56999969482422,66.72000122070312,8200200
2026-08-17,68.37999725341797,68.88999938964844,66.54000091552734,66.62000274658203,9837400
2026-08-18,66.31999969482422,68.02999877929688,65.70999908447266,67.08000183105469,10486800
2026-08-19,69.08999633789062,69.86000061035156,67.26000213623047,68.9000015258789,16696500
2026-08-20,71.22000122070312,71.5199966430664,67.72000122070312,67.81999969482422,17647400
2026-08-21,76.66000366210938,77.33000183105469,74.4000015258789,74.45999908447266,28496500
2026-08-24,77.13999938964844,78.87999725341797,76.11119842529297,78.38999938964844,14053496
