Date,Close,High,Low,Open,Volume
2021-08-25,32.768714904785156,33.08604238624499,32.302057053245214,32.89937853356564,9923500
2021-08-26,32.236732482910156,32.91805267202284,32.16206550093293,32.53539329018373,11336100
2021-08-27,34.1313591003418,34.374023206237155,32.54472150135506,32.54472150135506,18805800
2021-08-30,34.19668960571289,34.868678106538994,34.11269104310963,34.794011135195134,13357900
2021-08-31,33.96335983276367,34.28068733260479,33.16070771197042,34.112690211493785,16216100
2021-09-01,33.496700286865234,33.87002799526634,32.703383356909,33.34736991556817,16478200
2021-09-02,33.85136413574219,34.25269021032926,33.59003685380351,33.73003208613472,10981300
2021-09-03,33.73003387451172,34.09402648231593,33.52470325049196,33.702035538624436,12687100
2021-09-07,33.935359954833984,34.22468554777701,33.552700654234414,33.571367395765726,10296400
2021-09-08,32.078060150146484,33.72069780347536,32.06872855952938,33.711362652541354,18265700
2021-09-09,32.48872375488281,32.99271157290016,32.19939457984251,32.208726171152186,12518800
2021-09-10,33.11404037475586,34.15935295448026,32.86204471029861,32.91804493361694,22605900
2021-09-13,32.93671798706055,33.48737449411549,32.255397827537905,33.38470917851444,13867400
2021-09-14,32.47004699707031,33.01136813399871,32.33938339713298,32.815372734092705,14925200
2021-09-15,34.2900276184082,34.336692701189364,32.79672004718799,32.79672004718799,18871400
2021-09-16,32.01273727416992,33.19804899127736,31.48074745251859,33.17938224451371,35807800
2021-09-17,30.846086502075195,32.274062098208375,30.398095344962687,31.975397766482804,37559800
2021-09-20,29.091449737548828,29.48344239328721,28.48479490323329,28.708790452204024,38463200
2021-09-21,28.447465896606445,29.3994484646031,28.01814147191697,29.35278338545291,35686600
2021-09-22,29.455446243286133,30.1087662372699,29.37144767860615,29.492779729881068,28813500
2021-09-23,29.968767166137695,30.220762827914843,29.55810776696291,29.838101759943033,20270400
2021-09-24,30.090105056762695,30.510094347795324,29.576780262872703,29.576780262872703,15164300
2021-09-27,31.648738861083984,31.68607234782612,30.127433099355883,30.127433099355883,22469300
2021-09-28,31.33140754699707,31.779398652653743,30.622089186453213,31.751400321149205,19761000
2021-09-29,30.90209197998047,31.760740953525737,30.715428076069546,31.527411963716546,12717000
2021-09-30,30.36075782775879,31.50873568301337,30.36075782775879,30.37009297830441,23041700
2021-10-01,30.65009307861328,30.892753636416227,29.735443960252212,30.706093312098947,16091200
2021-10-04,30.52876091003418,31.48074351397055,30.267433608673496,31.144749234896835,20137600
2021-10-05,30.052766799926758,30.57542132285199,29.6327740152069,30.510089507486338,20005300
2021-10-06,29.595441818237305,30.034101363599166,28.86745666663002,29.707440492416097,22783900
2021-10-07,32.03139114379883,32.190056647344804,30.4447539099214,30.566085934948738,37035100
2021-10-08,31.85406494140625,32.6753801708635,31.639402763685602,32.29272088704551,17625300
2021-10-11,32.880706787109375,34.131349781274096,32.86204004865124,32.946038591554704,27084300
2021-10-12,32.302059173583984,33.11404289167416,32.14339364228068,32.71271682818103,21591600
2021-10-13,33.43136978149414,33.916694397299636,32.28339183962071,32.78738319760915,26459800
2021-10-14,34.72671890258789,35.44688019217603,34.19361309576583,34.595781134987604,28961400
2021-10-15,36.138980865478516,36.485031189775704,35.17564994507359,35.6994010158398,30048400
2021-10-18,36.04545974731445,36.522447903342666,34.9698932520963,35.11018577505069,23196100
2021-10-19,36.335391998291016,36.428921535167625,35.746171971010014,36.326040828496865,16543100
2021-10-20,36.410221099853516,36.550513642359356,35.6152395397539,36.138990753828914,14281700
2021-10-21,35.93321990966797,36.03610060488766,34.3713142794392,35.57781841245565,19571900
2021-10-22,35.23176956176758,36.2979849094576,34.801544381769425,35.51235461356277,19058200
2021-10-25,36.79367446899414,37.074255918575716,35.55911323660587,35.755519894534295,19215100
2021-10-26,36.335391998291016,37.10231636174406,35.87710975485024,36.8872037786084,15564400
2021-10-27,34.60514450073242,35.82100021557897,34.45550077533266,35.044724505001405,19544200
2021-10-28,35.633941650390625,35.746177110780344,34.754785284063026,35.213071161185546,13978400
2021-10-29,35.278541564941406,35.60588608555001,34.78284384657849,35.138249017373326,16052200
2021-11-01,35.849056243896484,36.12963774686412,35.16630304403248,35.33465265937054,10873400
2021-11-02,36.0548095703125,36.24186507133484,35.44688365172356,36.09222138407436,14574500
2021-11-03,35.755523681640625,36.195103592142175,35.09148001481404,36.13898586916738,17054400
2021-11-04,34.60514450073242,36.092230582799736,34.371325956808555,36.00805576427563,16309500
2021-11-05,34.64254379272461,34.97924294502629,34.39001942849835,34.74542448568196,12536200
2021-11-08,36.87785720825195,37.2052017086792,35.44688900954505,35.493651999922164,25103800
2021-11-09,36.6627311706543,37.2145428176945,35.68069446125357,36.69078824104724,16030800
2021-11-10,35.09147644042969,37.036844257504,34.85765797019851,36.48503252504695,24055700
2021-11-11,38.25271224975586,38.55199967737063,35.79294035924612,36.587921919887684,39436900
2021-11-12,38.56134796142578,38.90739835473584,37.74766055150695,38.03759321842052,18481700
2021-11-15,38.21530532836914,38.570710532143195,37.5980244838079,38.36494906136011,13962100
2021-11-16,37.0368537902832,38.131126367864994,36.90591598409802,38.04695155420486,19165300
2021-11-17,36.35409927368164,37.82247916392318,36.157692590530466,37.07426067968977,19209100
2021-11-18,36.27928161621094,36.47568831239331,35.250478010317146,36.36345642425872,17613600
2021-11-19,35.80229187011719,36.728214810938795,35.63394224451326,35.97999623480333,18915800
2021-11-22,35.2972412109375,36.12963447370548,34.511610933129745,34.96989318064182,19073700
2021-11-23,36.176395416259766,36.70015009449107,35.47493997809721,35.57782067987362,15861800
2021-11-24,36.148338317871094,36.49438866816839,35.755521417495984,36.167040656557994,13430300
2021-11-26,34.82960891723633,34.988603801074774,33.015174886967905,33.93174307323892,21122400
2021-11-29,35.52170944213867,35.67135315354101,34.231030201426286,35.39077164063506,17219200
2021-11-30,34.679962158203125,36.054812532947295,34.128150347127495,35.50300072187166,27056100
2021-12-01,33.88498306274414,36.045467699726565,33.83822006737144,35.35336323773181,19234100
2021-12-02,34.69866943359375,34.93248797039098,33.595045654487805,34.03462564535867,18548800
2021-12-03,34.1936149597168,35.08212230766319,33.305104043983626,34.67060307737447,20762700
2021-12-06,34.95117950439453,35.43752228901148,34.00655457412928,34.85765355526238,13602900
2021-12-07,36.26057434082031,37.046204663739594,35.72746843253086,35.72746843253086,18048200
2021-12-08,36.21380615234375,36.756263153142626,35.78357745154638,36.34474392606118,14213800
2021-12-09,35.97999954223633,36.316698824395004,35.48430179115254,35.66200617217402,11526700
2021-12-10,35.8864631652832,36.662742314785866,35.428180893228706,36.45698088859726,10018500
2021-12-13,35.19437026977539,36.36346305713902,34.820259150703805,36.11093858693391,11557800
2021-12-14,35.50300979614258,36.26993439836382,34.96990375722751,35.12890223552556,12609600
2021-12-15,34.838958740234375,35.03536543659491,33.464104730135844,34.84830991100932,23245200
2021-12-16,35.80229187011719,36.67209707980829,35.62459107321864,35.923878503672825,17549100
2021-12-17,35.54041290283203,36.176399524410954,35.11953887858315,35.78358257918291,19628600
2021-12-20,34.997947692871094,35.20370909295918,34.333904078860925,34.651897348184875,13373700
2021-12-21,36.6440315246582,36.84043818651698,35.60587692942357,35.708757628812485,13560800
2021-12-22,37.541893005371094,37.56995008010402,36.47568135207926,36.65338210503233,13244500
2021-12-23,38.46782302856445,38.617466735226486,37.26131863672136,37.336138706158685,17727500
2021-12-27,39.272151947021484,39.31891492764989,38.00017889432313,38.34622923231741,11409000
2021-12-28,39.272151947021484,39.50597041795025,38.94480394704918,39.094447625732116,10835200
2021-12-29,39.26279830932617,39.47791088046798,38.7390436353808,38.99156801918731,14596200
2021-12-30,38.92610168457031,40.00166817862611,38.879338699565075,39.33762451530536,12001000
2021-12-31,39.02898406982422,39.253451402399456,38.70163959293035,38.94480926608191,8793200
2022-01-03,38.795162200927734,39.32826805577878,38.617461438573024,38.795162200927734,12658000
2022-01-04,39.42179489135742,39.74913931744525,38.77645364023191,39.11315280294319,14448600
2022-01-05,38.98222351074219,40.89018346921009,38.83257980230083,39.45921171646545,22270600
2022-01-06,37.90665817260742,39.18798625981047,37.672839647352674,38.79516928213297,16145800
2022-01-07,39.16927719116211,39.38438978891593,37.831835049129296,38.34623504965254,16974600
2022-01-10,38.92610168457031,39.15992017738357,38.046945435995816,38.91675051468409,12066900
2022-01-11,40.207427978515625,40.235485054834065,38.6268127472212,39.12251035816407,17291600
2022-01-12,42.227622985839844,42.50820447533041,41.30170014595505,42.07797928692573,28622600
2022-01-13,41.59890365600586,42.84696269187022,41.51444826412932,41.758428518617066,22954000
2022-01-14,41.364295959472656,41.72088212556246,40.40713627115318,40.63234820976999,19204600
2022-01-18,41.56135559082031,43.353683005491405,40.754338421339675,41.19538352086493,25895000
2022-01-19,41.364295959472656,42.69681007204654,41.336141782386136,42.26515087329832,18064400
2022-01-20,40.52912902832031,42.13378127057347,40.45405956710124,41.795959745888595,17598500
2022-01-21,38.46467971801758,40.09747937157527,38.192545249197806,39.97548744078012,24839300
2022-01-24,37.49812698364258,37.59196829021615,35.16153393499785,37.15092309851991,30985600
2022-01-25,37.18846130371094,37.40429094907546,35.6776502064793,36.89755860969094,27054500
2022-01-26,36.0623893737793,38.295762377859724,35.4149004602702,37.132155222046435,24866900
2022-01-27,34.814334869384766,36.64419962271851,34.47651682325852,36.043629434475385,24521300
2022-01-28,33.81962966918945,34.23252063012832,32.787396897323184,34.17621585285872,30157400
2022-01-31,34.92693328857422,34.964466228569165,33.44427297854778,33.763326236421854,20213700
2022-02-01,36.61604309082031,36.68173022080388,35.208455597435176,35.84656221414418,22363000
2022-02-02,36.96323776245117,37.40428287894481,35.98730981857041,36.625416275747895,19673300
2022-02-03,35.8465576171875,36.70987611750544,35.64949625250792,36.30636746810651,16367000
2022-02-04,36.053001403808594,36.43774537335787,35.38674426666261,35.68702927438135,15184300
2022-02-07,36.50343704223633,37.00078347703415,35.83717624241573,36.05300589486912,13817400
2022-02-08,38.126853942871094,38.19254107234309,36.57850628033391,36.75679940608931,18641700
2022-02-09,40.876346588134766,41.101558607202115,38.72742858631769,38.84942051812613,26474800
2022-02-10,41.20477294921875,42.75312044354724,40.163157752635556,40.21946253450048,29329400
2022-02-11,40.16315460205078,41.45813584592227,39.722113040918444,39.97547559023646,23462800
2022-02-14,39.834716796875,40.35083136585121,39.18722442117246,40.116233509073,17130400
2022-02-15,40.97955322265625,40.99832148136405,39.26229871720488,39.881636935844945,15759100
2022-02-16,41.52382278442383,41.702115876056546,40.8575656960454,40.913866893571836,11736000
2022-02-17,40.54789733886719,41.48628887318772,40.31329945528705,41.25169098960759,12251700
2022-02-18,40.36961364746094,41.148476941091175,40.14439805166012,40.69804932916999,15846700
2022-02-22,39.75027084350586,40.77311788459498,39.22477023112831,40.36022326784117,14429600
2022-02-23,39.84409713745117,40.52912241532019,39.459356814821206,39.928552504842095,13945700
2022-02-24,41.02648162841797,41.22354300400234,38.70865324612231,38.83064515563257,20397700
2022-02-25,43.48506546020508,43.513216061783744,41.04524881214071,41.14846887782241,29087900
2022-02-28,44.057491302490234,44.49853297002608,43.184786729736786,43.259856204765754,23876900
2022-03-01,44.95833969116211,46.497301283479786,44.263928358695004,44.58298163366426,27302500
2022-03-02,45.19293975830078,45.78412747443876,44.51729665414309,45.202322099334125,19132900
2022-03-03,46.065635681152344,46.0937862787012,44.49852012347954,45.74658245010801,22678700
2022-03-04,47.02280044555664,47.351236051311666,45.64336374202628,46.037490048611936,25481300
2022-03-07,44.245155334472656,46.337767698183704,43.83226083314626,45.887340261928685,27210600
2022-03-08,43.79473114013672,45.268009140698474,43.25046591226517,43.54136857626799,23946900
2022-03-09,44.09502029418945,44.62990318870259,42.13378182108138,42.856340160934124,23418100
2022-03-10,44.77066421508789,44.89265613040705,43.49445101393986,44.71436300777137,16686600
2022-03-11,44.038719177246094,44.83635062534941,43.738434144100374,44.226398217882156,14331200
2022-03-14,41.777191162109375,43.37245747205543,41.420601379961525,43.31615269181748,21012000
2022-03-15,41.55197525024414,41.720886009771924,40.35083525331727,40.669888512460915,18570100
2022-03-16,43.56013488769531,43.89795642507438,42.18070171630378,42.48098673182301,20461600
2022-03-17,45.59645080566406,45.79351219472195,43.879192353267946,44.12317618897017,18150900
2022-03-18,45.11786651611328,46.42223017108991,45.02402521523175,45.3524643987977,27493100
2022-03-21,46.45977020263672,46.91958369793576,45.371236004031815,45.371236004031815,15327100
2022-03-22,46.78820037841797,47.65151883308029,45.69966639054666,46.863269836368,15558200
2022-03-23,46.74127960205078,47.313695381933115,46.61928771074765,46.928955029065676,11371700
2022-03-24,48.280242919921875,48.74005274581553,46.97587932039575,47.05094877823005,18021600
2022-03-25,48.73067855834961,48.78698334590442,47.78290098941731,47.961197693500836,11525800
2022-03-28,47.17293930053711,47.97057061265441,45.93426285506965,47.97057061265441,14166900
2022-03-29,47.00404357910156,47.00404357910156,44.704983042482894,46.009347021060044,15729400
2022-03-30,47.651527404785156,48.2614834163674,47.06034323566649,47.49200254064586,11190300
2022-03-31,46.67558670043945,48.11132430125972,46.67558670043945,47.463835567095046,10964400
2022-04-01,47.8204345703125,48.65560251271675,46.76005465091467,46.80697351448168,16632900
2022-04-04,47.76413345336914,48.58991547676425,47.4544625098361,48.58991547676425,12298500
2022-04-05,46.065635681152344,48.38346367078851,45.877956678241695,47.84858083928466,13805900
2022-04-06,45.09910202026367,46.00933944687267,44.51729664527494,45.896733456095454,13635800
2022-04-07,45.49321746826172,45.91549434042738,44.55482600997329,45.52136806651299,11154300
2022-04-08,45.95303726196289,46.309623488437744,45.258625910996386,45.896732477934314,9620300
2022-04-11,44.78004837036133,45.868582484945335,44.67682472144459,45.71843997188823,9370600
2022-04-12,45.042789459228516,46.28146588298296,44.90202931029671,45.64335941260288,11646600
2022-04-13,46.53010177612305,46.55834062389212,45.29695395395503,45.64524983397962,11976500
2022-04-14,46.30418395996094,47.46202349369603,46.25711801291185,46.78426595620572,12110200
2022-04-18,47.79148483276367,48.328044445216975,46.520682915715575,46.75601620506881,14267000
2022-04-19,47.66911697387695,47.93268914456647,46.80309207538196,47.132557288743854,10278500
2022-04-20,46.972537994384766,47.556163695665184,46.01237749756101,46.88781784493261,13101800
2022-04-21,42.312931060791016,45.92765094893486,41.87050327630707,45.64525168707548,31430900
2022-04-22,39.451271057128906,41.98345586629095,38.71703236998248,41.870496896937865,32547600
2022-04-25,39.2065315246582,39.611305111761475,37.239144877191606,37.672157312869075,31955300
2022-04-26,37.82277297973633,39.37597438977956,37.72864108435864,39.05592091823314,18707700
2022-04-27,39.24418258666992,40.39261032085939,39.08415765500165,39.63012908228912,22816500
2022-04-28,39.38539123535156,39.969016962137594,38.161658482709086,39.43245718912587,15184900
2022-04-29,38.17105484008789,40.94798808346878,38.01102994362389,39.987827931982814,17202000
2022-05-02,37.82277297973633,38.26520078799504,36.73082647520768,37.5968514035676,21723800
2022-05-03,37.794532775878906,38.49111739489296,37.4838910686337,37.97338480705246,16184300
2022-05-04,38.87705612182617,38.98060333686426,36.93791224347936,37.91689593361042,17667500
2022-05-05,37.314453125,38.66997543648043,36.58962602031154,38.604078798870816,22061300
2022-05-06,35.65770721435547,36.90967866434746,35.394131442592695,36.872024469681115,22379500
2022-05-09,33.43614959716797,34.78225611495104,33.2761211150837,33.98212088633074,30392800
2022-05-10,33.953887939453125,34.48103581956224,32.93724995962266,34.48103581956224,26543200
2022-05-11,33.80327606201172,35.60122238322633,33.71855592788532,35.06466273072625,22542800
2022-05-12,32.32538604736328,33.43615964175242,31.468772877883683,32.29714719711831,27193400
2022-05-13,32.98431396484375,33.6997255685888,32.56071333523769,32.73015358708012,18988000
2022-05-16,33.08786392211914,34.0103700413118,32.89018121801259,33.097275674266484,17882500
2022-05-17,35.43177795410156,35.60121820245642,34.41514005487328,34.9140454578621,22673600
2022-05-18,33.2667236328125,35.39413560928244,33.05962912866954,34.979950191898595,18276000
2022-05-19,34.56575393676758,35.384712760435164,33.53970067388943,33.53970067388943,18860200
2022-05-20,34.179813385009766,35.29999871827857,33.41733211997038,35.12114668416386,21630900
2022-05-23,36.100135803222656,36.37312336124461,34.89523015526655,35.394135726829234,19211900
2022-05-24,35.28116989135742,35.71418232591895,34.55634285564284,35.69535522995088,15922900
2022-05-25,35.61064147949219,35.827147713766315,34.76344004893978,34.89522614015867,12859800
2022-05-26,36.23191452026367,36.439005371432515,34.81049945298594,35.422367436791745,10011800
2022-05-27,37.32386016845703,37.37092610693775,36.42959297371968,36.79671232113058,11914400
2022-05-31,36.78730392456055,38.594661981526244,36.420180952769456,37.70039470523746,16890100
2022-06-01,37.314453125,37.63450660511047,36.5707989225519,37.01322674264918,12817600
2022-06-02,39.272430419921875,39.79016306940588,38.83941432878983,39.328908125489846,19239100
2022-06-03,38.90530014038086,39.47951033559477,38.594658482620005,38.622897327543384,13459900
2022-06-06,40.27022933959961,40.449084928866625,39.23476435385717,39.3947892590952,15137400
2022-06-07,40.844444274902344,41.06095046568984,39.677193194926176,39.7713250723465,12694800
2022-06-08,39.72426223754883,40.60911416350226,39.57364906736736,40.41143505093307,12373400
2022-06-09,38.142822265625,39.79015539027343,38.12399517043515,39.70543525736975,13547900
2022-06-10,37.85101318359375,38.02986881846891,36.674346494790896,36.90026807903782,23307200
2022-06-13,34.989341735839844,36.260143289634264,34.17038312843899,35.94950171285119,30274600
2022-06-14,34.659889221191406,35.44119752527011,34.311596931746124,35.28116900899441,16368800
2022-06-15,34.73520278930664,35.36589442357278,33.7844540747031,35.300001374945026,17094500
2022-06-16,32.82429122924805,33.91623771573107,32.475998913024576,33.398505117906645,20474600
2022-06-17,31.83588981628418,32.94666332420077,31.459355084789923,32.513650896613306,30089700
2022-06-21,32.033573150634766,32.73016141831288,31.92061415267949,32.24066763930428,13634400
2022-06-22,29.482555389404297,30.35799554830184,29.34135576919999,30.35799554830184,31329200
2022-06-23,27.835224151611328,29.05895846427399,27.17629194828593,28.67301017668179,41337600
2022-06-24,29.17192268371582,29.17192268371582,27.439869034611114,28.014082999555367,35347200
2022-06-27,29.200159072875977,29.75554585734895,28.91775800873929,29.727305212300053,17053700
2022-06-28,28.974239349365234,30.405064587440084,28.880105661155515,29.68965286612804,22635000
2022-06-29,28.512985229492188,29.46373023950391,28.230584174991566,29.44490493889776,15424300
2022-06-30,27.543411254882812,28.296477140651373,27.289250845141915,27.97642369033706,21029200
2022-07-01,27.486934661865234,27.552827709389597,26.282027322081113,27.195120029327505,22967500
2022-07-05,25.660743713378906,26.329089435697846,25.048877481359305,26.206716907474174,35842200
2022-07-06,25.77370262145996,25.971383530127383,24.672342688743246,25.528957565701244,35581200
2022-07-07,27.505760192871094,27.806988376907302,27.09157480629175,27.590480339092075,24755700
2022-07-08,26.357332229614258,27.50575820182803,26.347918681221017,27.49634465343479,17509200
2022-07-11,25.331279754638672,25.707812727369756,25.18066656554624,25.463065846231842,22219500
2022-07-12,24.75706672668457,25.519548043376542,24.493494534154813,24.804134472101243,25721900
2022-07-13,24.88884925842285,25.368929385579083,23.881623064280582,24.248742422214544,26774600
2022-07-14,23.752805709838867,24.046283471492995,23.478260657614708,23.951612701564155,31890900
2022-07-15,24.443899154663086,24.73737691504486,23.55399681030172,24.036816109720288,29197400
2022-07-18,25.958627700805664,26.621321323886104,25.57047914621979,25.598880920590044,29351200
2022-07-19,26.981061935424805,27.08519994527849,25.80714928193527,25.84501650007651,22850400
2022-07-20,27.04733657836914,27.681628414722862,26.715989773283795,27.000002094369012,25186600
2022-07-21,27.36921501159668,27.501753005958633,25.930224365943555,26.971599222816074,27566100
2022-07-22,26.280506134033203,28.35378862662328,26.214237135688805,28.050841796671367,20926700
2022-07-25,26.78226089477539,27.094673187667915,26.48878131228935,27.01893692895745,16260800
2022-07-26,26.441444396972656,27.151472434246056,26.29943915065691,26.715987632423808,14626600
2022-07-27,27.72896385192871,27.84256733231436,26.28050593430097,26.488780185471168,17466300
2022-07-28,28.240182876586914,28.770336660343247,27.615358322878976,28.344320904103153,18827100
2022-07-29,29.868515014648438,30.038922049443823,28.18338279432709,28.44845879894671,26279200
2022-08-01,28.382190704345703,29.36676391208063,28.107647432835524,29.20582413026607,17320500
2022-08-02,27.766834259033203,28.39165888984635,27.000004358616156,28.050844798241005,17031900
2022-08-03,27.16094207763672,28.02244269409289,26.981067786796853,28.02244269409289,17600000
2022-08-04,27.227209091186523,27.870968143472577,27.00946758988233,27.284010829419202,12475300
2022-08-05,28.65673065185547,28.874472139541044,26.98106413039081,27.094669405445444,17881000
2022-08-08,28.988079071044922,29.97265035310265,28.789270279762544,29.29102408090884,15915700
2022-08-09,28.448457717895508,29.11115131565167,28.1644472078256,29.054349574776648,12976800
2022-08-10,29.726511001586914,29.906385302051493,28.95968111852519,29.30996065524076,17104900
2022-08-11,29.982118606567383,31.080297012354514,29.85904786935649,30.379734396648743,14663700
2022-08-12,29.934782028198242,30.00105102095562,29.404626474749982,29.575033487951593,10878800
2022-08-15,28.874475479125977,29.111151507643402,28.17391465139777,28.618864934960403,16050600
2022-08-16,29.717042922973633,29.792779183337863,29.092218323545016,29.300494393817807,11931700
2022-08-17,28.637800216674805,29.063817801680138,28.410591439903577,29.054350543602812,12467000
2022-08-18,29.565570831298828,29.726510612620224,28.92181170601324,29.063818776239987,12556200
2022-08-19,28.827144622802734,29.366765746807758,28.43899603165193,29.253160444319583,13799000
2022-08-22,28.268583297729492,28.31591777759481,27.728962282208386,28.306450520482812,14027500
2022-08-23,30.095722198486328,30.332398207701118,28.770335102327774,28.855538610100673,18021900
2022-08-24,29.650772094726562,29.963184375199933,29.25315630087911,29.41409606995295,10531400
2022-08-25,31.45897674560547,31.477911260933677,30.199860367395914,30.199860367395914,18058800
2022-08-26,30.474401473999023,32.083799049832905,30.332398036107058,32.0175300565388,15736100
2022-08-29,29.821178436279297,30.322930441626035,29.45196442393815,29.792776663908928,12645500
2022-08-30,28.173912048339844,29.5371663522403,27.86149979178918,29.480362810544083,19734800
2022-08-31,28.022441864013672,28.315919630915456,27.55855706933189,28.117112635635312,19624100
2022-09-01,26.59292221069336,27.018939840404872,26.11010283225199,26.971603545050797,19731900
2022-09-02,26.79172706604004,27.577491448381284,26.649721802859307,27.340815407848442,13699900
2022-09-06,26.621320724487305,27.378683300359636,26.365710177994835,27.047336496279936,14929200
2022-09-07,26.867460250854492,26.9621310173682,25.845019945034746,26.166899467764544,13627400
2022-09-08,28.988079071044922,29.007011779890398,26.93373119149871,27.056801924620416,21393900
2022-09-09,30.455467224121094,30.559605246311886,29.470895961780126,29.63183572075923,17883000
2022-09-12,30.455467224121094,31.032957266168708,30.19985850572635,30.909888341206237,12635900
2022-09-13,29.39516258239746,30.01998716519101,29.01648129065816,29.111152065016693,17693700
2022-09-14,28.429527282714844,29.063819157935825,27.956175190928885,28.89341211598169,20529700
2022-09-15,28.192846298217773,29.215286565144492,27.927768523201728,28.25911529054813,13837400
2022-09-16,27.766834259033203,28.06031205697393,27.160944145685903,27.710032512330635,27657400
2022-09-19,28.86501121520996,28.98808377399332,26.962135531878296,26.962135531878296,18022100
2022-09-20,28.136043548583984,28.344319593989656,27.79523132048367,28.325385079735565,14182100
2022-09-21,26.602388381958008,28.38219148350702,26.583453864590634,28.334856995783547,18878100
2022-09-22,26.83906364440918,27.501755481566807,26.64972208768134,27.22721221057584,16103400
2022-09-23,25.25806427001953,25.797685288051106,24.64270700043431,25.65568004209985,26058200
2022-09-26,25.08765983581543,25.807155202507104,24.72791305531702,24.78471479840733,17105500
2022-09-27,25.437938690185547,25.87342168768778,25.002453886988633,25.655680188936664,15322300
2022-09-28,26.375179290771484,26.498250040870285,25.381138808625284,25.532611334452238,14899300
2022-09-29,26.668659210205078,26.697060988197777,25.419009869647706,26.488784894308157,17580400
2022-09-30,25.873424530029297,26.905332205273773,25.835557302723153,26.365711124873332,16108400
2022-10-03,27.77629852294922,27.899369261817895,26.403576851495586,26.55504936350077,16515200
2022-10-04,29.139554977416992,29.338361986211282,28.353790589225216,28.448459561587313,17325900
2022-10-05,28.883941650390625,29.13008492747268,28.012973825982872,28.401122353694454,13118100
2022-10-06,28.230716705322266,28.476859994389972,27.672161127379162,28.11711322156475,18258700
2022-10-07,27.407085418701172,28.259118778694535,27.22721112753424,27.833101195850436,12667300
2022-10-10,27.700563430786133,28.50526231318236,27.5680254286367,27.757365173750912,11617700
2022-10-11,27.624826431274414,28.268585519939077,26.725456797576168,27.142007114775915,13833900
2022-10-12,27.302946090698242,27.426016827850372,26.611852538601838,27.359747830484245,15818400
2022-10-13,27.940555572509766,28.368798684594992,26.17047896017799,26.35129368668626,16285500
2022-10-14,26.303707122802734,28.04523328383235,26.23709165565365,28.00716808051945,13972100
2022-10-17,27.426660537719727,27.950071184589962,27.10309812042117,27.16019865180477,13874400
2022-10-18,27.11261558532715,28.140401580373357,26.484524244750883,28.03571908523214,14492100
2022-10-19,26.988903045654297,27.34101394426932,26.52259288943117,26.74147283344977,12703600
2022-10-20,27.712160110473633,29.12060733217229,26.798571496982873,26.988902987541337,26954400
2022-10-21,30.481473922729492,30.57664149297618,27.398117252168973,27.73119467235336,27259400
2022-10-24,29.54884910583496,30.253074499469786,29.14915444613152,29.615466395065145,19179500
2022-10-25,30.138874053955078,30.462434656012103,29.073021065238272,29.082537820465753,15134000
2022-10-26,31.728139877319336,32.137351328053185,30.77648601612832,30.919235547415525,19799800
2022-10-27,31.157142639160156,31.737648326309575,30.824061677716024,31.69958493865449,14606700
2022-10-28,30.643251419067383,30.843097834930703,29.929511107894715,30.614699338036232,13156900
2022-10-31,30.157907485961914,30.8050305035281,29.872410275286533,30.20548944684008,13138500
2022-11-01,31.309412002563477,32.10880135331786,31.109561942171474,32.06121575829473,16684600
2022-11-02,29.510780334472656,31.775715255827382,29.46319656219789,31.09052345615327,20061600
2022-11-03,30.034191131591797,30.13887362245989,28.816075522081327,29.073020649002792,15062200
2022-11-04,33.48869705200195,34.040658017270495,32.47042774185467,33.02238870712321,30363400
2022-11-07,32.78446578979492,33.52675440313654,32.47041837321487,33.27932607544608,12396400
2022-11-08,33.74563980102539,34.459380085972306,32.670273718833684,33.11754849548293,18453300
2022-11-09,32.38478088378906,34.03114168643663,32.042184900760155,33.20320381429778,14161900
2022-11-10,34.9732780456543,35.17312447750722,33.98355719704279,34.135821663731384,21126200
2022-11-11,36.20091247558594,37.361927676750994,35.91541705334113,35.91541705334113,22053500
2022-11-14,36.05815887451172,36.6767352446982,35.477649524395055,35.66798099447326,14006700
2022-11-15,36.24849319458008,36.58157057070159,35.75363278557732,36.400757656560074,15132100
2022-11-16,35.57282257080078,35.85831800489357,35.19215957182946,35.53475554484937,12620100
2022-11-17,34.60213088989258,34.65922779145159,33.60289517962934,34.06920348362574,13618400
2022-11-18,34.583091735839844,34.897135533980034,34.09775000043396,34.687774211976695,9136200
2022-11-21,34.38324737548828,34.60212727925722,33.4411086650936,34.27856489319214,10425300
2022-11-22,36.02960968017578,36.05815812950287,35.03037402074924,35.201671977253305,11848000
2022-11-23,36.20091247558594,36.343658371572715,35.306355554208615,35.3539411498088,8632400
2022-11-25,35.35393524169922,36.20090642593629,35.29683471468401,36.04864198416637,5219800
2022-11-28,34.440345764160156,35.10650407379376,34.37373029622387,34.763908164252435,10420000
2022-11-29,35.696537017822266,35.84880150013533,35.125546116716166,35.27781059902923,8912700
2022-11-30,37.87582015991211,37.87582015991211,35.95347906624812,36.476891555572585,23334200
2022-12-01,37.65694046020508,38.151800870321466,36.83851761386918,37.961469384850375,12098000
2022-12-02,38.275516510009766,38.34213198473931,36.581570299008334,36.819483745977024,15008700
2022-12-05,36.981266021728516,38.6371415458313,36.83851650435678,38.351646141358856,12200500
2022-12-06,36.6005973815918,37.93291390270673,36.353169037523834,37.17159173218554,14971800
2022-12-07,36.686256408691406,37.29531431205646,36.40076097027297,36.49592490632196,12273600
2022-12-08,37.932918548583984,38.11373145176851,37.38095763843504,37.75210201512854,12677600
2022-12-09,36.72431564331055,38.5990745539284,36.676733685381656,38.13276265357564,10601800
2022-12-12,37.00029754638672,37.05739444605337,36.03912525892862,36.26752374840773,9557200
2022-12-13,37.36191940307617,39.170062727337964,36.895611163735374,39.103447264574996,12513200
2022-12-14,37.52370834350586,37.96146820529734,36.981265986444456,37.143045384391776,11163700
2022-12-15,36.30558776855469,37.02884293664848,35.91540992189806,36.553016117297936,11046700
2022-12-16,36.505435943603516,37.16207567946687,36.02009053122002,36.32461942004975,29060700
2022-12-19,35.55378723144531,36.85755194600055,35.29684026487962,36.68625396829008,9245700
2022-12-20,35.972511291503906,36.53398715339092,35.82976540610476,35.82976540610476,7608100
2022-12-21,36.591087341308594,36.971746662394445,36.28655843233154,36.51495329892885,7266700
2022-12-22,35.84879684448242,36.20091136369826,35.068441020188146,36.20091136369826,11351300
2022-12-23,36.25800704956055,36.277040560522025,35.51571827341783,36.039127118910024,6598000
2022-12-27,37.00029754638672,37.3619233451783,36.5530191375535,36.80044750674094,10559300
2022-12-28,36.048648834228516,37.095466616532015,35.763153405443134,37.009817624869264,8305500
2022-12-29,36.457855224609375,36.705283593842154,36.21994179523251,36.286557265036365,6455800
2022-12-30,36.162841796875,36.362688209224295,35.64894791060176,36.162841796875,6820100
2023-01-03,36.08671569824219,37.181119182441805,35.77267178547041,36.115267785055394,8576100
2023-01-04,37.114505767822266,37.25725531903803,35.89638981712946,36.16285177377554,10415600
2023-01-05,37.91388702392578,38.32309844280749,36.79093526470681,37.01933377093402,12341000
2023-01-06,40.23591995239258,40.54044886624018,38.580044437130105,38.74182383436808,16483800
2023-01-09,40.759334564208984,42.04406575999372,40.759334564208984,41.111445458637114,17009500
2023-01-10,42.548439025878906,42.65312152102972,40.930626896891475,41.14951045780917,16052500
2023-01-11,43.128944396972656,43.176526354818996,42.09164174273138,42.84344901962392,18910300
2023-01-12,43.062110900878906,43.778221416807,42.240973902168896,43.472681221397124,12834900
2023-01-13,43.014373779296875,43.377204151267094,42.470130042504884,42.737476820626796,11109600
2023-01-17,42.15504455566406,43.14804846524616,42.0500144204374,42.66109487012694,12644000
2023-01-18,41.93543243408203,44.284277827220706,41.90678917737082,43.23398015911437,19797400
2023-01-19,42.14549255371094,42.46058294577578,41.037908375925966,41.123841788095774,13731200
2023-01-20,43.35810470581055,43.386747961000395,41.410283221718984,41.868593516388806,12365100
2023-01-23,42.91889190673828,43.491778874879174,42.135944683860025,43.195788853014534,11735800
2023-01-24,42.57516098022461,43.44404166788933,40.77056290909995,40.77056290909995,9720800
2023-01-25,44.53252029418945,44.61845369200356,41.98316889624763,42.23141891086282,18821700
2023-01-26,43.39630126953125,44.37975862009887,42.260070167399945,44.17924853466159,15945700
2023-01-27,42.79476547241211,43.48223275464413,42.66109208805067,42.95708575508425,10871300
2023-01-30,41.99271774291992,42.985725140661636,41.964074489514786,42.36509460649151,8850300
2023-01-31,42.603797912597656,42.823404686510514,41.46757061044167,41.72537081694621,10931900
2023-02-01,42.785213470458984,43.27216697163383,41.228865746311065,42.269613074631906,13159900
2023-02-02,41.73491287231445,42.909333480949414,40.885129121195924,42.67063001637339,14696200
2023-02-03,41.209774017333984,42.7565717496629,41.01881047995752,41.41983427268074,13162800
2023-02-06,41.00925827026367,41.15247817174279,40.254954405231835,40.76100461331156,11026500
2023-02-07,41.715824127197266,41.86859422801713,40.42682662917509,41.07610046824113,12585600
2023-02-08,41.07609558105469,41.62988576476493,40.95196875067998,41.333895778451655,6826000
2023-02-09,40.99972152709961,42.08821280360148,40.65599146551331,41.98318265603599,9417800
2023-02-10,40.44591522216797,40.79919532640968,39.92076833373823,40.770552076486936,8030400
2023-02-13,40.20721435546875,40.57004466132395,39.443363955504665,39.91122073196504,8600600
2023-02-14,41.03791046142578,41.20023075591841,39.66297943916304,40.07354980235833,9376200
2023-02-15,40.3981819152832,40.47456514177275,39.462464626246444,39.853938223112095,10787200
2023-02-16,40.827842712402344,41.505763381965636,40.05444574753292,40.417276066722636,11010300
2023-02-17,39.85393524169922,40.226312093503935,39.33833484274218,40.216761914453194,11621300
2023-02-21,40.73236846923828,41.47712228540136,40.47456823079876,40.56050164361193,15233000
2023-02-22,39.901676177978516,40.56049649774457,39.58658582352984,40.1308294881901,9818800
2023-02-23,38.755897521972656,39.96851164882452,38.135267011221536,39.84438481820907,12760600
2023-02-24,38.087528228759766,38.13526819822826,37.24729092527473,37.58147799620658,11207300
2023-02-27,38.29758834838867,38.7749953262697,38.01114489012529,38.32623160151716,8130300
2023-02-28,39.118736267089844,39.49111319687802,38.31669224818959,38.679518996927015,11700900
2023-03-01,41.05699920654297,41.429376058434784,40.41727561838546,40.675072175598174,14042800
2023-03-02,40.8851318359375,41.01880520220375,39.97805788185441,39.97805788185441,9786500
2023-03-03,41.7540168762207,41.897240436901455,40.80875303117239,41.228869890935364,10232200
2023-03-06,40.79920196533203,41.07609890072835,40.675075124925684,41.07609890072835,8697800
2023-03-07,38.32624053955078,40.398189200761664,38.17347041669449,40.28360887687417,16238900
2023-03-08,38.708160400390625,39.56749081424516,38.33578352348769,38.33578352348769,9938600
2023-03-09,37.400062561035156,39.05189398316207,37.11361909004152,38.67951346431135,11896900
2023-03-10,36.168357849121094,37.72470215462137,36.0442310006581,37.38097215032838,18172000
2023-03-13,35.910552978515625,36.588470003878165,34.66929558109767,35.40450275427685,18949400
2023-03-14,36.32112121582031,37.22819513893794,35.891454237256596,37.084971598641395,17198000
2023-03-15,33.90544128417969,34.75522874726094,33.351651094991695,34.60245866310637,26465400
2023-03-16,34.46878433227539,34.50697776686498,33.303913715904116,33.59035719067324,25292000
2023-03-17,34.59291076660156,34.84116444618721,33.87680026693939,34.59291076660156,18290700
2023-03-20,35.75778579711914,35.92010243229167,35.08941525428649,35.309022041928024,11952500
2023-03-21,36.53118133544922,36.69350160634003,35.95829440338748,36.24473786941835,11516000
2023-03-22,36.13016128540039,37.60057569431423,36.07287113514648,36.61711481441664,12672800
2023-03-23,36.08242416381836,37.49554853406113,35.700497083287196,36.52163775680059,15292600
2023-03-24,36.29248046875,36.48344400737776,35.089416367350246,35.68140005900241,13894800
2023-03-27,36.26383590698242,36.63621279061841,35.700495491594886,36.588472818262126,12486000
2023-03-28,36.6362190246582,36.87492256938396,36.378418759275135,36.6362190246582,6945900
2023-03-29,37.65786361694336,38.01114742662495,37.142266814593754,37.23774675961091,11948800
2023-03-30,38.38351821899414,39.290592121986734,38.22119796743768,38.56493154266232,12550600
2023-03-31,39.06143569946289,39.24284902549224,38.412161969438195,38.44080522030443,11181300
2023-04-03,39.33833694458008,39.4815568570585,38.641323172004775,39.27150025695822,10302400
2023-04-04,38.44080352783203,38.95640387467888,37.91565664522538,38.918210446988205,12783000
2023-04-05,38.49810791015625,38.58404133308492,37.78199726652637,38.068440795512906,10516000
2023-04-06,38.46945571899414,38.63177234555027,37.76289177868932,38.41216556956632,8095600
2023-04-10,38.31668472290039,38.55538820971231,37.7437941691561,38.19255788990687,9373900
2023-04-11,39.271507263183594,39.634334020053345,38.96596702459488,39.16647712323242,11684300
2023-04-12,39.2619514465332,39.77755189101858,39.02324794175217,39.41472154390001,9918400
2023-04-13,41.15940856933594,41.45648228162948,39.87527323095131,39.98068789879557,17383700
2023-04-14,41.36064529418945,41.64813746463562,40.62274640812548,41.331897173843224,11637600
2023-04-17,40.364009857177734,41.25523831010338,40.00943623627395,41.07316075464727,12149100
2023-04-18,41.168983459472656,41.22648335698677,40.632332371986394,40.651495348829734,14166400
2023-04-19,40.14359664916992,40.66108481481714,40.095681890645935,40.3448408283677,11655000
2023-04-20,39.63569259643555,40.04776608920177,39.35778188630732,39.47277803490251,11494200
2023-04-21,38.006553649902344,39.00319638172315,37.25907342886701,38.13113490529508,22431500
2023-04-24,37.881988525390625,37.901155161740306,36.84701575214269,37.55616301877029,12908000
2023-04-25,36.17619705200195,36.68410010570167,35.55329418354375,36.597852072463795,20736100
2023-04-26,35.72578811645508,36.46368709994204,35.52454393613912,36.406190851658494,10484500
2023-04-27,35.907867431640625,35.92703406528229,35.150801853271844,35.639538216318854,10761200
2023-04-28,36.329524993896484,36.34869162890411,35.37121517748596,35.48621133186991,9463200
2023-05-01,36.061195373535156,37.23991587693494,35.792866169163304,37.23991587693494,9629300
2023-05-02,35.07413101196289,35.62995235233739,34.729142615758626,35.50537107679463,10714600
2023-05-03,34.81539535522461,35.534127675631446,34.76747694266819,35.16996894304006,12554000
2023-05-04,33.75167465209961,34.815399188321244,33.31084933541338,34.671651246148905,19129300
2023-05-05,34.94955825805664,35.189135699023495,34.26915554740793,34.412903474252694,13540300
2023-05-08,35.03580093383789,35.85994413417963,34.9303862910011,35.64911850416713,9274700
2023-05-09,35.13163375854492,35.38079267420121,34.65247890441547,34.78664167866589,11133300
2023-05-10,34.72915267944336,35.457466601137526,34.02958322951927,35.40955183686302,11944500
2023-05-11,33.10002517700195,33.502513584584335,32.86044769944229,33.31085087140416,17097700
2023-05-12,33.53126525878906,33.53126525878906,32.9371104842949,33.253354508363934,10943100
2023-05-15,34.62373733520508,34.738733498372916,33.50251286341674,33.76125697229097,13039800
2023-05-16,33.78042221069336,34.78664682200715,33.70375566797972,34.451239836789874,12940400
2023-05-17,34.326656341552734,34.997473924829244,33.93374947438048,34.815396380999765,14459700
2023-05-18,34.19249725341797,34.36499332650361,33.37793530713965,33.65584239763351,9791600
2023-05-19,34.24040603637695,34.729146043308894,33.95291385000248,34.527898222751425,8720600
2023-05-22,34.13499450683594,34.53748652913822,34.11582787190137,34.23082768150878,6280800
2023-05-23,33.23418426513672,33.770839070929945,33.07126969765983,33.75167243618785,11101800
2023-05-24,31.82546615600586,32.707113033483935,31.67213674109597,32.67836125492097,17677500
2023-05-25,32.22795867919922,32.33337333910115,31.681722401218018,32.007547870159584,12397000
2023-05-26,33.3204231262207,33.665415145337384,33.0329309955104,33.41625261790388,14099700
2023-05-30,32.802940368652344,33.29168035949023,32.42920017310653,33.27251372694155,13296500
2023-05-31,32.908355712890625,32.985018589038496,31.92129787764509,32.32378620265966,16890300
2023-06-01,33.991241455078125,34.393729717835164,33.23417602104174,33.406672035269295,14008700
2023-06-02,35.6395378112793,35.99411504612805,35.0933015535152,35.7353709783985,20451100
2023-06-05,35.495792388916016,35.88869922216414,34.75789347658926,35.88869922216414,10166900
2023-06-06,36.16661834716797,36.23369974977877,35.38080084178288,35.38080084178288,8924700
2023-06-07,36.003700256347656,36.71285114368139,35.96536698553785,36.21452959013967,15290200
2023-06-08,36.2624397277832,36.482850523346904,35.850366258267144,36.30077299370596,9407100
2023-06-09,36.310359954833984,36.463689385972465,35.98453445670696,36.22411192133971,9268800
2023-06-12,36.24327850341797,36.597852126963026,35.342468553773614,35.90787151569454,10721100
2023-06-13,38.15989685058594,38.44738906628711,37.53699400351518,37.60407905431859,17147800
2023-06-14,38.389888763427734,39.05112115529522,37.87240063640372,38.90737323479028,10557700
2023-06-15,38.409053802490234,38.821123602469,38.217391134991836,38.34196876155367,12694600
2023-06-16,38.22697830200195,38.4761409034618,37.92990459612689,38.13114878184778,16144200
2023-06-20,37.757408142089844,38.006567085292914,36.9715943868916,37.90115242082406,11959300
2023-06-21,38.11198806762695,38.37073219903503,37.28784090588177,37.34534082030438,10526700
2023-06-22,38.064064025878906,38.11197878172553,37.51782776677195,37.84365322445518,10897100
2023-06-23,36.77035140991211,36.94284749173256,36.319948223525216,36.87576608832042,12456600
2023-06-26,37.6328239440918,37.92031613507876,36.83742510484428,36.83742510484428,9130600
2023-06-27,38.72529602050781,38.82112553118737,37.80531955760266,37.92031570155043,12084700
2023-06-28,37.58491134643555,38.09281436819978,37.14408606223646,38.09281436819978,14802000
2023-06-29,37.7094841003418,37.75740250843195,36.9907518469249,37.30699579314575,10597100
2023-06-30,38.3323974609375,38.4186455014511,37.79574258044595,38.2461494204239,12637600
2023-07-03,39.060707092285156,39.58778042371916,38.600718812211575,38.72530011379251,6915700
2023-07-05,37.54658126831055,38.53363927167718,37.16325585529679,38.50489114518287,13610800
2023-07-06,36.329524993896484,37.00034259651622,35.64912590160385,36.6936837477178,17541100
2023-07-07,37.02908706665039,37.50824192756597,36.23369189847449,36.45410269581628,11158400
2023-07-10,37.354915618896484,37.38366374312594,36.62660177834309,36.645768413049986,9122300
2023-07-11,38.054481506347656,38.16948131510621,37.33574915208475,37.699907901829924,11554100
2023-07-12,39.02237319946289,39.34819865242023,38.72529586846425,38.90737340030513,11778100
2023-07-13,40.47477722167969,40.62867355955315,39.6187249437568,39.6187249437568,16155700
2023-07-14,39.5129280090332,40.48439804771799,39.34941107033667,40.48439804771799,13132300
2023-07-17,38.91657638549805,38.98390581041723,38.310611561225386,38.53183733869963,8037400
2023-07-18,38.86847686767578,39.31092833616106,38.53182980886693,38.67610554728026,8934200
2023-07-19,39.11855697631836,39.18589005718999,38.243270955120224,38.58953859764744,15002500
2023-07-20,40.29201889038086,40.88836668315954,39.73414609563378,40.15736006644804,17041800
2023-07-21,39.06085205078125,40.705619847916715,38.95504763064187,40.705619847916715,11550700
2023-07-24,40.49399948120117,40.99416335365001,39.128170331541604,39.1666453223093,16669400
2023-07-25,42.023353576660156,42.56199254331,41.24425504448012,41.340438870692196,19515400
2023-07-26,41.75403594970703,42.27343741754987,41.26349256508509,41.58090212709275,12767000
2023-07-27,41.63861846923828,42.64856341496069,41.53281404907323,42.02335747899161,13403200
2023-07-28,41.96564483642578,42.20610807163697,41.36929337129404,42.20610807163697,9641100
2023-07-31,42.946739196777344,42.99483111437409,42.35038767720771,42.40810017983068,10282600
2023-08-01,42.08106994628906,42.40810012235306,41.75403977022506,42.01374052790925,9046100
2023-08-02,40.94607925415039,41.60975646009399,40.59019469465986,41.32120131269146,10714400
2023-08-03,41.407772064208984,41.74442282504955,40.551723457543225,40.9076080500404,8557900
2023-08-04,40.88836669921875,41.51357257535556,40.65752404929404,41.263492426407495,8161900
2023-08-07,40.676761627197266,41.071121184996336,40.513244719770555,41.071121184996336,6637300
2023-08-08,41.06149673461914,41.13844672361634,39.157028537067646,39.580246138197374,10580500
2023-08-09,40.81142044067383,41.71556088121954,40.763328527623756,41.32120132352454,8842900
2023-08-10,40.76332473754883,41.388526887425485,40.590190931323924,40.95569604104066,9092400
2023-08-11,39.83994674682617,40.35934821155092,39.49368277285409,40.08040998021603,8627800
2023-08-14,39.63795852661133,39.65719602559124,38.42602544429901,39.10894014678593,12482600
2023-08-15,38.329833984375,38.91656480044584,38.089370775767435,38.84923539556991,11486800
2023-08-16,37.52187728881836,38.56068010656071,37.5026434610919,38.089370605360415,9967700
2023-08-17,38.108612060546875,38.81076425916981,38.07975764678276,38.46450028646715,10921000
2023-08-18,37.358367919921875,37.79120247193249,37.05057527608716,37.57959365335447,12635600
2023-08-21,37.2525634765625,37.771964938500204,36.98324583074787,37.56035612011571,8988200
2023-08-22,37.406463623046875,38.12785339310567,37.13714594969525,38.03166955810241,7596600
2023-08-23,37.76234817504883,38.24327468790526,37.33913416463928,37.43531799953933,9647200
2023-08-24,36.935157775878906,37.66616446337381,36.838970271486076,37.33913428679443,8152600
2023-08-25,36.86782455444336,37.27180102368835,36.30033117918654,37.13714220060668,8446600
2023-08-28,37.473785400390625,37.685394197263996,36.964004574298265,37.18523028503981,8445700
2023-08-29,38.6568717956543,38.68572988147662,37.23332975741607,37.39684667981553,9229100
2023-08-30,38.6568717956543,39.00313947209729,38.34907912085566,38.560687960721516,6655900
2023-08-31,38.387550354003906,38.80114740813275,38.16632462003369,38.7241974123982,8605100
2023-09-01,39.90727996826172,40.22468952948093,39.320549089657185,39.35902041855986,10985300
2023-09-05,39.24359893798828,40.25354378394231,39.1762695262032,39.77261731737585,6392900
2023-09-06,38.86847686767578,38.92618936454777,38.17594158192299,38.5991592206287,7647800
2023-09-07,38.2432746887207,38.3106077761659,37.79120626166713,38.08937835137049,7450800
2023-09-08,37.791202545166016,38.2240370980154,37.67577755162102,38.03166577795148,6337000
2023-09-11,38.579925537109375,39.06085205107149,38.28174977754875,38.849243210791165,6583400
2023-09-12,38.53183364868164,39.01276016300737,38.28174980649251,38.339462309115724,8955000
2023-09-13,38.224037170410156,38.714580551783364,38.089374677685946,38.445262904690445,5233600
2023-09-14,39.12818145751953,39.82071681155007,39.11856087250349,39.46482854951876,7455300
2023-09-15,38.82999801635742,39.41672883420791,38.695339206197126,39.11855313372626,11064400
2023-09-18,38.6568717956543,38.88771813634233,38.15670778181198,38.86848063552015,6683100
2023-09-19,37.33912658691406,38.93580213879571,37.18523028079935,38.666484520389304,12864800
2023-09-20,37.214088439941406,38.08937445710217,37.19485094109221,37.55073916603569,7265000
2023-09-21,35.80978775024414,36.48308560289206,35.78093333357489,36.43499368538395,12882000
2023-09-22,35.73283767700195,36.521556782973825,35.684742095348426,36.41575237402043,7816000
2023-09-25,35.78092956542969,35.81940456305556,35.030681788436056,35.348095015082926,6611100
2023-09-26,35.174957275390625,35.87710939252208,34.963348481205664,35.174957275390625,11739900
2023-09-27,35.15571594238281,35.550075408125984,34.66517267296645,35.367324713476144,10358400
2023-09-28,35.905975341796875,36.05987167970413,35.511612077407776,35.617416497689916,10314500
2023-09-29,35.867496490478516,36.76202000517617,35.607795760162,36.52155677368062,10169400
2023-10-02,35.2422981262207,35.71360777476164,34.80946348351546,35.36734006059744,8687500
2023-10-03,34.953739166259766,35.376953177457374,34.636325905977976,34.722892825220455,11198100
2023-10-04,34.4920539855957,35.155731327407096,34.097694347270924,35.155731327407096,13597300
2023-10-05,34.0207405090332,34.65556335955265,33.693710333360876,34.43433760382992,13218400
2023-10-06,35.271141052246094,35.588554243187744,33.95340371980041,34.126537520463614,12692300
2023-10-09,35.425045013427734,35.74245457092459,34.85755164051859,34.9441185505955,7766200
2023-10-10,35.867496490478516,36.38689795111155,35.61741267498362,35.73283766790944,11390300
2023-10-11,35.73283767700195,36.18490605728776,35.35771195366415,36.18490605728776,6235900
2023-10-12,34.83469009399414,35.73284015477074,34.400100760706565,35.70386876056929,11862200
2023-10-13,34.235923767089844,35.13407380562678,34.11037492190375,35.0664714314619,9435300
2023-10-16,34.62222671508789,35.105102979923444,34.31318620031742,34.57393982541504,10920500
2023-10-17,35.23065185546875,35.414143509925914,34.00414570017249,34.216612435688646,11333800
2023-10-18,34.39044952392578,34.99887467308846,34.25524475390156,34.68983046210694,12195000
2023-10-19,34.02345275878906,34.79605385452751,33.63715405294615,34.293862221284364,15584400
2023-10-20,32.719688415527344,33.926878770603814,32.56516819743966,33.66612521182098,16094400
2023-10-23,32.36235809326172,32.82592244125128,31.947087991777728,32.52653790068566,11470800
2023-10-24,33.24119186401367,33.39571576622356,32.25612777579384,32.478250359141654,12380500
2023-10-25,32.68105697631836,33.521260419996175,32.59413912462393,33.163933111497975,10861900
2023-10-26,32.555511474609375,32.990100777467184,32.275442403428464,32.5265400824365,10294400
2023-10-27,32.51688003540039,33.27982528027873,32.37201939253357,33.134964637411905,10565300
2023-10-30,32.87421417236328,33.2315415461348,32.632776060669755,32.912845154407016,11163100
2023-10-31,32.62310791015625,32.75831262776732,32.13057591256562,32.48790319254518,9175200
2023-11-01,32.555511474609375,32.82592464308363,32.14989724797737,32.71003170628627,9698600
2023-11-02,33.81098937988281,33.926882318607866,33.134965657584885,33.134965657584885,9225600
2023-11-03,33.94619369506836,34.75742574758027,33.87859133103008,34.4290698290861,9307300
2023-11-06,34.158660888671875,34.380783495543604,33.95585377162199,34.293865633371794,7805900
2023-11-07,32.893524169921875,33.50194545726036,32.57482414736615,33.47297406759261,12611900
2023-11-08,32.45893096923828,33.105983153718576,32.15954647077674,32.719684496791466,10634700
2023-11-09,32.10161209106445,33.04804902144136,31.95674775431107,32.864553703679995,9730500
2023-11-10,32.52653884887695,32.67140317235326,31.705650839985307,31.95674482541775,9922100
2023-11-13,32.285099029541016,32.76797516975664,32.23681215232997,32.45893473474285,8944500
2023-11-14,33.96550750732422,34.45804325622235,33.366742097263455,33.366742097263455,11724600
2023-11-15,34.767086029052734,35.13407296867202,34.081402716541355,34.2648943443245,14733400
2023-11-16,34.322837829589844,34.86365676300135,34.08139975315894,34.66084966297203,10034700
2023-11-17,34.767086029052734,34.99886822356307,34.25523844141086,34.670512263704346,8961500
2023-11-20,35.39482498168945,35.82941059048076,34.84434643877114,34.921604710802974,12322100
2023-11-21,35.73283767700195,36.24468525401883,35.58797334793348,35.70386628480943,11351800
2023-11-22,35.62660598754883,35.77147032336984,35.26927862565759,35.53968812286684,7624400
2023-11-24,35.57831573486328,35.94530264922244,35.346533556306774,35.48174197616217,3536700
2023-11-27,35.336875915527344,35.41413418187667,34.92160214224859,35.278929452725926,8251400
2023-11-28,35.94529724121094,36.215706672132825,35.21132352291982,35.4527615674007,11345400
2023-11-29,35.897010803222656,36.29297277828666,35.510712098167886,36.14810846135824,9792300
2023-11-30,36.04187774658203,36.186742074066956,35.66523491598469,35.993590865438016,10439000
2023-12-01,37.896121978759766,38.108584980196994,36.44749352471632,36.54406728136482,18671400
2023-12-04,36.32194900512695,37.258730028831394,36.215715649772456,36.78550972335766,15675100
2023-12-05,35.317562103271484,36.05153593069641,35.298246614754746,36.05153593069641,13057200
2023-12-06,35.00851821899414,35.906668084578044,34.96023134446807,35.607283568032614,9356900
2023-12-07,35.12440872192383,35.58796936539321,34.8057123913116,35.3175599110492,10691600
2023-12-08,36.84345626831055,37.09455027633423,35.62660615697583,35.78112639669497,19549100
2023-12-11,36.57303237915039,36.737212158068864,36.02255395604803,36.24467650536547,8606700
2023-12-12,36.13844299316406,36.47645844962756,35.89700496028386,36.40885609514526,13640500
2023-12-13,37.84783172607422,37.886462702670784,35.86804022615898,36.206055745299885,15442500
2023-12-14,40.53262710571289,40.870638952901515,38.91981877357028,38.91981877357028,29234600
2023-12-15,40.0787239074707,40.52296911962176,39.5475608334594,39.5475608334594,23084700
2023-12-18,39.93385696411133,40.98652714042455,39.92420106189315,40.14632365343871,12242000
2023-12-19,40.73542785644531,41.16035749574262,40.5615921667209,40.590563553657546,16499800
2023-12-20,39.92420196533203,40.899610209761214,39.87591508504297,40.33947576711303,10798700
2023-12-21,40.783721923828125,40.85132429464057,40.39742318833598,40.532627929960874,7032300
2023-12-22,40.92858123779297,41.372826387005915,40.65816810362002,41.07344186433504,6984600
2023-12-26,41.36317443847656,41.604612523172634,41.05413030073701,41.141048158589705,6701000
2023-12-27,41.72050094604492,41.93296395121387,41.31488305608106,41.56598072226172,7172600
2023-12-28,41.546661376953125,41.76878394776827,41.41145665420064,41.47905901557689,5426700
2023-12-29,41.11207962036133,41.45009148877158,40.82235463543068,40.95755938279478,6509700
2024-01-02,40.648521423339844,41.08311076965846,40.3298213413551,40.522972571280405,9620900
2024-01-03,39.95316696166992,40.26220736691735,39.19988143438584,39.56686829713675,13723000
2024-01-04,40.12700271606445,40.15597778688992,39.325430314903116,39.71172898007105,11897500
2024-01-05,39.991798400878906,40.532620958410725,39.69241389302253,39.837278196448715,8420600
2024-01-08,40.75474548339844,40.803032358846934,39.624813440830785,39.856595600657016,9226300
2024-01-09,40.27187728881836,40.48434031942819,40.04009508336298,40.20427491307162,9119800
2024-01-10,39.88557434082031,40.2235898993677,39.72139819722399,40.12701244661711,8167500
2024-01-11,39.76926040649414,40.31205448655739,39.35247282130815,40.31205448655739,8279700
2024-01-12,39.68202209472656,40.4865201920247,39.50755271693858,40.07942374469212,7622500
2024-01-16,37.70470428466797,39.071378454403735,37.53023492704371,39.071378454403735,16524400
2024-01-17,37.06499481201172,37.14253471606797,36.44465709214958,36.832367704878116,11757200
2024-01-18,37.03590393066406,37.22975918373302,36.65788822079437,37.210373288677985,10158600
2024-01-19,37.57870864868164,37.62717155144074,36.619126905128695,37.01652862372522,13539600
2024-01-22,36.328338623046875,37.02621611702161,36.31864752340022,36.919595533499724,19429000
2024-01-23,36.997135162353516,37.53023807620553,36.65789121488561,36.97775296319682,18432900
2024-01-24,38.49951934814453,39.7304963293421,38.45105274694985,39.40094340762399,27944600
2024-01-25,38.22811508178711,38.89691563085532,37.56900933059406,38.741832142191186,15599800
2024-01-26,38.37350082397461,38.916294789031085,38.19903146725936,38.460735502332234,10135100
2024-01-29,38.99384307861328,39.05200077588481,37.81132911646746,38.51890149208343,8875500
2024-01-30,38.741825103759766,38.906599662881554,38.24749403143169,38.625509735281774,10859000
2024-01-31,38.470428466796875,39.55601644955899,38.4316603725766,38.925987775589576,16275400
2024-02-01,38.945377349853516,38.97445434763545,38.2959627186956,38.65459627958841,10854300
2024-02-02,38.86783218383789,39.02291566152598,37.69501315272915,38.30565596377425,14120200
2024-02-05,37.49146270751953,38.02456187305032,36.82266597594251,38.00517597826066,16202100
2024-02-06,38.9356803894043,38.98414697965777,37.73378437974505,37.82101906572691,13060700
2024-02-07,37.995487213134766,38.88721624333716,37.71439726764339,38.8678303473569,9705200
2024-02-08,36.948673248291016,37.70470844729001,36.725740977266256,37.656241855669215,13849300
2024-02-09,36.2120246887207,36.745123875707755,36.11509521087119,36.677275089953845,15822200
2024-02-12,36.53188705444336,36.80328592712722,36.16356608737847,36.32834067304193,12932600
2024-02-13,35.533538818359375,35.97940339535208,35.14582823989836,35.74678000626115,14272300
2024-02-14,36.056941986083984,36.10540487729544,35.42691330789022,35.75646614460238,9269200
2024-02-15,37.074676513671875,37.171602293538555,36.21202450142139,36.21202450142139,10171000
2024-02-16,37.63685989379883,38.52858898353206,37.60777919914624,37.89856026329918,12614300
2024-02-20,36.96806335449219,37.326693248931115,36.83236575646028,37.239458550556,10516300
2024-02-21,37.66593551635742,37.81132419438703,37.22007098776256,37.28791977700605,11343900
2024-02-22,37.48177719116211,37.8404107873396,37.32669369193049,37.44300908946591,9548500
2024-02-23,37.76286315917969,37.94702733688353,37.40423329875509,37.59808857647823,10291600
2024-02-26,36.86143493652344,37.22975955124219,36.444647432429406,37.18129666186691,10433100
2024-02-27,36.98744583129883,37.54962576824776,36.7354365579133,37.326689794987395,6760200
2024-02-28,36.26049041748047,36.67727796115694,36.14417873243735,36.580352173201305,10166200
2024-02-29,36.64820098876953,37.229763111855775,36.590043297468185,37.00683084142332,16037500
2024-03-01,36.7645149230957,37.17160769466512,36.44465314759228,36.77420602349791,10343200
2024-03-04,37.14253234863281,37.2685388443604,36.48342656749464,36.83236535721276,9192600
2024-03-05,35.97940444946289,37.094069622083786,35.62077455724281,36.84205662945611,13885400
2024-03-06,36.96806335449219,37.5690114446973,36.754822159023625,37.00683515321051,11704200
2024-03-07,38.58675003051758,39.20708400731107,38.043955952082186,38.11180474970134,12895700
2024-03-08,38.625511169433594,38.906601107470145,38.33473013240472,38.76121243769646,7670800
2024-03-11,39.178001403808594,39.420319582795486,38.55766745719928,38.55766745719928,9599800
2024-03-12,39.11984634399414,39.52693909883631,38.577052306722706,39.420318511382824,8841400
2024-03-13,42.07612228393555,42.415366205798584,40.25388880975917,40.2732747049344,26393300
2024-03-14,41.9888916015625,42.483222731885775,41.610875853363396,42.34752145274091,16004500
2024-03-15,43.2392578125,43.5203477963777,42.163364472299364,42.29906206521078,33978700
2024-03-18,43.11325454711914,44.072836264859156,43.006633945427765,43.57850505655957,14482200
2024-03-19,42.967857360839844,43.103554937121125,42.02766172877436,42.33782867384061,13528600
2024-03-20,44.59622573852539,45.03239909950472,42.58014087747144,42.92907956625491,20140800
2024-03-21,44.81917190551758,44.9742553918004,44.072831472318406,44.96456059407411,17023900
2024-03-22,43.71419906616211,44.68347180552253,43.69481686515912,44.68347180552253,14515000
2024-03-25,43.956512451171875,45.06148635927009,43.82081487407604,44.05344193301295,7754800
2024-03-26,43.355560302734375,44.092209504271565,43.23924863314267,44.092209504271565,10490000
2024-03-27,44.470237731933594,44.52839173437223,43.17141201355706,43.559118920583245,10700000
2024-03-28,45.575199127197266,45.73997369813546,44.54776881685017,44.78039587300708,20169000
2024-04-01,45.87568283081055,46.34093332535246,45.769062232533436,46.06953443042465,10376000
2024-04-02,46.89341354370117,47.3392780914826,45.856292066370436,46.3796965062747,22037500
2024-04-03,48.08561706542969,48.221314645699906,47.1454214057264,47.21327019586151,19957500
2024-04-04,47.6688346862793,48.70595624484865,47.358667698528585,48.453946953857,24836900
2024-04-05,47.949913024902344,48.05653359431596,47.16480094806857,47.785134772859145,14155200
2024-04-08,48.4636344909668,48.725338560915844,47.901454556080274,48.49271148846717,12745900
2024-04-09,49.72368621826172,50.43125480924546,48.95795993716963,49.869078594791716,17624600
2024-04-10,49.355369567871094,49.80123786927001,48.06623865698489,48.44425446019602,16142600
2024-04-11,49.1808967590332,49.762458880341725,48.42486156435398,49.461983022425976,12975700
2024-04-12,48.09209060668945,50.95991993807317,47.955990684196706,50.46412683350033,19983800
2024-04-15,48.626773834228516,49.62808365494097,48.28652029596228,49.287833825119755,15047100
2024-04-16,48.03376388549805,48.228193949323604,46.740810821681364,47.07133710920629,20075200
2024-04-17,48.43234634399414,49.71557963956429,48.082372952757694,49.05451961354994,15795700
2024-04-18,48.762874603271484,49.61836467236609,48.29624466788672,49.404491227981175,15717500
2024-04-19,48.22819519042969,49.657251931611164,47.99487836614583,48.850368443926484,17066700
2024-04-22,47.58658218383789,48.03376878029493,46.468611984249904,46.87691553073554,20147900
2024-04-23,46.6533203125,47.33382001456125,45.78810666133811,46.128360220813974,19439600
2024-04-24,46.8963508605957,47.110220578288455,46.060304240361525,46.88662731843777,11838300
2024-04-25,48.02404022216797,48.2767966890775,46.653313758730576,47.57684999848999,15974700
2024-04-26,49.093406677246094,49.30728013066132,48.160146767071836,48.54900320875516,19037100
2024-04-29,50.950199127197266,51.05713583808913,49.365599256183984,49.82250930874206,22023300
2024-04-30,48.54899597167969,49.77390266607925,48.51011292921921,49.093399359017795,17226600
2024-05-01,48.51984405517578,49.968344341735246,48.00460746532331,48.75316090646392,19247700
2024-05-02,47.42131423950195,48.014324312352684,46.87691446779267,47.994880933585165,24389400
2024-05-03,49.0447998046875,49.14201298744023,47.771286343333486,48.60733306540977,14498100
2024-05-06,49.569759368896484,50.07527236401217,49.13229263423371,49.773909275590725,10952000
2024-05-07,49.958614349365234,50.026664316281575,49.39477123656625,49.57947775984702,13121500
2024-05-08,48.56843948364258,49.29754937716243,48.05320301225751,48.8017562812846,14197700
2024-05-09,49.657249450683594,49.919725765777315,48.31568612207881,48.675379320952544,10234500
2024-05-10,50.153045654296875,50.55162563112757,49.919728827360416,50.23081545764559,14535000
2024-05-13,50.59050750732422,51.03769403167019,50.32802749300511,50.54190092136397,9210500
2024-05-14,51.99040222167969,52.165388914765266,50.87243580301647,50.87243580301647,17714100
2024-05-15,52.116783142089844,52.58341309482674,50.687726362277026,52.31121321617485,17286800
2024-05-16,50.59050750732422,52.544520447106734,50.46412741707173,52.31120735111961,14800500
2024-05-17,52.719512939453125,52.836169500316494,51.08630625358511,51.26129294910277,17946500
2024-05-20,53.33195877075195,53.70137548734126,51.8931823637319,52.495912168786795,15774400
2024-05-21,52.807003021240234,53.41945641767344,52.09733644817413,53.351406452341415,18146900
2024-05-22,49.80306625366211,51.2807294232897,49.19061290180617,50.36691302073942,26299700
2024-05-23,49.773902893066406,50.52245616340322,49.39476634112386,50.44468266123824,16864800
2024-05-24,50.0947151184082,50.629398736586985,49.86140200178939,50.07527174061578,9650000
2024-05-28,52.136226654052734,52.38898315509982,50.823826431947026,51.58210335197873,14922100
2024-05-29,51.30017852783203,51.71820187881145,50.94048531016781,51.26129177228857,11570900
2024-05-30,50.85299301147461,51.19324285837281,49.978059535957534,50.07527271837268,13146600
2024-05-31,51.261287689208984,51.80569109811911,49.78362447226278,51.27101123154291,18379900
2024-06-03,50.59050750732422,51.66959077448784,50.07526731250013,51.66959077448784,10249400
2024-06-04,48.3156852722168,49.62808165838035,47.06161530685037,49.60863828196635,24814600
2024-06-05,49.083683013916016,49.20033956647764,48.276799563289536,48.60732955258491,12639500
2024-06-06,49.822513580322266,49.851676791813226,48.51011714499909,49.25866676853038,11009100
2024-06-07,47.89765930175781,48.41289576867993,47.469916169638005,48.26707601630585,16056400
2024-06-10,48.60732650756836,48.821199930903965,48.02404007285542,48.13097307607852,11051100
2024-06-11,47.96571350097656,48.06292667781875,46.93523676760242,47.547690165354176,10672900
2024-06-12,47.82961654663086,49.841959841748526,47.55741295933153,49.443379858378485,10109900
2024-06-13,46.6533203125,47.742123544243235,46.28390353963444,47.742123544243235,12397800
2024-06-14,46.76997375488281,47.81989015977876,46.060307178322354,46.38111362954653,8370200
2024-06-17,45.94364547729492,46.16724245285237,45.27286567595723,46.04086235980792,11361400
2024-06-18,46.36166763305664,46.5852608945365,45.57423130098514,45.84643114827457,9008900
2024-06-20,47.98515701293945,48.16014369850334,46.87691047666483,47.13939050501066,14675800
2024-06-21,48.17959213256836,48.43234864466509,46.86719185308905,47.72268199358904,18825000
2024-06-24,48.976749420166016,49.30727943054853,47.98515938901847,48.09209611420769,11347400
2024-06-25,48.49068069458008,48.63650048130972,48.092100677339545,48.568450505813445,7944700
2024-06-26,48.09209060668945,48.597607253408775,47.63518054536829,48.47122716461775,8416200
2024-06-27,46.97412109375,48.30596083156267,46.828297627578955,48.26707778790255,8987900
2024-06-28,47.2463264465332,48.11154009367701,46.99356994529073,47.82961667073504,12546100
2024-07-01,47.06161880493164,48.30596532036068,46.88663211264379,47.75184203093086,6817200
2024-07-02,47.3532600402832,47.431033548409566,46.37139360508023,46.54638028991957,8470200
2024-07-03,49.23923110961914,49.73502428756526,48.03376758774449,48.03376758774449,8913700
2024-07-05,50.084991455078125,50.39607805908617,49.60863800669058,49.68641151191502,8300600
2024-07-08,49.70586013793945,49.948896804767024,49.12256991248614,49.68641675957982,9030800
2024-07-09,49.385047912597656,50.35719453965054,49.23922814360677,49.63780811236065,9349900
2024-07-10,50.153045654296875,50.52246241842745,49.336442322687006,49.52114885052972,9197100
2024-07-11,50.07527160644531,50.49329495674952,49.52114832040394,50.20165170753487,8219400
2024-07-12,49.851680755615234,50.52246434080258,49.686417599432744,50.50302096211429,8004100
2024-07-15,49.15943145751953,49.75418124495789,48.45743493995644,49.34468358632315,9112900
2024-07-16,48.81818389892578,48.91568227977279,47.42393548072961,48.23318617519409,11035800
2024-07-17,47.28743362426758,48.827933247199944,47.160682760771024,48.71093073351484,12056600
2024-07-18,44.771934509277344,46.829182177137284,44.39168564542163,46.7121833850258,17498900
2024-07-19,44.752437591552734,45.14243480312859,44.33318789259841,44.53793670762507,9671000
2024-07-22,44.859683990478516,44.98643485000517,44.32343550385353,44.703684363108984,12381400
2024-07-23,44.138187408447266,44.36243664185639,42.451440263768156,43.87493733809973,18792700
2024-07-24,43.075439453125,44.61593534311005,43.01693819679978,44.45018736250879,18534000
2024-07-25,43.41668701171875,44.12843555231624,42.18819039683154,42.91943935599226,16904600
2024-07-26,43.87493896484375,44.36243828667535,43.26068877792503,44.30393702909868,10390500
2024-07-29,43.27043533325195,43.68968499414831,43.02668570339706,43.377685765479974,9192600
2024-07-30,42.753684997558594,43.12418548855685,42.402688643234484,42.792685832258265,11608700
2024-07-31,44.27468490600586,45.21068264037941,43.99193442812498,44.859682560158234,13050800
2024-08-01,42.539188385009766,44.30393340532781,42.10043828738327,43.991934162421046,12260100
2024-08-02,40.92068862915039,42.19793429607972,40.58918898718589,42.19793429607972,17152400
2024-08-05,39.84819412231445,39.95544456981673,38.102949350687844,38.99994633102557,26149100
2024-08-06,40.01394271850586,40.82318960793353,39.31194254892085,39.68244305168232,11307900
2024-08-07,38.531944274902344,40.60869228885576,38.5026955077264,40.55019103517946,14519900
2024-08-08,40.01394271850586,40.325941967360436,38.912193278868145,38.99994330006627,10231400
2024-08-09,40.02368927001953,40.61843897372212,39.662940852109074,40.569689790651665,9182000
2024-08-12,40.520938873291016,40.90118769201991,40.17968716775486,40.598936819000585,8945700
2024-08-13,40.84269332885742,41.02794545488174,40.07244349375303,40.50144528511483,7439400
2024-08-14,40.8621940612793,41.1156920786684,40.34544595699107,41.1156920786684,9124700
2024-08-15,42.49043655395508,42.97793580554617,42.13943649771763,42.26618362521795,12988400
2024-08-16,42.353939056396484,42.61718913224456,41.973690186613005,42.21743984358442,8973100
2024-08-19,43.1436882019043,43.28993948014903,42.50018927241159,42.890190201514535,10891900
2024-08-20,42.44169235229492,43.523941507739565,42.30519312896404,43.32894102327051,9390400
2024-08-21,42.79268264770508,43.01693185155351,42.38318507180552,42.9291818396716,7041700
2024-08-22,42.21743392944336,42.59768274595867,41.93468347432846,42.509932732968664,7143500
2024-08-23,43.543434143066406,43.69943375888579,42.509934363685375,42.607436448150125,11801100
2024-08-26,44.0601921081543,44.85969078442177,43.8359428423061,44.459941446288035,11046800
2024-08-27,44.099185943603516,44.45993438183607,43.69943666898785,43.845687945762265,6755700
2024-08-28,42.77318572998047,43.2021874761883,42.45143813964893,42.94868576809743,9080100
2024-08-29,42.73418426513672,43.094932653740806,42.392932572717534,42.7829334442469,8612600
2024-08-30,43.172935485839844,43.211936321274464,42.431938209203956,42.79268663866324,7811600
2024-09-03,40.32594299316406,41.330190368502805,39.828691620617555,41.300941600467546,18809000
2024-09-04,40.56969451904297,41.07669426457978,39.974944746022395,40.29669608657111,9787500
2024-09-05,40.36494064331055,41.261937505936714,40.2674385586832,41.03768829028017,7371500
2024-09-06,38.999942779541016,40.3649422645547,38.73669271946019,40.10169220447387,13200100
2024-09-09,39.38994216918945,39.84818894995704,39.17544130202745,39.60443931702722,8663400
2024-09-10,39.39969253540039,39.42894130266585,38.356444350588866,39.28269374701413,9559500
2024-09-11,40.2674446105957,40.37469506014265,39.26319716361027,39.87744737144519,13306400
2024-09-12,40.76469421386719,41.232693111723236,40.55019332426976,40.73544172571551,11414200
2024-09-13,41.593441009521484,41.96394152679153,41.00844332484211,41.08644128044789,10831600
2024-09-16,41.81768798828125,42.59768609885094,41.62268753080774,42.149187650188914,11120200
2024-09-17,42.05168914794922,42.42218592471884,41.75919032232739,41.83718827347518,6921300
2024-09-18,42.82193374633789,43.84568518054487,41.963937715967646,42.09068484723247,11573700
2024-09-19,44.011436462402344,44.70368457975163,43.86518890315469,44.557437020503976,16920500
2024-09-20,43.41668701171875,43.748186688644594,43.2509390329181,43.56293829128071,16304200
2024-09-23,44.011436462402344,44.62568662535112,43.699437206151266,43.874937252708065,15471600
2024-09-24,47.501930236816406,47.75542822166275,46.35143165776335,46.97543013060753,26361600
2024-09-25,47.1021842956543,47.755431580570765,46.93643259752691,47.53118234607744,12454800
2024-09-26,50.61217498779297,51.294674722133585,49.5299259935181,49.81267646792446,32403100
2024-09-27,50.05643081665039,50.75843103451002,49.87118241219285,49.958932439425304,15967700
2024-09-30,48.67192077636719,49.24717000990315,48.203921967285645,48.954671219142675,14992400
2024-10-01,49.12042999267578,49.461678011356135,48.30143102851847,49.28617796765639,9102100
2024-10-02,49.54943084716797,50.16368103500095,49.091180293780305,49.58843168561046,10744200
2024-10-03,48.52568054199219,48.79867895853507,48.04792959371767,48.398929683172504,10383900
2024-10-04,49.28617858886719,49.841927494479634,48.73042968325475,49.34467984394595,11506600
2024-10-07,49.520172119140625,49.9101692671604,48.78892328236415,49.15942001508434,8895500
2024-10-08,47.37518310546875,47.74568362256484,46.848682957909766,47.74568362256484,13040400
2024-10-09,47.6481819152832,47.735931940587854,46.51718365542584,46.819434569102874,6977000
2024-10-10,48.30142593383789,48.58417638767769,47.29717496318691,47.696924194044385,6959900
2024-10-11,48.779178619384766,49.02292826864305,48.135679694115865,48.23318178541387,6415200
2024-10-14,47.638427734375,47.774926930513175,46.37093041681805,46.721926755748726,13573500
2024-10-15,46.23988723754883,47.08096871541664,46.05406838600182,46.93427080023043,11855000
2024-10-16,46.91471481323242,47.01251343269805,46.28879469478471,46.758234783620495,7360400
2024-10-17,46.8951530456543,47.33525428262898,46.57241089494683,47.19833099607612,8317600
2024-10-18,47.120094299316406,48.019853539692434,47.10053382920673,47.746014419713326,8823000
2024-10-21,46.8853645324707,47.62864734897812,46.63108592520926,47.364586642911874,10150400
2024-10-22,47.46238708496094,49.01740881596224,46.591966796491995,48.90004974120112,14468600
2024-10-23,46.86581039428711,47.061411358243475,46.23011192490151,46.464830097026685,10849200
2024-10-24,45.809566497802734,47.13964844045854,45.62374765287612,46.93426912804843,10171700
2024-10-25,45.57484436035156,46.161647189195804,45.49660622163894,45.96604624624772,8528900
2024-10-28,45.70198440551758,45.93670627742074,45.50638346739454,45.829125574914194,6446400
2024-10-29,45.545501708984375,46.51372424353419,45.50638077751668,46.44526447885442,8471900
2024-10-30,44.95871353149414,45.3303512779704,44.56751158377587,45.26189149673644,9017100
2024-10-31,44.02960968017578,44.56750953548318,43.736210098260656,44.411029509743244,9481400
2024-11-01,44.587074279785156,45.15431302843404,44.30345304007149,44.59685265011598,7733200
2024-11-04,45.252105712890625,45.701985267514594,44.62618568371334,44.958706165560976,9147800
2024-11-05,45.956268310546875,45.966046678936365,45.39880431212513,45.838905505206654,5991500
2024-11-06,45.83890914916992,46.19099013162382,43.93180631473,44.283887297183895,12911700
2024-11-07,47.51129150390625,48.12742946244102,47.12986797095609,47.178771006744604,12733400
2024-11-08,45.34012985229492,45.86825132140683,44.47948787271751,45.49660987305645,16197400
2024-11-11,43.91224670410156,44.62618699147743,43.736206224389406,44.538166751621354,12737200
2024-11-12,42.640846252441406,43.14940726956761,41.97580520933623,43.01248771318327,18145300
2024-11-13,42.17140197753906,42.904902725837246,42.14206314145601,42.7875436507273,11931900
2024-11-14,42.3181037902832,42.61150334463094,41.77042188626376,42.51370473677427,11905700
2024-11-15,41.76064682006836,42.85600698394658,41.07604531860271,42.54304693712423,12902500
2024-11-18,42.591949462890625,42.6897518166482,41.62373041074977,42.093170516451146,11886900
2024-11-19,43.1494026184082,43.2276444883529,42.18118372789767,42.59194235277421,12764400
2024-11-20,42.7386474609375,43.178748688137766,42.44524788639666,43.03204703547834,8733700
2024-11-21,42.79731750488281,43.13962005644905,42.308317057597336,42.80709960306383,8872100
2024-11-22,42.758209228515625,42.7973264370718,42.415906605507736,42.719088289181336,9109800
2024-11-25,43.4036865234375,43.62862631143881,42.88534344338612,42.88534344338612,13286800
2024-11-26,42.52348709106445,43.11028998553993,42.17140610053479,42.99292716817797,11821000
2024-11-27,42.79731750488281,43.25697911917991,42.552817281240074,42.65061960916358,7050400
2024-11-29,43.22764587402344,43.54060590227881,42.61150418618038,42.66040349107445,6512500
2024-12-02,42.679969787597656,43.41347065350947,41.72152910383295,43.21786967644399,14413000
2024-12-03,42.86579132080078,43.843792450849314,42.59194846745799,43.67753031873638,12218800
2024-12-04,42.093162536621094,43.266764443777575,41.86822276178923,42.963582800772386,18548200
2024-12-05,41.848663330078125,42.396341497730404,41.51614284367022,42.171401717333545,11873600
2024-12-06,41.144500732421875,42.122501707722186,41.10537979802323,42.122501707722186,9471100
2024-12-09,42.76798629760742,43.76554783563252,42.728865359462596,42.78754676667984,18310000
2024-12-10,41.73130416870117,42.758208284269195,41.65306602253847,42.58216779193056,10835500
2024-12-11,42.05404281616211,42.17140189103131,41.46724371103838,41.868223970054395,7339000
2024-12-12,41.1542854309082,41.78998386654052,41.056483088733934,41.6628426871029,10184500
2024-12-13,40.67506408691406,40.870665044359306,40.19584192771212,40.81198363789235,9669300
2024-12-16,39.84376525878906,40.60660490002729,39.60904336029683,40.381665101477,10232800
2024-12-17,39.72639846801758,39.89266057338748,39.18849867916696,39.266740547759305,11733800
2024-12-18,37.858421325683594,39.726403259693086,37.72150176990982,39.54058439553984,12501000
2024-12-19,37.39876174926758,38.35720232943957,36.841297719111836,37.88776227368867,15766500
2024-12-20,38.005123138427734,38.425663907627154,37.12492066085265,37.144481130440774,22372300
2024-12-23,38.386539459228516,38.47455969893939,37.71172010863035,38.06379733669607,8562500
2024-12-24,38.357208251953125,38.52346666515388,37.9562279092459,38.50390619346347,3962500
2024-12-26,38.32786178588867,38.45500297357279,38.06380104105772,38.18116385927912,6127100
2024-12-27,38.005123138427734,38.31808319028152,37.71172355616208,38.044244077603985,7892500
2024-12-30,37.320526123046875,37.63348621261208,36.9097674045345,37.57480479677665,11047300
2024-12-31,37.24228286743164,37.62370269119772,37.1249200518282,37.28140007518808,9247000
2025-01-02,37.04668045043945,37.926879148225076,36.97822067608205,37.545459339440185,8790300
2025-01-03,36.88041687011719,37.34985690313035,36.37185590165849,37.16403805593069,10153500
2025-01-06,37.721500396728516,38.88532030921695,37.66281899034248,37.97578276029006,18974400
2025-01-07,37.88776397705078,38.30830101464378,37.56502182564958,37.97578422463492,15304600
2025-01-08,38.865760803222656,38.95378104114403,37.46721909557063,37.90731655439982,15589000
2025-01-10,38.12248229980469,39.74596397101602,37.87798202564167,39.609044414409226,11971100
2025-01-13,38.54301834106445,38.7288371835505,37.77039667411391,37.79973924034261,10418100
2025-01-14,38.63104248046875,38.96356299535454,38.18116288114622,38.836421810927554,9801900
2025-01-15,39.298614501953125,39.710942669541325,38.79793431095242,39.710942669541325,10618000
2025-01-16,39.298614501953125,39.67167260691401,38.856839404893385,39.45569100746308,11793800
2025-01-17,39.485145568847656,40.064365887184785,39.141538137122645,39.35751973734983,12045600
2025-01-21,39.563682556152344,40.191988590086375,39.13172309407254,40.01527704991751,16558000
2025-01-22,38.37579345703125,39.76003143880446,38.30707271463822,39.7011263403249,15882700
2025-01-23,37.79656982421875,37.99291639048727,35.7938415892785,37.413696079744724,30475400
2025-01-24,37.119178771972656,38.16962861369609,36.77557133855887,38.022367750090275,19076400
2025-01-27,36.0,36.539953936513946,35.91164798675103,36.539953936513946,18550500
2025-01-28,35.18517303466797,36.32397870368626,34.8121149074897,36.206172253787685,16842900
2025-01-29,35.617130279541016,36.16689991957226,35.28334223827191,35.322612300774,12599900
2025-01-30,35.970558166503906,36.14726972641575,35.41097280844966,36.00000884482262,11821900
2025-01-31,35.19498825073242,35.970555171889295,35.037911737776554,35.69567221046639,13385200
2025-02-03,35.20480728149414,35.47969024012283,34.252528824816984,34.72375835889449,15940400
2025-02-04,35.813480377197266,36.31416436095312,35.37170149300083,35.37170149300083,14490600
2025-02-05,36.009822845458984,36.33379149348287,35.31279609955978,35.6073140736722,14888300
2025-02-06,36.47123718261719,37.24680031732885,36.10799472300617,36.854110928424056,13748200
2025-02-07,37.52168655395508,38.473961212873355,37.178079129706866,37.78675385437539,21532000
2025-02-10,37.75729751586914,38.19907632744308,37.69839617099198,38.169625655004495,16243400
2025-02-11,36.903194427490234,37.5216847656602,36.76575296234114,37.02100086261816,13957900
2025-02-12,37.26643371582031,37.73766320886029,36.775569192445445,36.9817313934631,10946500
2025-02-13,39.485145568847656,39.61276765534617,37.77693528841297,37.983097500448395,21444700
2025-02-14,38.74885559082031,40.05455357607599,38.56232463221238,39.78948622305417,17559200
2025-02-18,38.58195495605469,38.79793656807061,37.894743800094524,38.758666503158715,12261300
2025-02-19,37.86529541015625,38.248169203665775,37.49223726096759,38.23835355934491,12101200
2025-02-20,38.248165130615234,38.90592558006079,37.88492640942851,38.22853009906469,11471600
2025-02-21,36.304344177246094,38.23835183628665,36.16690269294872,38.23835183628665,16151100
2025-02-24,36.431968688964844,36.75593735513621,36.265072789119436,36.51050507212782,8418400
2025-02-25,36.088356018066406,36.54976984168251,35.36187866279732,36.51049978328988,10618900
2025-02-26,37.25661849975586,38.01255032380878,37.128992673617276,37.83583879377048,16632700
2025-02-27,36.736297607421875,38.14017038562095,36.598856145779834,38.081269042059475,13147000
2025-02-28,36.23562240600586,36.34361321060102,35.56804629123527,36.0392758290146,14779600
2025-03-03,34.88083267211914,37.786753566636456,34.753210589369466,37.40387608338983,18101200
2025-03-04,34.26234817504883,34.969190602875436,33.63403838531488,34.753212740622594,18310700
2025-03-05,37.46278381347656,37.639495358186316,35.685852722783814,35.75457346294878,29191000
2025-03-06,36.991554260253906,38.297252067834805,36.61849613880245,37.305707285160565,18546800
2025-03-07,36.265071868896484,36.96210238115279,35.27352711850271,36.50068850240554,16969400
2025-03-10,33.86965560913086,35.0280963034779,33.35915600272373,34.94955617403088,21433000
2025-03-11,35.22444152832031,35.55822957564272,33.93837504554881,34.12490222831746,18345200
2025-03-12,36.10799789428711,36.559596161439394,35.371701012299205,36.13745231616636,13995800
2025-03-13,36.89338302612305,38.03218868327057,36.05891100679114,36.05891100679114,20682700
2025-03-14,38.140174865722656,38.23835002485543,37.305706610590775,37.394062381310576,15203300
2025-03-17,38.78811264038086,39.25934587418118,38.277616836262155,38.277616836262155,12880700
2025-03-18,39.112091064453125,39.57350498197668,38.562321370063344,39.386974039148186,14569900
2025-03-19,39.681488037109375,40.34906411819379,38.79793410273244,39.07281704964981,17519000
2025-03-20,39.95637512207031,40.771208327733284,39.8287492904607,40.29997880909699,22075600
2025-03-21,39.51460266113281,39.63240912357224,38.49360333332468,39.229900277320944,22336000
2025-03-24,40.84975051879883,41.53696167259852,40.57486755527876,40.73194406943301,21356100
2025-03-25,42.22417068481445,42.479422370632705,41.32098163037975,41.42897244014904,20804700
2025-03-26,40.73194122314453,42.65612932332461,40.59449600598946,42.44996711509087,19408300
2025-03-27,39.24953079223633,39.9661926191344,38.88629205695911,39.94655758682219,18010200
2025-03-28,37.7180290222168,39.534230046328766,37.5707719089099,39.16117195161941,20227400
2025-03-31,37.16826629638672,37.49223496916847,35.66622189212688,36.579226558147916,17462500
2025-04-01,37.43333053588867,37.43333053588867,36.520322200013396,37.36460980050014,13121200
2025-04-02,37.502052307128906,37.52168733849643,36.726485420608604,36.913012601101116,13166400
2025-04-03,32.897743225097656,35.332434890878936,32.809387448960436,35.32261550186389,31999800
2025-04-04,28.617403030395508,30.747755262709667,27.96946197102804,30.580861239993823,44734500
2025-04-07,29.815114974975586,31.071727082910186,27.154628016770776,27.517868624532962,40398800
2025-04-08,28.676305770874023,31.199351100742625,28.116720490134558,31.081542786245016,35158100
2025-04-09,33.1235466003418,33.55550612289223,28.430878230589826,29.383156803144075,38575500
2025-04-10,30.777212142944336,32.22035345607285,29.677674566870277,32.12218202977154,25658400
2025-04-11,32.74066162109375,33.12353908822567,31.268069950005863,31.336790682440018,26250000
2025-04-14,33.133358001708984,34.007096324628215,32.45596625298494,33.44751102242153,19645900
2025-04-15,32.90654754638672,33.34043911732191,32.512105109384784,32.827660563673426,18742000
2025-04-16,32.85724639892578,33.508080066641625,32.38391316437955,32.90655123886886,17261100
2025-04-17,32.44308090209961,33.11363725137264,31.92043907116385,32.886828218829535,16988000
2025-04-21,32.49238204956055,32.837519648182294,31.673907513232255,32.66001923697177,11419900
2025-04-22,33.58696746826172,34.27724268201815,32.837520433729324,32.955852790127885,19264300
2025-04-23,34.70127868652344,35.953641333205105,34.573086839538945,34.947806677719385,21643100
2025-04-24,37.10738754272461,37.2848879650572,34.7801631270021,35.075995910317104,23970900
2025-04-25,36.831275939941406,37.13697196639113,36.298778402057394,36.49599776186428,10958800
2025-04-28,36.722801208496094,37.37363477728638,36.28890965482418,36.53543757878592,13380800
2025-04-29,36.65377426147461,37.02849780346961,36.229749642920986,36.85099737629925,11269600
2025-04-30,35.52960968017578,35.6676647409084,33.97155487255564,34.40544274367504,15777400
2025-05-01,35.90433120727539,36.407246580201,35.40141583434978,35.53947088724237,11614600
2025-05-02,37.07780456542969,37.46239135206411,36.49599841545646,37.09752725410721,11932200
2025-05-05,36.831275939941406,37.16655411801853,36.65377550674068,37.16655411801853,7701000
2025-05-06,37.39335632324219,37.74835716051768,36.624190350290526,36.673495186197044,9778700
2025-05-07,36.505863189697266,37.245447118755024,36.13113961236019,36.989055916786036,11879300
2025-05-08,36.95947265625,37.43280590526203,36.3283616575673,36.64391715690865,9814600
2025-05-09,37.334197998046875,37.50183521929336,36.85100150073216,37.3046158441136,7306000
2025-05-12,38.56683349609375,40.02627852368129,38.379469844669345,39.552945306224636,15649500
2025-05-13,38.92184066772461,39.35572858039591,38.52739437495532,38.78378559377095,11879600
2025-05-14,38.51753234863281,38.69503279240168,38.31044598975687,38.54711450202149,10292800
2025-05-15,37.93571853637695,38.19210592480017,37.04821649622423,38.07377357335235,13149000
2025-05-16,37.49197006225586,37.590579734872364,36.47627613977794,37.56099758543099,13552200
2025-05-19,38.261131286621094,38.31043611680205,36.7721043495387,36.880577232967255,11107300
2025-05-20,37.866695404052734,38.15266497303284,37.551139922495466,37.90613701795884,7848000
2025-05-21,37.48210906982422,38.15266541635458,37.31447186405068,37.59058197319209,11012400
2025-05-22,37.17641830444336,37.53141918002534,36.83127689241944,37.156695615609,9415400
2025-05-23,38.47808837890625,38.52739322359932,36.70308763792602,36.70308763792602,15295500
2025-05-27,39.089473724365234,39.4543340611121,38.53725348749824,38.596417791895,11247800
2025-05-28,38.34988784790039,38.971139344055146,38.162527957442684,38.85280697964597,7689500
2025-05-29,38.48794174194336,38.95141548436785,38.19210895896263,38.823219899112964,8927600
2025-05-30,37.94558334350586,38.389334426091445,37.20599945976927,38.300584209574325,17241200
2025-06-02,39.59238815307617,39.9769711325929,39.040164220449356,39.533220094028295,15316700
2025-06-03,39.6811408996582,39.82905541416504,38.961275967863074,39.1387763946457,11741400
2025-06-04,40.29253005981445,40.62780823318331,39.809333606949465,39.94738866156286,10979300
2025-06-05,41.111000061035156,42.018224883572124,40.903917483463616,41.39697338913948,17270000
2025-06-06,40.9039192199707,41.89003107318615,40.9039192199707,41.426557298425074,8501800
2025-06-09,41.75197219848633,42.30419614001911,41.19974825695355,41.39697136190939,9938400
2025-06-10,41.60405349731445,41.90974949490748,41.32794341027417,41.84072197314741,9460600
2025-06-11,40.44044876098633,41.022254952555386,39.91781063968003,40.815172349213476,13530900
2025-06-12,40.60808563232422,41.101141549412446,39.691001325602656,39.83891960541637,8750100
2025-06-13,40.37141799926758,40.65739134009927,39.53322442700168,39.62197464444192,9722100
2025-06-16,41.32794952392578,41.742118477472104,40.99267132790004,41.041976170491225,10508000
2025-06-17,40.79544448852539,41.24905877960975,40.696834812304196,41.16030856632346,10291600
2025-06-18,40.60808563232422,40.99266864577814,40.57850348104872,40.795445526599224,6185500
2025-06-20,39.66141891479492,40.756003645443066,39.60225085091299,40.667253430479214,13986900
2025-06-23,40.37141799926758,40.48975413033337,39.2965559265883,39.49377904997975,11692400
2025-06-24,41.42655944824219,41.52517289571216,40.23336494674344,40.3812832370892,10817900
2025-06-25,41.03211212158203,41.37724974287172,40.617943214316455,41.20961254445043,7114000
2025-06-26,43.842529296875,44.276420892135675,42.77753051937269,42.77753051937269,20484500
2025-06-27,43.26072311401367,43.60586449706571,42.935308179858374,43.4776689112625,13661000
2025-06-30,42.747947692871094,43.319894378186355,42.50141972748725,42.994475658254935,10256300
2025-07-01,43.43822479248047,43.75378027302642,42.99447372242583,43.379060490951886,9385700
2025-07-02,45.134342193603516,46.0415633375706,43.80308886923655,44.12850760243237,23271300
2025-07-03,45.16392517089844,45.56823090751549,44.93711988076872,45.124479791297155,7607300
2025-07-07,44.503231048583984,44.927259466028886,43.82281143087464,44.621563423165384,19630200
2025-07-08,45.62739562988281,48.43781289024111,44.227114850503504,45.02586680110342,45175000
2025-07-09,44.95684051513672,46.37684026039438,44.3947570475315,46.09087067565575,24277000
2025-07-10,46.55433654785156,46.860032555950674,45.479474549866985,46.130308178628056,18640600
2025-07-11,45.71614456176758,45.765449400407455,45.02586553565509,45.2625340275318,17122800
2025-07-14,44.99628829956055,45.252675745522815,44.5623966440142,45.19351143737993,11484600
2025-07-15,43.6507453918457,44.95670577242146,42.770211899167705,44.75883596103856,20312200
2025-07-16,43.512237548828125,43.720003127357415,42.95819223195841,43.423194618869154,11377600
2025-07-17,43.98712921142578,44.10585562681775,43.23521411790021,43.403404211851765,11027900
2025-07-18,44.323516845703125,44.46202723434477,43.729899816060346,44.37298430248585,13554700
2025-07-21,44.7093620300293,45.58000348913132,44.7093620300293,45.085321442343165,11250300
2025-07-22,45.3128776550293,45.76798426165274,44.6796851981402,45.12489982380433,15316100
2025-07-23,44.363094329833984,45.58001193759928,44.095965522159865,44.185008458051236,23135900
2025-07-24,44.105857849121094,44.83798524363673,43.67053518566594,44.481813527764295,13223900
2025-07-25,44.41255569458008,44.48181088253406,43.71010806011844,44.09595947132625,16011000
2025-07-28,43.324256896972656,44.35319651550134,41.76105973334738,44.20479038382183,26374100
2025-07-29,42.77021408081055,43.48255751532368,42.226064523501876,43.433090059954694,16495800
2025-07-30,38.72371292114258,43.21542714843257,37.932222341782506,42.73063704562933,64894200
2025-07-31,39.81201171875,40.118712164096216,38.34774957828493,38.48626371793659,26276800
2025-08-01,39.604244232177734,39.75265035876448,38.862221147493166,39.46573386022988,15601200
2025-08-04,39.99009704589844,40.16818289444756,39.3272248783959,39.75265176391607,12727200
2025-08-05,39.604244232177734,40.09892628863411,39.17881736169528,39.94062818153305,11521300
2025-08-06,39.436058044433594,40.23744063970272,39.406378325831014,39.82190948276687,9498400
2025-08-07,40.36605453491211,40.64307904938361,39.79222531931845,40.27701161492565,9660400
2025-08-08,41.42467498779297,41.731379226196246,40.64308019490981,40.93988867852205,11828700
2025-08-11,41.019039154052734,42.117234028689985,40.900316505858825,42.107342047225885,10676300
2025-08-12,41.70170211791992,42.22606393089707,41.2564874775974,41.29606295098716,12573800
2025-08-13,42.28542709350586,42.631703049965225,41.741273770319914,42.19638416554133,13120800
2025-08-14,41.83031463623047,41.949041050413726,41.13776275745157,41.84021039114141,11933400
2025-08-15,41.90946578979492,42.344784654948825,41.79074314913925,42.24584975008989,8885300
2025-08-18,41.30595397949219,41.94904219780485,40.94978227544977,41.69180540082987,8325000
2025-08-19,41.019039154052734,41.5335089950596,40.62329573536472,41.33563539865312,7630500
2025-08-20,40.87063980102539,41.088297376409514,40.58372325378584,40.71234166705275,5526200
2025-08-21,41.276275634765625,41.30595535304784,40.52435672920019,40.67276286886111,6181200
2025-08-22,42.819679260253906,42.96808539259779,41.34552878833674,41.38510426017841,10822100
2025-08-25,43.225318908691406,43.3836170237548,42.88893494241609,42.95819013187353,12596800
2025-08-26,43.878299713134766,43.93766292240295,42.987874218860924,43.067021390427016,11824700
2025-08-27,43.403404235839844,43.591385839918665,43.00766084002204,43.47265942446108,11201800
2025-08-28,43.89808654785156,44.08606815294376,43.442979941851576,43.6507455088353,9253900
2025-08-29,43.927772521972656,44.25426074938413,43.63096023907592,43.8585173290634,7371000
2025-09-02,44.4620246887207,44.471920443985695,42.285426521899225,43.294574659689275,12166300
2025-09-03,45.71851348876953,45.80755640743653,44.630214504283515,44.76872487240452,12237800
2025-09-04,45.58000946044922,45.65916040988444,44.699475905669814,45.2337334919826,8509000
2025-09-05,45.847137451171875,46.519905413096275,45.253520437297375,46.22309690615902,8069200
2025-09-08,46.163726806640625,46.25276972284745,45.01606465004404,46.035108422314245,10436400
2025-09-09,43.42319869995117,45.619588662614554,43.15606988496844,44.83798995664196,24956700
2025-09-10,44.40266799926758,44.98639304987791,43.75957973577101,43.818942948657245,16678900
2025-09-11,45.431602478027344,45.66905154782144,44.323515625279704,44.39277081769362,14919200
2025-09-12,44.24436950683594,45.016072397356325,43.46277086052041,44.719263883627335,16046300
2025-09-15,45.15458297729492,45.26341364675368,43.888197967138545,44.02670835585877,12670200
2025-09-16,44.818199157714844,45.411819964077814,44.333412795349716,45.16447890495784,10043200
2025-09-17,44.61043167114258,45.79766945910601,44.30372741223018,44.62032365247045,8951800
2025-09-18,44.45213317871094,44.95670725295374,44.11574920450745,44.52138836980064,13174400
2025-09-19,44.4620246887207,45.21394357561797,44.23447138124845,44.76872894181364,21120200
2025-09-22,44.679683685302734,44.897345000285206,44.066278985226674,44.35319548695364,11980600
2025-09-23,44.8775634765625,45.797672541094215,44.6599021314528,44.90724319666832,14308500
2025-09-24,37.269344329833984,41.54340077072802,37.25945234931755,41.38510266359303,91311700
2025-09-25,34.96413040161133,37.1308366051481,34.776152565400324,37.1308366051481,86778600
2025-09-26,35.36977005004883,35.923815359168124,34.914663425124886,35.122429000747786,41515800
2025-09-29,36.725196838378906,37.70466902475304,35.66657748115498,35.96338597656009,40224700
2025-09-30,38.8028678894043,38.91169856299878,36.80435161047659,37.54637481321149,38973100
2025-10-01,38.67424774169922,39.060099185943244,38.42690668522228,38.61488452945975,19117000
2025-10-02,38.45658493041992,39.534992046294114,37.78381698065667,38.95126702441497,23508900
2025-10-03,39.24807357788086,39.920841494250794,38.506050473719135,39.22828961633293,23921600
2025-10-06,39.89116668701172,40.80138376934415,39.139251509541566,39.762548276373685,26706800
2025-10-07,40.25722885131836,40.8706373865847,39.73286702115923,40.27701658866163,19846800
2025-10-08,42.39425277709961,42.57233862795876,41.424676352491325,41.50382729692862,25769000
2025-10-09,42.849361419677734,44.31361986519584,42.09744257455044,44.056383080343224,23238000
2025-10-10,40.44520950317383,43.20553274945506,40.306699119203614,43.20553274945506,24243400
2025-10-13,42.32500076293945,43.037344219815026,41.830318645470314,42.829578636267996,15475300
2025-10-14,41.523616790771484,41.978723418176735,40.06925020523198,41.11797761867117,16563400
2025-10-15,41.414390563964844,42.53638305017526,40.97751031044986,42.53638305017526,16028100
2025-10-16,41.40446472167969,41.74205522685067,40.917935780709655,41.722196516233346,15081000
2025-10-17,40.88814926147461,41.692409990170134,40.42147903508393,41.30517081791262,14027500
2025-10-20,41.890987396240234,41.92077735423439,41.126444127190275,41.63283174881398,12617500
2025-10-21,41.01723098754883,41.21581052640497,40.37183612328063,40.90800996858081,12932200
2025-10-22,40.49098205566406,40.908007393871,39.835659770763165,40.36190612106387,12134400
2025-10-23,40.93779373168945,41.95056522840951,40.769000376066955,41.156235756764865,18292600
2025-10-24,41.07680130004883,41.33496074803701,40.17325080741364,40.86829052197803,10605300
2025-10-27,40.8087158203125,41.43425196410083,40.16332475305572,41.43425196410083,14374400
2025-10-28,40.87821578979492,41.65269030453861,40.212966070411326,40.30232836874092,11973800
2025-10-29,41.890987396240234,43.18177699635614,41.25552384473418,41.42432098116259,19707800
2025-10-30,41.43425369262695,42.03993115055221,40.57042055456179,41.46403986673409,11822900
2025-10-31,41.40446472167969,42.21865291868115,40.96758066342208,41.29524370711528,11939500
2025-11-03,40.88814926147461,41.295243356519116,40.14346466412526,41.27538464607039,13717200
2025-11-04,39.140621185302734,39.746298605942066,38.84274809958258,39.68672626139511,14388400
2025-11-05,39.92502212524414,40.381761096726855,39.33920343132964,39.607290337459496,12057600
2025-11-06,38.37607955932617,39.63707542712091,38.266858550069564,39.62714796612557,25307300
2025-11-07,39.527862548828125,39.72644209184734,38.475373547581135,39.64701103217205,17305700
2025-11-10,40.65978240966797,40.957655510392975,40.064032420555975,40.50091650343717,13890600
2025-11-11,40.7789306640625,41.04701758951231,40.16332575432329,40.54063369988175,10730700
2025-11-12,41.51368713378906,41.96049488090432,41.1760966172532,41.1760966172532,12842900
2025-11-13,40.252685546875,41.593116302680535,39.9250225070291,41.55339888191224,10381700
2025-11-14,39.8753776550293,40.38176151339174,38.60445049077712,39.3491350862677,10358500
2025-11-17,38.72359848022461,39.74629743316342,38.59451875807859,39.70658380052453,17578500
2025-11-18,39.71651077270508,41.51368424872817,39.656934642987835,41.454108119010925,23695200
2025-11-19,40.9576530456543,41.920779674779624,40.481055355642454,40.620062541771524,19873600
2025-11-20,39.34913635253906,41.6030489219418,39.03140455125128,41.6030489219418,15648000
2025-11-21,39.587432861328125,40.01438567465974,38.574661335820224,39.54771922736331,18896900
2025-11-24,40.500911712646484,40.82857094838709,39.617219977039305,39.617219977039305,15241000
2025-11-25,40.7789306640625,41.49382913192865,40.679640893597515,40.947727819047316,11446600
2025-11-26,41.85127639770508,42.18886690413676,41.265457689122506,41.48389593140528,13339400
2025-11-28,42.675392150878906,43.10234496250798,42.02006984730015,42.45695012046539,8848100
2025-12-01,42.76475524902344,43.618660888129234,42.695251653995,43.09241830072481,14614800
2025-12-02,42.66546630859375,43.112274060252524,42.010143980144036,42.87397709772277,11131900
2025-12-03,44.21440505981445,44.77043758241702,43.81724221880835,44.01582553314225,22864300
2025-12-04,44.29384231567383,44.422922045178005,43.35057436190371,43.71795105147203,12392100
2025-12-05,44.87965774536133,45.64420102909816,44.80022290606636,44.94916133591362,20208100
2025-12-08,44.68107604980469,45.39597447865332,44.41298913898645,45.05838397477055,16538400
2025-12-09,44.48249435424805,44.879661004239416,43.618661246327996,43.81724457132368,10310100
2025-12-10,46.12080001831055,46.12080001831055,44.37327138055756,44.56192723543712,17054800
2025-12-11,47.76903533935547,47.97754611799072,46.10094153495002,46.2498799697819,20741000
2025-12-12,47.04420852661133,48.65272616794506,46.478248545629796,48.41442543442889,17034900
2025-12-15,47.18321990966797,48.51372330338613,47.05414017637073,48.474005879654364,15437700
2025-12-16,47.20307540893555,47.34208259487403,46.28959366358566,46.97470591951351,15481500
2025-12-17,47.4810905456543,47.89811589784907,47.03427902103912,47.76903617125761,15613000
2025-12-18,47.580379486083984,47.9576874100596,46.984633322048154,47.729317920923805,15029500
2025-12-19,48.80166244506836,49.28818756417531,47.72931487308638,47.72931487308638,21954800
2025-12-22,50.281105041503906,50.58890938197241,49.556279131041165,49.64564143713448,15316600
2025-12-23,51.53217697143555,51.91941236594886,50.62862645501721,51.244231344047044,14155700
2025-12-24,51.552032470703125,51.62153985366126,50.8669239794991,51.56196372012366,4073900
2025-12-26,52.664100646972656,53.38892660287348,52.26693397551315,52.6740281093112,14848300
2025-12-29,51.115150451660156,51.84990758968767,50.807346120329676,51.2045127551005,15231700
2025-12-30,51.04564666748047,52.00877329121122,50.48961413841685,51.86976610586075,10055700
2025-12-31,50.43004608154297,51.14494077949456,50.3009663466045,50.936429983744596,8776800
2026-01-02,51.56196212768555,51.82011778971855,50.638552918511515,51.36337880968845,11518400
2026-01-05,54.02438735961914,54.06410478217472,52.91232604169616,53.2499165580948,26935100
2026-01-06,55.75205612182617,56.71517897753509,55.27545463710327,55.61304514597928,35253300
2026-01-07,55.10666275024414,55.18609759570959,53.468355045307256,54.83857582829109,20894000
2026-01-08,53.835731506347656,54.23289434104907,52.91232232886598,54.23289434104907,22333100
2026-01-09,56.129356384277344,56.308080981777074,54.18324830890421,55.0570125869405,19272700
2026-01-12,58.29391098022461,58.41306324620523,56.75489686076229,57.340715578350604,20373700
2026-01-13,58.91944885253906,59.66413349233978,58.00596705813264,59.594629895638,22060100
2026-01-14,59.92228698730469,60.27973620742922,58.701004676987075,59.78327979895888,19747500
2026-01-15,59.68339538574219,60.220905202990124,58.42920960926322,58.70791671579198,18285700
2026-01-16,58.43916320800781,58.57851676461262,57.43382412314478,58.359534231562044,21629900
2026-01-20,59.79288864135742,60.10145993628045,58.08082201949989,58.8273621678076,19583600
2026-01-21,60.300537109375,61.84338596524875,59.47436420244871,61.2660597704666,25719800
2026-01-22,58.578514099121094,61.46513745809828,57.97133131541435,60.499611006842564,25597200
2026-01-23,60.13132095336914,60.52947722211961,58.11068681264456,59.474365767900586,24545800
2026-01-26,60.887813568115234,63.2866995918112,60.81813679035058,63.12743404594958,31620200
2026-01-27,62.57997131347656,62.88854260944093,60.98735384388529,61.21629236782031,20123700
2026-01-28,63.33646774291992,64.37166720423915,61.73389427110034,63.83415738193328,22636500
2026-01-29,64.82954406738281,69.11966663837174,62.81886593272703,69.06989425722418,48277600
2026-01-30,59.9521484375,61.634350816674484,58.38939141498124,61.4551846802406,40774400
2026-02-02,60.47970199584961,60.96744321227152,59.28524083998259,59.603764321160384,21334600
2026-02-03,64.37166595458984,64.66032905323542,62.31121547284985,63.794339757298694,31102700
2026-02-04,61.57463455200195,65.34715183332732,60.69869301239745,64.68024442957254,31834200
2026-02-05,58.94681167602539,60.64892231298611,57.96137700367469,59.67344363571447,22330400
2026-02-06,60.39011764526367,60.72854932210358,59.43454719198609,60.08155015559456,20119100
2026-02-09,63.316558837890625,63.87397304992581,60.99730562907429,61.076938400564764,14752000
2026-02-10,62.968170166015625,63.22697287218191,61.78366118700685,62.95821796828591,11647400
2026-02-11,65.15802764892578,65.19784403750455,62.77905348929174,64.79968774591651,15495800
2026-02-12,61.75380325317383,65.6756300099934,60.96744670276487,65.66567401476819,23459900
2026-02-13,62.55010986328125,63.0577554865233,59.88247279906541,60.86790745219345,14370600
2026-02-17,60.80818176269531,61.29592298145143,58.92690125639208,60.957491306442954,12238400
2026-02-18,62.26144790649414,62.888542697252376,61.26606103733484,62.4704782377137,17244800
2026-02-19,62.28135681152344,62.29131280670461,59.862566388047014,61.146616375245536,13357900
2026-02-20,64.04318237304688,64.09295475018716,61.61444377141086,61.763749511533945,14680000
2026-02-23,65.24761199951172,65.62585627407442,63.58531396146145,63.94365004308409,15631300
2026-02-24,67.56685638427734,68.52242684529907,64.51101907029575,65.09830125852098,20299300
2026-02-25,68.50252532958984,69.428235439214,67.82566194197004,68.68169527320094,16182000
2026-02-26,68.0645523071289,68.28353863640126,65.51636431748524,67.9650151376958,17726800
2026-02-27,67.76593780517578,68.61201509927935,66.56152064158384,68.07450529504676,19425700
2026-03-02,67.9749755859375,68.32335949887558,66.1036508577274,66.85019106868033,15851100
2026-03-03,65.26751708984375,65.3869662487552,60.56928982478183,63.864025545080295,25564300
2026-03-04,65.6258544921875,67.5369953973481,65.46658895299134,66.57146895001831,17438500
2026-03-05,62.370941162109375,64.00337881951452,61.08689118768624,63.854069270079435,23068000
2026-03-06,59.08616256713867,60.917674477878265,58.429207414215746,60.360256488662074,25912800
2026-03-09,60.21095275878906,60.21095275878906,55.24397066271487,56.99584986345735,26344800
2026-03-10,62.112144470214844,62.82882046070291,60.4498463622487,60.698693088816704,16982400
2026-03-11,61.256107330322266,61.485045848937055,59.344962614125706,61.027168811707476,17754700
2026-03-12,58.93685531616211,60.75841510019977,58.62828781841333,60.360258835692214,17564000
2026-03-13,56.119911193847656,58.787548233163115,55.72175493835899,58.7775922383712,21443200
2026-03-16,57.66276168823242,57.991237380871205,56.537973461839904,56.946081926693886,17824100
2026-03-17,57.822021484375,58.39934387505535,57.264603488977215,57.98128322633159,10610300
2026-03-18,55.1942024230957,56.448388202258855,54.78609396033393,56.02037154654534,17258700
2026-03-19,53.372642517089844,53.740938390216414,50.55569967001902,52.23790210109879,27550300
2026-03-20,51.849700927734375,53.67125688028826,51.27237473480616,52.82517958055495,25007300
2026-03-23,54.68655014038086,55.054845995109915,52.994395595925795,54.01964279826493,24888600
2026-03-24,56.21944808959961,56.36875763396679,53.73098099747622,53.97982770668856,17123000
2026-03-25,56.826637268066406,57.88174873036565,56.557882354166615,57.563225231765806,13965000
2026-03-26,55.572452545166016,55.950696833904644,54.64674242280626,55.10461948628967,16016500
2026-03-27,55.980560302734375,56.906266616084245,54.67660211131311,54.90554064010928,12327400
2026-03-30,54.397891998291016,57.88174591737756,53.92010297651164,57.31437572575142,14246700
2026-03-31,58.50883865356445,58.727824978726474,56.00046330051605,56.080096072247535,18882500
2026-04-01,60.91767883300781,61.76375617630111,59.62367662681232,60.469753970105614,23684000
2026-04-02,61.09684753417969,62.251496158873586,58.76764209161273,58.76764209161273,16880000
2026-04-06,60.768367767333984,61.43527894596868,60.12136857888792,60.81813635150682,8511500
2026-04-07,60.47970199584961,60.838041861449476,59.40468619614941,60.44984160608276,18276900
2026-04-08,64.7996826171875,65.56613474681669,63.72466299324472,64.9489921639905,20338000
2026-04-09,66.14344787597656,66.44206694486881,64.35175624521823,64.8992144125895,12664700
2026-04-10,67.48723602294922,68.09442264996916,66.7904606243987,66.92981418526891,15706800
2026-04-13,67.7161636352539,68.23376903047422,66.54160689280619,66.54160689280619,13134100
2026-04-14,67.9550552368164,68.5124770231629,67.25828749663178,68.22381393245819,12330800
2026-04-15,68.53365325927734,69.29181519806127,67.37646593148008,67.79544715649695,15405600
2026-04-16,68.11466979980469,69.34169490244113,67.55602818477473,68.70324516785799,10342700
2026-04-17,70.04000091552734,70.53879027479837,67.62586224327676,69.20203844519439,20218300
2026-04-20,70.01007080078125,70.7981588570401,69.06237411628784,69.37162106600061,12297800
2026-04-21,67.40638732910156,70.54876151734533,67.29665307157184,69.83050369021294,17092800
2026-04-22,70.18963623046875,70.31931871837686,69.00251517090204,69.2219836973014,14213100
2026-04-23,61.331138610839844,65.0421288229164,60.852301286877086,62.11922670475097,38773500
2026-04-24,60.90217590332031,62.29878753738295,59.68513253639658,61.91970658434414,17741600
2026-04-27,60.42333984375,61.271280192557306,59.22624467655214,61.161549735251214,15199300
2026-04-28,58.069053649902344,60.05423688384452,57.72987674881787,59.61529983217012,14754700
2026-04-29,56.79215621948242,57.83961310305561,56.45297930613427,57.83961310305561,11444700
2026-04-30,57.64009475708008,58.198740186338114,56.881936636729066,57.789733080860465,16181400
2026-05-01,56.4130744934082,58.02915091527603,56.363196319704144,57.55031359788781,14899700
2026-05-04,55.435447692871094,56.752251263842666,55.35564337623137,56.06392333529957,14777200
2026-05-05,57.540340423583984,57.849591194328916,56.11380256071473,56.871960707576754,13861100
2026-05-06,60.7425651550293,61.13162023096299,59.864694851986194,60.48319637289372,17655500
2026-05-07,60.4632453918457,62.398546692709175,59.97443015625413,61.480776118730844,18316100
2026-05-08,61.500728607177734,62.12920045059629,60.553028077541484,61.630411098730974,12202700
2026-05-11,64.21414184570312,64.82266544439383,61.989538058714295,62.06934617908189,14852300
2026-05-12,65.8701171875,66.20929788692945,62.57810839630805,63.45597867577942,14477500
2026-05-13,66.99739074707031,68.68329361495164,65.71051327999203,66.66818794157831,17112400
2026-05-14,65.97985076904297,66.76793880948615,64.79272974963955,66.76793880948615,12618300
2026-05-15,62.85742950439453,63.65549547437857,61.2313790333844,62.039415310075405,15462600
2026-05-18,60.353511810302734,63.30634387151275,59.56542371798159,62.1990308971938,14798200
2026-05-19,58.55786895751953,59.78489027056793,58.158835965512935,58.91699788923333,12142700
2026-05-20,60.72261428833008,60.91215667646554,58.667604605721614,59.046681771071086,12015900
2026-05-21,62.15913009643555,62.95719229443786,59.61530136995337,60.353511281518465,10184500
2026-05-22,61.83990478515625,62.558158855609484,61.36106366423981,62.558158855609484,7856200
2026-05-26,64.20416259765625,64.81268618373872,62.88735908255933,62.88735908255933,11372000
2026-05-27,63.47593307495117,64.2340912045271,62.71777113991454,63.86498434950053,8262700
2026-05-28,65.71051025390625,65.90004502728279,62.32871533920219,63.07689934763518,10288100
2026-05-29,65.55089569091797,66.63826043536643,64.32387814778062,65.27157487169715,11376700
2026-06-01,66.87767791748047,67.31661498725096,64.32387884446293,65.10198902384036,10051200
2026-06-02,71.54634094238281,71.91544016645913,67.55602640113153,67.70566471861265,18969700
2026-06-03,70.46895599365234,71.47651257216994,69.11224840602107,71.47651257216994,13873000
2026-06-04,69.5212631225586,71.69598502690647,68.88281335347679,69.75070196502027,11648600
2026-06-05,63.21656036376953,67.3265834908981,62.21898167623129,67.3265834908981,18101000
2026-06-08,63.755252838134766,65.5608716062001,63.545762230118854,64.4535586703151,12694000
2026-06-09,64.09442901611328,66.2691508031202,61.70023870577851,65.01219955828323,15696300
2026-06-10,61.9296875,64.62314694464756,61.580532671851095,63.04697457806288,14778100
2026-06-11,66.17936706542969,66.43873965754972,62.1890560853208,62.877384015865694,14895400
2026-06-12,68.2443618774414,68.75312152978589,66.66818571966643,67.04726288216412,12609400
2026-06-15,69.96018981933594,71.7059525026201,69.08232332424471,71.01762839149454,16652600
2026-06-16,69.98014831542969,71.34682628273988,69.48135895838588,70.40910746692421,9007500
2026-06-17,68.89278411865234,72.10498882183789,68.67331558202402,69.96019304695422,16490300
2026-06-18,68.51370239257812,70.44900742054514,67.85529682643305,69.780623936783,17963700
2026-06-22,69.04241943359375,69.74072907517663,67.9949663876014,68.33413948508806,12958900
2026-06-23,64.24407196044922,65.73046214232615,63.54576608589765,65.27157683822058,16705900
2026-06-24,61.69026565551758,62.6379661615666,60.90217758587445,62.55815804063333,18531800
2026-06-25,62.64794158935547,63.595642115303114,61.56058065430283,63.07690073472692,14175100
2026-06-26,62.298789978027344,62.84745749666802,61.49074986881862,61.90973489763597,24660500
2026-06-29,61.47079849243164,62.19903048753408,60.36348552540576,61.76009722904323,12286700
2026-06-30,62.73772430419922,63.13675730937334,61.90973595583496,62.827506540090354,13931700
2026-07-01,60.38343811035156,62.89733691669807,60.38343811035156,61.55060718011923,15526400
2026-07-02,60.82237243652344,62.109246022513794,59.29607449101578,61.17152344716799,13553500
2026-07-06,60.852298736572266,61.91970760669496,60.383435544952924,61.62043476744329,16343700
2026-07-07,59.186344146728516,60.30363118837164,58.01917512736101,59.954476371603995,18273700
2026-07-08,57.360774993896484,58.72745674126554,55.86440695057745,57.77975621940467,21829900
2026-07-09,60.38343811035156,60.9420835580266,58.278546422966535,59.53549772887018,16381700
2026-07-10,61.37104034423828,61.909733740307196,59.98440659934507,60.223823349513054,11865700
2026-07-13,59.82479476928711,61.849878275728884,59.4756399473574,60.612879035811616,12722800
2026-07-14,61.79999923706055,62.76764795720349,61.05181523614083,61.79002131932367,11627900
2026-07-15,60.970001220703125,62.880001068115234,59.369998931884766,62.630001068115234,14260800
2026-07-16,58.560001373291016,59.970001220703125,57.54999923706055,59.54999923706055,15386900
2026-07-17,58.380001068115234,59.36000061035156,56.0,56.70000076293945,20412700
2026-07-20,58.790000915527344,59.34000015258789,58.52000045776367,59.02000045776367,9953800
2026-07-21,62.560001373291016,62.66999816894531,60.470001220703125,61.09000015258789,15873500
2026-07-22,65.0,65.08000183105469,62.619998931884766,62.939998626708984,17461600
2026-07-23,63.5,65.43000030517578,61.970001220703125,62.63999938964844,18914100
2026-07-24,62.599998474121094,62.9900016784668,61.04999923706055,62.560001373291016,11938900
2026-07-27,62.720001220703125,63.529998779296875,61.18000030517578,63.529998779296875,9601600
2026-07-28,61.63999938964844,62.56999969482422,59.93000030517578,61.459999084472656,13592000
2026-07-29,59.9900016784668,61.560001373291016,58.189998626708984,60.79999923706055,22668800
2026-07-30,63.439998626708984,63.63999938964844,61.7400016784668,61.75,14850400
2026-07-31,62.630001068115234,63.650001525878906,60.970001220703125,62.599998474121094,10789600
2026-08-03,63.63999938964844,63.75,61.27000045776367,62.06999969482422,8951400
2026-08-04,67.30000305175781,67.8499984741211,65.75,66.19000244140625,16305900
2026-08-05,69.38999938964844,70.55999755859375,68.62000274658203,68.94999694824219,17116400
2026-08-06,68.18000030517578,69.66999816894531,67.94000244140625,68.4800033569336,12634900
2026-08-07,69.62000274658203,70.54000091552734,68.63999938964844,69.97000122070312,11290100
2026-08-10,70.51000213623047,71.22000122070312,68.88999938964844,69.73999786376953,11801000
2026-08-11,68.87000274658203,70.83000183105469,68.27999877929688,70.73999786376953,11952400
2026-08-12,69.22000122070312,70.08999633789062,68.70999908447266,70.08999633789062,8173500
2026-08-13,66.83000183105469,69.0999984741211,66.62999725341797,68.1500015258789,9297000
2026-08-14,66.48999786376953,67.45999908447266,65.56999969482422,66.72000122070312,8200200
2026-08-17,68.37999725341797,68.88999938964844,66.54000091552734,66.62000274658203,9837400
2026-08-18,66.31999969482422,68.02999877929688,65.70999908447266,67.08000183105469,10486800
2026-08-19,69.08999633789062,69.86000061035156,67.26000213623047,68.9000015258789,16696500
2026-08-20,71.22000122070312,71.5199966430664,67.72000122070312,67.81999969482422,17647400
2026-08-21,76.66000366210938,77.33000183105469,74.4000015258789,74.45999908447266,28518300
2026-08-24,77.80000305175781,78.87999725341797,76.11000061035156,78.38999938964844,21435700
2026-08-25,79.91000366210938,79.94000244140625,76.80000305175781,77.12999725341797,15779231
