Date,Close,High,Low,Open,Volume
2021-08-24,153.2849578857422,154.87558304689992,153.18882105363193,154.68330938267937,5734800
2021-08-25,152.27113342285156,153.73065543533588,151.9739881034475,153.54712999391955,5700300
2021-08-26,151.45838928222656,152.69942004774788,151.2398976685291,152.0264621435721,5031600
2021-08-27,151.135009765625,152.31486979153166,150.9777022078612,152.31486979153166,7046100
2021-08-30,151.77301025390625,152.3148651617373,151.00391554420867,151.01265040748464,3252700
2021-08-31,151.30979919433594,152.49839396966536,150.74171306261383,151.62442761532515,7106800
2021-09-01,151.84292602539062,151.84292602539062,150.37465554959013,151.10878411965595,5327400
2021-09-02,152.88294982910156,153.1101896485578,151.9915136218615,152.36731280685424,4544300
2021-09-03,152.97906494140625,153.1363858198845,151.90409005853326,153.03151412467784,4096900
2021-09-07,150.60189819335938,152.97033969681553,150.03381202537855,152.37604893905367,6859900
2021-09-08,150.2348175048828,151.17870280886456,149.51817199773134,149.9901079818878,4661700
2021-09-09,146.8875732421875,149.86778922076766,146.56419653109603,149.6143447738093,7114600
2021-09-10,145.92616271972656,147.77896711676797,145.83876075034345,147.30703115483658,6699300
2021-09-13,144.90365600585938,146.9312514581972,144.31810002027171,146.75646081611708,6273500
2021-09-14,144.0296630859375,145.55035606281288,143.77620536601245,145.42800130219453,5259600
2021-09-15,144.57154846191406,145.04349787786248,143.60144503543293,144.2044841026606,7935300
2021-09-16,144.39674377441406,145.48046701707457,143.49655936136944,144.7725429619877,5665400
2021-09-17,143.98597717285156,144.125815009817,142.9459549308852,143.59269492509767,13419800
2021-09-20,143.16444396972656,144.35303889116793,141.73113950584164,142.87603343706027,7270800
2021-09-21,143.79373168945312,145.0609806633363,143.5402872289456,143.86365062165208,6663600
2021-09-22,143.26931762695312,145.03473363774614,143.00713835338937,144.51036175494858,5657100
2021-09-23,144.0821075439453,144.87742020331694,143.46158550509054,143.68007711465398,4697900
2021-09-24,143.64511108398438,144.77252181771536,143.2343458290148,143.98595743005825,4399300
2021-09-27,142.6051025390625,143.6451247372779,142.32544021256643,143.33049628517637,5775500
2021-09-28,142.29049682617188,143.25186539891405,141.38157745021977,142.54395460247287,7610400
2021-09-29,143.34800720214844,143.90734529949597,142.264283804181,142.45655752536348,5124100
2021-09-30,141.1455841064453,144.55404798589333,141.0669303251511,143.88983827329244,6972300
2021-10-01,140.2454376220703,141.4952036037847,138.6285938904235,141.17184019172473,8568300
2021-10-04,139.1529541015625,140.70861348190002,137.79830329221124,139.8259120739421,8620700
2021-10-05,139.4675750732422,140.80474274566436,139.09176254530234,139.712284625341,5129000
2021-10-06,139.7559814453125,139.79093423642448,137.94686445094072,139.72101531853053,7312600
2021-10-07,141.00575256347656,142.1156937576126,139.85212371267423,139.85212371267423,5309200
2021-10-08,140.64743041992188,141.2417346081732,140.05313956734176,140.9882901764955,4343200
2021-10-11,140.05311584472656,141.4514674214376,139.78218839396018,140.5862358830849,4101600
2021-10-12,137.81578063964844,139.99194870751947,137.50988702789223,139.8346411373618,6686400
2021-10-13,139.1354522705078,139.9045469923512,137.8682036206845,137.92938767158992,6901100
2021-10-14,139.93075561523438,140.83093990678614,139.48503756870932,139.58117440254827,4579200
2021-10-15,140.97076416015625,141.41648216378874,140.19293470146397,140.73478952968392,6918400
2021-10-18,139.9394989013672,140.6124567787468,139.1354513952568,140.05311880338004,7465500
2021-10-19,143.2168731689453,144.33554912118336,140.472619139913,140.6211918312308,10081300
2021-10-20,143.13818359375,143.98593187711802,142.68371743441543,143.3129741671353,6003200
2021-10-21,142.80613708496094,143.671368819677,141.82729876051835,143.59271502624975,4524100
2021-10-22,143.0857696533203,143.38291500711742,142.42156003853827,142.50894867077204,4304300
2021-10-25,143.40042114257812,143.60142969829508,141.32912485955833,143.0857926774398,6715400
2021-10-26,144.8599395751953,145.10464911516559,143.37419927232727,143.81991736248676,6939100
2021-10-27,143.10325622558594,144.86865866664314,142.72744375718815,144.79873975773967,7018800
2021-10-28,142.32542419433594,144.3792370975784,141.86222309971666,143.12947162906508,6278800
2021-10-29,142.3516387939453,142.67500206566973,140.36773150902988,141.88843771014143,8526800
2021-11-01,142.4740447998047,143.3130453027714,139.31027650778182,142.59639959547368,5846400
2021-11-02,144.7200927734375,145.93490553431508,142.43903993919466,143.06829681316984,8450600
2021-11-03,144.25692749023438,144.87744965523416,142.83235763886782,144.23944442392772,6717800
2021-11-04,143.8548583984375,144.19570472221022,142.16809650390348,144.15200374005119,8224400
2021-11-05,142.832275390625,143.85482747782,141.7573008060414,142.00201025073255,6215900
2021-11-08,142.34291076660156,143.47906981332792,141.59129908975208,143.05082145402508,5578800
2021-11-09,142.02830505371094,142.97219056663027,141.60006996151034,142.1157070465573,6112800
2021-11-10,143.5664520263672,144.06460589736358,141.88843828165815,142.04574581913033,6225100
2021-11-11,142.50894165039062,143.1644163703592,142.01078779776154,142.88475409105294,4118800
2021-11-12,144.21316528320312,146.4942177160259,143.86358411947802,146.32816199577317,18995200
2021-11-15,142.9110107421875,144.606507944363,142.64881811601185,144.2044774728042,7496200
2021-11-16,142.16810607910156,143.63637649739755,142.1244050939992,142.61382412154174,7594700
2021-11-17,142.70126342773438,143.2081656490761,141.39904841071822,142.3429339260782,5414500
2021-11-18,141.93215942382812,143.74127654569688,141.69619806193558,142.84982694931207,6358700
2021-11-19,142.36038208007812,142.6225746593246,141.39027887183408,142.4914717018671,7620700
2021-11-22,140.4866180419922,143.07291114105985,140.4426308173994,141.65660841647596,7634500
2021-11-23,141.3575439453125,141.6302459979983,139.67733097312848,140.32830712242472,7734000
2021-11-24,140.96168518066406,141.29595861998814,140.20515041321656,140.87371071488363,5230900
2021-11-26,140.04681396484375,141.7710143473101,139.57178669892053,141.27838950175408,8523100
2021-11-29,140.5306396484375,141.12003101773433,139.36064898770692,140.31071689468408,9188500
2021-11-30,137.1702117919922,139.8708696169538,137.09984832393891,139.43981619276548,14981700
2021-12-01,139.06155395507812,140.82093594324002,137.45171782514768,138.00592744678485,9835800
2021-12-02,138.190673828125,140.12599159364,137.8915820709953,138.34021970668988,11334700
2021-12-03,140.20513916015625,140.46024361361424,138.63048494099513,138.91199247048323,8750500
2021-12-06,143.33685302734375,143.84707541575554,140.60101349302673,140.91770278848855,9692000
2021-12-07,143.70631408691406,144.50683607270454,142.87061036926207,144.26931575782874,8311300
2021-12-08,144.56842041015625,144.77075901129672,143.07294834622755,143.8030935106853,6216400
2021-12-09,145.9407501220703,146.0111270217979,143.82070474349413,144.42768033547998,8574200
2021-12-10,145.580078125,146.63570471075218,144.84112743425518,145.65045502045285,6572200
2021-12-13,148.1839599609375,148.84372827191498,144.0934018020854,144.9291056447194,11142300
2021-12-14,149.80258178710938,150.40077867624302,147.0491579505265,148.07839485994197,10482400
2021-12-15,150.55030822753906,150.69106200067225,149.037238723904,149.4155128113221,8552200
2021-12-16,152.19532775878906,152.63517323763733,150.28639999134987,150.65586858282015,8998600
2021-12-17,147.9904022216797,150.23361679030714,147.48898536874984,149.230769661429,16726200
2021-12-20,147.56817626953125,148.23673664716844,146.5125496753071,147.6209555857894,7954500
2021-12-21,147.09317016601562,147.87609479021725,146.01114033494434,147.84089962563385,7954200
2021-12-22,147.72650146484375,147.9376321346695,146.1342629210882,146.96117459913168,4178200
2021-12-23,148.00799560546875,148.6237765578567,147.22507123250023,147.682514264139,3501500
2021-12-27,149.25714111328125,149.41549244222344,148.40383993663846,148.7909060484785,3704800
2021-12-28,149.85537719726562,150.11048169812312,149.1868034020165,149.3627389291272,3187000
2021-12-29,150.9110107421875,151.29807697349275,149.46831787651763,149.54748685391527,3662000
2021-12-30,151.5795440673828,152.08097434736854,151.08691928754888,151.4124006407209,4231800
2021-12-31,150.48873901367188,151.90502857358248,150.45354385837118,151.77308029875192,4409500
2022-01-03,150.9021759033203,150.9549686343428,148.75574131404653,149.73219878117882,6012200
2022-01-04,150.49754333496094,151.56196196657507,150.0752953981317,150.47994575587893,6748400
2022-01-05,151.50039672851562,152.60001056296193,150.97257671877324,151.30686361981145,7016100
2022-01-06,150.9813995361328,151.74672655731572,150.25125425555817,151.43882927915004,7301600
2022-01-07,153.02223205566406,153.33012924527426,150.54151065410113,150.83181026695752,6986000
2022-01-10,152.2657012939453,152.79352122615046,151.44759516434766,152.79352122615046,7698400
2022-01-11,150.64706420898438,152.5296021678723,149.64421713598836,152.17773118272262,8341100
2022-01-12,149.3627471923828,149.6178651303746,148.08719777148704,149.20440923612946,8116200
2022-01-13,148.45663452148438,149.9169246672044,148.19273798444186,148.66776517413655,6159400
2022-01-14,147.6473388671875,148.35988645193913,147.0403499103932,148.34230229595946,5847700
2022-01-18,146.9963836669922,147.54178783688369,146.03751019592994,146.9963836669922,7815600
2022-01-19,146.5388946533203,148.42143242298553,146.31017987826397,147.0842986523865,5926500
2022-01-20,145.3689422607422,147.6649363789068,145.0874346889578,147.16350605029828,6011300
2022-01-21,145.03465270996094,147.77929779234597,144.68278167471598,146.19585128770453,10550300
2022-01-24,143.3632354736328,144.41886193107823,139.2198851849617,144.26931608005017,14054600
2022-01-25,147.4626007080078,148.1487585866322,142.1404676869697,142.82662556559413,14081200
2022-01-26,148.1223602294922,148.86129737490376,146.23101671269066,147.38340966106256,9963200
2022-01-27,150.06646728515625,151.22766571524286,148.66776197683927,149.01084089063434,9066700
2022-01-28,151.1221160888672,151.16610332495696,148.93169401560584,150.30400987428038,9783100
2022-01-31,151.56198120117188,151.85228088927735,150.2688475694606,150.86703110396533,8054800
2022-02-01,150.32159423828125,151.28924623208945,149.04603161891345,151.0781289942499,8154700
2022-02-02,151.98419189453125,152.17772495534916,149.23954731521212,149.23954731521212,7382800
2022-02-03,151.9753875732422,152.731922246935,150.46231822585654,151.53554214488628,6240400
2022-02-04,150.9813995361328,152.1689745597247,149.65305728104195,150.4271898046434,6392200
2022-02-07,150.4799346923828,151.0781315300122,149.55625649227528,150.78783190009162,6065700
2022-02-08,150.87582397460938,151.35086471146374,149.96974316593054,150.4447839027849,6296100
2022-02-09,150.85821533203125,151.51798358600993,150.64708465847104,151.36843772587045,5387500
2022-02-10,149.03726196289062,150.6207085999949,148.93170332809058,150.61191652143515,10355300
2022-02-11,147.53297424316406,149.67940887291684,147.3834149703073,148.77332827370873,13125300
2022-02-14,145.67681884765625,147.7616819915654,144.10216461502694,147.5329671891635,8967600
2022-02-15,147.1810760498047,147.87603934803448,146.03747524400862,146.14304727515508,6631400
2022-02-16,147.09317016601562,147.6473664894921,145.77363337760687,146.45979143373762,8482400
2022-02-17,146.19581604003906,147.3042216145428,145.07860496681445,147.0931044135038,6227600
2022-02-18,144.6287841796875,146.3994597874167,144.25694392316632,146.06302709900964,6423200
2022-02-22,142.663330078125,144.96521372188786,142.04359633070655,144.81470791959927,6868900
2022-02-23,142.7341766357422,143.9913548266244,142.4066059372486,142.99091868147258,8016900
2022-02-24,140.00733947753906,141.76916681862244,137.864823311596,141.45929313996268,12883400
2022-02-25,146.96607971191406,147.84256902651396,141.3884486836614,141.654052734375,11340400
2022-02-28,145.70008850097656,146.2401317394256,143.7611960216099,144.1950030176344,9373500
2022-03-01,145.1954345703125,145.85943808206696,143.78775036759765,144.3455041312249,8737800
2022-03-02,147.00146484375,148.40916204491572,145.2307894548342,145.5583735880268,6793300
2022-03-03,149.1616973876953,149.92308837800576,147.2493781524905,147.58579730459394,7333700
2022-03-04,150.04705810546875,150.38349081829105,147.71862869857267,148.41803967034224,6302500
2022-03-07,152.4640350341797,153.26968219982348,148.17014111597658,149.00236084521043,11663400
2022-03-08,149.3742218017578,153.26970342494778,149.18829488597962,152.31353680634257,11100300
2022-03-09,149.94085693359375,150.7110967359616,148.63940888251136,150.51632127871207,7248200
2022-03-10,150.20639038085938,150.64019718764172,148.80755525935058,149.23251355285305,6171400
2022-03-11,149.93197631835938,151.8000397971973,149.63981319503205,149.7372009028078,5188000
2022-03-14,152.00367736816406,154.15504213864634,150.81732773730096,151.10947737765994,7729500
2022-03-15,155.94342041015625,156.27985314209496,152.76506052523223,153.45562302086518,10554400
2022-03-16,154.50914001464844,156.6605041527715,152.7738721693087,155.34135961857766,9603300
2022-03-17,156.52777099609375,156.56317857429013,154.2258866469153,155.1200867293174,7472100
2022-03-18,154.79246520996094,156.70479819282315,153.74777303975014,156.70479819282315,13809500
2022-03-21,155.66897583007812,156.8464769432917,154.33212036775464,154.63313203330796,7574900
2022-03-22,154.9341278076172,156.1470363709437,153.96911276804815,155.66895986346395,8442100
2022-03-23,154.3498077392578,155.41221052771434,154.12847326211335,155.13775793752473,5254200
2022-03-24,155.14663696289062,155.41222755721893,154.1107931174527,154.93415097824212,5012300
2022-03-25,156.6339874267578,157.32454994232265,155.1289156238392,155.5450255382417,4809500
2022-03-28,157.43963623046875,157.74949638179515,156.12933995555915,156.39493051121494,5604200
2022-03-29,157.3599395751953,158.8295900014864,156.52771991271808,158.13902762393766,5933400
2022-03-30,158.9978485107422,159.23689355381478,157.3068496849966,157.9797152122845,6277600
2022-03-31,156.9084014892578,159.54671764090978,156.68706705762685,158.99779906422145,11490400
2022-04-01,157.7583465576172,157.97081898618356,155.46532487145234,156.7490619943782,6525600
2022-04-04,156.23556518554688,157.75834730702655,155.39449696371614,157.75834730702655,6860600
2022-04-05,157.24484252929688,159.05092564362846,156.07619018358994,156.23555800763287,7446100
2022-04-06,161.33509826660156,161.66268242819643,158.139028372135,158.82074223854437,10330900
2022-04-07,160.91903686523438,161.97259129154224,159.56447074832036,160.839359684048,7385200
2022-04-08,161.2377471923828,162.18506530715308,159.74152385772572,160.5383361383072,7144500
2022-04-11,159.21914672851562,163.07922007733677,159.0066743023676,162.0168174190484,5932000
2022-04-12,159.27227783203125,160.07793853807357,157.7672061508736,158.65254402322327,5957500
2022-04-13,159.9451446533203,160.1044989873223,158.6879664847413,159.27227921859918,5643100
2022-04-14,159.27227783203125,160.60028464055574,159.12177201483388,159.36081702293976,6188200
2022-04-18,157.2891387939453,159.70610754349258,156.4746295251026,159.12178127154522,6318700
2022-04-19,162.087646484375,164.61971313960444,159.31653483992653,159.9982487303452,14380800
2022-04-20,162.80477905273438,163.18548135852046,161.04295184242585,161.34397698276265,8044900
2022-04-21,162.33555603027344,163.6724113806984,161.62728301652604,162.840191602734,6969200
2022-04-22,160.72422790527344,162.14962238910996,160.58258411575912,161.54759913341928,8003600
2022-04-25,164.68167114257812,165.28370784147785,161.22001078333744,161.43248319891683,11176500
2022-04-26,163.5042266845703,165.17752858932943,163.06155765389838,163.87608055841903,10190000
2022-04-27,161.2200164794922,163.62813634180958,160.9012943356801,163.11463880404665,11090100
2022-04-28,162.4241180419922,163.344863632791,161.0606899348724,161.3528531006838,9403900
2022-04-29,159.76808166503906,161.61843461399573,159.53788516762927,161.57416501763353,8463100
2022-05-02,158.15673828125,160.6091276803452,156.7313439348885,159.7769080172397,7145400
2022-05-03,157.84686279296875,159.91856341187153,157.30680622068954,158.29839369503392,5898700
2022-05-04,159.53790283203125,159.80350693042865,156.83761926516473,157.72295725369895,5923000
2022-05-05,156.49232482910156,159.10408248297892,155.17317998300356,158.847326922753,7089200
2022-05-06,156.1470489501953,156.58971792245006,154.65968768782818,155.05808706102047,6434000
2022-05-09,156.99696350097656,158.08592528042087,154.57113291415578,155.33252401007883,7855200
2022-05-10,156.7844696044922,158.63482238605923,156.2621235385502,157.79375416799994,8186700
2022-05-11,155.93453979492188,157.87343159860777,155.71320536087887,155.78403400087444,6138900
2022-05-12,157.4750518798828,157.54588053475246,154.67739431304673,156.23558419262534,6898600
2022-05-13,156.572021484375,158.37810495398713,155.64241393727514,158.20988858242237,7732200
2022-05-16,157.66094970703125,158.59055705560075,155.96995134553214,156.57198804628635,5516700
2022-05-17,158.3161163330078,159.09520443267522,156.34180325686918,158.22757714684457,5751100
2022-05-18,155.37681579589844,158.80306946230453,155.084652640821,158.33384141271557,8608800
2022-05-19,153.99569702148438,154.75708825737678,152.889024498919,154.68625959483026,6874500
2022-05-20,156.68710327148438,156.84647112386654,154.09306961763795,154.80134266439097,7522100
2022-05-23,159.88587951660156,160.3224740245802,158.12164994666455,158.2463931769431,7040800
2022-05-24,161.6322784423828,161.93523792924768,159.58292739566036,159.71657599575377,6419800
2022-05-25,160.0462646484375,161.76595382039352,159.5472917061061,160.8571024777225,6558900
2022-05-26,159.90370178222656,161.2758772974378,159.13741806448743,161.2758772974378,6897600
2022-05-27,161.35609436035156,161.4184727834616,158.80775630917898,160.1710266852124,5853600
2022-05-31,159.96609497070312,160.53635177369878,155.93864865179938,158.60282458860425,16391400
2022-06-01,158.34442138671875,160.23339436230486,156.73165102239992,159.62748890470573,5175400
2022-06-02,157.8454132080078,158.433494237383,155.5643864715133,158.37112942299024,8666500
2022-06-03,157.19497680664062,159.19978749412422,156.95439571726465,157.7741524961759,4234200
2022-06-06,157.17713928222656,159.04830120539248,156.82073396161945,157.89888248984184,5386500
2022-06-07,158.90576171875,159.7611536737501,157.17716705676617,157.69396438016295,5447800
2022-06-08,157.9612579345703,159.89478480078523,157.53356880185726,158.69190656578118,4333100
2022-06-09,154.78030395507812,159.18196585196088,154.71792553988695,157.8988984108086,5509600
2022-06-10,153.74673461914062,155.0119915173107,152.0270451814058,153.40813995766024,6647300
2022-06-13,152.19630432128906,153.47938524704392,151.54585848386867,151.54585848386867,7997000
2022-06-14,149.86183166503906,152.4636288450418,149.03316949419283,152.41907477633086,7116800
2022-06-15,151.4656982421875,152.75768478914586,150.26280624564345,151.15383332575186,7796100
2022-06-16,151.54588317871094,151.66172104660404,149.16684257286542,150.04895065607022,7056700
2022-06-17,150.99343872070312,153.43484395591,150.79741169650498,152.03593866066993,12486600
2022-06-21,154.15658569335938,154.91396412753593,151.08254507674914,152.1428694461988,8219700
2022-06-22,156.58908081054688,158.53151303203435,152.98041895023223,153.25663512888485,10593100
2022-06-23,160.0819091796875,160.22447675835895,157.2840850292253,157.71177416924704,10223500
2022-06-24,162.42527770996094,162.6391290474718,160.36700787188497,161.0798320675972,9374400
2022-06-27,162.2738494873047,163.36982259852022,161.72141704151744,161.84616029043696,5908600
2022-06-28,157.6583251953125,163.03121710983896,157.09697381451335,162.3183927651403,9245700
2022-06-29,157.70286560058594,158.87010873583733,157.20387908534036,157.90779799328087,7097900
2022-06-30,158.1661834716797,158.8611833807085,155.956440519793,157.5870214128196,10777200
2022-07-01,159.95718383789062,160.13538653316485,157.43557559157762,158.11275127201733,5498400
2022-07-05,158.72755432128906,159.60967597410695,155.58222999820228,159.34236514634455,5676400
2022-07-06,158.8701171875,159.88588742601507,158.0771036995013,158.66518478390296,5335600
2022-07-07,159.04832458496094,159.60075699190506,158.16620293220097,158.47806783056888,5725800
2022-07-08,158.85226440429688,160.375926287314,158.39784560914683,158.8968184656231,3828300
2022-07-11,158.9146270751953,159.51161336908538,158.1750732375732,158.3354515272798,3645200
2022-07-12,156.68710327148438,159.00376531215994,156.1079275643207,158.58498153479297,4708800
2022-07-13,156.32176208496094,157.11477548503112,155.48419462052894,156.51778909135956,5291700
2022-07-14,156.53562927246094,156.82966983734497,153.52396701842537,153.72889943783153,5359600
2022-07-15,158.80775451660156,159.05724101423635,157.31083553079287,158.3444302187052,5691100
2022-07-18,155.24362182617188,158.7720945334666,154.95850027184076,158.37113512481756,7605700
2022-07-19,152.98043823242188,157.48903298436633,151.36768142785613,157.1148032503782,13256400
2022-07-20,152.1072235107422,153.74670991001102,151.2607369930828,153.43484502497935,7455800
2022-07-21,152.64183044433594,152.71311423457072,151.26965487129678,151.5191413391221,5729200
2022-07-22,153.3635711669922,153.69326042006224,152.41908467137296,152.90024689109953,4257000
2022-07-25,153.66651916503906,154.1298434061635,153.007154304372,153.3635596584666,4437300
2022-07-26,154.75357055664062,155.91190843364413,153.69325979436175,153.75562461755757,4525500
2022-07-27,154.3258514404297,155.1277837824566,152.48143288615088,153.81797319353797,4648500
2022-07-28,155.21690368652344,156.90094420529456,152.7576740134588,154.50407935352123,5513000
2022-07-29,155.5019989013672,155.79603937302568,154.06744522836115,154.85153955679394,6451400
2022-08-01,154.95852661132812,156.07231048911183,154.6288373382278,155.19018876334908,5461400
2022-08-02,154.07640075683594,156.36634687427377,153.8803737119193,155.9386440875497,5794200
2022-08-03,155.5644073486328,156.16139383275492,153.0517181706263,153.7467181727979,5010000
2022-08-04,153.06951904296875,156.00991079868385,152.90023533725778,155.76042433174976,5651600
2022-08-05,152.46363830566406,152.83786803327033,151.28747607947832,152.63293561967507,5235500
2022-08-08,151.65280151367188,152.79331505242052,150.97562584878793,152.6329367091561,4629800
2022-08-09,151.63497924804688,152.47254686369078,151.2340197883859,151.95574953497444,5532500
2022-08-10,152.07159423828125,152.57948621373927,151.05582388335984,152.38345916314086,5603400
2022-08-11,148.92626953125,151.4300535166603,148.78370193165503,150.15589128476608,9328700
2022-08-12,147.2867889404297,149.63910004585816,147.15312671185143,149.28268103231133,14606900
2022-08-15,147.9906768798828,148.57875798562299,147.13529854061852,147.9104877098256,10072000
2022-08-16,149.30943298339844,149.91532494744976,147.55410832872633,147.78577050392315,7453600
2022-08-17,149.3182830810547,150.1914855984435,148.27578328462303,148.27578328462303,7406600
2022-08-18,148.5965576171875,149.9598276653826,147.84808469983247,149.4073817506692,8312100
2022-08-19,150.8597869873047,151.58151671922676,148.8015166863436,148.8906248293437,8128500
2022-08-22,150.3305206298828,151.523550476951,149.95377652354696,151.50560637074184,5462600
2022-08-23,149.02090454101562,150.49200660150444,148.72488834936712,149.80130215432456,5566300
2022-08-24,148.5275421142578,149.43352109716847,148.07007001766124,149.40661177897712,5684300
2022-08-25,149.9179229736328,150.01659504057434,147.73817229023118,148.85943955668307,5678700
2022-08-26,147.3524627685547,150.24981354962227,147.28966523177274,150.2139390195644,5667100
2022-08-29,146.21324157714844,146.9667298438719,145.33417193263773,146.63483913557923,5259200
2022-08-30,145.7019500732422,146.69763597365056,145.3431500155983,146.48236141400216,6973300
2022-08-31,144.72421264648438,146.70661929621576,144.66142879380845,146.41956829156794,8741700
2022-09-01,148.31227111816406,148.45579662342757,144.8497970059184,144.85877590458833,7509600
2022-09-02,145.98004150390625,149.08370181585505,145.3252115267316,148.7787203863286,5803700
2022-09-06,146.37472534179688,149.10165533182192,146.05181346946503,147.05646468297624,7394600
2022-09-07,147.17308044433594,147.48702710397092,145.45978057193992,146.13254101203137,4590600
2022-09-08,148.3571014404297,148.38401075755684,146.28500189757855,147.00261562477056,5838400
2022-09-09,148.6441650390625,149.08369304772242,147.46010023546413,147.99831399843512,5500600
2022-09-12,148.58139038085938,149.41562047318527,148.20464616370617,149.00298803305748,6365300
2022-09-13,144.7152557373047,147.50496954479297,144.24880467166545,146.72457182307323,6726400
2022-09-14,147.7023162841797,148.3302232946726,145.65712562866202,145.65712562866202,9555700
2022-09-15,148.07904052734375,148.96708912147065,147.1999708311646,147.51391745041352,7174500
2022-09-16,150.33953857421875,150.36644789685027,147.783043425456,148.29434793014704,20201500
2022-09-19,149.1554412841797,149.28998786816035,147.18201382418522,149.1733853911582,7380900
2022-09-20,147.98036193847656,148.81457817017875,147.39730846604022,148.2046153797742,7143400
2022-09-21,146.46441650390625,149.62190900581467,146.428541973276,148.02522548954533,8071200
2022-09-22,149.0657196044922,149.94480282350716,146.06073213339573,146.34776937977512,7401100
2022-09-23,149.55015563964844,150.23188126315137,147.70230923100328,148.67108586693627,9598600
2022-09-26,148.6351776123047,149.65777275339718,147.451126563992,148.724884463434,8735500
2022-09-27,147.95347595214844,150.40232008483483,147.4690807776459,149.22723405710408,8686700
2022-09-28,149.2272186279297,150.14217655056436,148.09698614985948,149.12854656090687,8660900
2022-09-29,147.58567810058594,149.95379396393707,147.01158982120822,149.33485225749118,7008100
2022-09-30,146.53619384765625,148.67109134743063,146.50031931345285,148.00729612222574,8985200
2022-10-03,146.39263916015625,147.45112248737382,145.04711855447957,147.37038084865225,8657000
2022-10-04,148.5634002685547,148.90426984453393,146.14146608686508,146.97569592088203,6236100
2022-10-05,148.10595703125,148.94017334019233,147.2986500427674,148.02522906987076,4539400
2022-10-06,145.2355194091797,148.0072889907712,145.03817526220436,147.81891005507822,5890700
2022-10-07,143.70159912109375,145.5135707173096,142.7776760593127,145.10991726978233,6363500
2022-10-10,143.88999938964844,144.67039708320374,142.78666246532032,144.08734353770654,5315600
2022-10-11,145.9710693359375,147.208952908246,143.85411596673032,143.85411596673032,6212200
2022-10-12,145.9351806640625,147.8996431211607,145.76474584817257,146.15943411921353,4341700
2022-10-13,148.14183044433594,148.8953324735555,144.1949750167925,144.32055640710493,6465100
2022-10-14,147.52291870117188,148.61726311640194,146.75148616472194,147.50497458990193,5684600
2022-10-17,149.4335174560547,149.98967528892666,148.01623408735455,148.36606890266168,6710800
2022-10-18,148.91326904296875,149.95380842699606,146.25811562751105,148.0072899531243,10883600
2022-10-19,147.72921752929688,149.12855698683717,147.01160369053773,148.904303517684,10044600
2022-10-20,148.10595703125,148.67108013559488,147.40628732460638,148.00728496044923,5659900
2022-10-21,151.33523559570312,151.92725442406052,147.4960031433852,147.74717965181668,8487600
2022-10-24,153.3714141845703,154.35813482981288,151.81958415827447,152.3219096913637,6855500
2022-10-25,153.1292266845703,153.48802671759864,151.1647643384821,152.6448315839038,5661900
2022-10-26,154.4747314453125,154.79765691674928,152.95877614016047,153.6763898197247,6123800
2022-10-27,154.564453125,155.56910424938928,154.03521824249813,154.60034134363963,5390900
2022-10-28,156.86082458496094,157.32727567001567,154.81563388009735,155.18341288345485,6073900
2022-10-31,156.05349731445312,157.1209459635946,155.56013696980645,156.5468576590998,7810000
2022-11-01,155.2641143798828,156.64552328810177,152.86908919143724,156.13421885539438,6985000
2022-11-02,152.8780975341797,156.0266256005744,152.7525161150329,155.0847581132995,6877300
2022-11-03,153.13821411132812,153.81097453636477,151.54153046422883,152.32192817732067,4819900
2022-11-04,153.81991577148438,154.73487363937343,151.81061370847308,153.89167851478388,5300900
2022-11-07,155.1654510498047,155.94586240221935,153.78405575116653,153.99036510302557,6621000
2022-11-08,155.93685913085938,156.6993262547464,154.44781309618318,155.2999870654721,5148400
2022-11-09,154.69003295898438,156.97742097349573,154.59136088973582,156.3226047070343,6150000
2022-11-10,156.5019989013672,156.77110577904304,154.32224824827148,156.39436162523458,7877500
2022-11-11,151.819580078125,155.28205376654378,149.639843194048,154.94118415510374,11074700
2022-11-14,154.20562744140625,155.41658771606475,152.71658142420213,152.71658142420213,6581500
2022-11-15,154.63621520996094,155.1833941994296,152.9588037104146,154.45681517956933,9351000
2022-11-16,155.59600830078125,156.968438218626,155.29999212612054,155.75746420295434,5500900
2022-11-17,156.8518524169922,156.9684686049209,155.16546189089794,155.1834060015053,4464100
2022-11-18,158.0538330078125,158.448521280239,156.63654952380136,156.97741915677784,6555700
2022-11-21,158.86634826660156,159.38997600001298,157.83715272870725,158.79412232657694,5706600
2022-11-22,159.6337432861328,159.96777621853695,159.19136455146213,159.25455364173504,4707900
2022-11-23,159.8052520751953,160.15734491009755,158.90244852152918,159.2906612129639,5389200
2022-11-25,160.0128936767578,160.80735137130435,159.66982394630426,160.13928561286895,3058600
2022-11-28,160.0941925048828,160.49142836361935,159.39902975209387,159.5705646707021,6183100
2022-11-29,158.9746551513672,160.03093352778845,157.6836528387481,159.80523266678338,6700500
2022-11-30,160.69903564453125,160.70805872099348,157.79200704373795,159.22746141552088,13288000
2022-12-01,161.36712646484375,162.46854800013622,160.49140583800153,161.60185045038355,6282600
2022-12-02,161.4935302734375,161.56575622252458,159.76014882242154,160.2476567591452,5823900
2022-12-05,161.40322875976562,161.92685650816028,160.69904304398761,161.0240528955536,5120600
2022-12-06,158.98373413085938,162.5046629852637,158.83024538209858,162.43243703752066,7943500
2022-12-07,159.94970703125,160.5907036280044,159.10106947034527,159.4080331540288,5702600
2022-12-08,159.97682189941406,160.2205827693433,159.2004101226363,159.63376584155318,4798500
2022-12-09,158.65872192382812,160.5997443040369,158.5864959771458,159.90458162094882,4561000
2022-12-12,160.55458068847656,160.58166369303322,158.53230954457115,158.84828252296188,4882400
2022-12-13,161.79147338867188,162.68524032499963,160.9789417116463,161.69216442066963,9177500
2022-12-14,162.28799438476562,163.443582063086,161.2226925901888,161.2226925901888,9533600
2022-12-15,160.23863220214844,162.36021261226938,159.25456570865137,161.78241880059795,7602400
2022-12-16,158.5955047607422,159.79623518669672,157.86423605806593,159.79623518669672,18841800
2022-12-19,158.4239959716797,159.04693275455674,157.15105317155243,158.30664085329556,5736000
2022-12-20,158.5955047607422,159.29066738117683,158.1441029664295,158.89343159807132,6174700
2022-12-21,160.41017150878906,160.86157340579808,158.5774809089879,159.13722862875008,5472000
2022-12-22,159.8233184814453,160.25666034757643,158.29757820979776,159.58859450722628,5709100
2022-12-23,160.22959899902344,160.265718861902,158.72191845259164,159.4983301961838,3683400
2022-12-27,160.1844482421875,161.01503973956937,159.78722619974536,160.7983618999449,3067300
2022-12-28,159.48928833007812,161.10530072339253,159.48025147757733,160.48236403118923,2645400
2022-12-29,160.30181884765625,160.96989852856697,159.85945386191682,160.29279577012574,2828800
2022-12-30,159.48025512695312,160.49140455620386,158.35175059371488,160.23862064281371,4216600
2023-01-03,160.87060546875,161.0421403886152,158.90248609304976,159.0379149235344,6344900
2023-01-04,162.62203979492188,162.67620581444527,161.13240537957043,161.50255821390243,9788800
2023-01-05,161.42129516601562,162.49563371223428,161.06920229399938,161.61991307081357,6255300
2023-01-06,162.73033142089844,163.3442311906275,161.95391985726633,162.62199940875524,5706000
2023-01-09,158.51425170898438,162.28796400104855,158.15312201731297,161.8726820752379,7925300
2023-01-10,158.1350860595703,159.01982975374918,157.37673432170268,158.6225939551452,5047500
2023-01-11,157.88230895996094,158.64066073055332,155.38153895679136,158.50524569140848,6494800
2023-01-12,157.08782958984375,157.72882622016337,156.00446800298283,157.3225535713618,4269400
2023-01-13,156.5732421875,157.09686999697982,155.62530930423134,156.35657811164043,6088000
2023-01-17,155.6072235107422,157.61144853348986,155.36346269022175,157.08782081103703,6053300
2023-01-18,153.25994873046875,155.28223394575525,153.214819566735,154.96624714547295,7047800
2023-01-19,153.05227661132812,154.6321827400276,152.31198490295253,152.60087486027112,6939500
2023-01-20,152.33908081054688,153.57591730499476,151.2015394850821,153.56689422845702,8620600
2023-01-23,151.95086669921875,153.14257402423686,151.62585686291283,152.66408923407664,8425400
2023-01-24,151.95086669921875,154.3703874307604,149.87441573258036,152.59186329537653,10541800
2023-01-25,153.0342559814453,153.0342559814453,150.8404495202956,150.9216985501845,7099800
2023-01-26,152.47450256347656,153.39536611145544,152.25782473580801,153.0703562577976,6946100
2023-01-27,151.87864685058594,152.45644060766617,151.46336490601973,152.15851376446528,6058100
2023-01-30,146.25418090820312,152.15851029837907,145.42360326230101,151.6077995599811,23259100
2023-01-31,147.5361785888672,147.54520166659316,145.3965382340641,145.98335512714874,11612500
2023-02-01,148.89036560058594,149.84733519667503,146.61529670895652,147.14796129368585,9865300
2023-02-02,149.45013427734375,150.06404802177366,146.99452062670215,147.157018697594,10099000
2023-02-03,148.61053466796875,150.17238139106945,147.96051482729357,149.89251441605234,6868500
2023-02-06,147.48202514648438,148.82720772967602,147.24730112437456,148.55636384220017,7021000
2023-02-07,147.51812744140625,147.95148316049693,145.7305798711561,145.89309170973812,7310800
2023-02-08,147.70773315429688,148.56539402591156,147.06673638247108,147.4278661749409,6054700
2023-02-09,145.7124786376953,148.78201878726617,145.41456560683844,147.72574035080024,7949500
2023-02-10,146.38958740234375,146.96738111258094,145.66735559631377,146.04653142718612,7028000
2023-02-13,146.9312744140625,146.99447727345284,145.48678325670565,145.64929505536037,6414700
2023-02-14,146.29031372070312,147.1299283723206,146.03752977253038,146.922287366827,6316000
2023-02-15,143.87982177734375,146.2361399938312,143.8075958280015,146.20905698478924,12621800
2023-02-16,142.85968017578125,144.13262308122498,142.5707763435972,143.60900899285406,11177000
2023-02-17,145.84213256835938,146.4968274613001,142.41407929209623,142.7778063852688,12401900
2023-02-21,143.6689453125,145.80579909965206,143.56892207406366,145.16928001427198,9423900
2023-02-22,143.46890258789062,144.44185719401534,143.09608742807984,144.1235976430016,9820200
2023-02-23,143.42340087890625,144.20539679366948,142.45954835310346,143.40522493014132,9385100
2023-02-24,141.8230438232422,142.6232295646219,141.1319831487225,142.4413590781119,8689700
2023-02-27,141.51390075683594,142.66869799133042,141.01378461701432,142.25951710412056,7267100
2023-02-28,139.35887145996094,141.18656754896546,139.1588249838035,140.9228636145884,9062300
2023-03-01,138.7314453125,139.34067261716277,138.13130598261583,139.13152432431878,6767000
2023-03-02,138.62229919433594,138.90417899215245,137.51295594986752,137.98579418720698,8762500
2023-03-03,140.04995727539062,140.1408786696474,138.9769793748781,139.45890577623848,5747200
2023-03-06,141.4502410888672,141.6048199160681,140.55004592606372,140.63187932726925,8148200
2023-03-07,140.1135711669922,142.07765601367024,139.44070026796496,141.93216516396717,7457700
2023-03-08,139.08607482910156,140.21359422603945,138.64960228050842,140.01354777662704,6230500
2023-03-09,137.52210998535156,139.66805187714112,137.0401835917304,139.54075082740675,7439400
2023-03-10,137.8585205078125,139.56800332984673,137.39478402673294,138.0858447607523,8504300
2023-03-13,139.17697143554688,141.76847296688777,137.82212803036867,138.29495239504243,10799600
2023-03-14,139.95896911621094,140.05899232443667,138.12218559914217,139.37701968874356,8421200
2023-03-15,140.34999084472656,140.84100509654414,138.69506372331054,138.97694355998087,7757700
2023-03-16,140.0590362548828,140.36819395008854,138.75874801487288,139.53164225288722,7605500
2023-03-17,138.55868530273438,140.89557144536346,138.4859398756603,140.4682007330355,20540700
2023-03-20,139.9317169189453,140.0953975963341,138.55868342282625,138.64051682413498,7129000
2023-03-21,139.9317169189453,140.14995319720657,138.3677249450012,140.03174014546863,8376800
2023-03-22,137.34933471679688,140.08631409225222,137.33114488920012,139.89536946419216,7943500
2023-03-23,137.42205810546875,137.93126219830037,136.49457129365635,137.4675118550087,9051500
2023-03-24,138.80418395996094,138.9042071867244,137.14927060551378,137.7403081160796,5696200
2023-03-27,139.39523315429688,140.52275255670287,139.22246450398728,140.2135949060284,6772300
2023-03-28,138.04946899414062,139.53161358119664,137.96762172417962,138.56776103845203,6115300
2023-03-29,139.40428161621094,139.46793904818537,138.27676253339249,138.43134131491544,6012000
2023-03-30,139.513427734375,139.84987704881158,138.9496680517412,139.64983060501817,4555700
2023-03-31,140.9410400390625,141.11380869520286,139.34068225676253,139.8407845248258,9890000
2023-04-03,142.6232147216797,142.76869167106963,139.97715759071605,140.8955424030259,6841900
2023-04-04,144.11448669433594,144.55094536991314,142.38681406744226,142.7323513677752,8314500
2023-04-05,150.58865356445312,150.63412118241442,147.9971519631177,149.46112046295013,16704200
2023-04-06,150.17037963867188,152.06171888276774,149.8521340439697,150.93419959045065,9615400
2023-04-10,149.41567993164062,149.8885043508939,148.79735079718375,149.697559763249,5354000
2023-04-11,149.37020874023438,150.28859363332995,149.16106045907043,149.5065977281501,5903800
2023-04-12,149.05197143554688,149.88852306030384,148.30635506610406,149.0701612615641,5764100
2023-04-13,151.04330444335938,151.24335086581723,148.95191885615313,149.28835425993714,5640600
2023-04-14,150.79782104492188,151.05242311164636,149.17927338869967,150.91603410260538,7225100
2023-04-17,150.64324951171875,151.16155552074173,149.9794665109245,150.70690696887146,8046400
2023-04-18,146.40589904785156,149.7521190872611,145.16925462292616,149.35202620349546,14571500
2023-04-19,147.78807067871094,147.92445970683804,146.55142594952062,147.29705630267938,6752000
2023-04-20,148.74278259277344,148.9610188349251,146.36042925038606,147.69708287491184,9498800
2023-04-21,147.9335174560547,150.0067133141614,147.27882256667678,149.52478705875404,7014200
2023-04-24,148.83372497558594,148.95193802446067,147.1878996401961,147.9335298334506,5278900
2023-04-25,150.1976776123047,150.35227031808554,149.2702046262495,149.4065936316189,6263100
2023-04-26,147.86988830566406,149.47934803957156,147.52436484637994,149.20655613767278,5518200
2023-04-27,148.21539306640625,148.58820812124188,147.42430921205164,148.12445782750066,5739700
2023-04-28,148.8519287109375,148.90648431558697,147.81533059828078,148.04265486750174,6024900
2023-05-01,148.76101684570312,149.3975220652904,147.5243721870308,148.76101684570312,4893400
2023-05-02,150.061279296875,150.47046016236854,148.72461162809748,149.43386216155852,7541700
2023-05-03,148.09719848632812,151.106969347263,147.76985101015197,150.53412167003313,5937200
2023-05-04,147.42434692382812,148.1244957183782,146.62416101603034,147.92444924142876,5128000
2023-05-05,147.92445373535156,148.33364855276224,147.02425843650425,148.0699446093299,5194500
2023-05-08,147.58799743652344,147.82442354212228,146.7059782151081,147.29702960433372,4994900
2023-05-09,146.44227600097656,147.42431836811667,146.20584991504617,147.0787810885386,5520500
2023-05-10,146.9878692626953,147.27885099180995,145.54209021743478,146.57868834655378,6756600
2023-05-11,146.38772583007812,147.47887943131002,144.93284511192172,147.15153196346336,5867600
2023-05-12,146.19676208496094,146.90601259391235,145.49659955056572,146.72415597939641,3904200
2023-05-15,145.07830810546875,146.42406349279418,144.52363649907335,146.21492911244553,5104500
2023-05-16,144.8874053955078,145.71486913677617,144.15087691967884,144.63280330200578,5599200
2023-05-17,144.56912231445312,145.54206280403156,143.4597789620045,145.29654875068115,6840700
2023-05-18,144.10537719726562,144.51455805107852,143.26882566564782,144.26905786365302,5173000
2023-05-19,144.4963836669922,145.4238565790754,143.79622112080463,144.2054019790496,6527100
2023-05-22,143.71762084960938,145.79730226422802,143.63517003065476,144.75288328577466,5675900
2023-05-23,143.6626739501953,145.0002702244445,143.25956236125842,143.92836748811092,5793000
2023-05-24,143.52525329589844,143.96500503064613,142.84729163776007,143.91003781123462,5015100
2023-05-25,141.4639129638672,143.18627992350923,140.83176191794436,142.96641102368008,6886100
2023-05-26,141.40892028808594,142.2609400804911,141.27148827097076,141.72041049308646,6845400
2023-05-30,141.42726135253906,142.35258958736364,140.46530693969842,141.06080385997666,5593100
2023-05-31,142.05938720703125,142.63657093590345,140.95084440204903,141.72956993045497,11324600
2023-06-01,141.58299255371094,142.04107136406643,140.30953402010095,141.58299255371094,7901300
2023-06-02,143.8092498779297,144.1207400858233,141.17071169470253,141.7478954171471,7659700
2023-06-05,145.0460662841797,145.33922942330005,143.60769225764915,143.60769225764915,6430500
2023-06-06,144.91781616210938,146.22792892331793,144.20321428488901,146.20044531107538,5073600
2023-06-07,145.22933959960938,145.48586266742416,144.23988748969867,144.84455499788723,6504300
2023-06-08,146.82342529296875,146.9700138773663,144.58801228846178,145.21099280296613,5818400
2023-06-09,146.59439086914062,147.2540255419579,146.09967185425631,146.97001888716716,6264400
2023-06-12,146.49359130859375,146.81425205306584,145.42168861856464,146.58521265828728,6510600
2023-06-13,147.26319885253906,147.354806238051,145.8064974344864,146.33787059650285,6066800
2023-06-14,148.014404296875,148.49081011380514,147.48303126634792,148.0510584255757,6699100
2023-06-15,150.00247192382812,150.16738755233874,147.89530676045672,148.46333394815463,7138300
2023-06-16,150.4605712890625,151.15686007001648,150.1307539663624,150.68961070817488,13426600
2023-06-20,150.36892700195312,151.449986084685,150.07574990730856,150.48801796463084,7995800
2023-06-21,150.13990783691406,151.0927055637792,149.049678086151,149.8650577685734,7177500
2023-06-22,151.7340087890625,151.82563013574267,150.05743879688987,150.15821668645614,5485900
2023-06-23,151.60577392578125,152.3295463451259,151.193505752202,152.18295775646655,9450700
2023-06-26,149.91085815429688,151.14766240776092,147.80369308091412,151.14766240776092,6978800
2023-06-27,149.59938049316406,150.1399241454159,148.82065485764312,149.95668142698113,4927500
2023-06-28,149.29705810546875,149.5169269965467,148.33508976863345,149.5169269965467,6780400
2023-06-29,150.34149169921875,150.54304752168042,148.6282672082947,149.00389523919665,4547500
2023-06-30,151.64242553710938,152.02721009133867,150.57052271187266,151.03775810355316,7580000
2023-07-03,149.6543426513672,150.60714036047418,149.29704176302022,150.56132968669536,4033700
2023-07-05,149.1596221923828,150.1765577255571,149.08632790410962,149.32453783586152,7224600
2023-07-06,148.05108642578125,148.7565177729621,147.50138622694163,148.6465833249769,6332500
2023-07-07,145.89810180664062,147.5380178047154,145.85229112949148,147.0158152276916,7022200
2023-07-10,146.13632202148438,146.86009449403298,145.66908658767605,146.0630277217669,5739200
2023-07-11,145.330078125,146.86005957170502,144.38643695714873,145.78815690471245,6606700
2023-07-12,144.82618713378906,145.6140831857075,144.64295841974044,145.6140831857075,6940400
2023-07-13,145.49497985839844,145.78815698771973,144.21236486625526,144.75289447155453,6401700
2023-07-14,146.46612548828125,146.7959428159978,145.65074570301766,145.8339744452031,5362200
2023-07-17,145.7332000732422,146.46611498944787,144.89032275658496,146.3561805479082,5486800
2023-07-18,145.72401428222656,147.40058423732717,144.92696170566157,145.73318480436467,6332500
2023-07-19,145.43087768554688,146.9608593602258,144.13909197920688,144.67046512038485,7522600
2023-07-20,154.26260375976562,154.95887842461806,147.77620700593175,148.36254724461116,21892900
2023-07-21,155.92086791992188,156.49805169518936,154.0793821529088,154.0793821529088,12080000
2023-07-24,156.73623657226562,159.2465133117408,156.6537857471821,157.12102106877703,15155400
2023-07-25,157.93643188476562,158.20211147780765,155.51777601577518,156.15908363644354,13790100
2023-07-26,158.2387237548828,159.27398619831317,157.0293891505797,157.5790892397091,14288200
2023-07-27,159.1273956298828,159.6770817326009,157.61572739363703,157.74398888221663,12446400
2023-07-28,159.85116577148438,160.65738889073435,158.70596883139288,159.4114140607366,14138800
2023-07-31,153.48388671875,155.948352981499,152.73264473105988,155.46279055569227,22632700
2023-08-01,154.72984313964844,154.9130718479305,152.13711567806703,152.42112227282234,15810300
2023-08-02,155.6643524169922,156.8828437905564,154.69322752754647,154.69322752754647,14595600
2023-08-03,156.33311462402344,156.95610899088157,155.4444407341733,155.70096371480489,17424800
2023-08-04,154.86727905273438,158.2020922544497,153.8137033739048,156.05828676323043,23415100
2023-08-07,158.58689880371094,158.80676769840034,155.16046407374887,155.27956904467675,17736400
2023-08-08,158.66015625,158.99914404622,157.0202404024692,158.4860980599412,27378700
2023-08-09,158.55943298339844,159.64049244880852,157.62494813774248,158.4952952289462,42974400
2023-08-10,157.73487854003906,161.21628079476076,157.24931604966412,159.41144890432642,48213800
2023-08-11,159.2740020751953,159.36560944621257,157.23096059118956,158.01885667510598,45905600
2023-08-14,158.89837646484375,160.87728023696084,157.35006788331108,158.97167075041722,64036900
2023-08-15,158.4403076171875,159.9244785497772,157.70737869486865,158.31204610424095,88958100
2023-08-16,157.93643188476562,160.08023763648174,157.6982359055053,158.0646934088993,85832700
2023-08-17,159.4205780029297,160.684879956897,158.27538100968553,158.36700236092724,70904200
2023-08-18,158.02801513671875,159.4022514121908,156.9469419973645,158.650995538128,49631700
2023-08-21,153.31898498535156,155.6093790605468,152.04552643872125,155.46279048466485,151319500
2023-08-22,152.10049438476562,153.76789401013792,151.54163766857607,152.87006344262977,56834800
2023-08-23,150.73541259765625,152.5402442333685,149.76428775396457,151.9905440677722,119011400
2023-08-24,151.2484588623047,152.69598958644096,150.12158889850178,150.27733401712038,70755100
2023-08-25,153.41708374023438,154.82898118893118,151.39612862477847,151.6176079802243,18185500
2023-08-28,151.60836791992188,153.38017456706302,150.57482577655256,152.2635688664221,18458000
2023-08-29,151.62681579589844,152.89106021414202,150.20569546364288,152.14358682580956,12208600
2023-08-30,151.09156799316406,153.02947322284106,151.0454247103712,152.36504937729197,9939100
2023-08-31,149.1998291015625,150.94395252635633,148.830710944087,150.75937936666347,15333000
2023-09-01,148.09243774414062,149.93805640923046,147.6587162313683,148.9598807696853,8610100
2023-09-05,148.27699279785156,149.46742469008166,147.90787470716384,148.16626018683576,9019800
2023-09-06,145.81312561035156,147.64952160445097,145.20408203525952,147.50186870341716,9753800
2023-09-07,147.6771697998047,148.627662243622,146.70821722748977,146.85587009356587,9931800
2023-09-08,148.16627502441406,148.27700764651877,146.9020306522053,147.271148779857,6957000
2023-09-11,150.10418701171875,150.13187016846487,148.06477195204266,148.62768627413794,6309300
2023-09-12,150.95315551757812,151.27613034226545,149.0613935294403,149.69813423538966,6045800
2023-09-13,151.3314971923828,152.2173862058747,150.41791094632683,151.11924092208724,7397500
2023-09-14,151.10079956054688,152.51269666035535,150.82395395488882,151.9682284728786,7758400
2023-09-15,148.98757934570312,152.09745669334788,148.76611409477715,151.32228607224374,13392100
2023-09-18,149.92884826660156,150.5563519161591,148.34161493060336,149.6058593357706,5789000
2023-09-19,149.67967224121094,150.2795067612212,148.92297590395344,149.72581552443526,5550800
2023-09-20,150.3349151611328,150.91627563348536,149.18140316231674,149.6704911233382,3837400
2023-09-21,149.18136596679688,150.87933182626918,149.11676255211142,150.0211258719866,4526700
2023-09-22,148.1109161376953,148.94143900702014,147.8802137761101,148.84916651095887,4976700
2023-09-25,147.88943481445312,147.98172139022915,146.47753750699772,147.71411285000588,6722500
2023-09-26,146.74514770507812,147.72332336929423,146.59749482871823,147.47416090055606,4904800
2023-09-27,144.98260498046875,146.5052350637533,143.27540172749013,146.33913610817575,10211600
2023-09-28,144.7703399658203,145.76697578542198,144.1612823959048,145.34247727522077,7861900
2023-09-29,143.72755432128906,145.43475722811255,143.35843621865573,145.22250094219302,7680700
2023-10-02,143.1738739013672,143.42303638398994,141.48514507735214,143.42303638398994,7259700
2023-10-03,143.34921264648438,143.49686553385823,142.01114179692544,142.740155046783,5740800
2023-10-04,143.51531982421875,143.89366097140424,142.638653722666,143.56146310976445,4955200
2023-10-05,145.01025390625,145.84077664998287,144.02285527007658,144.2074143152447,5993300
2023-10-06,145.47164916992188,146.08070665252134,144.50269664414122,144.95487824442597,5802200
2023-10-09,146.30218505859375,146.61595093248098,144.9641143455891,145.04716380590355,4414100
2023-10-10,146.13612365722656,146.97588374299315,145.71162506060017,146.15458379124246,5273500
2023-10-11,144.12437438964844,146.7728471091222,143.99518162876836,146.2283929083387,6922900
2023-10-12,144.26280212402344,144.47504435355526,143.1000672932936,143.88444687241324,5792400
2023-10-13,144.7426300048828,145.21325763213812,144.0043798217943,144.63188332480135,5359800
2023-10-16,145.3701629638672,146.03458685518225,144.7334222279441,145.63778557392808,6408100
2023-10-17,144.0413055419922,146.6805408000555,142.67555167055366,143.93979595203,12244400
2023-10-18,140.94065856933594,143.91210560223945,140.31315501254997,143.41379478249488,9097300
2023-10-19,140.56231689453125,141.29133003325566,138.55980835705898,139.9624824113736,7733800
2023-10-20,141.18983459472656,141.99267424632083,140.5715540022288,140.9499092259965,7207000
2023-10-23,139.70408630371094,141.65121430792436,139.53798740409565,141.06061697437366,5874000
2023-10-24,139.5564727783203,140.23013383247337,138.54139080572637,139.11352817356942,6155300
2023-10-25,139.87022399902344,140.42390117652567,138.63364873259917,139.5656952149681,5880800
2023-10-26,137.49859619140625,140.23934114800653,137.38786357286193,140.23934114800653,7612500
2023-10-27,134.36106872558594,137.1848635403886,133.76123410248942,137.02798761522794,11385800
2023-10-30,135.6806640625,135.87446023084422,134.73017151323228,134.8132209792567,8205300
2023-10-31,136.8895263671875,137.07408540854945,135.32075339418256,136.15127612078746,7576900
2023-11-01,137.2125701904297,138.1999692015961,137.0003279119289,137.67397501905796,5733000
2023-11-02,138.64288330078125,138.790522096841,136.15128676428387,136.30817674670612,5349100
2023-11-03,139.65797424316406,140.51619432585903,138.559828780413,139.53801859361317,4926800
2023-11-06,139.99021911621094,140.66386620855042,139.68569024628712,140.0640455768856,4851400
2023-11-07,139.25192260742188,140.49772083836987,139.04890342784586,140.20241509318552,4840400
2023-11-08,138.74441528320312,140.1101694135865,138.73517817630332,139.66722479202136,5460000
2023-11-09,136.04054260253906,138.88279687955585,135.89288973805586,138.88279687955585,6973600
2023-11-10,135.8836669921875,137.03717859653543,134.39794348254927,136.80647627566586,6930700
2023-11-13,136.23434448242188,136.48349286065462,135.32998121010496,135.88367243474988,5889300
2023-11-14,136.26202392578125,137.07408653061165,135.62528325906086,136.24356379720825,6713600
2023-11-15,137.31402587890625,137.8861631357628,135.90212878437467,135.97595521767107,6729100
2023-11-16,138.51370239257812,138.57829173119603,137.16639441634592,137.96001109693103,6875600
2023-11-17,138.2276153564453,139.15042476663334,137.56320553558774,138.92895951999887,7023300
2023-11-20,139.44618225097656,139.90197082982192,137.24160023008594,137.58578362720917,8851700
2023-11-21,140.57171630859375,140.72984848931165,139.16712044900632,139.6229232242863,5916300
2023-11-22,140.29266357421875,141.42749364853472,139.89267049923347,141.04612272728355,4633500
2023-11-24,141.85540771484375,142.02283679293316,140.32988127503606,140.32988127503606,3351400
2023-11-27,140.72055053710938,141.68796576837346,140.43219102188942,141.66004673084453,6449700
2023-11-28,141.046142578125,141.21357166071905,140.31127708793983,140.83218649207694,5909000
2023-11-29,141.49264526367188,141.57635981144054,140.52524403744786,140.7670907955744,5190000
2023-11-30,143.86463928222656,144.3111310096565,141.31588787545326,141.6321522576446,12481900
2023-12-01,147.32496643066406,147.39938407627056,144.61808312080063,145.52037755742177,10342900
2023-12-04,147.79006958007812,148.8504962161527,146.971489652682,146.971489652682,8920300
2023-12-05,147.48309326171875,148.4877101504379,147.1761258073562,147.71564307317095,7268200
2023-12-06,145.68780517578125,147.58541963571741,145.2692183428794,147.45519230562098,6642900
2023-12-07,144.552978515625,145.65062116886622,143.91115286374398,145.65062116886622,6532400
2023-12-08,143.64138793945312,144.97158044639372,143.10187059061226,144.57158732840986,6254700
2023-12-11,144.23670959472656,144.6273916202541,143.5762760017095,143.71580022735657,6090400
2023-12-12,144.24603271484375,144.4785825728141,142.92513703110117,144.18091194162793,5324400
2023-12-13,144.91574096679688,145.05527937635523,141.17635004504055,142.93442613324382,10764600
2023-12-14,145.92034912109375,146.19011484711095,144.22739389796948,145.54827510542427,9240700
2023-12-15,144.32974243164062,145.75294637933794,143.02745475431766,144.63670993714427,21727800
2023-12-18,144.59019470214844,145.52039408732057,143.95765173949897,144.37625281779938,7231400
2023-12-19,145.53897094726562,145.57617266948728,144.12506420971846,144.45993648456613,6651500
2023-12-20,142.57167053222656,145.72504603045016,142.42283521701606,145.61341244718386,7008300
2023-12-21,144.03208923339844,144.30185504073856,142.59958822814727,142.96236547058683,4598600
2023-12-22,144.60879516601562,145.60410107581,144.1995051867673,144.41344706002332,3798900
2023-12-26,145.2413330078125,145.43668112605184,144.04138203316506,144.1809062649672,4170000
2023-12-27,145.4366912841797,145.59482348917243,144.57159840543434,144.6460160654987,5288100
2023-12-28,145.65061950683594,146.2645544994203,145.10180528333598,145.1111021673269,4377500
2023-12-29,145.79945373535156,145.94827484668622,145.09249313321934,145.5854976616979,4313700
2024-01-02,148.80398559570312,150.35741674892128,145.84594439248295,145.97617172886905,9622100
2024-01-03,149.7341766357422,150.1713714252439,148.6458452002957,149.42720917542943,8232000
2024-01-04,149.41793823242188,150.67369894038455,149.2225901078676,150.3109217322553,6766600
2024-01-05,149.8830108642578,150.07834475980238,148.33887669071515,149.2969807901956,5602500
2024-01-08,150.25511169433594,150.3760421613416,148.46913050503395,149.8551327553431,6569800
2024-01-09,150.34812927246094,151.88295256116447,149.39002505330632,150.34812927246094,6357000
2024-01-10,150.5713653564453,151.26901487410655,149.9481334905805,150.52486674357385,4945100
2024-01-11,149.90164184570312,150.87835414705512,149.55747257705937,150.7574378653174,4946000
2024-01-12,151.05506896972656,151.1294866195393,150.40393227600933,150.5434564983361,4496900
2024-01-16,149.31558227539062,150.92482294643483,148.99930375441303,150.2922942919069,6923200
2024-01-17,149.2318572998047,150.0411402905449,148.71094799626076,149.064428249543,5072100
2024-01-18,149.95745849609375,150.10627961979324,148.5435513680703,148.83191092449175,5368500
2024-01-19,150.39463806152344,150.61789103599364,149.09236452807315,149.90163349573749,7071300
2024-01-22,151.12950134277344,152.16202326972734,150.07837145312467,150.6923064786036,6824200
2024-01-23,148.65512084960938,149.30625740254717,145.9575490472761,148.51559665744853,9149800
2024-01-24,147.864501953125,149.39002839192477,147.12033959899225,148.5993532293369,7247900
2024-01-25,148.42262268066406,148.47843237693615,147.40870868180832,147.90171325716818,5478900
2024-01-26,148.36680603027344,149.52025840946305,148.23657868050336,149.23188466937822,5591900
2024-01-29,148.236572265625,148.89702006398184,147.86449819487373,147.91099680843067,6483200
2024-01-30,147.68775939941406,148.60864770077885,147.09243236451667,148.22727674255796,7200500
2024-01-31,147.8086700439453,149.40861405068776,147.5947281691238,149.20396905956613,8256800
2024-02-01,147.30638122558594,147.42731169259122,146.08782225218957,147.12034417968945,8012000
2024-02-02,145.6785125732422,147.25984854050992,145.0552807470602,146.94358418579935,8295900
2024-02-05,144.925048828125,145.9389626239983,144.4971509195074,145.67850796439257,9121600
2024-02-06,147.02731323242188,147.65054512013688,144.73903068274782,144.95297256809087,9229900
2024-02-07,146.952880859375,148.24585731351985,146.68312930867495,146.78545179901943,8690300
2024-02-08,145.48318481445312,146.35757454748378,144.46927084475453,146.35757454748378,9755000
2024-02-09,145.81802368164062,146.22731360680808,144.80410994483893,145.36223515074252,6529200
2024-02-12,146.8319549560547,147.35286425678044,145.43665610323333,145.6505979530927,6701500
2024-02-13,145.54827880859375,147.39006936233184,144.87853420837732,146.6366102355169,8621000
2024-02-14,144.8692626953125,145.53900741281583,144.03207470157497,145.43668490892736,9098800
2024-02-15,146.8970947265625,147.41800414503516,145.00879098774053,145.09250553134137,7462500
2024-02-16,146.72836303710938,147.39381102141576,145.90356793393042,146.7752289955141,8541000
2024-02-20,147.9561767578125,148.65912324292157,146.625266462184,146.73773332332692,9501700
2024-02-21,148.72471618652344,148.73409795877188,147.27197163622048,148.10613418185466,7472500
2024-02-22,150.38368225097656,150.6554962347666,147.87182700226853,149.0059059924075,8065000
2024-02-23,151.68649291992188,152.07077380843506,150.1118994764793,150.7867293240931,6726000
2024-02-26,150.70236206054688,151.8458229309602,150.49617756235105,151.64900590493738,5465400
2024-02-27,150.8804168701172,150.93665029595934,149.62448935470368,150.2805698253315,5078600
2024-02-28,151.41470336914062,151.47093680996846,150.23374390581455,150.89920632574317,6071100
2024-02-29,151.25534057617188,152.01452048002633,150.84294302309473,151.83643841833552,9849100
2024-03-01,151.94894409179688,152.37072352521832,150.98356516480598,151.67714434501215,5670100
2024-03-04,149.8119659423828,151.4709238118715,148.34047192821404,151.19912410403236,8532900
2024-03-05,149.93380737304688,151.12413414992423,149.2121116089498,150.54302196906784,8298200
2024-03-06,149.3433380126953,150.83358130368302,149.23087113835194,149.4558191885232,5773700
2024-03-07,148.90281677246094,150.29934237048158,148.31235140808977,149.96192746163356,5188700
2024-03-08,149.51202392578125,150.32743721121523,148.4903975744943,148.90279510323666,5284000
2024-03-11,151.11476135253906,151.19912580897804,148.91220404253568,149.48393448414626,4620800
2024-03-12,152.53001403808594,152.87679638117123,151.02102173496988,151.4427867498135,8018700
2024-03-13,150.992919921875,152.47378135542732,149.78384388498915,152.33319777043303,6260000
2024-03-14,149.2214813232422,151.4052890810146,148.73410110492154,150.84294049201296,6988300
2024-03-15,148.256103515625,149.20274733467747,147.24387309163274,148.14363664662227,13165500
2024-03-18,146.9251708984375,148.73409380963164,146.6814879519708,148.6216269576442,6602300
2024-03-19,146.40969848632812,147.0189130456524,145.8942015430246,146.84083098328549,7840600
2024-03-20,145.9879608154297,146.62530657305217,145.47247802652035,145.93172736947497,5982300
2024-03-21,145.9785614013672,147.1032729788338,145.3693468015055,145.828596043976,5915800
2024-03-22,145.49119567871094,146.5503064565772,145.3787288001712,145.9223425489218,7248600
2024-03-25,145.4818115234375,146.19412550831592,145.1818808130781,145.65051182190209,7498100
2024-03-26,145.99728393554688,146.42841638231434,145.05064030400595,145.84731860559253,6864100
2024-03-27,148.04989624023438,148.293579186069,145.6879922442526,146.2034891503274,8461600
2024-03-28,148.26548767089844,149.15588376826977,148.19050498986408,148.2748551429712,6181500
2024-04-01,147.88121032714844,148.22799272141984,146.93458077175345,147.82497689040005,4364700
2024-04-02,147.83433532714844,147.9280672503232,146.16601006531909,146.74712224633228,6102300
2024-04-03,144.58204650878906,148.13427787935558,144.57267903631634,147.89058058021774,8098200
2024-04-04,142.93246459960938,145.74425078845414,142.84811444630023,145.56616870825653,6947400
2024-04-05,142.82937622070312,143.41047416809104,142.09831289931662,142.49196127994895,6783000
2024-04-08,142.0795440673828,143.43857111588372,142.05142735131946,142.4544574506997,5935400
2024-04-09,142.73565673828125,142.96060481890268,141.47036132618763,142.0420918506331,6135300
2024-04-10,140.77674865722656,142.29512281271698,140.36435109157443,142.0233088255903,6809500
2024-04-11,139.45521545410156,141.40472225283392,139.08031635112707,141.3391213454812,8374400
2024-04-12,138.264892578125,139.7176515209138,137.91809591729586,138.771007759373,7100200
2024-04-15,138.33050537109375,140.11131188359587,138.1243065717358,139.06156864100504,8502300
2024-04-16,135.3874969482422,137.07457145724345,134.394001487798,135.91236139515735,12774900
2024-04-17,135.6874237060547,136.28727081382578,134.53458114931274,135.90298996157847,9378100
2024-04-18,136.59657287597656,136.65280630932315,134.15031841501488,135.88424458296356,9887700
2024-04-19,138.63043212890625,138.83663092236065,135.47184932089155,136.98084178127115,9750800
2024-04-22,139.76449584960938,140.8423556609842,138.0586865563944,139.19276549442299,10118700
2024-04-23,140.17691040039062,141.04857154671313,138.90223343586982,140.45809187667157,10110400
2024-04-24,139.21151733398438,139.64266412687184,137.64629158191727,138.84598574280082,9756300
2024-04-25,137.60882568359375,140.19566388024472,137.1495621150808,139.9988325504579,7642700
2024-04-26,136.9714813232422,137.9462276046352,136.79339923782314,137.49634580564492,6183000
2024-04-29,137.60882568359375,137.98372479563554,136.83089643969683,136.97148003134143,6149600
2024-04-30,135.51870727539062,137.66504523456854,135.46247384440483,137.66504523456854,8817700
2024-05-01,141.6952667236328,142.32324486856393,138.35861618759114,139.40835938540687,14470900
2024-05-02,140.51431274414062,142.773117522877,139.7832495520863,142.50130354290545,8459800
2024-05-03,139.9051055908203,140.4862034661683,138.5460785234672,140.4862034661683,6532700
2024-05-06,139.25839233398438,140.63616864439848,138.6304284981774,140.46745404440725,5042800
2024-05-07,139.3896026611328,140.3362321113899,139.13653792238736,140.0081989996293,7333500
2024-05-08,139.60519409179688,140.3362574231573,139.3708785547843,139.7645269407872,7735100
2024-05-09,140.44871520996094,140.68303070794119,139.5489374050642,139.63328755198117,6546200
2024-05-10,140.50494384765625,140.67364413573466,139.8301140923775,140.58929399169546,5710600
2024-05-13,141.73277282714844,142.4638361051482,140.31751223542773,140.6267961364024,5628500
2024-05-14,141.88272094726562,142.66065009499167,141.24537537380462,142.32323521527294,8254200
2024-05-15,143.09181213378906,143.3542443942552,141.80776755211645,142.29514787933311,5548000
2024-05-16,144.60079956054688,144.6945314936796,142.77314127633977,143.40110518417066,7591000
2024-05-17,144.93820190429688,145.14440069808447,144.06655506813604,145.14440069808447,6521800
2024-05-20,142.9257049560547,144.92875769664735,142.91624734537186,144.6547609115451,7742300
2024-05-21,142.89735412597656,144.17287722038984,142.47216534408338,143.40756048032412,5492400
2024-05-22,145.03269958496094,145.58070760660317,142.02812028574948,142.51942589100912,6609800
2024-05-23,141.4423065185547,144.40909853720973,141.13996572547063,144.32406654075703,8000400
2024-05-24,138.8629150390625,141.54625291008512,138.6644926111986,141.28169928432746,9520600
2024-05-28,136.41575622558594,138.69280553584656,136.19843303969458,138.69280553584656,10499800
2024-05-29,136.4724578857422,137.39839546116585,135.78272990526975,135.88666270373184,8263800
2024-05-30,137.26609802246094,137.5778963709587,136.07560703308636,136.6425013254654,8490300
2024-05-31,138.57943725585938,139.34475400263702,137.18108055289417,137.54012373467683,14621200
2024-06-03,139.59042358398438,140.6864251174315,138.6739292274088,139.12744760045894,7329200
2024-06-04,139.64710998535156,140.12897235015208,138.12591967636683,139.3447547953747,8876400
2024-06-05,137.9180450439453,139.82662240852997,137.80466906368278,139.80772160612355,5891300
2024-06-06,138.34324645996094,138.89125450028507,136.6803359499742,137.47399680130258,5016300
2024-06-07,138.9668426513672,140.11954672779677,138.2676569996849,138.58889861650212,5111600
2024-06-10,139.01405334472656,139.42032686328253,137.56845200669937,138.44714464009002,5749900
2024-06-11,138.6644744873047,139.04241848691092,137.41729533132772,138.71171928939165,5661200
2024-06-12,137.38894653320312,139.08965842928566,136.79369376530198,138.9479240279769,6180500
2024-06-13,137.4267120361328,137.9463759247461,135.94332357273123,137.06768332707088,6840400
2024-06-14,137.5117645263672,137.9180525061038,136.5102382009585,137.1338349603186,4075300
2024-06-17,137.89915466308594,138.35267303549813,136.75590833013808,137.02046191546927,6666600
2024-06-18,137.61572265625,138.31490834096581,137.2472362155289,137.9086347035183,6156600
2024-06-20,139.62818908691406,139.9116434324514,137.01098321655564,137.25665037732855,8749700
2024-06-21,140.544677734375,140.85647606040752,139.24079644680023,139.7321163317987,15172300
2024-06-24,140.894287109375,141.46119587402237,139.9966935795906,140.78091112328104,6914700
2024-06-25,139.0707550048828,140.9698748430839,138.8345454242419,140.9509740398478,5912500
2024-06-26,138.72117614746094,139.07076173024683,137.73853617090526,138.1353665555218,5267800
2024-06-27,137.75741577148438,139.23136109235938,136.85036473405285,138.70225399431064,5739200
2024-06-28,138.0975799560547,138.9573863349528,137.61570315924243,137.9841895477574,10495700
2024-07-01,138.3621063232422,140.49743543435645,137.58733209019212,138.01252080774165,5144400
2024-07-02,137.9747314453125,139.0329456944789,137.70073469047043,138.35266098656112,5492000
2024-07-03,137.6534881591797,138.56052481358333,136.75589469720754,138.13535048076363,3246200
2024-07-05,138.39991760253906,138.4660632073046,136.52914170454886,137.7290904469724,4888500
2024-07-08,137.455078125,139.09910203223689,137.2377693428599,138.32432767064935,5260200
2024-07-09,138.9384765625,139.01406535745593,137.1716191167181,137.634595079415,5890400
2024-07-10,141.1871795654297,141.2249811708162,138.58887425300588,139.13688219440405,6093200
2024-07-11,141.4423065185547,142.2737689294432,140.44078011476074,141.3289305232844,6350400
2024-07-12,141.6123504638672,142.55718864007747,141.00765460777606,141.72572643154476,5336400
2024-07-15,141.00767517089844,141.9619566778824,140.65807519109975,141.80133589455374,6711400
2024-07-16,142.68003845214844,142.7461840588951,140.93209610089062,141.43285928849704,6469600
2024-07-17,147.9427947998047,148.8026011829709,143.06742531441307,143.19025891689094,13801400
2024-07-18,146.8467559814453,148.40574771124963,146.09088251400266,147.01683435973635,10166200
2024-07-19,146.1570587158203,147.87665715767884,145.61849389172417,147.87665715767884,7398000
2024-07-22,145.73187255859375,146.55387731111685,145.11771897972588,146.2326357316353,6840600
2024-07-23,143.94610595703125,145.03266412336833,143.20913331224688,144.85314255811042,6261900
2024-07-24,147.65931701660156,147.78215059962474,143.92720890199382,144.33348241955167,7168200
2024-07-25,150.833984375,151.72213467631306,147.3947735684204,147.84829191184622,10019600
2024-07-26,151.77880859375,152.66695881271127,150.67334962453867,150.93790316843095,8356900
2024-07-29,149.81356811523438,151.1741376609169,149.33170574159232,151.14579366347263,5625000
2024-07-30,152.43077087402344,152.63863646185206,149.62459985542606,149.79466383614644,6545700
2024-07-31,149.14273071289062,151.5048264516625,149.03879792370114,151.03240730390812,8293200
2024-08-01,151.8922119140625,151.93945671621148,149.0104664051373,149.73798157329176,7213400
2024-08-02,155.08575439453125,155.75659591551775,152.11896277790655,152.96931146138263,11280400
2024-08-05,152.35520935058594,156.635326636649,151.72216928054456,154.75509281637102,12032200
2024-08-06,150.20095825195312,152.57249739291652,150.1726142539524,152.16622381017936,7607100
2024-08-07,150.1348114013672,151.7599345530308,149.46398423145442,150.10646740360127,5993000
2024-08-08,151.38197326660156,151.83549155296274,149.31277536051695,149.82299604762386,5094800
2024-08-09,151.75994873046875,152.05284634613878,150.55055665584297,151.28752950078396,4579200
2024-08-12,151.06076049804688,152.7803588036995,149.9553013550368,152.09063084276278,7605400
2024-08-13,149.6529541015625,151.52373010305578,147.81052209879712,151.42925491299263,9711400
2024-08-14,149.7379608154297,150.74894465632747,148.717533782247,149.12382172389806,5141200
2024-08-15,150.31431579589844,150.70170294381748,149.13326796718513,149.63403109319256,7237800
2024-08-16,150.5977783203125,151.1174422765287,149.45451761663693,150.36156874176774,5012800
2024-08-19,150.82455444335938,151.4481368139898,150.35213525576967,150.66393364962963,4408400
2024-08-20,151.32530212402344,152.05281721806585,150.8623261774699,151.17412453938294,7275100
2024-08-21,152.52523803710938,152.57248283496588,151.46702376714705,151.55205575303586,5019400
2024-08-22,153.39451599121094,153.52679278706455,151.9205560154414,153.06381679303217,6552100
2024-08-23,155.07630920410156,155.16134118793613,152.78034472095356,153.5362182171324,7093400
2024-08-26,155.5298309326172,156.5691588147038,154.51884704576128,155.11409977978255,6870600
2024-08-27,155.12997436523438,156.16766142949913,154.37789311011525,155.6535825942489,4388700
2024-08-28,156.05343627929688,157.0816085511774,154.90151261810382,155.17758905358738,5187000
2024-08-29,156.34854125976562,156.8150312193256,155.5202975100608,156.72935383691083,7390100
2024-08-30,157.9003448486328,158.01458137530793,155.94872186767216,156.24384257926062,7971000
2024-09-03,159.13796997070312,159.75677056243413,156.86266701085947,157.31011280236373,6956500
2024-09-04,159.32835388183594,160.7468536525992,158.0716940269558,159.7567553681756,6939100
2024-09-05,157.07211303710938,159.33788664039133,156.9197879721694,159.17604670633676,4600400
2024-09-06,156.4913787841797,157.9765117784166,156.24384693412884,157.25297501859666,6016900
2024-09-09,158.61434936523438,159.37596009136075,156.5770490255932,156.92928799423865,7538200
2024-09-10,159.34739685058594,160.37556912536223,158.74762605867076,159.461633372278,6559600
2024-09-11,156.91024780273438,158.78569357215355,156.2152702534485,158.78569357215355,5920200
2024-09-12,156.73887634277344,157.17680719620495,154.90150459548735,156.31998975075592,4540900
2024-09-13,157.57666015625,157.79561833447815,155.9582464632509,156.83409370267964,3693400
2024-09-16,158.97610473632812,159.22362202832144,157.8241666098078,158.3763339779608,5187800
2024-09-17,159.0522918701172,159.67109245912297,157.96698670072425,158.2621219551219,5066500
2024-09-18,158.17642211914062,160.2708552958487,157.78610914213294,158.63339728124967,4722800
2024-09-19,156.91024780273438,158.38585123604526,156.5294352017869,158.25257045734247,4956100
2024-09-20,156.2819366455078,156.95785548765014,155.70121007013012,156.415217440192,11839000
2024-09-23,155.3870391845703,156.6056105544226,154.91103428926812,156.51040376475552,4671600
2024-09-24,154.96817016601562,155.64410358583808,153.7972020579056,154.97768503545714,6041600
2024-09-25,152.89279174804688,155.482259770379,152.66430414848185,155.17760963762564,5420000
2024-09-26,153.6448516845703,153.78764733526793,152.3406029864793,152.55004629184637,6122000
2024-09-27,153.65435791015625,155.58693641565057,153.59723965308982,154.2255695338506,7553800
2024-09-30,154.28271484375,154.39695137791375,152.96893659479647,153.8162393115696,6010000
2024-10-01,154.216064453125,154.93958663273983,153.44492435424627,154.63493654036563,4408000
2024-10-02,153.4354248046875,154.33983125112738,152.94037561841364,153.75910466526304,4684400
2024-10-03,152.79754638671875,153.69243776768076,152.5309848510936,153.0641079223439,4791200
2024-10-04,152.5976104736328,152.79753887878502,151.16008122525267,151.9692951856834,5331100
2024-10-07,151.87411499023438,153.14028970704277,151.57899429054896,152.55956317567225,4266000
2024-10-08,152.02642822265625,152.5595513195618,151.32193582945112,151.83602919183497,4766300
2024-10-09,152.94036865234375,153.48302121140156,151.85507806074483,152.24540556534606,6047200
2024-10-10,152.8070831298828,153.64485637693696,152.32156337616715,153.6162972459252,4793900
2024-10-11,153.7115020751953,154.85391088065782,153.46397024089242,154.39693573725992,5253500
2024-10-14,153.84478759765625,154.35886649166352,153.17836912464267,153.65437401878577,5964000
2024-10-15,156.2248077392578,158.74762779770026,151.3695521429346,152.32156190483983,10548000
2024-10-16,156.3961639404297,157.07209726917264,154.8348684978223,156.12960236680277,5982100
2024-10-17,156.57705688476562,157.08162092926554,155.7773721191262,156.37712843009723,4798000
2024-10-18,157.19583129882812,157.35767119876073,156.06293747278525,156.97687314321516,5908000
2024-10-21,155.0157470703125,157.31960888846243,154.5206979401226,157.17681323865557,6082700
2024-10-22,155.60598754882812,155.87254911125356,154.13036956121294,154.53022643136677,5680300
2024-10-23,157.9003448486328,158.03362563859264,154.62542883645787,155.00624146956926,7441600
2024-10-24,155.81544494628906,157.56713952254262,155.50127996361581,157.08161974560232,5386300
2024-10-25,153.15933227539062,156.0534355057139,152.90228557706573,155.82494793759003,6400400
2024-10-28,153.84478759765625,154.19702657083684,153.27357591407792,153.3973418350404,4842500
2024-10-29,152.4072265625,154.38740844498867,152.37866743415043,153.71148970536208,5216900
2024-10-30,152.90228271484375,153.54012748825258,151.39810560417928,151.79794794602444,5820500
2024-10-31,152.18829345703125,153.14981816495987,151.80749533200458,152.31205938459772,8613900
2024-11-01,152.44532775878906,153.33068986426392,152.20732531841202,152.87372924616452,5256400
2024-11-04,150.6460418701172,152.58813554636393,150.48420194097307,152.03596809759836,4644000
2024-11-05,150.750732421875,150.97920543868358,148.84671314039386,150.103358312384,6547100
2024-11-06,150.30328369140625,153.1307534293918,149.79871975413067,152.2263326677526,8926600
2024-11-07,149.20849609375,151.13156001139856,148.99905276972308,150.86499842200377,7522800
2024-11-08,148.0089569091797,149.54169318685553,147.9518386484552,149.46553066371757,8926100
2024-11-11,147.59957885742188,150.017691652569,147.47582747331106,148.1517462316955,7146800
2024-11-12,145.31475830078125,147.5995757430344,145.05771161741038,147.11405603134722,7181400
2024-11-13,145.88597106933594,146.14300322820864,144.1533064495947,145.18147866463096,7161900
2024-11-14,144.5817108154297,146.21916868788168,143.52497945037655,145.82884121824145,7716400
2024-11-15,146.6094970703125,147.01885427771643,143.65826112387532,143.65826112387532,11328500
2024-11-18,147.34255981445312,147.87568297459592,145.0196535939596,145.26717091073542,7510600
2024-11-19,145.65750122070312,146.59999616403024,144.75309480470148,146.56190763670477,8233700
2024-11-20,145.76223754882812,145.89551835484522,144.52462176351597,145.68607501303,9061300
2024-11-21,148.03749084472656,148.5706138894429,145.47658273030873,146.24770817188156,10141100
2024-11-22,147.72335815429688,149.57977434933565,146.71423009578947,148.4183212372567,8266000
2024-11-25,148.3040771484375,149.50360419948817,147.6947914917349,147.72335062200878,12256200
2024-11-26,148.28488159179688,148.9854208555014,146.9797591228953,148.8990560099227,5683500
2024-11-27,149.12937927246094,150.3097575356133,148.36167214455432,148.39046042969707,4140400
2024-11-29,148.75509643554688,149.38846790760743,147.9489952764186,148.63994331083506,5687800
2024-12-02,148.55360412597656,148.74553091467075,147.71869989839007,148.50561876803417,6946500
2024-12-03,146.2120361328125,148.55358065695188,146.164050782451,148.55358065695188,8674400
2024-12-04,144.3983154296875,145.4443288126812,143.7073673168849,145.1852196096116,10333100
2024-12-05,143.4866485595703,144.31194685954674,142.93964188307558,143.9472757418836,7898100
2024-12-06,143.2851104736328,143.9952556117539,142.39264442669784,143.36188410827347,8389600
2024-12-09,143.5634307861328,144.8013709886229,142.4502349394584,143.26592743161854,8410300
2024-12-10,143.20835876464844,144.74380240639618,142.34468086808772,143.88010986675965,9398700
2024-12-11,140.7228546142578,142.50780139932587,140.46374542074378,142.50780139932587,13446700
2024-12-12,140.33900451660156,141.80726557741076,140.11827481449086,141.2602588935812,6176300
2024-12-13,140.70367431640625,141.00116304219972,139.1874277575494,139.78241985221203,8324900
2024-12-16,138.04542541503906,141.3082240520511,137.7287396922529,140.80920279404813,8732400
2024-12-17,140.50213623046875,140.74204834835027,137.9110882859631,138.03583262997142,10343000
2024-12-18,138.90911865234375,140.81882441516754,138.83234501612696,139.80158471760046,9336100
2024-12-19,137.78634643554688,139.36016953886508,137.58481378850914,138.32374730354692,9516700
2024-12-20,138.64041137695312,139.60005981749794,136.98981488777022,137.27771234854828,17702800
2024-12-23,139.4081573486328,139.465733922206,137.66158985384234,138.79398282539262,8720800
2024-12-24,139.96473693847656,139.96473693847656,138.50606714596822,139.1490298716546,3164100
2024-12-26,139.70562744140625,140.46374329746843,139.2353944148147,139.6384450191473,4656300
2024-12-27,139.197021484375,140.6844796267881,138.8419415728229,139.0242771354707,5588300
2024-12-30,137.55601501464844,139.03388193204813,137.1817526784633,138.99548779121798,6268700
2024-12-31,138.78436279296875,138.83234814707063,137.52722558809984,137.95906448886848,5811400
2025-01-02,138.2085723876953,139.8879571571951,137.97825149065758,139.36973879962852,6051300
2025-01-03,138.37173461914062,138.7364057746174,137.82472788592543,138.2565814723903,5878800
2025-01-06,137.8631134033203,138.9763092291661,137.1625594228921,137.71915733581497,7910500
2025-01-07,140.3293914794922,141.24105459615257,137.79592010781911,137.9590585903311,8422000
2025-01-08,136.52920532226562,139.71523094085825,135.7326952568487,139.61927487028785,11175600
2025-01-10,136.3276824951172,137.8727173803559,135.00336269546227,135.31045728677546,8821500
2025-01-13,138.64041137695312,139.21620629850926,136.5675672310388,137.21052992903506,10376400
2025-01-14,138.90911865234375,138.9666952187379,137.0953835955594,138.66920653031897,8681700
2025-01-15,139.12025451660156,140.15667673050484,138.43889758820282,139.4465315164206,7434600
2025-01-16,141.80726623535156,142.09516372064633,138.24696377479086,138.4964817621477,8964000
2025-01-17,141.09713745117188,142.39266896398644,140.69408678215927,141.4905969053542,10773100
2025-01-21,142.17190551757812,142.85326232891424,141.11630105662934,141.60571647227238,11111700
2025-01-22,139.4081573486328,139.6000841415687,136.37566423378877,138.18939951672274,16834700
2025-01-23,140.7228546142578,141.94161230204338,138.96669611257198,139.57127934974673,10506400
2025-01-24,140.8955841064453,141.67289696198034,140.47333647058124,140.8859782509478,9887300
2025-01-27,146.7206573486328,147.25805816123344,142.02797680871643,142.4598157014795,15152300
2025-01-28,144.31195068359375,146.7974368629274,144.2351770439948,146.49994816140304,10320600
2025-01-29,145.0508575439453,145.75141145634518,143.9472676822772,144.42709190788477,7156400
2025-01-30,146.7014617919922,147.92021948940214,145.25239782570569,145.78020743033787,8911000
2025-01-31,146.01052856445312,146.9989654505446,145.92416370483167,146.46156457768814,8457800
2025-02-03,145.74180603027344,146.31760095993073,144.69579272970026,145.86656501508298,6687500
2025-02-04,147.2964630126953,147.95860822011167,144.85894746575843,145.25240689040908,9645000
2025-02-05,148.44802856445312,148.4864080614376,147.12370895084118,147.61313905660595,8947000
2025-02-06,147.31564331054688,148.59197763637022,147.19089895661585,148.54399228036223,7418100
2025-02-07,146.9413604736328,148.25608875817147,146.63428059553448,147.33481983773098,6204900
2025-02-10,148.0161895751953,148.14093392262154,146.14486328998797,147.4116063357853,6936200
2025-02-11,149.82994079589844,150.07944416071115,147.72830801631162,147.89144652135172,7554500
2025-02-12,148.99502563476562,149.3788938329671,148.04498296075036,149.00463149164224,7746000
2025-02-13,150.90472412109375,151.74921947286504,148.5439824073121,148.99501836627414,10704700
2025-02-14,149.84912109375,151.11586425803483,149.76275623520567,150.94311989787084,6411800
2025-02-18,149.926513671875,150.37147730007334,148.23368581442097,149.10427709413946,9670700
2025-02-19,152.7317657470703,153.12837467429054,149.69434948841163,149.9361820400892,7974700
2025-02-20,154.46327209472656,154.72445536950636,151.82246490395653,151.82246490395653,7224000
2025-02-21,156.9976806640625,158.1681418378064,154.0763395829984,154.6567435562885,12546900
2025-02-24,158.39065551757812,159.48372862905183,156.7558650843274,157.3652730858589,10201900
2025-02-25,160.66387939453125,160.99276814057177,158.58412523895277,158.73890162307362,12303700
2025-02-26,157.752197265625,159.73522695770862,157.24918147186014,159.68685749979707,11396400
2025-02-27,158.38095092773438,158.5937647275845,156.4462907547592,157.00734397615628,8364600
2025-02-28,159.6288299560547,160.5187719477418,157.38461686027114,158.9420190357954,12037200
2025-03-03,161.8149871826172,161.86335664243504,159.4546992422602,159.57078889788036,9191500
2025-03-04,160.01576232910156,164.43646849479492,159.91903816381347,162.58886424242598,11999700
2025-03-05,159.72555541992188,161.02178908560785,158.1875039682792,159.13548341667513,8744800
2025-03-06,160.41236877441406,160.45105548787242,158.16815562635495,159.609482937494,8037900
2025-03-07,161.2442626953125,162.9564411685286,159.31927041140122,159.73523004513686,9637600
2025-03-10,162.22128295898438,164.34940659609956,161.59252418902597,162.008469119244,17559000
2025-03-11,160.44140625,161.83436426189232,159.65787105838288,161.73762532650954,9890300
2025-03-12,157.5297088623047,158.8452783567575,156.92995417787986,158.38094929263139,8010700
2025-03-13,157.66513061523438,159.16448038880492,157.34590992658494,158.09074343981507,5286700
2025-03-14,157.49102783203125,157.8199165582549,155.83690145230864,156.82356763097957,6235800
2025-03-17,157.52003479003906,158.15847621815908,156.44629775557772,157.10408991917342,6669800
2025-03-18,158.88397216796875,159.4740441314241,157.6457907955192,158.10043713262183,7348800
2025-03-19,157.66513061523438,158.99036806424263,156.91061435489397,158.6131099340724,5936400
2025-03-20,157.69415283203125,157.86826516045357,156.63975183331573,157.6748020976669,7485900
2025-03-21,158.28424072265625,158.76790580851875,157.17180216900024,157.67481799117763,17047100
2025-03-24,157.95533752441406,159.0194066192989,157.19115318193283,157.52004189842918,8046400
2025-03-25,155.75950622558594,158.8259410562263,155.31452785823248,158.17783162138625,7456200
2025-03-26,156.4366455078125,157.1814939155619,155.39192709130742,155.94331240569394,7223500
2025-03-27,157.80056762695312,158.70986030386553,156.0497024666494,157.04605131212926,6752500
2025-03-28,158.36163330078125,159.14516839996884,157.58776618987577,158.24554363995858,5760300
2025-03-31,160.42202758789062,161.18622666764645,158.86462546515958,159.0000510949498,12481400
2025-04-01,148.24334716796875,156.52369098418785,148.1272722719447,155.47897263911065,23303100
2025-04-02,150.28440856933594,150.70035343748125,148.436804491081,148.97850699856625,10356900
2025-04-03,154.5987091064453,155.40158012864245,152.3351453749852,153.56365877809012,13249300
2025-04-04,148.23367309570312,154.59870706483335,147.93378835947183,153.96026564233253,16601700
2025-04-07,145.6992645263672,147.7209957862234,142.58446021857634,146.3377059768481,18083000
2025-04-08,145.0995330810547,148.57224503032552,143.16487263997396,148.57224503032552,12018400
2025-04-09,146.037841796875,148.18531602643375,136.87722360185043,137.55435179128617,18773700
2025-04-10,143.83233642578125,146.2603300259317,140.38864311678157,145.4574441517095,13830500
2025-04-11,146.77301025390625,147.37276502773585,143.34866776715546,144.45142362834176,9943900
2025-04-14,149.3170928955078,149.6169629011498,146.23130714144625,146.63758406137615,10685300
2025-04-15,148.6012725830078,151.19372540339688,147.13094118785625,150.61332133248166,10847700
2025-04-16,148.8817901611328,150.54559923607638,147.26635054679667,150.29408394503258,7986900
2025-04-17,152.32546997070312,154.23111142279075,149.12360974458923,149.12360974458923,10981100
2025-04-21,151.79344177246094,153.06064187730914,150.410166775653,152.79947337039977,6285400
2025-04-22,152.59634399414062,153.53465549936504,151.15501663573795,152.4028808999299,7136300
2025-04-23,150.3037567138672,151.9675656783417,149.28805714969707,151.377493722798,9099400
2025-04-24,149.8684539794922,150.80676541160602,148.42714149368047,150.7100412521811,8310400
2025-04-25,149.52989196777344,149.83942993133576,147.4694740854792,149.27839144986115,8643600
2025-04-28,150.2747344970703,150.7196980700793,148.79472064894418,150.41982810559807,5815200
2025-04-29,150.8164520263672,151.89018911743372,149.249367096524,150.37147364868648,5246700
2025-04-30,151.20338439941406,153.03163792568353,149.95553490953938,153.03163792568353,9598200
2025-05-01,149.413818359375,150.02322630421926,148.3497493123669,149.9361701349967,7325800
2025-05-02,151.01959228515625,151.59999633303954,149.97487385513918,150.97123758140603,5974500
2025-05-05,149.93617248535156,151.66768695049498,149.67498921330326,151.5516120563787,5464100
2025-05-06,149.42349243164062,150.80676748879304,148.66897608041438,149.76206389500825,8644200
2025-05-07,152.16104125976562,152.7801319885972,149.45251378601978,149.68467834443936,7853100
2025-05-08,150.57461547851562,151.89985306765084,149.72336021877442,150.72939184579346,7606100
2025-05-09,149.18165588378906,150.96153980503095,148.78504698255867,150.34244910371697,6520400
2025-05-12,149.10427856445312,150.28442260611004,146.24097463708367,147.05354323449288,9023800
2025-05-13,143.5904998779297,146.74399107394777,143.24226040914402,146.74399107394777,10549600
2025-05-14,141.57843017578125,143.958068651586,141.3462656443927,143.81296028436105,10216000
2025-05-15,144.72227478027344,144.7609614945403,142.51676305986737,143.16487253592385,7945800
2025-05-16,146.38607788085938,146.55052224019147,144.34501061106303,144.78030623991705,8051200
2025-05-19,147.50819396972656,147.67263833969156,146.1152360590958,146.92778992020104,12639900
2025-05-20,148.63995361328125,149.00752903136188,147.15025692431985,147.35340274928245,7351500
2025-05-21,148.17562866210938,149.3847913771101,148.00151631608705,148.1853114104131,7032200
2025-05-22,147.62425231933594,148.31106320890513,146.42475763964194,147.66293903016444,7535300
2025-05-23,147.94346618652344,148.46581794010436,147.23731935437036,148.00150363022289,6727300
2025-05-27,149.51422119140625,150.2849567928587,148.22639171638167,148.80202058666853,6990700
2025-05-28,148.71420288085938,149.894713230394,148.22639139353228,149.5434883640455,8459300
2025-05-29,149.836181640625,150.28495988254767,147.8654190187034,148.05078976999448,6810600
2025-05-30,151.42645263671875,151.9142641375451,149.48495750417268,150.14837399962022,15529700
2025-06-02,151.61181640625,151.7484030381292,148.58739387554635,150.71424498435448,6669300
2025-06-03,150.6557159423828,151.86549393461368,150.32400766424476,151.02645748078825,8209800
2025-06-04,149.48497009277344,151.15327722947063,149.3971675880687,151.15327722947063,6983900
2025-06-05,149.9142303466797,150.33374108147183,148.91909074097882,149.9337320877222,5295400
2025-06-06,151.25083923339844,152.22646227683742,150.2459486896024,150.2459486896024,5391500
2025-06-09,151.44593811035156,152.18742103952803,150.68495344175128,151.07521153258733,5319000
2025-06-10,152.63623046875,153.60210269353445,151.24109658644394,151.64109074201698,6791600
2025-06-11,151.4752197265625,152.7825658442017,150.95814073397457,152.48987597049666,6016000
2025-06-12,152.8411102294922,152.86061197193177,151.38742652912393,152.43135033586668,7075500
2025-06-13,153.2703857421875,153.82648313457608,152.16792694173967,152.16792694173967,6587500
2025-06-16,151.4362030029297,152.68499924993841,150.68496912584888,152.6069476236472,7024000
2025-06-17,148.66542053222656,151.49472095450506,148.3922473143579,151.1922802409236,6407100
2025-06-18,147.05564880371094,148.92884315413448,147.03614706246643,148.8508064155057,8325200
2025-06-20,146.1385498046875,147.70930329241878,145.4068326188529,147.5727166798693,22605500
2025-06-23,147.6312713623047,147.7385755950332,146.0897853209143,146.0897853209143,7397900
2025-06-24,148.4800567626953,148.99713572696209,147.29954646191248,147.80687455609248,9544200
2025-06-25,148.56787109375,149.33862160994235,147.0556524476084,147.68981633757784,7153700
2025-06-26,148.304443359375,149.4849537116276,147.83614849877387,148.97762559532833,7156900
2025-06-27,148.6947021484375,149.59227350478832,147.32882104256214,148.30444402383372,10010800
2025-06-30,149.0264129638672,149.24105121440112,147.82640084448238,148.4507989678105,9039300
2025-07-01,152.119140625,153.90453255131712,149.08495241472764,149.27032317180044,10896700
2025-07-02,151.76791381835938,152.4898802086541,151.28986806861928,152.1971903268143,5544000
2025-07-03,152.20693969726562,152.47036207700722,151.10449582432045,151.64107656777378,3482500
2025-07-07,151.4849853515625,152.53865996388424,151.11424385273855,152.2167025917727,6270900
2025-07-08,151.9923095703125,152.9386651269875,150.45083823994491,150.71424574694203,6438200
2025-07-09,152.47036743164062,152.8703764506989,151.28987189039452,151.99230678299833,6147400
2025-07-10,153.8459930419922,155.3582116672941,152.0215827982655,152.29475604694676,6732900
2025-07-11,153.07525634765625,153.3484296209846,151.39718344759532,153.26062711602052,7872000
2025-07-14,152.99720764160156,153.631356643652,151.72889475067498,153.0459768826626,10185600
2025-07-15,151.38743591308594,153.358198759963,151.02646012683638,152.54842979373714,6873200
2025-07-16,160.7631378173828,162.07046891059173,155.90454001784863,156.39235146040332,22134800
2025-07-17,159.0070343017578,160.68510707307274,158.34361779938138,159.20215592676115,11295700
2025-07-18,159.70947265625,161.0753537073861,159.37776442874932,159.93386176463872,9792600
2025-07-21,160.3533935546875,160.899740041481,158.81190746019132,159.77777956944612,8254000
2025-07-22,163.83636474609375,163.96320050104055,160.69487235317746,160.97779647556757,9288000
2025-07-23,164.97784423828125,164.9973459784646,162.52902114423384,164.490032770855,10617600
2025-07-24,165.4266357421875,165.84616137902782,164.76321923886425,165.36810074328554,6636900
2025-07-25,164.1973419189453,165.73882793309863,163.35830560457893,165.61199218855185,6254900
2025-07-28,162.16806030273438,163.84613309560726,161.0265831506335,163.76808146723806,8014600
2025-07-29,164.01197814941406,164.66564375316304,162.31438882166105,162.60707869014607,7663400
2025-07-30,163.1826934814453,164.499790452766,162.71439862163524,163.61196997244835,6189200
2025-07-31,160.72413635253906,162.99733970029322,160.2265591012451,161.88511520296575,11036200
2025-08-01,163.25099182128906,163.53391592972537,160.77290116417123,161.44608338903257,8927800
2025-08-04,166.8705596923828,167.0169120817774,162.57782423301498,162.95831662651884,12679100
2025-08-05,166.577880859375,167.3778839997418,165.51444044678632,166.38274434466635,7934400
2025-08-06,166.4315185546875,167.9827555011224,165.54369808088197,165.76810208205814,8957200
2025-08-07,167.34860229492188,167.43640478699228,165.77784876053298,166.99737743981552,9315900
2025-08-08,169.104736328125,169.71938358173364,166.23640232705208,166.8510495806607,7686800
2025-08-11,169.5828094482422,170.34379425313082,168.8315755148118,169.17303465776985,7256800
2025-08-12,168.56814575195312,170.49987518097336,167.6217902229204,169.75840703822468,7916700
2025-08-13,170.16815185546875,170.28522184479246,168.49007920331394,168.78276906344786,5878700
2025-08-14,170.46083068847656,171.43645356792672,168.50958492957625,170.0608217350643,8241700
2025-08-15,172.33404541015625,172.94869266139256,170.69500592262676,171.2901365456328,9477600
2025-08-18,171.95355224609375,173.24138174050665,171.80721475210385,172.19745799396054,9284000
2025-08-19,173.4657745361328,173.8365011577051,171.69013350835883,171.74866850719522,9274200
2025-08-20,174.48040771484375,176.20726453345222,173.6608879960152,174.14869947915005,9030000
2025-08-21,174.5682373046875,175.69021282214086,173.8170182225729,174.19751064300345,8859600
2025-08-22,174.91944885253906,176.74387406623362,173.14382265519245,175.6511661348864,9524000
2025-08-25,174.0609130859375,175.86580680839708,173.94382819611357,175.14385527414382,6229100
2025-08-26,173.4515838623047,174.11004745781355,172.74397805899144,173.70710234835255,9145000
2025-08-27,173.74639892578125,174.63091363627115,173.12725512414355,173.9233078663175,5951100
2025-08-28,172.4294891357422,173.4515931267191,171.62361386987305,173.33364882246966,6424700
2025-08-29,174.11985778808594,174.35573137148032,172.4294679306645,172.94051986330464,6942300
2025-09-02,174.99453735351562,176.1149106462827,173.84468173694643,174.4146983239466,9049000
2025-09-03,174.93557739257812,175.22057819566584,173.4908835031877,174.6112568259705,7111700
2025-09-04,175.6824951171875,175.82008430293442,174.493334653824,174.93558453686083,7854800
2025-09-05,175.35816955566406,176.41957824245722,173.5203679848044,174.93557956719528,9733800
2025-09-08,175.06333923339844,176.36060646744886,173.65795015074036,174.30659126581332,8382500
2025-09-09,173.91348266601562,175.02401851272893,173.4122531725237,174.9355715419111,6005700
2025-09-10,172.7636260986328,173.56951633226447,171.3287695795717,173.26485563285135,6891600
2025-09-11,175.42697143554688,175.7709518877805,172.60638571317708,172.7243150128704,5792500
2025-09-12,174.99453735351562,175.72180299819078,173.6776102367026,174.65057191045906,7220200
2025-09-15,174.34588623046875,175.90852428276543,173.88397652262117,174.6996890918819,4768100
2025-09-16,173.42210388183594,174.5621221393924,172.6260360952719,174.51299492702006,7959300
2025-09-17,174.14935302734375,175.43679789881932,173.5498540800044,173.66779837849663,6714900
2025-09-18,171.1616973876953,173.9724607587581,170.87668157601635,173.5596932002785,8200900
2025-09-19,173.15675354003906,174.11005542992743,170.34599008042846,171.6825772149866,25621000
2025-09-22,171.21083068847656,173.5989889374499,171.12236871932896,173.0584546641959,7193900
2025-09-23,173.54002380371094,173.92330901529326,171.82015157295257,171.87911622148897,8350400
2025-09-24,173.6481475830078,173.90366608360205,172.71450556595894,173.1076132585804,6676800
2025-09-25,174.67022705078125,175.32869064784728,172.8815676520236,174.14935263823506,8475000
2025-09-26,176.6161346435547,176.81268846148026,174.2672812785206,175.52524370855838,8634400
2025-09-29,178.4932403564453,178.73893637719632,176.70458112334734,176.73406344614986,8597100
2025-09-30,182.2278289794922,182.78802312370823,177.95272707277698,178.57187086847907,11569000
2025-10-01,182.8470001220703,183.34821465646485,180.7438425717239,182.79785791373442,13063800
2025-10-02,182.7781982421875,183.3776971939459,180.92073673527972,181.019021152065,7728100
2025-10-03,185.3924102783203,186.51278366279104,183.69219781682014,183.83960944789652,8675100
2025-10-06,184.92066955566406,186.6503642638064,184.14426167812178,184.7634204923522,5806100
2025-10-07,185.63809204101562,185.97223504313797,179.7905295194919,180.60624213956396,8776800
2025-10-08,186.42433166503906,186.9452060756144,185.0287799427337,185.61844144726052,5751200
2025-10-09,187.79039001464844,188.79283400829777,186.46362546434503,186.7289813736248,7484800
2025-10-10,187.4365997314453,188.76336437091723,186.5815822948636,188.7043847234836,9598000
2025-10-13,187.6134796142578,188.00660225384837,186.02137416317822,186.56190842005566,7979500
2025-10-14,187.56436157226562,191.05323331805099,182.6799231328508,189.59871697072126,13613300
2025-10-15,187.8788604736328,190.2375516361476,186.0410587522667,188.18352118721785,9473000
2025-10-16,188.81248474121094,189.72648179210694,187.1515771402817,188.04591430941218,10611800
2025-10-17,189.8935546875,190.2670174632995,188.38005869848845,189.18594889971985,7764400
2025-10-20,190.3849334716797,191.13184397504045,189.01886419821113,190.16871977405776,8034700
2025-10-21,188.5766143798828,190.2178619966558,188.46850753106088,189.68715019476815,6716000
2025-10-22,189.61839294433594,190.119607506236,188.47835963120522,188.6945733628713,6343100
2025-10-23,189.15646362304688,190.6601221495905,188.24246657972077,189.24491059611512,8882500
2025-10-24,187.12210083007812,188.99922220247353,186.158976537956,188.89111534343255,6903400
2025-10-27,187.02381896972656,187.51521102429962,186.26707100677734,186.71915829526654,7126000
2025-10-28,183.7118377685547,186.2474227276328,183.40717707511635,186.00172668504106,8329500
2025-10-29,183.3875274658203,183.87891953834813,181.48092382503702,183.4857968826683,10551100
2025-10-30,185.7953338623047,186.1196544091771,183.69217652484616,183.85924801939953,7072500
2025-10-31,185.61843872070312,186.23759753765293,183.54476355197036,184.23272445795735,8791700
2025-11-03,183.05337524414062,185.77569161087956,182.32612455131903,185.7462092852839,7542600
2025-11-04,183.64305114746094,184.58653055172488,182.4243933744734,183.6135688219617,7209400
2025-11-05,182.7978515625,184.59634835321097,182.2081750751503,183.42683281749487,5049400
2025-11-06,183.75115966796875,184.29169396716964,182.17869897867467,183.5447683915115,6767400
2025-11-07,183.35806274414062,185.10741749059588,182.50303025851102,184.50791850471418,6959200
2025-11-10,185.1663818359375,185.17620427972008,181.93301329588363,182.79786822386598,5323800
2025-11-11,190.49305725097656,190.58150422711145,185.79535012348111,186.1294931418327,7465600
2025-11-12,191.0434112548828,192.18344447353272,189.74614396849537,190.0311447751098,8803000
2025-11-13,191.88861083984375,192.62569897367158,190.11959631943768,190.86652189255162,8631600
2025-11-14,192.55690002441406,193.78538026750178,190.2178838389208,191.64291792168322,8824800
2025-11-17,196.14405822753906,196.8320041184873,192.5274048355465,193.56916860880608,13257000
2025-11-18,196.5568389892578,196.85167724696106,195.11214502299904,195.58387723766617,12468600
2025-11-19,199.02362060546875,199.97692246795802,195.94751629294967,196.55683769104098,14690800
2025-11-20,199.573974609375,200.98917111824514,198.09979845771855,198.52238842306767,10612600
2025-11-21,200.38967895507812,203.3773511207127,199.49535679003293,200.44865859984768,13189100
2025-11-24,202.502685546875,202.57147264227206,199.50519076522252,200.20297413908787,14803900
2025-11-25,204.40159606933594,205.44007432722765,202.92794482022794,202.92794482022794,10275300
2025-11-26,205.28182983398438,205.52908584700302,203.6796156988426,204.22358194574548,6729000
2025-11-28,204.64886474609375,205.18294621066644,202.38400619964904,204.72798848496785,5638300
2025-12-01,203.08619689941406,205.42029428513683,203.08619689941406,204.23346843115957,8473700
2025-12-02,203.1653289794922,203.3532459732576,200.870800913071,202.98731188517345,8393600
2025-12-03,203.07630920410156,204.7477622566812,202.74004465032948,203.64004506291835,8363300
2025-12-04,200.25758361816406,202.6114656652222,199.49604597225286,202.34442494855622,9049900
2025-12-05,199.713623046875,201.21694385760424,198.6059209186059,200.7521013377821,7785300
2025-12-08,199.4070281982422,201.02902706966685,198.78395329612633,200.4356216823513,7785700
2025-12-09,197.7652587890625,203.28399979452115,197.7158045675227,200.69276157197945,7509400
2025-12-10,204.2730255126953,204.53018143025886,197.98283180120782,198.38833529328133,11599800
2025-12-11,207.70494079589844,208.9214512752855,205.54887555375637,205.61809939160463,9009000
2025-12-12,209.25770568847656,209.94013468251453,206.66646756392336,207.9719714336103,6922700
2025-12-15,211.8192901611328,212.82809897096232,206.71592217177204,208.04122593814026,8467000
2025-12-16,207.00274658203125,212.37314018651233,206.51811934148523,211.65115682105406,9949800
2025-12-17,208.0214385986328,209.1983796799915,206.17196838010346,207.09175353970042,8457600
2025-12-18,206.0236053466797,208.7434215885478,205.47963908004408,207.4972566705998,7499900
2025-12-19,204.10488891601562,206.94339820920948,203.76862436002912,205.2818299532778,24803900
2025-12-22,205.0444793701172,205.79613223753498,203.24444830191146,203.86753830110726,8187800
2025-12-23,203.52137756347656,204.263145636555,201.0488173198817,202.76972468229533,7047300
2025-12-24,205.49942016601562,205.65766763921368,203.31368542129266,203.73895852778904,2376500
2025-12-26,205.35105895996094,205.75654733256223,204.44115868643942,205.25215052295067,2316700
2025-12-29,205.28182983398438,207.17086939536102,205.10381274843945,205.71700283150668,4348900
2025-12-30,204.6389617919922,205.41039931347132,204.25324303125262,205.23236714396373,3937400
2025-12-31,204.67852783203125,205.2224940876339,204.1048920616966,204.6389735094918,4083800
2026-01-02,205.0741424560547,205.11369677781147,201.44441091836137,204.54996091774888,6325500
2026-01-05,202.0675048828125,203.6796189425871,198.70482908872975,203.61038001401067,9477000
2026-01-06,202.542236328125,204.4411758573138,201.87959200016542,202.3543344281176,8107900
2026-01-07,205.21261596679688,205.9741536581461,202.7796100403249,203.00708135778572,7545900
2026-01-08,203.49169921875,206.68624268930276,202.72026166352438,204.6587403592623,6557800
2026-01-09,202.14663696289062,204.43128023925763,201.77080297238516,203.6499578336023,6154300
2026-01-12,207.41812133789062,207.59613841994204,201.6125550953637,203.29389293263304,11794300
2026-01-13,211.3049774169922,212.0368606301377,206.56755896593322,207.6060372129626,11379600
2026-01-14,216.15121459960938,216.45780964823578,211.7994996150229,212.37313538945378,11858800
2026-01-15,217.16001892089844,217.33803600690493,213.5401872590057,215.83471521828713,8492100
2026-01-16,216.260009765625,217.6940916687404,215.74571301652978,216.63582865534352,10021500
2026-01-20,215.81495666503906,216.32923833406923,212.14567059407463,214.70723940497442,14057100
2026-01-21,215.6171417236328,216.2797860692503,208.18957605818176,208.68408811532706,14762900
2026-01-22,216.0918731689453,219.731474480514,215.7061543876507,216.3687986995512,13160000
2026-01-23,217.7237548828125,218.78201786558222,215.44899653785455,217.38749032599776,6950600
2026-01-26,219.05894470214844,219.59301105490832,217.58529341839787,217.79299511138254,6856700
2026-01-27,221.9765625,223.0249255892691,218.27760708174557,219.56334137834915,8154100
2026-01-28,225.22056579589844,226.0612423044947,223.5985669004937,223.91504676014566,9026500
2026-01-29,224.79527282714844,227.47553468029685,224.58758622487807,226.29859362973275,9645300
2026-01-30,224.75572204589844,225.9920021451608,222.8567976243886,225.7546309332309,11045500
2026-02-02,228.21730041503906,228.65247341332187,224.75571622672862,225.8139792081263,8187500
2026-02-03,230.54151916503906,232.61846067897852,227.9502658124434,228.95907459996246,9346600
2026-02-04,231.89646911621094,233.2415424215143,230.3832635341583,232.42065065293195,8641400
2026-02-05,235.18002319335938,236.95038470140014,232.41076791481981,232.4206527224898,10267500
2026-02-06,237.35589599609375,238.29546586018128,235.36794792342116,236.3372023941143,8274000
2026-02-09,236.0207061767578,238.09766278417874,234.43826161002661,237.61303555143124,9378500
2026-02-10,235.73388671875,237.86028237497558,235.26904421116984,237.3459856469766,6723300
2026-02-11,238.21633911132812,238.61194270447737,234.79430917447928,236.7130182930035,6803900
2026-02-12,241.8658447265625,243.64609111049592,237.04928713623855,237.84050942813226,10254300
2026-02-13,240.7779083251953,242.26144443944952,239.9471317231273,241.90539516837612,13268500
2026-02-17,240.6592254638672,241.80649699124882,239.21524370129245,241.450447727279,12703000
2026-02-18,242.30101013183594,242.3801338676713,240.15482973047114,240.5702180251247,8129700
2026-02-19,244.19992065429688,244.24937487280008,241.58889788520008,241.93504723210512,7553900
2026-02-20,239.8284454345703,244.170260376332,237.6426956610537,243.76475689710122,13565800
2026-02-23,243.14166259765625,244.10101710886994,239.93723441623308,240.95592795431625,9622700
2026-02-24,244.87173461914062,245.83618923451164,243.14167872556501,243.94705977412517,7246300
2026-02-25,243.76808166503906,245.83618975331572,242.32637600311875,243.4598567160501,7698200
2026-02-26,242.0778045654297,244.0663682763732,240.6360989093031,243.70842620154187,7172600
2026-02-27,247.00942993164062,247.51652337921405,241.11334590987298,242.63459590951953,16428600
2026-03-02,247.13868713378906,250.27068397455253,245.45834842794568,247.76508953624906,9042400
2026-03-03,245.3390350341797,246.46257832712044,242.96270213047706,245.0506999866165,6178700
2026-03-04,243.8973388671875,245.1600810545075,241.78945104558642,244.34476266176227,5768000
2026-03-05,238.259765625,241.61049061943945,234.58091062648668,241.24261118820294,9375400
2026-03-06,239.0253448486328,239.41311415382512,234.08376296078876,236.75838349957985,7179800
2026-03-09,241.20281982421875,242.6942425341329,238.66739818305737,239.49265390312758,7844000
2026-03-10,242.31643676757812,243.59905368087047,239.44296282285708,240.91449571542952,7214100
2026-03-11,241.6005401611328,242.2965343871637,239.97985597145382,241.4812160284302,6933200
2026-03-12,240.6559600830078,243.00246573676242,238.92591946160707,240.07928999023173,7710200
2026-03-13,240.13894653320312,244.1856656028509,240.11905664901153,242.81356702435843,6415300
2026-03-16,241.7993927001953,243.65869480615754,240.28808012034816,242.52521416415624,7571500
2026-03-17,236.74844360351562,242.7439617349266,235.86353339492615,242.1871663459089,7281800
2026-03-18,235.92318725585938,237.74272479331552,234.07382247775118,236.50980988406457,6811500
2026-03-19,236.24136352539062,237.8918597954365,234.9587314976836,236.97712235314108,7511500
2026-03-20,234.02410888671875,236.92741000247076,233.1590885516746,235.47576703036307,17156600
2026-03-23,234.07382202148438,236.94729584714173,232.9105141237134,236.04249575836326,7313700
2026-03-24,233.9246826171875,234.65050408093313,230.9120099861425,232.8011393317389,9046200
2026-03-25,238.5580291748047,240.07929431329362,234.38204857588565,235.44593740287846,6456400
2026-03-26,237.8719940185547,240.26820173422362,237.5637539025668,238.62764275887116,5171400
2026-03-27,239.07505798339844,241.2923021698431,237.7626138844777,239.8108319839459,7617600
2026-03-30,241.10340881347656,242.8135747917876,239.13471984701397,242.09769065335334,7241300
2026-03-31,243.04225158691406,243.92716180378,241.2624786251546,241.6204206888047,7554200
2026-04-01,242.7240753173828,245.78646517225613,242.34625853888824,244.1956233482748,6314600
2026-04-02,241.65025329589844,245.7964219467219,240.48694535608743,243.70842400047428,6878700
2026-04-06,239.5920867919922,242.12750841875737,239.12477313181626,241.26247293527413,4442400
2026-04-07,237.04673767089844,239.4031807823271,234.66045214638598,239.4031807823271,6241100
2026-04-08,239.9202117919922,239.95003903356442,232.56251704958862,235.28685476163636,8771100
2026-04-09,239.93014526367188,242.80361913705298,239.164544008795,239.92020790715435,6216500
2026-04-10,237.09645080566406,240.87470960567668,236.54959276728223,240.61620179277648,7354500
2026-04-13,236.59930419921875,237.02683809159646,233.83518683278206,236.35073374880298,7663600
2026-04-14,238.72706604003906,240.8051113590548,231.9162296473752,233.66616015209323,10318700
2026-04-15,237.30523681640625,239.0452299768987,235.3962175694789,238.56797895805093,6463500
2026-04-16,233.1988525390625,236.7782731773554,230.79269234336317,236.06238904969683,8668900
2026-04-17,232.84091186523438,234.19313576204675,230.71314935408492,233.01989048398582,8946300
2026-04-20,229.37088012695312,233.91474024714643,228.2175095512339,233.46731645339545,7810500
2026-04-21,224.8667755126953,228.3765890527153,223.41511740932572,228.03853688190875,11681200
2026-04-22,224.80712890625,226.179227521564,222.50038776728556,224.88665810207786,9003400
2026-04-23,229.3311004638672,230.06687448765834,225.73180505581692,225.95054827447007,7097600
2026-04-24,226.19911193847656,228.67487910891896,225.72186091736185,227.72036189515308,6067500
2026-04-27,224.0514678955078,226.60677952616038,223.0671385761741,224.47901697917217,7897800
2026-04-28,226.48745727539062,229.70893595019464,225.0755788606257,226.42780279148377,7179800
2026-04-29,226.0499725341797,227.4021963844683,223.57420539879897,224.2304350257485,7071100
2026-04-30,228.5356903076172,229.83819710946466,226.5073468285346,226.64654568129225,8157200
2026-05-01,225.89088439941406,228.4561332620675,225.72185831412563,227.75018650912293,6863600
2026-05-04,222.91798400878906,225.7715831872257,222.30153412698715,224.22049078306688,8215200
2026-05-05,224.26026916503906,225.23466110768987,223.61397687442042,224.10118043151417,5556700
2026-05-06,223.33558654785156,225.0457525608476,221.67513766216507,223.9619889745702,7982300
2026-05-07,221.23764038085938,223.49466434064516,219.36840089217355,223.49466434064516,7269700
2026-05-08,220.05445861816406,222.09272420205565,219.65673678916983,221.6651903038654,5550600
2026-05-11,220.163818359375,222.003245813697,219.1098820469021,220.05446192273791,6223200
2026-05-12,222.97763061523438,226.34824530446224,220.38255451492364,221.7248410111843,8632500
2026-05-13,229.1024169921875,229.4802489417275,224.15089773666944,224.52872968620946,7464500
2026-05-14,229.48025512695312,230.43475721152035,227.84963349190846,229.67910846360988,6974400
2026-05-15,225.41363525390625,230.81257818629632,225.14517491785094,229.4504169649123,12167000
2026-05-18,227.61099243164062,228.38653103757844,224.5684924896482,225.41363810532903,10141600
2026-05-19,228.684814453125,229.52996005341413,226.73601544578764,227.6308781704825,9677900
2026-05-20,228.0087127685547,230.67338074656544,227.8595613935984,230.36515581180683,7353800
2026-05-21,230.40492248535156,230.5640112181241,226.04997841934332,228.00871482343763,5239000
2026-05-22,233.0,234.15337056198368,231.3892682930641,231.667665991262,5462300
2026-05-26,230.17999267578125,233.24000549316406,229.0800018310547,233.0,6619600
2026-05-27,231.2899932861328,232.88999938964844,229.02000427246094,229.97999572753906,5835500
2026-05-28,230.8000030517578,231.8699951171875,229.72999572753906,230.02999877929688,7193400
2026-05-29,225.3300018310547,231.5,224.58999633789062,231.22999572753906,13897700
2026-06-01,223.50999450683594,224.44000244140625,220.83999633789062,223.1999969482422,8041000
2026-06-02,222.88999938964844,225.5,221.1699981689453,222.5800018310547,5669000
2026-06-03,223.24000549316406,224.92999267578125,222.0,222.4499969482422,6507200
2026-06-04,228.1699981689453,228.6699981689453,225.89999389648438,227.08999633789062,7274800
2026-06-05,232.77000427246094,235.22000122070312,229.0,230.0,8034900
2026-06-08,232.16000366210938,234.9499969482422,230.55999755859375,232.77000427246094,7559800
2026-06-09,237.0,237.7100067138672,230.41000366210938,232.3800048828125,8354500
2026-06-10,238.49000549316406,240.92999267578125,237.0500030517578,238.85000610351562,8350800
2026-06-11,238.3300018310547,241.60000610351562,238.13999938964844,240.0,7399000
2026-06-12,240.8699951171875,240.91000366210938,237.52000427246094,240.0,6459400
2026-06-15,235.66000366210938,239.5,233.5800018310547,239.0,7732000
2026-06-16,235.17999267578125,236.3699951171875,231.02000427246094,236.3699951171875,7718100
2026-06-17,234.1999969482422,235.42999267578125,230.6999969482422,234.02999877929688,8548000
2026-06-18,228.38999938964844,232.75,227.60000610351562,231.77999877929688,18989800
2026-06-22,231.2899932861328,231.4499969482422,227.5,228.9499969482422,8518300
2026-06-23,239.0800018310547,239.8000030517578,234.35000610351562,235.63999938964844,11802000
2026-06-24,241.0,243.0399932861328,238.75,239.88999938964844,8139200
2026-06-25,244.8800048828125,248.19000244140625,240.88999938964844,241.27000427246094,10130400
2026-06-26,254.66000366210938,255.11000061035156,247.8699951171875,248.27000427246094,16316800
2026-06-29,258.510009765625,258.5799865722656,252.02999877929688,253.19000244140625,8608400
2026-06-30,253.97000122070312,259.8999938964844,253.1699981689453,259.0,8469500
2026-07-01,253.97999572753906,254.1999969482422,251.0800018310547,253.25,6516500
2026-07-02,263.0400085449219,263.1000061035156,254.0,255.77999877929688,7998700
2026-07-06,259.3299865722656,261.3800048828125,255.92999267578125,260.2300109863281,6803700
2026-07-07,267.239990234375,269.42999267578125,264.04998779296875,264.8900146484375,9089700
2026-07-08,263.3999938964844,268.6000061035156,263.1300048828125,268.6000061035156,6769400
2026-07-09,259.1000061035156,263.45001220703125,258.1300048828125,260.6300048828125,6426100
2026-07-10,256.9800109863281,261.29998779296875,255.52000427246094,260.19000244140625,6534700
2026-07-13,257.7699890136719,259.5299987792969,256.1499938964844,257.95001220703125,5272200
2026-07-14,253.85000610351562,256.3900146484375,252.13999938964844,255.52999877929688,8770600
2026-07-15,247.02000427246094,256.8299865722656,246.0500030517578,250.08999633789062,10547300
2026-07-16,249.97000122070312,253.5500030517578,246.3000030517578,248.89999389648438,11097600
2026-07-17,253.0399932861328,255.66000366210938,251.9499969482422,252.58999633789062,10167700
2026-07-20,248.82000732421875,254.17999267578125,248.6300048828125,252.00999450683594,8114700
2026-07-21,250.61000061035156,251.33999633789062,245.49000549316406,247.4499969482422,7793100
2026-07-22,255.6300048828125,256.2900085449219,251.2100067138672,252.75999450683594,9100200
2026-07-23,259.2699890136719,260.20001220703125,254.4199981689453,255.24000549316406,8063300
2026-07-24,263.3999938964844,263.7099914550781,259.6099853515625,261.42999267578125,6351800
2026-07-27,265.95001220703125,268.79998779296875,261.3500061035156,262.54998779296875,9647900
2026-07-28,266.7300109863281,274.8999938964844,266.17999267578125,270.0,10491000
2026-07-29,265.5299987792969,269.3399963378906,264.7900085449219,268.5,6105600
2026-07-30,255.82000732421875,260.5199890136719,254.55999755859375,259.0299987792969,8216500
2026-07-31,256.3500061035156,258.4800109863281,253.2899932861328,256.010009765625,6782100
2026-08-03,254.41000366210938,257.75,250.91000366210938,254.97000122070312,8136300
2026-08-04,254.92999267578125,255.52000427246094,250.44000244140625,254.41000366210938,7362400
2026-08-05,257.5899963378906,259.32000732421875,254.47000122070312,255.25,6472600
2026-08-06,256.9800109863281,262.1099853515625,255.27999877929688,261.7099914550781,6931800
2026-08-07,259.239990234375,259.6000061035156,255.1199951171875,255.88999938964844,6532100
2026-08-10,261.80999755859375,262.0,258.54998779296875,259.05999755859375,8985100
2026-08-11,259.79998779296875,264.1499938964844,258.3599853515625,261.2300109863281,5945900
2026-08-12,260.8599853515625,261.4100036621094,255.25999450683594,256.0,4629300
2026-08-13,262.0799865722656,262.6199951171875,259.6499938964844,261.7300109863281,4852700
2026-08-14,260.3500061035156,261.7099914550781,259.1600036621094,260.6499938964844,4998100
2026-08-17,262.3699951171875,264.2799987792969,258.010009765625,258.8699951171875,5515500
2026-08-18,271.1099853515625,271.7300109863281,266.3299865722656,267.6700134277344,7838200
2026-08-19,273.4100036621094,276.4700012207031,270.55999755859375,273.0,7728500
2026-08-20,267.3699951171875,273.3999938964844,267.3699951171875,273.3999938964844,6475900
2026-08-21,270.239990234375,272.6600036621094,267.0,267.8299865722656,6176100
2026-08-24,272.4700927734375,273.9800109863281,268.57000732421875,269.739990234375,3606529
