Date,Close,High,Low,Open,Volume
2021-08-16,154.508056640625,154.55149947976295,152.86601807359918,153.38730562946807,4782800
2021-08-17,155.9241943359375,155.95894064939765,154.0475752436865,154.0475752436865,6041900
2021-08-18,153.9433135986328,155.95024781430487,153.89118750319577,155.95024781430487,7134100
2021-08-19,155.14227294921875,155.8025589456536,152.97026384094315,153.44809523925053,5615000
2021-08-20,155.8981475830078,156.3151696725808,154.70789068342356,155.4203028674069,5428700
2021-08-23,155.22518920898438,156.37881804410944,155.16400515341022,155.9068820060288,6461700
2021-08-24,153.28492736816406,154.87555221264344,153.18879055519372,154.68327858670276,5734800
2021-08-25,152.27114868164062,153.73067084038075,151.97400333246026,153.5471453805737,5700300
2021-08-26,151.45840454101562,152.6994354315655,151.23991290530603,152.0264774595921,5031600
2021-08-27,151.135009765625,152.31486979153166,150.9777022078612,152.31486979153166,7046100
2021-08-30,151.7729949951172,152.3148498484718,151.00390036274203,151.0126352251398,3252700
2021-08-31,151.30982971191406,152.49842472697043,150.74174346561503,151.62445819636048,7106800
2021-09-01,151.84291076660156,151.84291076660156,150.37464043834848,151.10876893464126,5327400
2021-09-02,152.8829345703125,153.1101743670886,151.991498452044,152.36729759952937,4544300
2021-09-03,152.9790496826172,153.13637054540357,151.9040749069668,153.03149886065728,4096900
2021-09-07,150.6019287109375,152.97037069432852,150.0338424278412,152.37607981614113,6859900
2021-09-08,150.23480224609375,151.17868745420859,149.51815681172928,149.99009274795296,4661700
2021-09-09,146.8875274658203,149.8677425156394,146.56415085550668,149.614298147665,7114600
2021-09-10,145.9261932373047,147.77899802182358,145.83879124964318,147.3070619611961,6699300
2021-09-13,144.90365600585938,146.9312514581972,144.31810002027171,146.75646081611708,6273500
2021-09-14,144.0296630859375,145.55035606281288,143.77620536601245,145.42800130219453,5259600
2021-09-15,144.57151794433594,145.04346726066063,143.60141472263373,144.204453662566,7935300
2021-09-16,144.396728515625,145.4804516437656,143.49654419770528,144.77252766348695,5665400
2021-09-17,143.98597717285156,144.125815009817,142.9459549308852,143.59269492509767,13419800
2021-09-20,143.16445922851562,144.35305427664014,141.7311546118659,142.8760486651099,7270800
2021-09-21,143.79371643066406,145.06096527007207,143.54027199705098,143.8636353554435,6663600
2021-09-22,143.26931762695312,145.03473363774614,143.00713835338937,144.51036175494858,5657100
2021-09-23,144.08209228515625,144.87740486030154,143.46157031201687,143.68006189844132,4697900
2021-09-24,143.64512634277344,144.77253719626432,143.2343610441701,143.9859727250539,4399300
2021-09-27,142.6051025390625,143.6451247372779,142.32544021256643,143.33049628517637,5775500
2021-09-28,142.2904815673828,143.2518500370308,141.38156228890037,142.54393931650375,7610400
2021-09-29,143.3479766845703,143.9073146628395,142.26425351731842,142.45652719756745,5124100
2021-09-30,141.14556884765625,144.5540323586264,141.06691507486505,143.889822717831,6972300
2021-10-01,140.2454376220703,141.4952036037847,138.6285938904235,141.17184019172473,8568300
2021-10-04,139.15298461914062,140.70864434064916,137.79833351270142,139.82594273910638,8620700
2021-10-05,139.46759033203125,140.8047581507495,139.09177776297471,139.7122999109031,5129000
2021-10-06,139.7559814453125,139.79093423642448,137.94686445094072,139.72101531853053,7312600
2021-10-07,141.0057373046875,142.11567837871243,139.85210857872391,139.85210857872391,5309200
2021-10-08,140.6474151611328,141.2417192849083,140.05312437302712,140.9882748807267,4343200
2021-10-11,140.05313110351562,141.45148283257708,139.78220362323168,140.5862511999574,4101600
2021-10-12,137.81578063964844,139.99194870751947,137.50988702789223,139.8346411373618,6686400
2021-10-13,139.13543701171875,139.90453164921658,137.86818850087283,137.92937254506828,6901100
2021-10-14,139.9307403564453,140.83092454983623,139.4850223585237,139.5811591818794,4579200
2021-10-15,140.9707794189453,141.41649747082266,140.19294987606014,140.73480476293088,6918400
2021-10-18,139.93948364257812,140.61244144657942,139.13543622413985,140.05310353220204,7465500
2021-10-19,143.21685791015625,144.33553374320695,140.47260417350566,140.62117684899403,10081300
2021-10-20,143.1382293701172,143.98597792459972,142.6837630654419,143.3130199994015,6003200
2021-10-21,142.80609130859375,143.67132276596064,141.82725329791683,143.59266899774576,4524100
2021-10-22,143.08580017089844,143.3829455880712,142.42159041445265,142.50897906532478,4304300
2021-10-25,143.400390625,143.60139913793958,141.32909478278052,143.08576222681893,6715400
2021-10-26,144.85995483398438,145.10466439973106,143.3742143746162,143.8199325117253,6939100
2021-10-27,143.10324096679688,144.8686432196131,142.72742853847117,144.7987243181649,7018800
2021-10-28,142.32545471191406,144.3792680555374,141.86225351797466,143.12950231904796,6278800
2021-10-29,142.3516387939453,142.67500206566973,140.36773150902988,141.88843771014143,8526800
2021-11-01,142.47402954101562,143.31302995412645,139.31026158782834,142.5963843235806,5846400
2021-11-02,144.7200927734375,145.93490553431508,142.43903993919466,143.06829681316984,8450600
2021-11-03,144.25692749023438,144.87744965523416,142.83235763886782,144.23944442392772,6717800
2021-11-04,143.8548583984375,144.19570472221022,142.16809650390348,144.15200374005119,8224400
2021-11-05,142.8323211669922,143.85487358190528,141.75734623788958,142.00205576100774,6215900
2021-11-08,142.3429412841797,143.47910057449263,141.59132944618858,143.0508521233756,5578800
2021-11-09,142.02828979492188,142.972175206435,141.60005474872867,142.11569177837822,6112800
2021-11-10,143.56646728515625,144.06462120909833,141.88845336210153,142.04576091629298,6225100
2021-11-11,142.50894165039062,143.1644163703592,142.01078779776154,142.88475409105294,4118800
2021-11-12,144.2132110595703,146.4942642164483,143.8636297848806,146.3282084434859,18995200
2021-11-15,142.91098022460938,144.6064770647241,142.64878765442302,144.20444667901592,7496200
2021-11-16,142.1681365966797,143.63640733015225,142.12443560219654,142.613854734797,7594700
2021-11-17,142.70126342773438,143.2081656490761,141.39904841071822,142.3429339260782,5414500
2021-11-18,141.93212890625,143.74124563913097,141.69616759509273,142.84979623442146,6358700
2021-11-19,142.36036682128906,142.62255937243265,141.3902637170248,142.4914564290273,7620700
2021-11-22,140.4866180419922,143.07291114105985,140.4426308173994,141.65660841647596,7634500
2021-11-23,141.3575439453125,141.6302459979983,139.67733097312848,140.32830712242472,7734000
2021-11-24,140.961669921875,141.29594332501472,140.20513523632073,140.8736954656176,5230900
2021-11-26,140.0468292236328,141.7710297939593,139.57180190595304,141.27840489472936,8523100
2021-11-29,140.53062438964844,141.12001569494925,139.36063385595523,140.3107016597742,9188500
2021-11-30,137.17022705078125,139.8708851761635,137.09986357490075,139.4398317040249,14981700
2021-12-01,139.06155395507812,140.82093594324002,137.45171782514768,138.00592744678485,9835800
2021-12-02,138.19065856933594,140.12597612115633,137.89156684523147,138.3402044313882,11334700
2021-12-03,140.20516967773438,140.46027418671937,138.6305151158281,138.91202270659016,8750500
2021-12-06,143.3368377685547,143.84706010265123,140.60099852547887,140.91768778722783,9692000
2021-12-07,143.706298828125,144.50682072891576,142.87059519920834,144.26930043925995,8311300
2021-12-08,144.56837463378906,144.77071317086074,143.07290304338895,143.8030479766524,6216400
2021-12-09,145.9407196044922,146.0110964895033,143.82067466923738,144.42765013429894,8574200
2021-12-10,145.580078125,146.63570471075218,144.84112743425518,145.65045502045285,6572200
2021-12-13,148.18394470214844,148.8437129451883,144.09338696450902,144.92909072108898,11142300
2021-12-14,149.8025665283203,150.40076335652202,147.04914297219932,148.0783797767774,10482400
2021-12-15,150.5503387451172,150.6910925467821,149.03726893477258,149.4155430988694,8552200
2021-12-16,152.1953582763672,152.63520384341146,150.28643012615768,150.65589879171227,8998600
2021-12-17,147.99041748046875,150.23363228038644,147.4890005758395,149.23078504810817,16726200
2021-12-20,147.5681915283203,148.23675197508774,146.51256482494264,147.62097085003595,7954500
2021-12-21,147.0931396484375,147.87606411020494,146.01111004185614,147.8408689529235,7954200
2021-12-22,147.72650146484375,147.9376321346695,146.1342629210882,146.96117459913168,4178200
2021-12-23,148.00796508789062,148.62374591331147,147.22504087635227,147.68248381367144,3501500
2021-12-27,149.25714111328125,149.41549244222344,148.40383993663846,148.7909060484785,3704800
2021-12-28,149.85537719726562,150.11048169812312,149.1868034020165,149.3627389291272,3187000
2021-12-29,150.91099548339844,151.29806167556697,149.46830276360092,149.5474717329937,3662000
2021-12-30,151.57952880859375,152.0809590381029,151.08690407835002,151.41238539875738,4231800
2021-12-31,150.48875427246094,151.90504397597607,150.45355911359164,151.77309568776664,4409500
2022-01-03,150.9021759033203,150.9549686343428,148.75574131404653,149.73219878117882,6012200
2022-01-04,150.49752807617188,151.5619465998657,150.0752801821539,150.47993049887407,6748400
2022-01-05,151.50038146972656,152.59999519342216,150.97256151314505,151.30684838051462,7016100
2022-01-06,150.98135375976562,151.74668054890742,150.25120870056526,151.43878336409378,7301600
2022-01-07,153.0222625732422,153.33015982425704,150.54154067694324,150.83184034769474,6986000
2022-01-10,152.26571655273438,152.7935365378332,151.447610341153,152.7935365378332,7698400
2022-01-11,150.6470947265625,152.52963306680866,149.64424745041308,152.17776201037813,8341100
2022-01-12,149.36270141601562,149.61781927581941,148.08715238604742,149.20436350828933,8116200
2022-01-13,148.45664978027344,149.91694007608618,148.1927532161069,148.6677804546262,6159400
2022-01-14,147.6473388671875,148.35988645193913,147.0403499103932,148.34230229595946,5847700
2022-01-18,146.99636840820312,147.5417725214796,146.03749503667564,146.99636840820312,7815600
2022-01-19,146.53890991210938,148.42144787779932,146.31019511323743,147.08431396796735,5926500
2022-01-20,145.36892700195312,147.66492087911652,145.08741945971747,147.16349060314113,6011300
2022-01-21,145.03463745117188,147.77928224479862,144.6827664529465,146.19583590674821,10550300
2022-01-24,143.3632354736328,144.41886193107823,139.2198851849617,144.26931608005017,14054600
2022-01-25,147.46258544921875,148.14874325684252,142.14045297889186,142.82661078651563,14081200
2022-01-26,148.1223602294922,148.86129737490376,146.23101671269066,147.38340966106256,9963200
2022-01-27,150.0664825439453,151.2276810921028,148.6677770934077,149.01085604208708,9066700
2022-01-28,151.12208557128906,151.1660727984961,148.93166394036123,150.30397952191052,9783100
2022-01-31,151.56198120117188,151.85228088927735,150.2688475694606,150.86703110396533,8054800
2022-02-01,150.3216094970703,151.2892615891026,149.04604674822315,151.07814432983304,8154700
2022-02-02,151.98422241210938,152.17775551178767,149.23957728168094,149.23957728168094,7382800
2022-02-03,151.9753875732422,152.731922246935,150.46231822585654,151.53554214488628,6240400
2022-02-04,150.98135375976562,152.16892842329415,149.65301190741764,150.42714419630823,6392200
2022-02-07,150.4799041748047,151.07810089111877,149.55622616202064,150.78780132007142,6065700
2022-02-08,150.87574768066406,151.3507881773028,149.96966733016652,150.44470782680526,6296100
2022-02-09,150.8582305908203,151.51799891153232,150.64709989590497,151.36845303626677,5387500
2022-02-10,149.0372314453125,150.62067775818272,148.93167283212713,150.61188568142327,10355300
2022-02-11,147.532958984375,149.67939339212998,147.3833997269866,148.77331288663441,13125300
2022-02-14,145.6768035888672,147.76166651439922,144.10214952117363,147.53295173595382,8967600
2022-02-15,147.18112182617188,147.8760853405497,146.03752066469227,146.14309272867382,6631400
2022-02-16,147.0931396484375,147.6473358569343,145.77360313379447,146.45976104756727,8482400
2022-02-17,146.1958465576172,147.30425236349456,145.07863525118088,147.093135118386,6227600
2022-02-18,144.62876892089844,146.3994443418158,144.25692870360757,146.0630116889035,6423200
2022-02-22,142.66331481933594,144.96519821689708,142.04358113820211,144.8146924307061,6868900
2022-02-23,142.73416137695312,143.99133943343853,142.406590713478,142.9909033952369,8016900
2022-02-24,140.00735473632812,141.76918226942536,137.86483833688155,141.45930855699382,12883400
2022-02-25,146.96607971191406,147.84256902651396,141.3884486836614,141.654052734375,11340400
2022-02-28,145.70004272460938,146.2400857933865,143.76115085440813,144.1949577141382,9373500
2022-03-01,145.19540405273438,145.85940742492676,143.7877201458905,144.34547379228752,8737800
2022-03-02,147.00148010253906,148.40917744982409,145.2308045298267,145.55838869702262,6793300
2022-03-03,149.16172790527344,149.92311905135986,147.24940827881971,147.58582749975247,7333700
2022-03-04,150.0470733642578,150.3835061112931,147.71864372057593,148.41805476347093,6302500
2022-03-07,152.46405029296875,153.2696975392427,148.17015594502743,149.00237575755088,11663400
2022-03-08,149.3742218017578,153.26970342494778,149.18829488597962,152.31353680634257,11100300
2022-03-09,149.94082641601562,150.71106606161598,148.63937862981794,150.51629064400922,7248200
2022-03-10,150.2064208984375,150.6402277933568,148.807585492726,149.23254387256767,6171400
2022-03-11,149.9319610595703,151.80002434829277,149.63979796597684,149.73718566384133,5188000
2022-03-14,152.00364685058594,154.15501118914153,150.8172974579047,151.10944703960917,7729500
2022-03-15,155.9434356689453,156.27986843380336,152.76507547302438,153.45563803622764,10554400
2022-03-16,154.50914001464844,156.6605041527715,152.7738721693087,155.34135961857766,9603300
2022-03-17,156.5277557373047,156.56316331204945,154.22587161252073,155.12007160775354,7472100
2022-03-18,154.79246520996094,156.70479819282315,153.74777303975014,156.70479819282315,13809500
2022-03-21,155.66896057128906,156.8464615690831,154.33210524000515,154.6331168760531,7574900
2022-03-22,154.93414306640625,156.14705174918686,153.9691279317971,155.66897519462344,8442100
2022-03-23,154.34979248046875,155.41219516389776,154.12845802520508,155.13774260084008,5254200
2022-03-24,155.14662170410156,155.4122122723088,154.11077796053965,154.9341357403512,5012300
2022-03-25,156.63397216796875,157.32453461626116,155.12890051166949,155.54501038553587,4809500
2022-03-28,157.43963623046875,157.74949638179515,156.12933995555915,156.39493051121494,5604200
2022-03-29,157.3599853515625,158.82963620537828,156.52776544699066,158.13907362694337,5933400
2022-03-30,158.99781799316406,159.23686299035504,157.3068194919838,157.97968489012388,6277600
2022-03-31,156.90843200683594,159.54674867162177,156.68709753215697,158.99782998817267,11490400
2022-04-01,157.7583465576172,157.97081898618356,155.46532487145234,156.7490619943782,6525600
2022-04-04,156.23558044433594,157.75836271453855,155.39451214036205,157.75836271453855,6860600
2022-04-05,157.24484252929688,159.05092564362846,156.07619018358994,156.23555800763287,7446100
2022-04-06,161.33511352539062,161.6626977179678,158.13904332864539,158.82075725953007,10330900
2022-04-07,160.91905212402344,161.97260665023228,159.56448587866572,160.83937493528185,7385200
2022-04-08,161.23773193359375,162.18504995871422,159.74150874053225,160.5383209457071,7144500
2022-04-11,159.21914672851562,163.07922007733677,159.0066743023676,162.0168174190484,5932000
2022-04-12,159.27227783203125,160.07793853807357,157.7672061508736,158.65254402322327,5957500
2022-04-13,159.9451446533203,160.1044989873223,158.6879664847413,159.27227921859918,5643100
2022-04-14,159.27227783203125,160.60028464055574,159.12177201483388,159.36081702293976,6188200
2022-04-18,157.28909301757812,159.70606106370715,156.4745839857847,159.12173496181816,6318700
2022-04-19,162.087646484375,164.61971313960444,159.31653483992653,159.9982487303452,14380800
2022-04-20,162.80477905273438,163.18548135852046,161.04295184242585,161.34397698276265,8044900
2022-04-21,162.33554077148438,163.67239599625114,161.62726782431136,162.84017629651154,6969200
2022-04-22,160.72422790527344,162.14962238910996,160.58258411575912,161.54759913341928,8003600
2022-04-25,164.6817169189453,165.28375378519246,161.22005559747103,161.43252807211113,11176500
2022-04-26,163.5041961669922,165.1774977594345,163.06152721894313,163.8760499714355,10190000
2022-04-27,161.22003173828125,163.62815182851696,160.90130956430346,163.11465424215365,11090100
2022-04-28,162.424072265625,163.34481759692795,161.06064454276336,161.3528076262337,9403900
2022-04-29,159.76808166503906,161.61843461399573,159.53788516762927,161.57416501763353,8463100
2022-05-02,158.15679931640625,160.60918966191684,156.73140441996281,159.77696967764473,7145400
2022-05-03,157.8468780517578,159.9185788709284,157.30682142727227,158.29840899747174,5898700
2022-05-04,159.5378875732422,159.80349164623624,156.83760426464065,157.72294216849792,5923000
2022-05-05,156.49232482910156,159.10408248297892,155.17317998300356,158.847326922753,7089200
2022-05-06,156.1470489501953,156.58971792245006,154.65968768782818,155.05808706102047,6434000
2022-05-09,156.9969940185547,158.0859560096749,154.5711629601931,155.33255420411783,7855200
2022-05-10,156.78451538085938,158.634868702674,156.26216916240801,157.79380023904798,8186700
2022-05-11,155.93455505371094,157.87344704712478,155.7132205980095,155.78404924493594,6138900
2022-05-12,157.47508239746094,157.5459110660567,154.67742428845816,156.23561447000318,6898600
2022-05-13,156.57200622558594,158.3780895191855,155.64239876908135,158.2098731640143,7732200
2022-05-16,157.6609649658203,158.59057240435934,155.9699664406625,156.5720031996832,5516700
2022-05-17,158.3161163330078,159.09520443267522,156.34180325686918,158.22757714684457,5751100
2022-05-18,155.3768310546875,158.80308505756904,155.08466787091814,158.3338569618995,8608800
2022-05-19,153.9956817626953,154.75707292314465,152.8890093497855,154.68624426761625,6874500
2022-05-20,156.6870880126953,156.84645584955763,154.09305461146582,154.8013275892445,7522100
2022-05-23,159.8858642578125,160.32245872412454,158.12163485624563,158.24637807461923,7040800
2022-05-24,161.6322784423828,161.93523792924768,159.58292739566036,159.71657599575377,6419800
2022-05-25,160.0462646484375,161.76595382039352,159.5472917061061,160.8571024777225,6558900
2022-05-26,159.90371704101562,161.27589268716653,159.13743325015398,161.27589268716653,6897600
2022-05-27,161.35606384277344,161.4184422540857,158.80772627357277,160.17099639176834,5853600
2022-05-31,159.96607971191406,160.53633646051426,155.93863377717895,158.60280945985434,16391400
2022-06-01,158.3444366455078,160.23340980312398,156.7316661257751,159.62750428713701,5175400
2022-06-02,157.8454132080078,158.433494237383,155.5643864715133,158.37112942299024,8666500
2022-06-03,157.19496154785156,159.19977204072984,156.9543804818286,157.77413718116674,4234200
2022-06-06,157.1771697998047,159.04833208627616,156.8207644099978,157.89891314755394,5386500
2022-06-07,158.90576171875,159.7611536737501,157.17716705676617,157.69396438016295,5447800
2022-06-08,157.9612579345703,159.89478480078523,157.53356880185726,158.69190656578118,4333100
2022-06-09,154.78028869628906,159.18195015924044,154.71791028724738,157.8988828445775,5509600
2022-06-10,153.74671936035156,155.0119761329496,152.0270300932895,153.40812473247541,6647300
2022-06-13,152.19631958007812,153.4794006344712,151.5458736774458,151.5458736774458,7997000
2022-06-14,149.86184692382812,152.4636443687434,149.0331846686083,152.41909029549598,7116800
2022-06-15,151.4656982421875,152.75768478914586,150.26280624564345,151.15383332575186,7796100
2022-06-16,151.54586791992188,151.66170577615154,149.1668275536162,150.04893554800367,7056700
2022-06-17,150.9934539794922,153.43485946141766,150.79742693548434,152.03595402480983,12486600
2022-06-21,154.15660095214844,154.91397946129214,151.0825600312623,152.1428845056654,8219700
2022-06-22,156.58909606933594,158.5315284801033,152.98043385737603,153.25665006294446,10593100
2022-06-23,160.08192443847656,160.22449203073737,157.2841000213296,157.71178920211807,10223500
2022-06-24,162.42532348632812,162.6391748841088,160.3670530681693,161.079877464777,9374400
2022-06-27,162.2738494873047,163.36982259852022,161.72141704151744,161.84616029043696,5908600
2022-06-28,157.6583251953125,163.03121710983896,157.09697381451335,162.3183927651403,9245700
2022-06-29,157.70286560058594,158.87010873583733,157.20387908534036,157.90779799328087,7097900
2022-06-30,158.16619873046875,158.8611987065464,155.95645556540123,157.5870366157351,10777200
2022-07-01,159.9571533203125,160.13535598158816,157.43554555508683,158.11272110633098,5498400
2022-07-05,158.7275390625,159.60966063051782,155.58221504177936,159.3423498284525,5676400
2022-07-06,158.87010192871094,159.88587206966568,158.07708851687778,158.66516954479678,5335600
2022-07-07,159.04833984375,159.60077230369342,158.166218106361,158.47808303464862,5725800
2022-07-08,158.85231018066406,160.37597250275397,158.3978912545644,158.8968642548294,3828300
2022-07-11,158.91465759277344,159.5116440013073,158.17510361312918,158.33548193363444,3645200
2022-07-12,156.68710327148438,159.00376531215994,156.1079275643207,158.58498153479297,4708800
2022-07-13,156.32176208496094,157.11477548503112,155.48419462052894,156.51778909135956,5291700
2022-07-14,156.53562927246094,156.82966983734497,153.52396701842537,153.72889943783153,5359600
2022-07-15,158.80775451660156,159.05724101423635,157.31083553079287,158.3444302187052,5691100
2022-07-18,155.24362182617188,158.7720945334666,154.95850027184076,158.37113512481756,7605700
2022-07-19,152.98040771484375,157.48900156738307,151.3676512320017,157.11477190804882,13256400
2022-07-20,152.10723876953125,153.74672533326682,151.26075216695568,153.4348604169501,7455800
2022-07-21,152.641845703125,152.71312950048565,151.2696699929168,151.51915648568192,5729200
2022-07-22,153.36355590820312,153.693245128471,152.41906950655485,152.90023167840855,4257000
2022-07-25,153.66650390625,154.12982810136725,153.0071391110566,153.36354442976085,4437300
2022-07-26,154.75357055664062,155.91190843364413,153.69325979436175,153.75562461755757,4525500
2022-07-27,154.3258819580078,155.12781445861498,152.48146303899955,153.81800361068434,4648500
2022-07-28,155.21690368652344,156.90094420529456,152.7576740134588,154.50407935352123,5513000
2022-07-29,155.50201416015625,155.79605466066775,154.06746034638317,154.85155475175603,6451400
2022-08-01,154.95852661132812,156.07231048911183,154.6288373382278,155.19018876334908,5461400
2022-08-02,154.07635498046875,156.3663004175596,153.8803279937921,155.93859775790676,5794200
2022-08-03,155.5644073486328,156.16139383275492,153.0517181706263,153.7467181727979,5010000
2022-08-04,153.0695037841797,156.00989524678081,152.90022009534383,155.76040880471683,5651600
2022-08-05,152.463623046875,152.8378527370278,151.28746093840132,152.6329203439425,5235500
2022-08-08,151.6527862548828,152.79329967887688,150.97561065813397,152.6329213517492,4629800
2022-08-09,151.63499450683594,152.47256220676294,151.23403500682704,151.95576482604213,5532500
2022-08-10,152.07156372070312,152.57945559423788,151.05579356962554,152.383428582978,5603400
2022-08-11,148.92626953125,151.4300535166603,148.78370193165503,150.15589128476608,9328700
2022-08-12,147.2867889404297,149.63910004585816,147.15312671185143,149.28268103231133,14606900
2022-08-15,147.9906463623047,148.578727346775,147.1352681994304,147.9104572087835,10072000
2022-08-16,149.3094024658203,149.91529430603245,147.55407816992164,147.78574029776865,7453600
2022-08-17,149.3183135986328,150.19151629448623,148.27581358913568,148.27581358913568,7406600
2022-08-18,148.59657287597656,149.95984306416042,147.84809988176383,149.40739709271855,8312100
2022-08-19,150.8597869873047,151.58151671922676,148.8015166863436,148.8906248293437,8128500
2022-08-22,150.33056640625,151.52359661660148,149.95382218519376,151.5056525049283,5462600
2022-08-23,149.0208740234375,150.49197578266342,148.72485789240932,149.80127147693096,5566300
2022-08-24,148.52755737304688,149.43353644903212,148.0700852294525,149.4066271280763,5684300
2022-08-25,149.91793823242188,150.01661030940636,147.73818732716313,148.85945470773868,5678700
2022-08-26,147.35244750976562,150.24979799080384,147.28964997948657,150.21392346446092,5667100
2022-08-29,146.21324157714844,146.9667298438719,145.33417193263773,146.63483913557923,5259200
2022-08-30,145.7019500732422,146.69763597365056,145.3431500155983,146.48236141400216,6973300
2022-08-31,144.7241973876953,146.7066038284145,144.6614135416389,146.4195528540315,8741700
2022-09-01,148.31227111816406,148.45579662342757,144.8497970059184,144.85877590458833,7509600
2022-09-02,145.9800262451172,149.08368623265113,145.32519633638967,148.7787048350033,5803700
2022-09-06,146.37469482421875,149.10162424570782,146.05178301921063,147.0564340232627,7394600
2022-09-07,147.17308044433594,147.48702710397092,145.45978057193992,146.13254101203137,4590600
2022-09-08,148.3571319580078,148.3840412806703,146.28503198891852,147.00264586372617,5838400
2022-09-09,148.6441650390625,149.08369304772242,147.46010023546413,147.99831399843512,5500600
2022-09-12,148.5813751220703,149.4156051287237,148.20463094360744,149.00297273097183,6365300
2022-09-13,144.7152557373047,147.50496954479297,144.24880467166545,146.72457182307323,6726400
2022-09-14,147.7023162841797,148.3302232946726,145.65712562866202,145.65712562866202,9555700
2022-09-15,148.0790557861328,148.96710447176858,147.19998599937,147.51393265096954,7174500
2022-09-16,150.3395233154297,150.36643263533003,147.78302842613974,148.29433287893565,20201500
2022-09-19,149.1554718017578,149.29001841326703,147.18204393799513,149.17341591240773,7380900
2022-09-20,147.98037719726562,148.81459351498685,147.39732366470852,148.20463066168685,7143400
2022-09-21,146.4644317626953,149.62192459355404,146.4285572283276,148.02524091094082,8071200
2022-09-22,149.06576538085938,149.94484886983068,146.06077698696583,146.34781432149106,7401100
2022-09-23,149.55014038085938,150.231865934805,147.7022941607523,148.67107069783978,9598600
2022-09-26,148.6352081298828,149.65780348093318,147.45115683846234,148.72491499943058,8735500
2022-09-27,147.95347595214844,150.40232008483483,147.4690807776459,149.22723405710408,8686700
2022-09-28,149.2272186279297,150.14217655056436,148.09698614985948,149.12854656090687,8660900
2022-09-29,147.585693359375,149.95380946756413,147.01160502064266,149.33486769712624,7008100
2022-09-30,146.5361785888672,148.67107586633506,146.5003040583994,148.00728071025105,8985200
2022-10-03,146.3926239013672,147.451107118257,145.04710343593672,147.37036548795126,8657000
2022-10-04,148.5634307861328,148.90430043213274,146.14149610693465,146.97572611231732,6236100
2022-10-05,148.10594177246094,148.94015799545718,147.2986348671521,148.0252138193988,4539400
2022-10-06,145.23550415039062,148.00727344077345,145.03816002414874,147.818894524872,5890700
2022-10-07,143.7015838623047,145.5135552661184,142.77766089862934,145.1099018614526,6363500
2022-10-10,143.8899688720703,144.67036640011133,142.78663218174853,144.08731297827376,5315600
2022-10-11,145.97105407714844,147.2089375200573,143.8541009292327,143.8541009292327,6212200
2022-10-12,145.93516540527344,147.89962765697007,145.76473060720394,146.15941883697684,4341700
2022-10-13,148.141845703125,148.89534780995618,144.19498986905066,144.32057127229814,6465100
2022-10-14,147.52291870117188,148.61726311640194,146.75148616472194,147.50497458990193,5684600
2022-10-17,149.4335174560547,149.98967528892666,148.01623408735455,148.36606890266168,6710800
2022-10-18,148.9132843017578,149.95382379240672,146.25813061423284,148.00730511907986,10883600
2022-10-19,147.72921752929688,149.12855698683717,147.01160369053773,148.904303517684,10044600
2022-10-20,148.10594177246094,148.67106481858335,147.40627213790162,148.00726971182598,5659900
2022-10-21,151.33522033691406,151.92723910557953,147.49598827169726,147.74716475480318,8487600
2022-10-24,153.37139892578125,154.35811947285583,151.81956905387563,152.3218945369889,6855500
2022-10-25,153.1292266845703,153.48802671759864,151.1647643384821,152.6448315839038,5661900
2022-10-26,154.47476196289062,154.79768749812362,152.95880635825088,153.67642017958477,6123800
2022-10-27,154.56446838378906,155.56911960735872,154.0352334490405,154.6003566059716,5390900
2022-10-28,156.8607940673828,157.32724506168856,154.81560376041506,155.18338269222045,6073900
2022-10-31,156.05352783203125,157.12097668992132,155.56016739090379,156.5468882731587,7810000
2022-11-01,155.2641143798828,156.64552328810177,152.86908919143724,156.13421885539438,6985000
2022-11-02,152.8780517578125,156.02657888144185,152.75247037626863,155.0847116761908,6877300
2022-11-03,153.13818359375,153.81094388471809,151.54150026483984,152.321897822413,4819900
2022-11-04,153.81991577148438,154.73487363937343,151.81061370847308,153.89167851478388,5300900
2022-11-07,155.16546630859375,155.94587773775316,153.7840708741108,153.99038024625804,6621000
2022-11-08,155.93690490722656,156.69937225494124,154.4478584354304,155.30003265488097,5148400
2022-11-09,154.69003295898438,156.97742097349573,154.59136088973582,156.3226047070343,6150000
2022-11-10,156.50201416015625,156.77112106406977,154.32226329453704,156.39437687352913,7877500
2022-11-11,151.81956481933594,155.2820381597551,149.63982815433573,154.9411685825745,11074700
2022-11-14,154.20565795898438,155.41661847329416,152.7166116470953,152.7166116470953,6581500
2022-11-15,154.6361846923828,155.18336357386528,152.95877352387495,154.45678469739593,9351000
2022-11-16,155.59603881835938,156.9684690053835,155.30002258564002,155.7574947521994,5500900
2022-11-17,156.8518524169922,156.9684686049209,155.16546189089794,155.1834060015053,4464100
2022-11-18,158.05381774902344,158.44850598334602,156.6365344018393,156.97740400190762,6555700
2022-11-21,158.86636352539062,159.38999130909542,157.8371678886442,158.79413757842886,5706600
2022-11-22,159.63375854492188,159.967791509255,159.19137976796588,159.2545688642788,4707900
2022-11-23,159.80526733398438,160.1573602025057,158.90246369411526,159.29067642261793,5389200
2022-11-25,160.01290893554688,160.8073667058527,159.6698391723783,160.13930088371072,3058600
2022-11-28,160.09417724609375,160.49141306696922,159.3990145595617,159.57054946182072,6183100
2022-11-29,158.9746856689453,160.0309642481351,157.68368310849888,159.80526334380335,6700500
2022-11-30,160.69906616210938,160.70808924028512,157.79203700925632,159.22749165363945,13288000
2022-12-01,161.36715698242188,162.46857872601402,160.49143618996433,161.6018810123524,6282600
2022-12-02,161.49351501464844,161.5657409569112,159.76013372741178,160.24764161807306,5823900
2022-12-05,161.40322875976562,161.92685650816028,160.69904304398761,161.0240528955536,5120600
2022-12-06,158.98374938964844,162.50467858198112,158.83026062615625,162.43245262730605,7943500
2022-12-07,159.94972229003906,160.5907189479429,159.1010846481765,159.40804836114359,5702600
2022-12-08,159.976806640625,160.22056748730404,159.20039493790236,159.63375061548524,4798500
2022-12-09,158.65872192382812,160.5997443040369,158.5864959771458,159.90458162094882,4561000
2022-12-12,160.55459594726562,160.5816789543962,158.53232461116758,158.84829761958775,4882400
2022-12-13,161.79147338867188,162.68524032499963,160.9789417116463,161.69216442066963,9177500
2022-12-14,162.2880096435547,163.44359743052678,161.22270774881508,161.22270774881508,9533600
2022-12-15,160.2386474609375,162.3602280730868,159.2545808737323,161.78243420639475,7602400
2022-12-16,158.5955047607422,159.79623518669672,157.86423605806593,159.79623518669672,18841800
2022-12-19,158.42396545410156,159.04690211698087,157.1510228991842,158.30661035832384,5736000
2022-12-20,158.5955047607422,159.29066738117683,158.1441029664295,158.89343159807132,6174700
2022-12-21,160.41014099121094,160.86154280234203,158.57745074007394,159.1371983533457,5472000
2022-12-22,159.82333374023438,160.25667564773786,158.29759332292002,159.58860974360556,5709100
2022-12-23,160.22959899902344,160.265718861902,158.72191845259164,159.4983301961838,3683400
2022-12-27,160.1844482421875,161.01503973956937,159.78722619974536,160.7983618999449,3067300
2022-12-28,159.48928833007812,161.10530072339253,159.48025147757733,160.48236403118923,2645400
2022-12-29,160.30181884765625,160.96989852856697,159.85945386191682,160.29279577012574,2828800
2022-12-30,159.4802703857422,160.49141991173792,158.3517657445306,160.23863597416184,4216600
2023-01-03,160.87059020996094,161.0421251135558,158.9024710209394,159.03789983857843,6344900
2023-01-04,162.6220245361328,162.6761905505738,161.13239026055342,161.5025430601541,9788800
2023-01-05,161.42127990722656,162.4956183518904,161.06918706849285,161.61989779324958,6255300
2023-01-06,162.73036193847656,163.34426182333314,161.9539502292404,162.62202990601736,5706000
2023-01-09,158.51426696777344,162.28797962310009,158.1531372413392,161.87269765731386,7925300
2023-01-10,158.1350860595703,159.01982975374918,157.37673432170268,158.6225939551452,5047500
2023-01-11,157.88229370117188,158.64064539847212,155.3815239396932,158.5052303724147,6494800
2023-01-12,157.0878448486328,157.7288415412159,156.00448315653912,157.32256885295087,4269400
2023-01-13,156.57322692871094,157.0968546871608,155.62529413782275,156.35656287396628,6088000
2023-01-17,155.60723876953125,157.61146398881252,155.3634779251077,157.08783621501294,6053300
2023-01-18,153.25991821289062,155.2822030254937,153.21478905814314,154.96621628813162,7047800
2023-01-19,153.05230712890625,154.63221357262822,152.31201527292154,152.60090528784283,6939500
2023-01-20,152.33908081054688,153.57591730499476,151.2015394850821,153.56689422845702,8620600
2023-01-23,151.95089721679688,153.14260478115565,151.6258873152165,152.66411989489728,8425400
2023-01-24,151.95089721679688,154.37041843427136,149.87444583312725,152.59189394169144,10541800
2023-01-25,153.03424072265625,153.03424072265625,150.84043448024732,150.921683502035,7099800
2023-01-26,152.47451782226562,153.39538146239934,152.25783997291316,153.07037157621633,6946100
2023-01-27,151.87869262695312,152.45648655818093,151.46341055722056,152.15855962518464,6058100
2023-01-30,146.2541961669922,152.15852617317046,145.42361843443538,151.6078153773165,23259100
2023-01-31,147.53619384765625,147.54521692631542,145.3965532715629,145.9833702253385,11612500
2023-02-01,148.89035034179688,149.8473198398125,146.61528168332424,147.1479462134643,9865300
2023-02-02,149.45013427734375,150.06404802177366,146.99452062670215,147.157018697594,10099000
2023-02-03,148.6105194091797,150.17236597191564,147.96049963524618,149.89249902563427,6868500
2023-02-06,147.4820098876953,148.82719233171164,147.2472858898705,148.55634847225784,7021000
2023-02-07,147.51809692382812,147.95145255326906,145.73054972337405,145.8930615283367,7310800
2023-02-08,147.70770263671875,148.56536333113397,147.06670599732792,147.42783571518547,6054700
2023-02-09,145.71249389648438,148.7820343674928,145.4145808344305,147.725755820415,7949500
2023-02-10,146.38961791992188,146.9674117506107,145.66738596332954,146.04656187324798,7028000
2023-02-13,146.9312744140625,146.99447727345284,145.48678325670565,145.64929505536037,6414700
2023-02-14,146.290283203125,147.12989767959073,146.03749930768544,146.92225671741303,6316000
2023-02-15,143.87985229492188,146.23617101119535,143.80762633026018,146.20908799640898,12621800
2023-02-16,142.85964965820312,144.13259229172175,142.5707458877345,143.60897831520487,11177000
2023-02-17,145.84214782714844,146.49684278858686,142.4140941922239,142.77782132345155,12401900
2023-02-21,143.6689453125,145.80579909965206,143.56892207406366,145.16928001427198,9423900
2023-02-22,143.46888732910156,144.44184183174664,143.09607220894193,144.12358231458174,9820200
2023-02-23,143.42340087890625,144.20539679366948,142.45954835310346,143.40522493014132,9385100
2023-02-24,141.82305908203125,142.62324490950323,141.1319983331601,142.44137440342573,8689700
2023-02-27,141.51388549804688,142.6686826080249,141.01376941215048,142.25950176493512,7267100
2023-02-28,139.3588409423828,141.18653663114833,139.15879451003266,140.92283275451862,9062300
2023-03-01,138.7314453125,139.34067261716277,138.13130598261583,139.13152432431878,6767000
2023-03-02,138.62232971191406,138.90420957178617,137.51298622322471,137.98582456465908,8762500
2023-03-03,140.04991149902344,140.14083286356185,138.9769339492217,139.45886019306084,5747200
2023-03-06,141.45022583007812,141.604804640604,140.5500307643822,140.63186415676003,8148200
2023-03-07,140.1136016845703,142.07768695903783,139.44073063898773,141.93219607764598,7457700
2023-03-08,139.08607482910156,140.21359422603945,138.64960228050842,140.01354777662704,6230500
2023-03-09,137.5220947265625,139.66803638024874,137.04016838641357,139.54073534463905,7439400
2023-03-10,137.85848999023438,139.56797243384239,137.3947536118116,138.08581419285167,8504300
2023-03-13,139.17698669433594,141.76848850979837,137.8221431406183,138.29496755713055,10799600
2023-03-14,139.958984375,140.0590075941306,138.12220065767903,139.37703488408656,8421200
2023-03-15,140.3500213623047,140.84103572088796,138.69509388104277,138.9769737790048,7757700
2023-03-16,140.0590362548828,140.36819395008854,138.75874801487288,139.53164225288722,7605500
2023-03-17,138.55870056152344,140.89558696150235,138.48595512643826,140.46821620211014,20540700
2023-03-20,139.9316864013672,140.095367043059,138.55865320469172,138.6404865881535,7129000
2023-03-21,139.9316864013672,140.1499226320335,138.36769476851265,140.03170960607653,8376800
2023-03-22,137.34933471679688,140.08631409225222,137.33114488920012,139.89536946419216,7943500
2023-03-23,137.42205810546875,137.93126219830037,136.49457129365635,137.4675118550087,9051500
2023-03-24,138.80419921875,138.90422245650902,137.14928568237767,137.74032325791646,5696200
2023-03-27,139.3952178955078,140.52273717449077,139.2224492641102,140.213579557658,6772300
2023-03-28,138.04946899414062,139.53161358119664,137.96762172417962,138.56776103845203,6115300
2023-03-29,139.40435791015625,139.46801537696948,138.27683821026292,138.4314170763846,6012000
2023-03-30,139.513427734375,139.84987704881158,138.9496680517412,139.64983060501817,4555700
2023-03-31,140.94102478027344,141.11379341770925,139.34066717123403,139.84076938515437,9890000
2023-04-03,142.62322998046875,142.7687069454228,139.97717256641215,140.895557476977,6841900
2023-04-04,144.11448669433594,144.55094536991314,142.38681406744226,142.7323513677752,8314500
2023-04-05,150.58863830566406,150.63410591901822,147.99713696691927,149.4611053184113,16704200
2023-04-06,150.17039489746094,152.0617343337355,149.85214927042188,150.93421492685133,9615400
2023-04-10,149.41567993164062,149.8885043508939,148.79735079718375,149.697559763249,5354000
2023-04-11,149.37022399902344,150.28860898593587,149.16107569649412,149.50661300087185,5903800
2023-04-12,149.05197143554688,149.88852306030384,148.30635506610406,149.0701612615641,5764100
2023-04-13,151.0433349609375,151.2433814238138,148.95194895117677,149.28838442293596,5640600
2023-04-14,150.79782104492188,151.05242311164636,149.17927338869967,150.91603410260538,7225100
2023-04-17,150.6432342529297,151.161540209453,149.97945131937064,150.70689170363448,8046400
2023-04-18,146.40589904785156,149.7521190872611,145.16925462292616,149.35202620349546,14571500
2023-04-19,147.78802490234375,147.92441388822527,146.55138055619588,147.29701067840062,6752000
2023-04-20,148.7427978515625,148.96103411610196,146.36044426478122,147.6970980264277,9498800
2023-04-21,147.9335174560547,150.0067133141614,147.27882256667678,149.52478705875404,7014200
2023-04-24,148.83372497558594,148.95193802446067,147.1878996401961,147.9335298334506,5278900
2023-04-25,150.19766235351562,150.35225504359119,149.27018946168369,149.40657845319714,6263100
2023-04-26,147.86990356445312,149.4793634644418,147.52438006951422,149.20657153439348,5518200
2023-04-27,148.21542358398438,148.5882387155827,147.42433956674546,148.12448832635522,5739700
2023-04-28,148.85191345214844,148.90646905120542,147.8153154457532,148.0426396916712,6024900
2023-05-01,148.760986328125,149.3974914171364,147.5243419231441,148.760986328125,4893400
2023-05-02,150.061279296875,150.47046016236854,148.72461162809748,149.43386216155852,7541700
2023-05-03,148.09719848632812,151.106969347263,147.76985101015197,150.53412167003313,5937200
2023-05-04,147.42433166503906,148.12448038712196,146.6241458400625,147.92443393087785,5128000
2023-05-05,147.9244384765625,148.3336332517637,147.02424327057264,148.06992933553306,5194500
2023-05-08,147.58799743652344,147.82442354212228,146.7059782151081,147.29702960433372,4994900
2023-05-09,146.44229125976562,147.42433372923122,146.20586514920043,147.07879641364931,5520500
2023-05-10,146.98785400390625,147.27883570281412,145.54207510873184,146.57867313024175,6756600
2023-05-11,146.3877410888672,147.47889480383594,144.93286021906067,147.1515473018681,5867600
2023-05-12,146.19677734375,146.90602792672703,145.49661473627768,146.72417129323043,3904200
2023-05-15,145.07835388183594,146.42410969378577,144.52368210042573,146.21497524744922,5104500
2023-05-16,144.88739013671875,145.71485379084294,144.1508617384571,144.6327880700301,5599200
2023-05-17,144.56912231445312,145.54206280403156,143.4597789620045,145.29654875068115,6840700
2023-05-18,144.1053924560547,144.51457335319424,143.2688408358575,144.26907313977364,5173000
2023-05-19,144.4963836669922,145.4238565790754,143.79622112080463,144.2054019790496,6527100
2023-05-22,143.7176513671875,145.79733322341409,143.63520053072494,144.75291402318456,5675900
2023-05-23,143.66265869140625,145.0002548235858,143.25954714528487,143.92835220110186,5793000
2023-05-24,143.5252685546875,143.9650203361871,142.8473068244721,143.91005311093178,5015100
2023-05-25,141.4639129638672,143.18627992350923,140.83176191794436,142.96641102368008,6886100
2023-05-26,141.40892028808594,142.2609400804911,141.27148827097076,141.72041049308646,6845400
2023-05-30,141.42724609375,142.35257422873957,140.46529178469598,141.0607886407252,5593100
2023-05-31,142.0594024658203,142.63658625668856,140.950859541768,141.7295851538179,11324600
2023-06-01,141.5830078125,142.04108667222388,140.30954914164587,141.5830078125,7901300
2023-06-02,143.8092498779297,144.1207400858233,141.17071169470253,141.7478954171471,7659700
2023-06-05,145.04608154296875,145.33924471292974,143.60770736512183,143.60770736512183,6430500
2023-06-06,144.9178009033203,146.22791352658356,144.20319910134234,146.20042991723483,5073600
2023-06-07,145.2293243408203,145.48584738168302,144.2398723348682,144.84453977952626,6504300
2023-06-08,146.82342529296875,146.9700138773663,144.58801228846178,145.21099280296613,5818400
2023-06-09,146.59437561035156,147.25401021450847,146.09965664696182,146.97000358927954,6264400
2023-06-12,146.4935760498047,146.81423676087672,145.4216734714251,146.5851973899549,6510600
2023-06-13,147.26316833496094,147.35477570148893,145.80646721878276,146.3378402706819,6066800
2023-06-14,148.01443481445312,148.49084072960852,147.48306167436766,148.05108895071115,6699100
2023-06-15,150.00250244140625,150.1674181034685,147.89533684933807,148.4633641525995,7138300
2023-06-16,150.46055603027344,151.15684474061405,150.13073874102136,150.68959542615804,13426600
2023-06-20,150.36891174316406,151.4499707161947,150.07573467826984,150.48800269375693,7995800
2023-06-21,150.13992309570312,151.09272091940153,149.0496932341395,149.86507299942932,7177500
2023-06-22,151.73402404785156,151.82564540374543,150.05745388707845,150.15823178677923,5485900
2023-06-23,151.6057586669922,152.3295310134907,151.1934905349068,152.18294243958522,9450700
2023-06-26,149.91085815429688,151.14766240776092,147.80369308091412,151.14766240776092,6978800
2023-06-27,149.599365234375,150.13990883149265,148.82063967828225,149.95666613174822,4927500
2023-06-28,149.2970733642578,149.51694227780726,148.3351049291053,149.51694227780726,6780400
2023-06-29,150.34146118164062,150.5430169631888,148.62823703848125,149.0038649931351,4547500
2023-06-30,151.64242553710938,152.02721009133867,150.57052271187266,151.03775810355316,7580000
2023-07-03,149.6543731689453,150.60717107234723,149.2970722077374,150.56136038922665,4033700
2023-07-05,149.15963745117188,150.17657308837704,149.0863431554008,149.32455311152117,7224600
2023-07-06,148.0510711669922,148.75650244146823,147.50137102480707,148.64656800481333,6332500
2023-07-07,145.89808654785156,147.53800237441533,145.85227587549352,147.0157998520062,7022200
2023-07-10,146.1363067626953,146.8600791596714,145.66907137767325,146.06301247063084,5739200
2023-07-11,145.330078125,146.86005957170502,144.38643695714873,145.78815690471245,6606700
2023-07-12,144.82620239257812,145.61409852750876,144.64297365922465,145.61409852750876,6940400
2023-07-13,145.4949951171875,145.7881722772557,144.21237999053002,144.75290965251736,6401700
2023-07-14,146.46612548828125,146.7959428159978,145.65074570301766,145.8339744452031,5362200
2023-07-17,145.73318481445312,146.46609965391997,144.89030758604818,146.35616522389086,5486800
2023-07-18,145.72402954101562,147.4005996716702,144.9269768809911,145.733200064114,6332500
2023-07-19,145.43087768554688,146.9608593602258,144.13909197920688,144.67046512038485,7522600
2023-07-20,154.26263427734375,154.95890907993933,147.77623624031412,148.3625765949885,21892900
2023-07-21,155.9208526611328,156.4980363799157,154.07936707433194,154.07936707433194,12080000
2023-07-24,156.73623657226562,159.2465133117408,156.6537857471821,157.12102106877703,15155400
2023-07-25,157.93641662597656,158.20209619335034,155.5177609906609,156.1590685493703,13790100
2023-07-26,158.23873901367188,159.27400155693147,157.02940429275392,157.57910443489033,14288200
2023-07-27,159.12741088867188,159.67709704409958,157.61574250747165,157.7440040083503,12446400
2023-07-28,159.85118103027344,160.6574042264824,158.70598398086577,159.41142927754862,14138800
2023-07-31,153.48390197753906,155.94836848529602,152.73265991516328,155.46280601121646,22632700
2023-08-01,154.72987365722656,154.91310240164708,152.13714568427798,152.42115233504833,15810300
2023-08-02,155.66432189941406,156.8828130340963,154.69319720035475,154.69319720035475,14595600
2023-08-03,156.33316040039062,156.95615494966958,155.4444862503252,155.70100930607006,17424800
2023-08-04,154.86729431152344,158.20210784181182,153.81371852888697,156.0583021393673,23415100
2023-08-07,158.58689880371094,158.80676769840034,155.16046407374887,155.27956904467675,17736400
2023-08-08,158.66017150878906,158.99915933761048,157.02025550354298,158.4861133019906,27378700
2023-08-09,158.5594024658203,159.6404617231613,157.62491780002256,158.49526472371252,42974400
2023-08-10,157.73484802246094,161.21624960362226,157.24928562602966,159.41141806237573,48213800
2023-08-11,159.2740020751953,159.36560944621257,157.23096059118956,158.01885667510598,45905600
2023-08-14,158.89837646484375,160.87728023696084,157.35006788331108,158.97167075041722,64036900
2023-08-15,158.44029235839844,159.92446314805323,157.70736350666522,158.31203085780427,88958100
2023-08-16,157.93641662597656,160.0802221705721,157.69822066972915,158.06467813771843,85832700
2023-08-17,159.4205780029297,160.684879956897,158.27538100968553,158.36700236092724,70904200
2023-08-18,158.0280303955078,159.40226680367266,156.94695715176786,158.6510108570705,49631700
2023-08-21,153.31900024414062,155.6093945472831,152.0455415707717,155.4628059568122,151319500
2023-08-22,152.10047912597656,153.76787858407457,151.5416224658518,152.8700481066372,56834800
2023-08-23,150.7354278564453,152.5402596748588,149.76430291444768,151.9905594536169,119011400
2023-08-24,151.24847412109375,152.696004991265,150.1216040436059,150.27734917793697,70755100
2023-08-25,153.4170379638672,154.8289349912841,151.39608345142096,151.6175627407821,18185500
2023-08-28,151.60836791992188,153.38017456706302,150.57482577655256,152.2635688664221,18458000
2023-08-29,151.62681579589844,152.89106021414202,150.20569546364288,152.14358682580956,12208600
2023-08-30,151.09156799316406,153.02947322284106,151.0454247103712,152.36504937729197,9939100
2023-08-31,149.19979858398438,150.94392165203234,148.8306805020089,150.75934853009238,15333000
2023-09-01,148.09243774414062,149.93805640923046,147.6587162313683,148.9598807696853,8610100
2023-09-05,148.27699279785156,149.46742469008166,147.90787470716384,148.16626018683576,9019800
2023-09-06,145.81312561035156,147.64952160445097,145.20408203525952,147.50186870341716,9753800
2023-09-07,147.67718505859375,148.62767760062098,146.7082323861615,146.85588526749387,9931800
2023-09-08,148.16629028320312,148.27702291671156,146.90204578079712,147.27116394646217,6957000
2023-09-11,150.10418701171875,150.13187016846487,148.06477195204266,148.62768627413794,6309300
2023-09-12,150.95315551757812,151.27613034226545,149.0613935294403,149.69813423538966,6045800
2023-09-13,151.33151245117188,152.21740155398814,150.41792611299877,151.11925615947445,7397500
2023-09-14,151.100830078125,152.51272746309198,150.8239844165529,151.9682591656499,7758400
2023-09-15,148.98756408691406,152.097441116056,148.76609885866978,151.32227057434216,13392100
2023-09-18,149.92884826660156,150.5563519161591,148.34161493060336,149.6058593357706,5789000
2023-09-19,149.6796875,150.27952208115917,148.92299108560266,149.72583078792832,5550800
2023-09-20,150.33486938476562,150.91622968009628,149.18135773718922,149.6704455492854,3837400
2023-09-21,149.18138122558594,150.87934725873208,149.11677780429264,150.02114121666924,4526700
2023-09-22,148.1109161376953,148.94143900702014,147.8802137761101,148.84916651095887,4976700
2023-09-25,147.88941955566406,147.98170612191825,146.47752239388402,147.714097609306,6722500
2023-09-26,146.74514770507812,147.72332336929423,146.59749482871823,147.47416090055606,4904800
2023-09-27,144.9825897216797,146.50521964471406,143.2753866483768,146.33912070661768,10211600
2023-09-28,144.77035522460938,145.76699114925643,144.1612975904992,145.3424925943131,7861900
2023-09-29,143.72755432128906,145.43475722811255,143.35843621865573,145.22250094219302,7680700
2023-10-02,143.1738739013672,143.42303638398994,141.48514507735214,143.42303638398994,7259700
2023-10-03,143.3491973876953,143.49685025935227,142.01112668056714,142.740139852825,5740800
2023-10-04,143.5153350830078,143.89367627041918,142.63866888824643,143.56147837345952,4955200
2023-10-05,145.01028442382812,145.8408073423455,144.0228855798555,144.2074446638643,5993300
2023-10-06,145.4716796875,146.08073729786977,144.50272695844893,144.95490865359398,5802200
2023-10-09,146.3022003173828,146.6159662239947,144.96412946482224,145.04717893379845,4414100
2023-10-10,146.13609313964844,146.9758530500481,145.71159463167,146.15455326980933,5273500
2023-10-11,144.12435913085938,146.7728315699331,143.99516638365725,146.2283774267922,6922900
2023-10-12,144.26280212402344,144.47504435355526,143.1000672932936,143.88444687241324,5792400
2023-10-13,144.74267578125,145.2133035573462,144.00442536468213,144.63192906614373,5359800
2023-10-16,145.37013244628906,146.03455619812152,144.73339184403704,145.6377550001679,6408100
2023-10-17,144.0413055419922,146.6805408000555,142.67555167055366,143.93979595203,12244400
2023-10-18,140.940673828125,143.91212118272904,140.31317020340305,143.41381030903537,9097300
2023-10-19,140.56234741210938,141.2913607091103,138.55983843987116,139.96251279872126,7733800
2023-10-20,141.1898193359375,141.9926589007666,140.57153881025909,140.94989399313684,7207000
2023-10-23,139.70408630371094,141.65121430792436,139.53798740409565,141.06061697437366,5874000
2023-10-24,139.55645751953125,140.23011850002774,138.54137565792408,139.11351296321092,6155300
2023-10-25,139.8702392578125,140.42391649571675,138.63366385648715,139.56571044053533,5880800
2023-10-26,137.4986114501953,140.23935671094742,137.38787881936253,140.23935671094742,7612500
2023-10-27,134.36106872558594,137.1848635403886,133.76123410248942,137.02798761522794,11385800
2023-10-30,135.68067932128906,135.87447551142782,134.73018666512797,134.81323614049222,8205300
2023-10-31,136.8895263671875,137.07408540854945,135.32075339418256,136.15127612078746,7576900
2023-11-01,137.21255493164062,138.19995383300284,137.00031267674234,137.67395970895817,5733000
2023-11-02,138.64283752441406,138.7904762717272,136.1512418105787,136.30813174119987,5349100
2023-11-03,139.65794372558594,140.5161636207456,138.55979850279783,139.5379881022473,4926800
2023-11-06,139.9901885986328,140.66383554411863,139.68565979509563,140.06401504321343,4851400
2023-11-07,139.25193786621094,140.4977362336696,139.0489186643887,140.20243045612656,4840400
2023-11-08,138.74440002441406,140.110154004595,138.73516291853014,139.66720943174383,5460000
2023-11-09,136.04055786132812,138.88281245714222,135.89290498028367,138.88281245714222,6973600
2023-11-10,135.88365173339844,137.03716320821508,134.3979283905966,136.80646091325175,6930700
2023-11-13,136.234375,136.48352343404395,135.33001152509848,135.88370287377467,5889300
2023-11-14,136.2620391845703,137.07410188033649,135.62529844654694,136.24357905393015,6713600
2023-11-15,137.3140411376953,137.88617845812965,135.90214388626907,135.9759703277693,6729100
2023-11-16,138.51370239257812,138.57829173119603,137.16639441634592,137.96001109693103,6875600
2023-11-17,138.2276153564453,139.15042476663334,137.56320553558774,138.92895951999887,7023300
2023-11-20,139.44618225097656,139.90197082982192,137.24160023008594,137.58578362720917,8851700
2023-11-21,140.5717010498047,140.72983321335767,139.1671053426834,139.62290806848688,5916300
2023-11-22,140.29266357421875,141.42749364853472,139.89267049923347,141.04612272728355,4633500
2023-11-24,141.8553924560547,142.02282151613446,140.32986618034144,140.32986618034144,3351400
2023-11-27,140.72056579589844,141.68798113206253,140.43220624941074,141.66006209150626,6449700
2023-11-28,141.04612731933594,141.213556383817,140.3112619086507,140.8321712564343,5909000
2023-11-29,141.4926300048828,141.57634454362358,140.52522888298486,140.76707561503028,5190000
2023-11-30,143.86463928222656,144.3111310096565,141.31588787545326,141.6321522576446,12481900
2023-12-01,147.32496643066406,147.39938407627056,144.61808312080063,145.52037755742177,10342900
2023-12-04,147.79006958007812,148.8504962161527,146.971489652682,146.971489652682,8920300
2023-12-05,147.4831085205078,148.48772551316588,147.176141034386,147.7156583560199,7268200
2023-12-06,145.68780517578125,147.58541963571741,145.2692183428794,147.45519230562098,6642900
2023-12-07,144.55296325683594,145.6506057942117,143.91113767270502,145.6506057942117,6532400
2023-12-08,143.64137268066406,144.97156504630047,143.10185538913524,144.57157197080724,6254700
2023-12-11,144.23672485351562,144.62740692037335,143.57629119063134,143.71581543103866,6090400
2023-12-12,144.2460174560547,144.4785672894252,142.9251219120405,144.18089668972755,5324400
2023-12-13,144.91575622558594,145.05529464983687,141.17636491009338,142.9344411834119,10764600
2023-12-14,145.92037963867188,146.1901454211075,144.22742406148532,145.54830554518733,9240700
2023-12-15,144.3297576904297,145.75296178859057,143.02746987542662,144.63672522838647,21727800
2023-12-18,144.59019470214844,145.52039408732057,143.95765173949897,144.37625281779938,7231400
2023-12-19,145.53897094726562,145.57617266948728,144.12506420971846,144.45993648456613,6651500
2023-12-20,142.57167053222656,145.72504603045016,142.42283521701606,145.61341244718386,7008300
2023-12-21,144.03207397460938,144.30183975337047,142.59957312111766,142.96235032512453,4598600
2023-12-22,144.6088104248047,145.60411643962144,144.19952040236902,144.41346229819968,3798900
2023-12-26,145.2413330078125,145.43668112605184,144.04138203316506,144.1809062649672,4170000
2023-12-27,145.43667602539062,145.5948082137926,144.5715832374083,144.64600088966495,5288100
2023-12-28,145.6505889892578,146.2645238532069,145.10177488074865,145.11107176279162,4377500
2023-12-29,145.79942321777344,145.94824429795804,145.09246276361654,145.58546718890335,4313700
2024-01-02,148.80398559570312,150.35741674892128,145.84594439248295,145.97617172886905,9622100
2024-01-03,149.7341766357422,150.1713714252439,148.6458452002957,149.42720917542943,8232000
2024-01-04,149.4179229736328,150.67368355335526,149.2225748690278,150.3109063822734,6766600
2024-01-05,149.88304138183594,150.0783753171523,148.33890689389315,149.29701118845253,5602500
2024-01-08,150.25511169433594,150.3760421613416,148.46913050503395,149.8551327553431,6569800
2024-01-09,150.34814453125,151.8829679757223,149.39004021485766,150.34814453125,6357000
2024-01-10,150.5713653564453,151.26901487410655,149.9481334905805,150.52486674357385,4945100
2024-01-11,149.901611328125,150.878323430634,149.5574421295486,150.7574071735129,4946000
2024-01-12,151.05506896972656,151.1294866195393,150.40393227600933,150.5434564983361,4496900
2024-01-16,149.31558227539062,150.92482294643483,148.99930375441303,150.2922942919069,6923200
2024-01-17,149.23187255859375,150.04115563208222,148.71096320178742,149.06444349121261,5072100
2024-01-18,149.95745849609375,150.10627961979324,148.5435513680703,148.83191092449175,5368500
2024-01-19,150.39462280273438,150.6178757545537,149.09234940141056,149.90161828696782,7071300
2024-01-22,151.12948608398438,152.16200790668972,150.07835630046293,150.69229126395592,6824200
2024-01-23,148.6551513671875,149.30628805379786,145.95757901106663,148.51562714638357,9149800
2024-01-24,147.86448669433594,149.39001297570994,147.12032441699657,148.59933789471532,7247900
2024-01-25,148.422607421875,148.47841711240952,147.40869352725608,147.9016980519319,5478900
2024-01-26,148.36679077148438,149.52024303204715,148.23656343510754,149.2318693216201,5591900
2024-01-29,148.23655700683594,148.89700473720933,147.8644829743843,147.91098158315486,6483200
2024-01-30,147.687744140625,148.60863234684552,147.09241716723554,148.2272614280271,7200500
2024-01-31,147.80865478515625,149.40859862673105,147.5947129324207,149.20395365673562,8256800
2024-02-01,147.30636596679688,147.4272964212755,146.0878071196254,147.12032894017108,8012000
2024-02-02,145.67852783203125,147.25986396493272,145.05529594057018,146.94359957709568,8295900
2024-02-05,144.92506408691406,145.93897798953975,144.49716613324415,145.67852330251142,9121600
2024-02-06,147.02728271484375,147.65051447319826,144.7390006401348,144.95294248107123,9229900
2024-02-07,146.95289611816406,148.24587270656457,146.68314453945447,146.78546704042355,8690300
2024-02-08,145.48316955566406,146.35755919698565,144.46925569230834,146.35755919698565,9755000
2024-02-09,145.81802368164062,146.22731360680808,144.80410994483893,145.36223515074252,6529200
2024-02-12,146.8319549560547,147.35286425678044,145.43665610323333,145.6505979530927,6701500
2024-02-13,145.54827880859375,147.39006936233184,144.87853420837732,146.6366102355169,8621000
2024-02-14,144.86924743652344,145.5389920834839,144.03205953096523,145.43666959037284,9098800
2024-02-15,146.8970489501953,147.41795820634113,145.00874579981033,145.09246031732388,7462500
2024-02-16,146.72833251953125,147.39378036543317,145.90353758789888,146.77519846818848,8541000
2024-02-20,147.95619201660156,148.6591385742058,146.62528158371563,146.73774845645733,9501700
2024-02-21,148.7247314453125,148.7341132185235,147.27198674596153,148.10614937717875,7472500
2024-02-22,150.38368225097656,150.6554962347666,147.87182700226853,149.0059059924075,8065000
2024-02-23,151.6864776611328,152.07075851098955,150.11188437608527,150.7867141558151,6726000
2024-02-26,150.70236206054688,151.8458229309602,150.49617756235105,151.64900590493738,5465400
2024-02-27,150.8804473876953,150.9366808249114,149.6245196182537,150.28060022158255,5078600
2024-02-28,151.4146728515625,151.4709062810565,150.23371362625838,150.8991759120633,6071100
2024-02-29,151.25537109375,152.01455115077812,150.8429734574667,151.8364690531571,9849100
2024-03-01,151.9489288330078,152.37070822407398,150.98355000296075,151.67712911351737,5670100
2024-03-04,149.8119659423828,151.4709238118715,148.34047192821404,151.19912410403236,8532900
2024-03-05,149.9337921142578,151.1241187699954,149.21209642360787,150.54300664827892,8298200
2024-03-06,149.3433380126953,150.83358130368302,149.23087113835194,149.4558191885232,5773700
2024-03-07,148.90280151367188,150.29932696858384,148.31233620980856,149.96191209431234,5188700
2024-03-08,149.51202392578125,150.32743721121523,148.4903975744943,148.90279510323666,5284000
2024-03-11,151.11476135253906,151.19912580897804,148.91220404253568,149.48393448414626,4620800
2024-03-12,152.53001403808594,152.87679638117123,151.02102173496988,151.4427867498135,8018700
2024-03-13,150.992919921875,152.47378135542732,149.78384388498915,152.33319777043303,6260000
2024-03-14,149.22149658203125,151.40530456311106,148.73411631387307,150.84295591660594,6988300
2024-03-15,148.25608825683594,149.20273197845808,147.24385793702427,148.1436213994085,13165500
2024-03-18,146.92518615722656,148.73410925628485,146.6815031854524,148.62164239261728,6602300
2024-03-19,146.40969848632812,147.0189130456524,145.8942015430246,146.84083098328549,7840600
2024-03-20,145.98794555664062,146.62529124764717,145.47246282160998,145.9317121165635,5982300
2024-03-21,145.97854614257812,147.10325760248134,145.36933160639617,145.82858080086245,5915800
2024-03-22,145.49118041992188,146.55029108671098,145.3787135531774,145.922327244915,7248600
2024-03-25,145.48179626464844,146.19411017481616,145.18186558574712,145.65049654541897,7498100
2024-03-26,145.99728393554688,146.42841638231434,145.05064030400595,145.84731860559253,6864100
2024-03-27,148.04989624023438,148.293579186069,145.6879922442526,146.2034891503274,8461600
2024-03-28,148.26548767089844,149.15588376826977,148.19050498986408,148.2748551429712,6181500
2024-04-01,147.88119506835938,148.2279774268488,146.9345656106402,147.8249616374133,4364700
2024-04-02,147.83433532714844,147.9280672503232,146.16601006531909,146.74712224633228,6102300
2024-04-03,144.58201599121094,148.13424661199213,144.57264852071543,147.89054936429255,8098200
2024-04-04,142.9324493408203,145.7442352294922,142.848099196516,145.56615316830576,6947400
2024-04-05,142.82936096191406,143.41045884722197,142.09829771862874,142.49194605720672,6783000
2024-04-08,142.0795440673828,143.43857111588372,142.05142735131946,142.4544574506997,5935400
2024-04-09,142.73562622070312,142.96057425322957,141.47033107913583,142.04206148134256,6135300
2024-04-10,140.77674865722656,142.29512281271698,140.36435109157443,142.0233088255903,6809500
2024-04-11,139.4552001953125,141.4047067807354,139.08030113335838,141.33910588056057,8374400
2024-04-12,138.26490783691406,139.71766694002804,137.91811113781276,138.77102307401648,7100200
2024-04-15,138.3304901123047,140.11129642837182,138.12429133569182,139.06155330157475,8502300
2024-04-16,135.3875274658203,137.07460235510356,134.39403178143317,135.9123920310447,12774900
2024-04-17,135.68740844726562,136.28725548758064,134.5345660201671,135.9029746785478,9378100
2024-04-18,136.59658813476562,136.6528215743939,134.1503334005403,135.88425976218062,9887700
2024-04-19,138.63043212890625,138.83663092236065,135.47184932089155,136.98084178127115,9750800
2024-04-22,139.7644805908203,140.8423402845198,138.05867148383706,139.1927502980526,10118700
2024-04-23,140.17689514160156,141.04855619304044,138.9022183158342,140.45807658727483,10110400
2024-04-24,139.21151733398438,139.64266412687184,137.64629158191727,138.84598574280082,9756300
2024-04-25,137.6088104248047,140.19564833461345,137.14954690721729,139.99881702665232,7642700
2024-04-26,136.97146606445312,137.94621223725824,136.79338399887266,137.49633048838533,6183000
2024-04-29,137.6088104248047,137.9837094952757,136.83088126716865,136.97146484322457,6149600
2024-04-30,135.51870727539062,137.66504523456854,135.46247384440483,137.66504523456854,8817700
2024-05-01,141.69528198242188,142.3232601949783,138.3586310870651,139.40837439792492,14470900
2024-05-02,140.51429748535156,142.77310201879885,139.78323437268514,142.50128806834428,8459800
2024-05-03,139.9051055908203,140.4862034661683,138.5460785234672,140.4862034661683,6532700
2024-05-06,139.25839233398438,140.63616864439848,138.6304284981774,140.46745404440725,5042800
2024-05-07,139.3896026611328,140.3362321113899,139.13653792238736,140.0081989996293,7333500
2024-05-08,139.60519409179688,140.3362574231573,139.3708785547843,139.7645269407872,7735100
2024-05-09,140.44871520996094,140.68303070794119,139.5489374050642,139.63328755198117,6546200
2024-05-10,140.5049285888672,140.6736288586248,139.83009890687472,140.589278723746,5710600
2024-05-13,141.73275756835938,142.46382076765371,140.317497129004,140.6267809966815,5628500
2024-05-14,141.8827362060547,142.66066543744319,141.2453905640503,142.32325052143713,8254200
2024-05-15,143.091796875,143.35422910748133,141.8077524302532,142.29513270549742,5548000
2024-05-16,144.60076904296875,144.69450095631962,142.7731111444836,143.40107491978455,7591000
2024-05-17,144.93820190429688,145.14440069808447,144.06655506813604,145.14440069808447,6521800
2024-05-20,142.92567443847656,144.92872675137627,142.91621682981312,144.654730024778,7742300
2024-05-21,142.89736938476562,144.1728926153811,142.47218055747015,143.40757579359376,5492400
2024-05-22,145.03269958496094,145.58070760660317,142.02812028574948,142.51942589100912,6609800
2024-05-23,141.44229125976562,144.40908295836329,141.1399504992981,144.32405097108384,8000400
2024-05-24,138.86288452148438,141.5462218027961,138.6644621372273,141.28166823517878,9520600
2024-05-28,136.41574096679688,138.69279002235805,136.1984178052142,138.69279002235805,10499800
2024-05-29,136.4724578857422,137.39839546116585,135.78272990526975,135.88666270373184,8263800
2024-05-30,137.26609802246094,137.5778963709587,136.07560703308636,136.6425013254654,8490300
2024-05-31,138.57943725585938,139.34475400263702,137.18108055289417,137.54012373467683,14621200
2024-06-03,139.5904083251953,140.68640973883723,138.67391406880276,139.1274323922783,7329200
2024-06-04,139.6470947265625,140.12895703871146,138.12590458379333,139.34473956962302,8876400
2024-06-05,137.91806030273438,139.82663787847764,137.80468430992832,139.8077370739801,5891300
2024-06-06,138.34320068359375,138.89120854258763,136.6802907238471,137.4739513125612,5016300
2024-06-07,138.96682739257812,140.1195313424389,138.2676418176676,138.58888339921194,5111600
2024-06-10,139.0140838623047,139.42035747004937,137.56848220692646,138.44717503321542,5749900
2024-06-11,138.66448974609375,139.04243378728935,137.41731045287585,138.71173455337959,5661200
2024-06-12,137.38894653320312,139.08965842928566,136.79369376530198,138.9479240279769,6180500
2024-06-13,137.4267120361328,137.9463759247461,135.94332357273123,137.06768332707088,6840400
2024-06-14,137.5117645263672,137.9180525061038,136.5102382009585,137.1338349603186,4075300
2024-06-17,137.89913940429688,138.35265772652645,136.75589319785126,137.02044675390914,6666600
2024-06-18,137.61569213867188,138.3148776683367,137.2472057796661,137.9086041209842,6156600
2024-06-20,139.628173828125,139.91162814268597,137.01096824377896,137.25663537770498,8749700
2024-06-21,140.54469299316406,140.8564913530482,139.24081156402826,139.73213150236882,15172300
2024-06-24,140.89427185058594,141.46118055383735,139.99667841801053,140.78089587677053,6914700
2024-06-25,139.0707550048828,140.9698748430839,138.8345454242419,140.9509740398478,5912500
2024-06-26,138.72116088867188,139.07074643300473,137.7385210202028,138.13535136116954,5267800
2024-06-27,137.75741577148438,139.23136109235938,136.85036473405285,138.70225399431064,5739200
2024-06-28,138.09756469726562,138.9573709811613,137.61568795369726,137.98417430149715,10495700
2024-07-01,138.36212158203125,140.49745092863293,137.58734726353785,138.0125360279779,5144400
2024-07-02,137.9747314453125,139.0329456944789,137.70073469047043,138.35266098656112,5492000
2024-07-03,137.6535186767578,138.56055553225016,136.7559250157905,138.13538110516996,3246200
2024-07-05,138.39993286132812,138.4660784733863,136.5291567570822,137.72910563180181,4888500
2024-07-08,137.455078125,139.09910203223689,137.2377693428599,138.32432767064935,5260200
2024-07-09,138.9384765625,139.01406535745593,137.1716191167181,137.634595079415,5890400
2024-07-10,141.1871795654297,141.2249811708162,138.58887425300588,139.13688219440405,6093200
2024-07-11,141.44229125976562,142.27375358095603,140.4407649640163,141.32891527672635,6350400
2024-07-12,141.61236572265625,142.55720400067327,141.0076698014089,141.72574170255015,5336400
2024-07-15,141.00767517089844,141.9619566778824,140.65807519109975,141.80133589455374,6711400
2024-07-16,142.68002319335938,142.74616879303215,140.9320810290337,141.43284416308643,6469600
2024-07-17,147.94276428222656,148.80257048803227,143.06739580252412,143.19022937966395,13801400
2024-07-18,146.84678649902344,148.4057785528162,146.09091287449576,147.01686491266003,10166200
2024-07-19,146.15704345703125,147.8766417193638,145.61847868916126,147.8766417193638,7398000
2024-07-22,145.7318572998047,146.55386196626014,145.11770378524147,146.23262042041404,6840600
2024-07-23,143.94610595703125,145.03266412336833,143.20913331224688,144.85314255811042,6261900
2024-07-24,147.65933227539062,147.78216587110714,143.92722377511504,144.3334973346563,7168200
2024-07-25,150.833984375,151.72213467631306,147.3947735684204,147.84829191184622,10019600
2024-07-26,151.77882385253906,152.6669741607888,150.67336477219257,150.9379183426812,8356900
2024-07-29,149.8135528564453,151.1741222635513,149.33169053188183,151.14577826899392,5625000
2024-07-30,152.43077087402344,152.63863646185206,149.62459985542606,149.79466383614644,6545700
2024-07-31,149.14273071289062,151.5048264516625,149.03879792370114,151.03240730390812,8293200
2024-08-01,151.89218139648438,151.9394261891411,149.01043646654801,149.73795148853299,7213400
2024-08-02,155.08575439453125,155.75659591551775,152.11896277790655,152.96931146138263,11280400
2024-08-05,152.35519409179688,156.63531094919458,151.72215408515618,154.75507731722712,12032200
2024-08-06,150.20094299316406,152.57248189320478,150.17259899804276,152.16620835174064,7607100
2024-08-07,150.1348114013672,151.7599345530308,149.46398423145442,150.10646740360127,5993000
2024-08-08,151.38198852539062,151.83550685746494,149.31279041073788,149.82301114927333,5094800
2024-08-09,151.75990295410156,152.05280048142293,150.5505112442728,151.28748386691575,4579200
2024-08-12,151.0607452392578,152.7803433712122,149.9552862079112,152.09061547994557,7605400
2024-08-13,149.6529541015625,151.52373010305578,147.81052209879712,151.42925491299263,9711400
2024-08-14,149.7379608154297,150.74894465632747,148.717533782247,149.12382172389806,5141200
2024-08-15,150.3143310546875,150.70171824193116,149.133283106083,149.63404628292417,7237800
2024-08-16,150.59779357910156,151.11745758797085,149.4545327595891,150.3615839766237,5012800
2024-08-19,150.82456970214844,151.44815213586614,150.3521504667645,150.6639488921688,4408400
2024-08-20,151.32530212402344,152.05281721806585,150.8623261774699,151.17412453938294,7275100
2024-08-21,152.52523803710938,152.57248283496588,151.46702376714705,151.55205575303586,5019400
2024-08-22,153.3944854736328,153.52676224317017,151.92052579110512,153.0637863412461,6552100
2024-08-23,155.07630920410156,155.16134118793613,152.78034472095356,153.5362182171324,7093400
2024-08-26,155.52984619140625,156.5691741754597,154.51886220536431,155.11411499778487,6870600
2024-08-27,155.12998962402344,156.16767679035647,154.3779082949286,155.65359790454076,4388700
2024-08-28,156.05343627929688,157.0816085511774,154.90151261810382,155.17758905358738,5187000
2024-08-29,156.3485565185547,156.8150465236416,155.52031268801767,156.7293691328652,7390100
2024-08-30,157.90032958984375,158.01456610547956,155.9487067974793,156.2438274805486,7971000
2024-09-03,159.13796997070312,159.75677056243413,156.86266701085947,157.31011280236373,6956500
2024-09-04,159.32835388183594,160.7468536525992,158.0716940269558,159.7567553681756,6939100
2024-09-05,157.0720977783203,159.3378711614934,156.91977272817795,159.1760312431608,4600400
2024-09-06,156.49136352539062,157.9764963748187,156.24383169947552,157.25295968554767,6016900
2024-09-09,158.61436462402344,159.3759754234172,156.57706408839283,156.92930309092387,7538200
2024-09-10,159.34738159179688,160.37555376811744,158.74761085731456,159.46161810254986,6559600
2024-09-11,156.91024780273438,158.78569357215355,156.2152702534485,158.78569357215355,5920200
2024-09-12,156.73886108398438,157.1767918947826,154.90148951556947,156.31997453274616,4540900
2024-09-13,157.57664489746094,157.79560305448646,155.95823136117943,156.8340785157963,3693400
2024-09-16,158.97610473632812,159.22362202832144,157.8241666098078,158.3763339779608,5187800
2024-09-17,159.0522918701172,159.67109245912297,157.96698670072425,158.2621219551219,5066500
2024-09-18,158.1764373779297,160.2708707566812,157.78612436326972,158.63341258412171,4722800
2024-09-19,156.91024780273438,158.38585123604526,156.5294352017869,158.25257045734247,4956100
2024-09-20,156.28192138671875,156.95784016286686,155.70119486804106,156.4152021683899,11839000
2024-09-23,155.38702392578125,156.60559517597153,154.91101907722205,156.51038839565365,4671600
2024-09-24,154.96815490722656,155.6440882604939,153.79718691441477,154.97766977573121,6041600
2024-09-25,152.89276123046875,155.48222873594005,152.66427367651013,155.1775786639952,5420000
2024-09-26,153.64486694335938,153.78766260823832,152.3406181157407,152.550061441908,6122000
2024-09-27,153.65435791015625,155.58693641565057,153.59723965308982,154.2255695338506,7553800
2024-09-30,154.28269958496094,154.39693610782652,152.968921465942,153.81622409891565,6010000
2024-10-01,154.216064453125,154.93958663273983,153.44492435424627,154.63493654036563,4408000
2024-10-02,153.43539428710938,154.33980055366712,152.94034519929846,153.75907408330656,4684400
2024-10-03,152.7975616455078,153.69245311583617,152.53100008326308,153.06412320775254,4791200
2024-10-04,152.59762573242188,152.79755415756563,151.16009634029794,151.96931038164493,5331100
2024-10-07,151.87411499023438,153.14028970704277,151.57899429054896,152.55956317567225,4266000
2024-10-08,152.0264129638672,152.55953600726352,151.3219206413715,151.83601395215612,4766300
2024-10-09,152.94036865234375,153.48302121140156,151.85507806074483,152.24540556534606,6047200
2024-10-10,152.80709838867188,153.64487171938316,152.32157858647386,153.6163125855196,4793900
2024-10-11,153.7115020751953,154.85391088065782,153.46397024089242,154.39693573725992,5253500
2024-10-14,153.8447723388672,154.35885118188656,153.178353931951,153.6543587788825,5964000
2024-10-15,156.2248077392578,158.74762779770026,151.3695521429346,152.32156190483983,10548000
2024-10-16,156.39614868164062,157.07208194443615,154.834853391361,156.1295871340208,5982100
2024-10-17,156.57704162597656,157.08160562130556,155.7773569382682,156.37711319079165,4798000
2024-10-18,157.1958465576172,157.35768647325938,156.06295262160583,156.97688838075024,5908000
2024-10-21,155.01576232910156,157.31962437402933,154.52071315018208,157.1768287101666,6082700
2024-10-22,155.60598754882812,155.87254911125356,154.13036956121294,154.53022643136677,5680300
2024-10-23,157.90032958984375,158.03361036692394,154.62541389414218,155.0062264904535,7441600
2024-10-24,155.81544494628906,157.56713952254262,155.50127996361581,157.08161974560232,5386300
2024-10-25,153.15933227539062,156.0534355057139,152.90228557706573,155.82494793759003,6400400
2024-10-28,153.8447723388672,154.19701127711167,153.27356071194336,153.39732662063037,4842500
2024-10-29,152.4072265625,154.38740844498867,152.37866743415043,153.71148970536208,5216900
2024-10-30,152.9022979736328,153.540142810695,151.39812071285994,151.7979630946071,5820500
2024-10-31,152.1882781982422,153.14980280976587,151.8074801113953,152.31204411339957,8613900
2024-11-01,152.44534301757812,153.33070521167198,152.2073405533786,152.87374454783378,5256400
2024-11-04,150.6460418701172,152.58813554636393,150.48420194097307,152.03596809759836,4644000
2024-11-05,150.750732421875,150.97920543868358,148.84671314039386,150.103358312384,6547100
2024-11-06,150.30331420898438,153.13078452105938,149.79875016926215,152.22636357578656,8926600
2024-11-07,149.20849609375,151.13156001139856,148.99905276972308,150.86499842200377,7522800
2024-11-08,148.0089569091797,149.54169318685553,147.9518386484552,149.46553066371757,8926100
2024-11-11,147.59959411621094,150.01770716134166,147.4758427193067,148.15176154756742,7146800
2024-11-12,145.3147735595703,147.5995912417409,145.05772684920825,147.1140714790717,7181400
2024-11-13,145.885986328125,146.1430185138817,144.15332152715754,145.18149384973438,7161900
2024-11-14,144.5817108154297,146.21916868788168,143.52497945037655,145.82884121824145,7716400
2024-11-15,146.6094970703125,147.01885427771643,143.65826112387532,143.65826112387532,11328500
2024-11-18,147.342529296875,147.87565234659735,145.01962355750157,145.26714082301166,7510600
2024-11-19,145.65748596191406,146.59998080650726,144.75307964065624,146.5618922831719,8233700
2024-11-20,145.76220703125,145.89548780936272,144.52459150505186,145.6860445113977,9061300
2024-11-21,148.03750610351562,148.570629203183,145.47659772513524,146.2477232461909,10141100
2024-11-22,147.72335815429688,149.57977434933565,146.71423009578947,148.4183212372567,8266000
2024-11-25,148.30409240722656,149.50361958169478,147.69480668783544,147.72336582104774,12256200
2024-11-26,148.28489685058594,148.98543618637723,146.97977424738485,148.89907133191147,5683500
2024-11-27,149.12936401367188,150.30974215604897,148.36165696431638,148.39044524651356,4140400
2024-11-29,148.755126953125,149.38849855512373,147.94902562862254,148.63997380478918,5687800
2024-12-02,148.5535888671875,148.7455156361678,147.7186847253588,148.50560351417397,6946500
2024-12-03,146.21205139160156,148.55359616010614,146.1640660362323,148.55359616010614,8674400
2024-12-04,144.39833068847656,145.4443441820041,143.70738250266044,145.18523495155404,10333100
2024-12-05,143.48666381835938,144.31196220610045,142.93965708369436,143.94729104965708,7898100
2024-12-06,143.28512573242188,143.9952709461681,142.392659590446,143.36189937523835,8389600
2024-12-09,143.5634307861328,144.8013709886229,142.4502349394584,143.26592743161854,8410300
2024-12-10,143.20834350585938,144.74378698400625,142.34466570132315,143.8800945363958,9398700
2024-12-11,140.72286987304688,142.50781685165936,140.46376065143724,142.50781685165936,13446700
2024-12-12,140.33900451660156,141.80726557741076,140.11827481449086,141.2602588935812,6176300
2024-12-13,140.70367431640625,141.00116304219972,139.1874277575494,139.78241985221203,8324900
2024-12-16,138.0454559326172,141.30825529093318,137.7287701398216,140.80923392261204,8732400
2024-12-17,140.50213623046875,140.74204834835027,137.9110882859631,138.03583262997142,10343000
2024-12-18,138.90911865234375,140.81882441516754,138.83234501612696,139.80158471760046,9336100
2024-12-19,137.78634643554688,139.36016953886508,137.58481378850914,138.32374730354692,9516700
2024-12-20,138.64041137695312,139.60005981749794,136.98981488777022,137.27771234854828,17702800
2024-12-23,139.4081573486328,139.465733922206,137.66158985384234,138.79398282539262,8720800
2024-12-24,139.96473693847656,139.96473693847656,138.50606714596822,139.1490298716546,3164100
2024-12-26,139.70562744140625,140.46374329746843,139.2353944148147,139.6384450191473,4656300
2024-12-27,139.19703674316406,140.68449504863244,138.84195679268808,139.0242923753235,5588300
2024-12-30,137.55601501464844,139.03388193204813,137.1817526784633,138.99548779121798,6268700
2024-12-31,138.78436279296875,138.83234814707063,137.52722558809984,137.95906448886848,5811400
2025-01-02,138.20860290527344,139.88798804559505,137.97828195737898,139.36976957360164,6051300
2025-01-03,138.37171936035156,138.73639047561466,137.82471268745692,138.25656622629964,5878800
2025-01-06,137.8631134033203,138.9763092291661,137.1625594228921,137.71915733581497,7910500
2025-01-07,140.3293914794922,141.24105459615257,137.79592010781911,137.9590585903311,8422000
2025-01-08,136.52920532226562,139.71523094085825,135.7326952568487,139.61927487028785,11175600
2025-01-10,136.32766723632812,137.87270194863527,135.00334758490075,135.31044214184166,8821500
2025-01-13,138.64041137695312,139.21620629850926,136.5675672310388,137.21052992903506,10376400
2025-01-14,138.90911865234375,138.9666952187379,137.0953835955594,138.66920653031897,8681700
2025-01-15,139.12025451660156,140.15667673050484,138.43889758820282,139.4465315164206,7434600
2025-01-16,141.80726623535156,142.09516372064633,138.24696377479086,138.4964817621477,8964000
2025-01-17,141.0971221923828,142.39265356509358,140.69407156695766,141.49058160401492,10773100
2025-01-21,142.17193603515625,142.8532929927474,141.11633134761914,141.60574686831652,11111700
2025-01-22,139.4081573486328,139.6000841415687,136.37566423378877,138.18939951672274,16834700
2025-01-23,140.72286987304688,141.94162769298416,138.96671118093818,139.57129448366877,10506400
2025-01-24,140.8956298828125,141.6729429908931,140.47338210976199,140.88602402419406,9887300
2025-01-27,146.72064208984375,147.25804284655527,142.02796203796103,142.45980088581334,15152300
2025-01-28,144.31195068359375,146.7974368629274,144.2351770439948,146.49994816140304,10320600
2025-01-29,145.05087280273438,145.7514267888298,143.94728282497286,144.4271071010561,7156400
2025-01-30,146.70147705078125,147.9202348749573,145.25241293377397,145.78022259330496,8911000
2025-01-31,146.010498046875,146.99893472637385,145.92413320530463,146.46153396583924,8457800
2025-02-03,145.7418212890625,146.31761627900403,144.69580787897442,145.86658028693398,6687500
2025-02-04,147.2964324951172,147.95857756534716,144.8589174531963,145.25237679632815,9645000
2025-02-05,148.4480438232422,148.48642332417165,147.12372407350506,147.61315422957773,8947000
2025-02-06,147.31565856933594,148.59199302736056,147.19091420248404,148.5440076663823,7418100
2025-02-07,146.9413604736328,148.25608875817147,146.63428059553448,147.33481983773098,6204900
2025-02-10,148.01617431640625,148.14091865097276,146.14484822411143,147.41159113932193,6936200
2025-02-11,149.82994079589844,150.07944416071115,147.72830801631162,147.89144652135172,7554500
2025-02-12,148.99502563476562,149.3788938329671,148.04498296075036,149.00463149164224,7746000
2025-02-13,150.90472412109375,151.74921947286504,148.5439824073121,148.99501836627414,10704700
2025-02-14,149.84912109375,151.11586425803483,149.76275623520567,150.94311989787084,6411800
2025-02-18,149.926513671875,150.37147730007334,148.23368581442097,149.10427709413946,9670700
2025-02-19,152.73175048828125,153.12835937587795,149.69433453307806,149.93616706059515,7974700
2025-02-20,154.46328735351562,154.72447065409662,151.82247990187116,151.82247990187116,7224000
2025-02-21,156.99769592285156,158.16815721035397,154.0763545578589,154.65675858755915,12546900
2025-02-24,158.39065551757812,159.48372862905183,156.7558650843274,157.3652730858589,10201900
2025-02-25,160.66384887695312,160.9927375605223,158.58409511641713,158.73887147113874,12303700
2025-02-26,157.752197265625,159.73522695770862,157.24918147186014,159.68685749979707,11396400
2025-02-27,158.38096618652344,158.59378000687653,156.44630582715857,157.00735910260886,8364600
2025-02-28,159.6288299560547,160.5187719477418,157.38461686027114,158.9420190357954,12037200
2025-03-03,161.81497192382812,161.86334137908483,159.45468420604095,159.57077385071412,9191500
2025-03-04,160.01576232910156,164.43646849479492,159.91903816381347,162.58886424242598,11999700
2025-03-05,159.72555541992188,161.02178908560785,158.1875039682792,159.13548341667513,8744800
2025-03-06,160.412353515625,160.4510402254034,158.16814058104055,159.60946775507725,8037900
2025-03-07,161.2442626953125,162.9564411685286,159.31927041140122,159.73523004513686,9637600
2025-03-10,162.2212677001953,164.34939113713583,161.59250898937893,162.00845388047253,17559000
2025-03-11,160.44137573242188,161.8343334793595,159.65784068984107,161.73759456237744,9890300
2025-03-12,157.52972412109375,158.84529374297648,156.92996937857492,158.3809646338741,8010700
2025-03-13,157.66514587402344,159.16449579270065,157.34592515447991,158.09075873979484,5286700
2025-03-14,157.49102783203125,157.8199165582549,155.83690145230864,156.82356763097957,6235800
2025-03-17,157.52003479003906,158.15847621815908,156.44629775557772,157.10408991917342,6669800
2025-03-18,158.88397216796875,159.4740441314241,157.6457907955192,158.10043713262183,7348800
2025-03-19,157.66514587402344,158.9903834512878,156.91062954066115,158.61312528460667,5936400
2025-03-20,157.69418334960938,157.86829571172657,156.63978214684212,157.67483261150022,7485900
2025-03-21,158.28424072265625,158.76790580851875,157.17180216900024,157.67481799117763,17047100
2025-03-24,157.95533752441406,159.0194066192989,157.19115318193283,157.52004189842918,8046400
2025-03-25,155.75950622558594,158.8259410562263,155.31452785823248,158.17783162138625,7456200
2025-03-26,156.4366455078125,157.1814939155619,155.39192709130742,155.94331240569394,7223500
2025-03-27,157.8005828857422,158.7098756505802,156.04971755613565,157.04606649795912,6752500
2025-03-28,158.36163330078125,159.14516839996884,157.58776618987577,158.24554363995858,5760300
2025-03-31,160.4220428466797,161.1862419991235,158.86464057581392,159.0000662184854,12481400
2025-04-01,148.2433319091797,156.52367487309735,148.1272570251033,155.47895663555371,23303100
2025-04-02,150.28439331054688,150.70033813646018,148.43678941988426,148.97849187236895,10356900
2025-04-03,154.5987091064453,155.40158012864245,152.3351453749852,153.56365877809012,13249300
2025-04-04,148.2336883544922,154.59872297882245,147.93380358739154,153.96028149060214,16601700
2025-04-07,145.6992645263672,147.7209957862234,142.58446021857634,146.3377059768481,18083000
2025-04-08,145.09951782226562,148.57222940634315,143.1648575846354,148.57222940634315,12018400
2025-04-09,146.03785705566406,148.185331509602,136.8772379034907,137.55436616367632,18773700
2025-04-10,143.8323211669922,146.26031450956327,140.38862822332476,145.45742872051707,13830500
2025-04-11,146.77301025390625,147.37276502773585,143.34866776715546,144.45142362834176,9943900
2025-04-14,149.31707763671875,149.61694761171685,146.2312921979952,146.63756907640746,10685300
2025-04-15,148.6012725830078,151.19372540339688,147.13094118785625,150.61332133248166,10847700
2025-04-16,148.8817901611328,150.54559923607638,147.26635054679667,150.29408394503258,7986900
2025-04-17,152.32546997070312,154.23111142279075,149.12360974458923,149.12360974458923,10981100
2025-04-21,151.79344177246094,153.06064187730914,150.410166775653,152.79947337039977,6285400
2025-04-22,152.59634399414062,153.53465549936504,151.15501663573795,152.4028808999299,7136300
2025-04-23,150.3037567138672,151.9675656783417,149.28805714969707,151.377493722798,9099400
2025-04-24,149.8684539794922,150.80676541160602,148.42714149368047,150.7100412521811,8310400
2025-04-25,149.52989196777344,149.83942993133576,147.4694740854792,149.27839144986115,8643600
2025-04-28,150.27474975585938,150.71971337404963,148.7947357574537,150.41984337911984,5815200
2025-04-29,150.81643676757812,151.89017375000978,149.2493519962841,150.37145843491794,5246700
2025-04-30,151.203369140625,153.03162248239505,149.95551977667787,153.03162248239505,9598200
2025-05-01,149.413818359375,150.02322630421926,148.3497493123669,149.9361701349967,7325800
2025-05-02,151.0195770263672,151.59998101560734,149.97485870190687,150.97122232750266,5974500
2025-05-05,149.93617248535156,151.66768695049498,149.67498921330326,151.5516120563787,5464100
2025-05-06,149.42349243164062,150.80676748879304,148.66897608041438,149.76206389500825,8644200
2025-05-07,152.16102600097656,152.7801166677254,149.4524987988433,149.68466333398126,7853100
2025-05-08,150.5746307373047,151.89986846073558,149.72337539129975,150.7294071202671,7606100
2025-05-09,149.18167114257812,150.96155524587235,148.78506220078125,150.34246448123574,6520400
2025-05-12,149.10427856445312,150.28442260611004,146.24097463708367,147.05354323449288,9023800
2025-05-13,143.5904998779297,146.74399107394777,143.24226040914402,146.74399107394777,10549600
2025-05-14,141.5784454345703,143.95808416684352,141.34628087815992,143.81297578397934,10216000
2025-05-15,144.72225952148438,144.7609462316723,142.51674803361635,143.16485744133942,7945800
2025-05-16,146.38607788085938,146.55052224019147,144.34501061106303,144.78030623991705,8051200
2025-05-19,147.50819396972656,147.67263833969156,146.1152360590958,146.92778992020104,12639900
2025-05-20,148.6399688720703,149.0075443278848,147.15027203018252,147.3534178759993,7351500
2025-05-21,148.17562866210938,149.3847913771101,148.00151631608705,148.1853114104131,7032200
2025-05-22,147.624267578125,148.3110785386846,146.42477277444843,147.66295429295226,7535300
2025-05-23,147.94346618652344,148.46581794010436,147.23731935437036,148.00150363022289,6727300
2025-05-27,149.51422119140625,150.2849567928587,148.22639171638167,148.80202058666853,6990700
2025-05-28,148.71420288085938,149.894713230394,148.22639139353228,149.5434883640455,8459300
2025-05-29,149.83616638183594,150.2849445780566,147.86540396060985,148.05077469302344,6810600
2025-05-30,151.4264678955078,151.91427944548946,149.4849725673231,150.14838912962114,15529700
2025-06-02,151.61180114746094,151.74838776559352,148.58737892114664,150.7142298159004,6669300
2025-06-03,150.6557159423828,151.86549393461368,150.32400766424476,151.02645748078825,8209800
2025-06-04,149.48495483398438,151.1532618003879,149.39715233824217,151.1532618003879,6983900
2025-06-05,149.91424560546875,150.33375638296016,148.91910589847913,149.9337473484962,5295400
2025-06-06,151.25082397460938,152.22644691962358,150.2459335321907,150.2459335321907,5391500
2025-06-09,151.44595336914062,152.1874363730245,150.6849686238681,151.0752267540242,5319000
2025-06-10,152.63623046875,153.60210269353445,151.24109658644394,151.64109074201698,6791600
2025-06-11,151.4752197265625,152.7825658442017,150.95814073397457,152.48987597049666,6016000
2025-06-12,152.84109497070312,152.86059671119577,151.38741141546242,152.43133511798572,7075500
2025-06-13,153.2703857421875,153.82648313457608,152.16792694173967,152.16792694173967,6587500
2025-06-16,151.4362030029297,152.68499924993841,150.68496912584888,152.6069476236472,7024000
2025-06-17,148.66543579101562,151.49473650368915,148.3922625451089,151.19229575906564,6407100
2025-06-18,147.0556640625,148.92885860728995,147.03616231923195,148.8508218605639,8325200
2025-06-20,146.1385498046875,147.70930329241878,145.4068326188529,147.5727166798693,22605500
2025-06-23,147.63125610351562,147.7385603251535,146.0897702214493,146.0897702214493,7397900
2025-06-24,148.4800567626953,148.99713572696209,147.29954646191248,147.80687455609248,9544200
2025-06-25,148.56787109375,149.33862160994235,147.0556524476084,147.68981633757784,7153700
2025-06-26,148.304443359375,149.4849537116276,147.83614849877387,148.97762559532833,7156900
2025-06-27,148.69471740722656,149.59228885568456,147.3288361611869,148.30445924257518,10010800
2025-06-30,149.0264129638672,149.24105121440112,147.82640084448238,148.4507989678105,9039300
2025-07-01,152.119140625,153.90453255131712,149.08495241472764,149.27032317180044,10896700
2025-07-02,151.76791381835938,152.4898802086541,151.28986806861928,152.1971903268143,5544000
2025-07-03,152.20693969726562,152.47036207700722,151.10449582432045,151.64107656777378,3482500
2025-07-07,151.4849853515625,152.53865996388424,151.11424385273855,152.2167025917727,6270900
2025-07-08,151.9923095703125,152.9386651269875,150.45083823994491,150.71424574694203,6438200
2025-07-09,152.47036743164062,152.8703764506989,151.28987189039452,151.99230678299833,6147400
2025-07-10,153.8459930419922,155.3582116672941,152.0215827982655,152.29475604694676,6732900
2025-07-11,153.0752410888672,153.34841433496518,151.39716835607928,153.2606118387534,7872000
2025-07-14,152.9971923828125,153.63134132161767,151.7288796183779,153.04596161900963,10185600
2025-07-15,151.38743591308594,153.358198759963,151.02646012683638,152.54842979373714,6873200
2025-07-16,160.7631378173828,162.07046891059173,155.90454001784863,156.39235146040332,22134800
2025-07-17,159.00701904296875,160.68509165325082,158.34360260425572,159.2021406492476,11295700
2025-07-18,159.70947265625,161.0753537073861,159.37776442874932,159.93386176463872,9792600
2025-07-21,160.35340881347656,160.89975535225892,158.81192257229682,159.77779477346135,8254000
2025-07-22,163.83636474609375,163.96320050104055,160.69487235317746,160.97779647556757,9288000
2025-07-23,164.9778594970703,164.9973612390574,162.52903617653143,164.49004798452643,10617600
2025-07-24,165.42662048339844,165.84614608154214,164.7632040412681,165.3680854898957,6636900
2025-07-25,164.1973419189453,165.73882793309863,163.35830560457893,165.61199218855185,6254900
2025-07-28,162.16806030273438,163.84613309560726,161.0265831506335,163.76808146723806,8014600
2025-07-29,164.01197814941406,164.66564375316304,162.31438882166105,162.60707869014607,7663400
2025-07-30,163.18270874023438,164.49980583471338,162.7144138366353,163.61198527137796,6189200
2025-07-31,160.72413635253906,162.99733970029322,160.2265591012451,161.88511520296575,11036200
2025-08-01,163.25100708007812,163.53393121495887,160.77291619133743,161.44609847911997,8927800
2025-08-04,166.87054443359375,167.01689680960575,162.57780936675738,162.9583017254687,12679100
2025-08-05,166.577880859375,167.3778839997418,165.51444044678632,166.38274434466635,7934400
2025-08-06,166.4315185546875,167.9827555011224,165.54369808088197,165.76810208205814,8957200
2025-08-07,167.34861755371094,167.43642005378715,165.77786387610124,166.99739266658,9315900
2025-08-08,169.104736328125,169.71938358173364,166.23640232705208,166.8510495806607,7686800
2025-08-11,169.58279418945312,170.34377892586957,168.83156032361754,169.17301943585167,7256800
2025-08-12,168.56814575195312,170.49987518097336,167.6217902229204,169.75840703822468,7916700
2025-08-13,170.1681671142578,170.28523711407902,168.49009431163208,168.78278419801117,5878700
2025-08-14,170.46083068847656,171.43645356792672,168.50958492957625,170.0608217350643,8241700
2025-08-15,172.33404541015625,172.94869266139256,170.69500592262676,171.2901365456328,9477600
2025-08-18,171.95355224609375,173.24138174050665,171.80721475210385,172.19745799396054,9284000
2025-08-19,173.4657745361328,173.8365011577051,171.69013350835883,171.74866850719522,9274200
2025-08-20,174.48040771484375,176.20726453345222,173.6608879960152,174.14869947915005,9030000
2025-08-21,174.5682373046875,175.69021282214086,173.8170182225729,174.19751064300345,8859600
2025-08-22,174.91944885253906,176.74387406623362,173.14382265519245,175.6511661348864,9524000
2025-08-25,174.0609130859375,175.86580680839708,173.94382819611357,175.14385527414382,6229100
2025-08-26,173.45156860351562,174.1100321410985,172.7439628624515,173.70708706708515,9145000
2025-08-27,173.7464141845703,174.63092897274024,173.12727032855804,173.92332314064308,5951100
2025-08-28,172.4294891357422,173.4515931267191,171.62361386987305,173.33364882246966,6424700
2025-08-29,174.11985778808594,174.35573137148032,172.4294679306645,172.94051986330464,6942300
2025-09-02,174.99453735351562,176.1149106462827,173.84468173694643,174.4146983239466,9049000
2025-09-03,174.93557739257812,175.22057819566584,173.4908835031877,174.6112568259705,7111700
2025-09-04,175.68247985839844,175.82006903219516,174.49331949831873,174.9355693429442,7854800
2025-09-05,175.35816955566406,176.41957824245722,173.5203679848044,174.93557956719528,9733800
2025-09-08,175.06333923339844,176.36060646744886,173.65795015074036,174.30659126581332,8382500
2025-09-09,173.91348266601562,175.02401851272893,173.4122531725237,174.9355715419111,6005700
2025-09-10,172.7636260986328,173.56951633226447,171.3287695795717,173.26485563285135,6891600
2025-09-11,175.42698669433594,175.77096717648928,172.60640072662915,172.72433003658006,5792500
2025-09-12,174.99453735351562,175.72180299819078,173.6776102367026,174.65057191045906,7220200
2025-09-15,174.3459014892578,175.90853967831688,173.8839917409838,174.69970438163585,4768100
2025-09-16,173.42210388183594,174.5621221393924,172.6260360952719,174.51299492702006,7959300
2025-09-17,174.14935302734375,175.43679789881932,173.5498540800044,173.66779837849663,6714900
2025-09-18,171.16168212890625,173.972445249394,170.876666342636,173.559677727712,8200900
2025-09-19,173.15673828125,174.1100400871322,170.34597506932738,171.6825620861038,25621000
2025-09-22,171.21083068847656,173.5989889374499,171.12236871932896,173.0584546641959,7193900
2025-09-23,173.54002380371094,173.92330901529326,171.82015157295257,171.87911622148897,8350400
2025-09-24,173.64813232421875,173.9036508023601,172.71449038921074,173.1075980472891,6676800
2025-09-25,174.6702117919922,175.32867533153635,172.88155254948768,174.14933742494836,8475000
2025-09-26,176.61614990234375,176.81270373725064,174.26729633437998,175.52525887309972,8634400
2025-09-29,178.49327087402344,178.7389669367819,176.7046113351125,176.7340936629557,8597100
2025-09-30,182.22784423828125,182.78803842940496,177.95274197359174,178.57188582113764,11569000
2025-10-01,182.84698486328125,183.34819935584886,180.7438274884457,182.79784265904632,13063800
2025-10-02,182.7781982421875,183.3776971939459,180.92073673527972,181.019021152065,7728100
2025-10-03,185.3924102783203,186.51278366279104,183.69219781682014,183.83960944789652,8675100
2025-10-06,184.92066955566406,186.6503642638064,184.14426167812178,184.7634204923522,5806100
2025-10-07,185.6381072998047,185.9722503293924,179.7905442976322,180.60625698475295,8776800
2025-10-08,186.42433166503906,186.9452060756144,185.0287799427337,185.61844144726052,5751200
2025-10-09,187.7904052734375,188.7928493485398,186.46364061532867,186.72899654616978,7484800
2025-10-10,187.43658447265625,188.76334900411925,186.5815671056796,188.704369361487,9598000
2025-10-13,187.61349487304688,188.0066175446105,186.0213892924798,186.56192359331942,7979500
2025-10-14,187.56436157226562,191.05323331805099,182.6799231328508,189.59871697072126,13613300
2025-10-15,187.87884521484375,190.23753618579482,186.04104364273672,188.18350590368544,9473000
2025-10-16,188.8125,189.72649712476021,187.1515922648453,188.04592950625124,10611800
2025-10-17,189.89356994628906,190.26703275209798,188.3800738356614,189.18596410164966,7764400
2025-10-20,190.3849334716797,191.13184397504045,189.01886419821113,190.16871977405776,8034700
2025-10-21,188.57662963867188,190.21787738824742,188.46852278110242,189.68716554341688,6716000
2025-10-22,189.6183624267578,190.11957690799136,188.47832929710643,188.6945429939746,6343100
2025-10-23,189.15647888183594,190.66013752967604,188.2424817647799,189.244925862039,8882500
2025-10-24,187.12208557128906,188.99920679061546,186.15896135770447,188.89109994038998,6903400
2025-10-27,187.02383422851562,187.5152263231801,186.2670862038253,186.7191735291991,7126000
2025-10-28,183.7118377685547,186.2474227276328,183.40717707511635,186.00172668504106,8329500
2025-10-29,183.3875274658203,183.87891953834813,181.48092382503702,183.4857968826683,10551100
2025-10-30,185.7953338623047,186.1196544091771,183.69217652484616,183.85924801939953,7072500
2025-10-31,185.61843872070312,186.23759753765293,183.54476355197036,184.23272445795735,8791700
2025-11-03,183.05337524414062,185.77569161087956,182.32612455131903,185.7462092852839,7542600
2025-11-04,183.64305114746094,184.58653055172488,182.4243933744734,183.6135688219617,7209400
2025-11-05,182.79783630371094,184.59633294429494,182.20815986558364,183.4268175062025,5049400
2025-11-06,183.75115966796875,184.29169396716964,182.17869897867467,183.5447683915115,6767400
2025-11-07,183.35804748535156,185.10740208622806,182.50301507087647,184.50790315023582,6959200
2025-11-10,185.16636657714844,185.1761890201216,181.93299830354297,182.79785316025624,5323800
2025-11-11,190.4930419921875,190.58148896123765,185.7953352409857,186.1294782325719,7465600
2025-11-12,191.04339599609375,192.18342912368828,189.74612881332007,190.03112959717126,8803000
2025-11-13,191.88861083984375,192.62569897367158,190.11959631943768,190.86652189255162,8631600
2025-11-14,192.55690002441406,193.78538026750178,190.2178838389208,191.64291792168322,8824800
2025-11-17,196.14405822753906,196.8320041184873,192.5274048355465,193.56916860880608,13257000
2025-11-18,196.55682373046875,196.85166196528357,195.11212987636216,195.5838620544085,12468600
2025-11-19,199.02362060546875,199.97692246795802,195.94751629294967,196.55683769104098,14690800
2025-11-20,199.57398986816406,200.98918648523562,198.09981360379683,198.5224036014558,10612600
2025-11-21,200.38967895507812,203.3773511207127,199.49535679003293,200.44865859984768,13189100
2025-11-24,202.502685546875,202.57147264227206,199.50519076522252,200.20297413908787,14803900
2025-11-25,204.40159606933594,205.44007432722765,202.92794482022794,202.92794482022794,10275300
2025-11-26,205.28182983398438,205.52908584700302,203.6796156988426,204.22358194574548,6729000
2025-11-28,204.64886474609375,205.18294621066644,202.38400619964904,204.72798848496785,5638300
2025-12-01,203.08619689941406,205.42029428513683,203.08619689941406,204.23346843115957,8473700
2025-12-02,203.1653289794922,203.3532459732576,200.870800913071,202.98731188517345,8393600
2025-12-03,203.07630920410156,204.7477622566812,202.74004465032948,203.64004506291835,8363300
2025-12-04,200.25758361816406,202.6114656652222,199.49604597225286,202.34442494855622,9049900
2025-12-05,199.713623046875,201.21694385760424,198.6059209186059,200.7521013377821,7785300
2025-12-08,199.4070281982422,201.02902706966685,198.78395329612633,200.4356216823513,7785700
2025-12-09,197.7652587890625,203.28399979452115,197.7158045675227,200.69276157197945,7509400
2025-12-10,204.2730255126953,204.53018143025886,197.98283180120782,198.38833529328133,11599800
2025-12-11,207.70494079589844,208.9214512752855,205.54887555375637,205.61809939160463,9009000
2025-12-12,209.25770568847656,209.94013468251453,206.66646756392336,207.9719714336103,6922700
2025-12-15,211.8192901611328,212.82809897096232,206.71592217177204,208.04122593814026,8467000
2025-12-16,207.00274658203125,212.37314018651233,206.51811934148523,211.65115682105406,9949800
2025-12-17,208.0214385986328,209.1983796799915,206.17196838010346,207.09175353970042,8457600
2025-12-18,206.0236053466797,208.7434215885478,205.47963908004408,207.4972566705998,7499900
2025-12-19,204.10488891601562,206.94339820920948,203.76862436002912,205.2818299532778,24803900
2025-12-22,205.0444793701172,205.79613223753498,203.24444830191146,203.86753830110726,8187800
2025-12-23,203.52137756347656,204.263145636555,201.0488173198817,202.76972468229533,7047300
2025-12-24,205.49942016601562,205.65766763921368,203.31368542129266,203.73895852778904,2376500
2025-12-26,205.35105895996094,205.75654733256223,204.44115868643942,205.25215052295067,2316700
2025-12-29,205.28182983398438,207.17086939536102,205.10381274843945,205.71700283150668,4348900
2025-12-30,204.6389617919922,205.41039931347132,204.25324303125262,205.23236714396373,3937400
2025-12-31,204.67852783203125,205.2224940876339,204.1048920616966,204.6389735094918,4083800
2026-01-02,205.0741424560547,205.11369677781147,201.44441091836137,204.54996091774888,6325500
2026-01-05,202.0675048828125,203.6796189425871,198.70482908872975,203.61038001401067,9477000
2026-01-06,202.542236328125,204.4411758573138,201.87959200016542,202.3543344281176,8107900
2026-01-07,205.21261596679688,205.9741536581461,202.7796100403249,203.00708135778572,7545900
2026-01-08,203.49169921875,206.68624268930276,202.72026166352438,204.6587403592623,6557800
2026-01-09,202.14663696289062,204.43128023925763,201.77080297238516,203.6499578336023,6154300
2026-01-12,207.41812133789062,207.59613841994204,201.6125550953637,203.29389293263304,11794300
2026-01-13,211.3049774169922,212.0368606301377,206.56755896593322,207.6060372129626,11379600
2026-01-14,216.15121459960938,216.45780964823578,211.7994996150229,212.37313538945378,11858800
2026-01-15,217.16001892089844,217.33803600690493,213.5401872590057,215.83471521828713,8492100
2026-01-16,216.260009765625,217.6940916687404,215.74571301652978,216.63582865534352,10021500
2026-01-20,215.81495666503906,216.32923833406923,212.14567059407463,214.70723940497442,14057100
2026-01-21,215.6171417236328,216.2797860692503,208.18957605818176,208.68408811532706,14762900
2026-01-22,216.0918731689453,219.731474480514,215.7061543876507,216.3687986995512,13160000
2026-01-23,217.7237548828125,218.78201786558222,215.44899653785455,217.38749032599776,6950600
2026-01-26,219.05894470214844,219.59301105490832,217.58529341839787,217.79299511138254,6856700
2026-01-27,221.9765625,223.0249255892691,218.27760708174557,219.56334137834915,8154100
2026-01-28,225.22056579589844,226.0612423044947,223.5985669004937,223.91504676014566,9026500
2026-01-29,224.79527282714844,227.47553468029685,224.58758622487807,226.29859362973275,9645300
2026-01-30,224.75572204589844,225.9920021451608,222.8567976243886,225.7546309332309,11045500
2026-02-02,228.21730041503906,228.65247341332187,224.75571622672862,225.8139792081263,8187500
2026-02-03,230.54151916503906,232.61846067897852,227.9502658124434,228.95907459996246,9346600
2026-02-04,231.89646911621094,233.2415424215143,230.3832635341583,232.42065065293195,8641400
2026-02-05,235.18002319335938,236.95038470140014,232.41076791481981,232.4206527224898,10267500
2026-02-06,237.35589599609375,238.29546586018128,235.36794792342116,236.3372023941143,8274000
2026-02-09,236.0207061767578,238.09766278417874,234.43826161002661,237.61303555143124,9378500
2026-02-10,235.73388671875,237.86028237497558,235.26904421116984,237.3459856469766,6723300
2026-02-11,238.21633911132812,238.61194270447737,234.79430917447928,236.7130182930035,6803900
2026-02-12,241.8658447265625,243.64609111049592,237.04928713623855,237.84050942813226,10254300
2026-02-13,240.7779083251953,242.26144443944952,239.9471317231273,241.90539516837612,13268500
2026-02-17,240.6592254638672,241.80649699124882,239.21524370129245,241.450447727279,12703000
2026-02-18,242.30101013183594,242.3801338676713,240.15482973047114,240.5702180251247,8129700
2026-02-19,244.19992065429688,244.24937487280008,241.58889788520008,241.93504723210512,7553900
2026-02-20,239.8284454345703,244.170260376332,237.6426956610537,243.76475689710122,13565800
2026-02-23,243.14166259765625,244.10101710886994,239.93723441623308,240.95592795431625,9622700
2026-02-24,244.87173461914062,245.83618923451164,243.14167872556501,243.94705977412517,7246300
2026-02-25,243.76808166503906,245.83618975331572,242.32637600311875,243.4598567160501,7698200
2026-02-26,242.0778045654297,244.0663682763732,240.6360989093031,243.70842620154187,7172600
2026-02-27,247.00942993164062,247.51652337921405,241.11334590987298,242.63459590951953,16428600
2026-03-02,247.13868713378906,250.27068397455253,245.45834842794568,247.76508953624906,9042400
2026-03-03,245.3390350341797,246.46257832712044,242.96270213047706,245.0506999866165,6178700
2026-03-04,243.8973388671875,245.1600810545075,241.78945104558642,244.34476266176227,5768000
2026-03-05,238.259765625,241.61049061943945,234.58091062648668,241.24261118820294,9375400
2026-03-06,239.0253448486328,239.41311415382512,234.08376296078876,236.75838349957985,7179800
2026-03-09,241.20281982421875,242.6942425341329,238.66739818305737,239.49265390312758,7844000
2026-03-10,242.31643676757812,243.59905368087047,239.44296282285708,240.91449571542952,7214100
2026-03-11,241.6005401611328,242.2965343871637,239.97985597145382,241.4812160284302,6933200
2026-03-12,240.6559600830078,243.00246573676242,238.92591946160707,240.07928999023173,7710200
2026-03-13,240.13894653320312,244.1856656028509,240.11905664901153,242.81356702435843,6415300
2026-03-16,241.7993927001953,243.65869480615754,240.28808012034816,242.52521416415624,7571500
2026-03-17,236.74844360351562,242.7439617349266,235.86353339492615,242.1871663459089,7281800
2026-03-18,235.92318725585938,237.74272479331552,234.07382247775118,236.50980988406457,6811500
2026-03-19,236.24136352539062,237.8918597954365,234.9587314976836,236.97712235314108,7511500
2026-03-20,234.02410888671875,236.92741000247076,233.1590885516746,235.47576703036307,17156600
2026-03-23,234.07382202148438,236.94729584714173,232.9105141237134,236.04249575836326,7313700
2026-03-24,233.9246826171875,234.65050408093313,230.9120099861425,232.8011393317389,9046200
2026-03-25,238.5580291748047,240.07929431329362,234.38204857588565,235.44593740287846,6456400
2026-03-26,237.8719940185547,240.26820173422362,237.5637539025668,238.62764275887116,5171400
2026-03-27,239.07505798339844,241.2923021698431,237.7626138844777,239.8108319839459,7617600
2026-03-30,241.10340881347656,242.8135747917876,239.13471984701397,242.09769065335334,7241300
2026-03-31,243.04225158691406,243.92716180378,241.2624786251546,241.6204206888047,7554200
2026-04-01,242.7240753173828,245.78646517225613,242.34625853888824,244.1956233482748,6314600
2026-04-02,241.65025329589844,245.7964219467219,240.48694535608743,243.70842400047428,6878700
2026-04-06,239.5920867919922,242.12750841875737,239.12477313181626,241.26247293527413,4442400
2026-04-07,237.04673767089844,239.4031807823271,234.66045214638598,239.4031807823271,6241100
2026-04-08,239.9202117919922,239.95003903356442,232.56251704958862,235.28685476163636,8771100
2026-04-09,239.93014526367188,242.80361913705298,239.164544008795,239.92020790715435,6216500
2026-04-10,237.09645080566406,240.87470960567668,236.54959276728223,240.61620179277648,7354500
2026-04-13,236.59930419921875,237.02683809159646,233.83518683278206,236.35073374880298,7663600
2026-04-14,238.72706604003906,240.8051113590548,231.9162296473752,233.66616015209323,10318700
2026-04-15,237.30523681640625,239.0452299768987,235.3962175694789,238.56797895805093,6463500
2026-04-16,233.1988525390625,236.7782731773554,230.79269234336317,236.06238904969683,8668900
2026-04-17,232.84091186523438,234.19313576204675,230.71314935408492,233.01989048398582,8946300
2026-04-20,229.37088012695312,233.91474024714643,228.2175095512339,233.46731645339545,7810500
2026-04-21,224.8667755126953,228.3765890527153,223.41511740932572,228.03853688190875,11681200
2026-04-22,224.80712890625,226.179227521564,222.50038776728556,224.88665810207786,9003400
2026-04-23,229.3311004638672,230.06687448765834,225.73180505581692,225.95054827447007,7097600
2026-04-24,226.19911193847656,228.67487910891896,225.72186091736185,227.72036189515308,6067500
2026-04-27,224.0514678955078,226.60677952616038,223.0671385761741,224.47901697917217,7897800
2026-04-28,226.48745727539062,229.70893595019464,225.0755788606257,226.42780279148377,7179800
2026-04-29,226.0499725341797,227.4021963844683,223.57420539879897,224.2304350257485,7071100
2026-04-30,228.5356903076172,229.83819710946466,226.5073468285346,226.64654568129225,8157200
2026-05-01,225.89088439941406,228.4561332620675,225.72185831412563,227.75018650912293,6863600
2026-05-04,222.91798400878906,225.7715831872257,222.30153412698715,224.22049078306688,8215200
2026-05-05,224.26026916503906,225.23466110768987,223.61397687442042,224.10118043151417,5556700
2026-05-06,223.33558654785156,225.0457525608476,221.67513766216507,223.9619889745702,7982300
2026-05-07,221.23764038085938,223.49466434064516,219.36840089217355,223.49466434064516,7269700
2026-05-08,220.05445861816406,222.09272420205565,219.65673678916983,221.6651903038654,5550600
2026-05-11,220.163818359375,222.003245813697,219.1098820469021,220.05446192273791,6223200
2026-05-12,222.97763061523438,226.34824530446224,220.38255451492364,221.7248410111843,8632500
2026-05-13,229.1024169921875,229.4802489417275,224.15089773666944,224.52872968620946,7464500
2026-05-14,229.48025512695312,230.43475721152035,227.84963349190846,229.67910846360988,6974400
2026-05-15,225.41363525390625,230.81257818629632,225.14517491785094,229.4504169649123,12167000
2026-05-18,227.61099243164062,228.38653103757844,224.5684924896482,225.41363810532903,10141600
2026-05-19,228.684814453125,229.52996005341413,226.73601544578764,227.6308781704825,9677900
2026-05-20,228.0087127685547,230.67338074656544,227.8595613935984,230.36515581180683,7353800
2026-05-21,230.40492248535156,230.5640112181241,226.04997841934332,228.00871482343763,5239000
2026-05-22,233.0,234.15337056198368,231.3892682930641,231.667665991262,5462300
2026-05-26,230.17999267578125,233.24000549316406,229.0800018310547,233.0,6619600
2026-05-27,231.2899932861328,232.88999938964844,229.02000427246094,229.97999572753906,5835500
2026-05-28,230.8000030517578,231.8699951171875,229.72999572753906,230.02999877929688,7193400
2026-05-29,225.3300018310547,231.5,224.58999633789062,231.22999572753906,13897700
2026-06-01,223.50999450683594,224.44000244140625,220.83999633789062,223.1999969482422,8041000
2026-06-02,222.88999938964844,225.5,221.1699981689453,222.5800018310547,5669000
2026-06-03,223.24000549316406,224.92999267578125,222.0,222.4499969482422,6507200
2026-06-04,228.1699981689453,228.6699981689453,225.89999389648438,227.08999633789062,7274800
2026-06-05,232.77000427246094,235.22000122070312,229.0,230.0,8034900
2026-06-08,232.16000366210938,234.9499969482422,230.55999755859375,232.77000427246094,7559800
2026-06-09,237.0,237.7100067138672,230.41000366210938,232.3800048828125,8354500
2026-06-10,238.49000549316406,240.92999267578125,237.0500030517578,238.85000610351562,8350800
2026-06-11,238.3300018310547,241.60000610351562,238.13999938964844,240.0,7399000
2026-06-12,240.8699951171875,240.91000366210938,237.52000427246094,240.0,6459400
2026-06-15,235.66000366210938,239.5,233.5800018310547,239.0,7732000
2026-06-16,235.17999267578125,236.3699951171875,231.02000427246094,236.3699951171875,7718100
2026-06-17,234.1999969482422,235.42999267578125,230.6999969482422,234.02999877929688,8548000
2026-06-18,228.38999938964844,232.75,227.60000610351562,231.77999877929688,18989800
2026-06-22,231.2899932861328,231.4499969482422,227.5,228.9499969482422,8518300
2026-06-23,239.0800018310547,239.8000030517578,234.35000610351562,235.63999938964844,11802000
2026-06-24,241.0,243.0399932861328,238.75,239.88999938964844,8139200
2026-06-25,244.8800048828125,248.19000244140625,240.88999938964844,241.27000427246094,10130400
2026-06-26,254.66000366210938,255.11000061035156,247.8699951171875,248.27000427246094,16316800
2026-06-29,258.510009765625,258.5799865722656,252.02999877929688,253.19000244140625,8608400
2026-06-30,253.97000122070312,259.8999938964844,253.1699981689453,259.0,8469500
2026-07-01,253.97999572753906,254.1999969482422,251.0800018310547,253.25,6516500
2026-07-02,263.0400085449219,263.1000061035156,254.0,255.77999877929688,7998700
2026-07-06,259.3299865722656,261.3800048828125,255.92999267578125,260.2300109863281,6803700
2026-07-07,267.239990234375,269.42999267578125,264.04998779296875,264.8900146484375,9089700
2026-07-08,263.3999938964844,268.6000061035156,263.1300048828125,268.6000061035156,6769400
2026-07-09,259.1000061035156,263.45001220703125,258.1300048828125,260.6300048828125,6426100
2026-07-10,256.9800109863281,261.29998779296875,255.52000427246094,260.19000244140625,6534700
2026-07-13,257.7699890136719,259.5299987792969,256.1499938964844,257.95001220703125,5272200
2026-07-14,253.85000610351562,256.3900146484375,252.13999938964844,255.52999877929688,8770600
2026-07-15,247.02000427246094,256.8299865722656,246.0500030517578,250.08999633789062,10547300
2026-07-16,249.97000122070312,253.5500030517578,246.3000030517578,248.89999389648438,11097600
2026-07-17,253.0399932861328,255.66000366210938,251.9499969482422,252.58999633789062,10167700
2026-07-20,248.82000732421875,254.17999267578125,248.6300048828125,252.00999450683594,8114700
2026-07-21,250.61000061035156,251.33999633789062,245.49000549316406,247.4499969482422,7793100
2026-07-22,255.6300048828125,256.2900085449219,251.2100067138672,252.75999450683594,9100200
2026-07-23,259.2699890136719,260.20001220703125,254.4199981689453,255.24000549316406,8063300
2026-07-24,263.3999938964844,263.7099914550781,259.6099853515625,261.42999267578125,6351800
2026-07-27,265.95001220703125,268.79998779296875,261.3500061035156,262.54998779296875,9647900
2026-07-28,266.7300109863281,274.8999938964844,266.17999267578125,270.0,10491000
2026-07-29,265.5299987792969,269.3399963378906,264.7900085449219,268.5,6105600
2026-07-30,255.82000732421875,260.5199890136719,254.55999755859375,259.0299987792969,8216500
2026-07-31,256.3500061035156,258.4800109863281,253.2899932861328,256.010009765625,6782100
2026-08-03,254.41000366210938,257.75,250.91000366210938,254.97000122070312,8136300
2026-08-04,254.92999267578125,255.52000427246094,250.44000244140625,254.41000366210938,7362400
2026-08-05,257.5899963378906,259.32000732421875,254.47000122070312,255.25,6472600
2026-08-06,256.9800109863281,262.1099853515625,255.27999877929688,261.7099914550781,6931800
2026-08-07,259.239990234375,259.6000061035156,255.1199951171875,255.88999938964844,6532100
2026-08-10,261.80999755859375,262.0,258.54998779296875,259.05999755859375,8985100
2026-08-11,259.79998779296875,264.1499938964844,258.3599853515625,261.2300109863281,5945900
2026-08-12,260.8599853515625,261.4100036621094,255.25999450683594,256.0,4629300
2026-08-13,262.0799865722656,262.6199951171875,259.6499938964844,261.7300109863281,4851300
2026-08-14,260.3500061035156,261.7099914550781,259.1600036621094,260.6499938964844,3928350
