Date,Close,High,Low,Open,Volume
2021-08-25,152.27114868164062,153.73067084038075,151.97400333246026,153.5471453805737,5700300
2021-08-26,151.4584197998047,152.69945081538316,151.23992814208302,152.02649277561207,5031600
2021-08-27,151.135009765625,152.31486979153166,150.9777022078612,152.31486979153166,7046100
2021-08-30,151.77301025390625,152.3148651617373,151.00391554420867,151.01265040748464,3252700
2021-08-31,151.309814453125,152.4984093483179,150.74172826411444,151.6244429058428,7106800
2021-09-01,151.84292602539062,151.84292602539062,150.37465554959013,151.10878411965595,5327400
2021-09-02,152.88296508789062,153.11020493002698,151.99152879167897,152.36732801417912,4544300
2021-09-03,152.97909545898438,153.13641636884634,151.90412036166614,153.03154465271896,4096900
2021-09-07,150.60191345214844,152.970355195572,150.03382722660987,152.3760643775974,6859900
2021-09-08,150.23483276367188,151.1787181635205,149.5181871837334,149.99012321582262,4661700
2021-09-09,146.88754272460938,149.8677580840155,146.5641660807031,149.6143136897131,7114600
2021-09-10,145.92616271972656,147.77896711676797,145.83876075034345,147.30703115483658,6699300
2021-09-13,144.9036407470703,146.9312359858963,144.31808482314347,146.75644536222214,6273500
2021-09-14,144.02969360351562,145.5503869026015,143.77623582988693,145.42803211605815,5259600
2021-09-15,144.57151794433594,145.04346726066063,143.60141472263373,144.204453662566,7935300
2021-09-16,144.39674377441406,145.48046701707457,143.49655936136944,144.7725429619877,5665400
2021-09-17,143.9859619140625,144.12579973620873,142.9459397823116,143.59267970798635,13419800
2021-09-20,143.1644287109375,144.35302350569577,141.73112439981742,142.87601820901068,7270800
2021-09-21,143.7936553955078,145.0609036970152,143.5402110694726,143.86357429060922,6663600
2021-09-22,143.26930236816406,145.0347181909328,143.0071231225235,144.51034636398305,5657100
2021-09-23,144.08212280273438,144.87743554633232,143.46160069816418,143.68009233086664,4697900
2021-09-24,143.64511108398438,144.77252181771536,143.2343458290148,143.98595743005825,4399300
2021-09-27,142.60507202148438,143.6450939971344,142.32540975483622,143.33046561236353,5775500
2021-09-28,142.29049682617188,143.25186539891405,141.38157745021977,142.54395460247287,7610400
2021-09-29,143.34799194335938,143.90732998116775,142.2642686607497,142.45654236146547,5124100
2021-09-30,141.1455535888672,144.55401673135938,141.066899824579,143.88980716236958,6972300
2021-10-01,140.2454071044922,141.49517281425594,138.62856372467255,141.17180947256028,8568300
2021-10-04,139.15293884277344,140.70859805252542,137.79828818196611,139.82589674135997,8620700
2021-10-05,139.46755981445312,140.8047273405792,139.09174732762995,139.71226933977889,5129000
2021-10-06,139.75596618652344,139.79091897381917,137.94684938967401,139.7210000635591,7312600
2021-10-07,141.0057830810547,142.11572451541298,139.8521539805749,139.8521539805749,5309200
2021-10-08,140.6473846435547,141.24168863837846,140.05309398439778,140.98824428918905,4343200
2021-10-11,140.0531005859375,141.4514520102981,139.78217316468866,140.5862205662124,4101600
2021-10-12,137.81576538085938,139.9919332077878,137.5098718029713,139.83462565504706,6686400
2021-10-13,139.1354522705078,139.9045469923512,137.8682036206845,137.92938767158992,6901100
2021-10-14,139.93081665039062,140.83100133458578,139.48509840945175,139.58123528522378,4579200
2021-10-15,140.9707794189453,141.41649747082266,140.19294987606014,140.73480476293088,6918400
2021-10-18,139.93951416015625,140.61247211091415,139.13546656637374,140.05313407455805,7465500
2021-10-19,143.21690368652344,144.33557987713618,140.4726490727277,140.62122179570434,10081300
2021-10-20,143.13821411132812,143.98596257543915,142.68374785509974,143.31300472197944,6003200
2021-10-21,142.8060760498047,143.67130741472187,141.82723814371633,143.59265365491112,4524100
2021-10-22,143.08575439453125,143.38289971664054,142.4215448505811,142.50893347349566,4304300
2021-10-25,143.4004364013672,143.6014449784728,141.32913989794727,143.08580790275022,6715400
2021-10-26,144.85992431640625,145.1046338306001,143.37418417003832,143.81990221324818,6939100
2021-10-27,143.103271484375,144.86867411367325,142.72745897590517,144.79875519731445,7018800
2021-10-28,142.32546997070312,144.3792835345169,141.86226872710367,143.12951766403938,6278800
2021-10-29,142.35165405273438,142.6750173591204,140.3677465551623,141.8884529192796,8526800
2021-11-01,142.4739990234375,143.31299925683655,139.31023174792134,142.59635377979438,5846400
2021-11-02,144.72010803222656,145.93492092118984,142.43905495747734,143.06831189779922,8450600
2021-11-03,144.25692749023438,144.87744965523416,142.83235763886782,144.23944442392772,6717800
2021-11-04,143.85488891601562,144.195735312096,142.16812666364953,144.15203432066616,8224400
2021-11-05,142.8323211669922,143.85487358190528,141.75734623788958,142.00205576100774,6215900
2021-11-08,142.34286499023438,143.47902367158088,141.59125355509732,143.05077544999935,5578800
2021-11-09,142.02828979492188,142.972175206435,141.60005474872867,142.11569177837822,6112800
2021-11-10,143.56646728515625,144.06462120909833,141.88845336210153,142.04576091629298,6225100
2021-11-11,142.50897216796875,143.16444702830395,142.0108182086625,142.8847846891094,4118800
2021-11-12,144.21322631835938,146.4942797165891,143.86364500668148,146.3282239260568,18995200
2021-11-15,142.91099548339844,144.60649250454352,142.64880288521744,144.20446207591004,7496200
2021-11-16,142.16810607910156,143.63637649739755,142.1244050939992,142.61382412154174,7594700
2021-11-17,142.70126342773438,143.2081656490761,141.39904841071822,142.3429339260782,5414500
2021-11-18,141.93214416503906,143.7412610924139,141.69618282851414,142.84981159186677,6358700
2021-11-19,142.36038208007812,142.6225746593246,141.39027887183408,142.4914717018671,7620700
2021-11-22,140.4866485595703,143.07294222045235,140.44266132542225,141.65663918820835,7634500
2021-11-23,141.3575439453125,141.6302459979983,139.67733097312848,140.32830712242472,7734000
2021-11-24,140.96170043945312,141.29597391496156,140.20516559011241,140.87372596414966,5230900
2021-11-26,140.04681396484375,141.7710143473101,139.57178669892053,141.27838950175408,8523100
2021-11-29,140.53062438964844,141.12001569494925,139.36063385595523,140.3107016597742,9188500
2021-11-30,137.17018127441406,139.8708384985343,137.0998178220152,139.43978517024658,14981700
2021-12-01,139.06155395507812,140.82093594324002,137.45171782514768,138.00592744678485,9835800
2021-12-02,138.190673828125,140.12599159364,137.8915820709953,138.34021970668988,11334700
2021-12-03,140.20516967773438,140.46027418671937,138.6305151158281,138.91202270659016,8750500
2021-12-06,143.3368682861328,143.84709072885983,140.60102846057458,140.91771778974925,9692000
2021-12-07,143.70632934570312,144.50685141649333,142.87062553931582,144.26933107639752,8311300
2021-12-08,144.5684051513672,144.77074373115138,143.07293324528135,143.80307833267432,6216400
2021-12-09,145.94073486328125,146.0111117556506,143.82068970636576,144.42766523488945,8574200
2021-12-10,145.58006286621094,146.63568934131897,144.8411122529183,145.65043975428733,6572200
2021-12-13,148.18397521972656,148.84374359864168,144.09341663966177,144.92912056834982,11142300
2021-12-14,149.80258178710938,150.40077867624302,147.0491579505265,148.07839485994197,10482400
2021-12-15,150.55029296875,150.6910467276173,149.03722361846974,149.41549766754844,8552200
2021-12-16,152.1953582763672,152.63520384341146,150.28643012615768,150.65589879171227,8998600
2021-12-17,147.9904327392578,150.23364777046578,147.4890157829292,149.2308004347873,16726200
2021-12-20,147.56817626953125,148.23673664716844,146.5125496753071,147.6209555857894,7954500
2021-12-21,147.0931396484375,147.87606411020494,146.01111004185614,147.8408689529235,7954200
2021-12-22,147.72653198242188,147.93766269586334,146.13429310973916,146.96120495860737,4178200
2021-12-23,148.00799560546875,148.6237765578567,147.22507123250023,147.682514264139,3501500
2021-12-27,149.25717163085938,149.41552299217855,148.40387027974796,148.79093647072875,3704800
2021-12-28,149.85537719726562,150.11048169812312,149.1868034020165,149.3627389291272,3187000
2021-12-29,150.91098022460938,151.29804637764119,149.46828765068423,149.54745661207212,3662000
2021-12-30,151.57957458496094,152.08100496589987,151.08694970594664,151.41243112464798,4231800
2021-12-31,150.48876953125,151.90505937836966,150.4535743688121,151.77311107678136,4409500
2022-01-03,150.9021759033203,150.9549686343428,148.75574131404653,149.73219878117882,6012200
2022-01-04,150.49754333496094,151.56196196657507,150.0752953981317,150.47994575587893,6748400
2022-01-05,151.5003662109375,152.5999798238824,150.97254630751686,151.30683314121777,7016100
2022-01-06,150.9813690185547,151.74669588504352,150.2512238855629,151.43879866911254,7301600
2022-01-07,153.02223205566406,153.33012924527426,150.54151065410113,150.83181026695752,6986000
2022-01-10,152.2657012939453,152.79352122615046,151.44759516434766,152.79352122615046,7698400
2022-01-11,150.6470947265625,152.52963306680866,149.64424745041308,152.17776201037813,8341100
2022-01-12,149.36270141601562,149.61781927581941,148.08715238604742,149.20436350828933,8116200
2022-01-13,148.45664978027344,149.91694007608618,148.1927532161069,148.6677804546262,6159400
2022-01-14,147.64735412597656,148.35990178436728,147.04036510645227,148.34231762657035,5847700
2022-01-18,146.99636840820312,147.5417725214796,146.03749503667564,146.99636840820312,7815600
2022-01-19,146.53892517089844,148.42146333261311,146.31021034821092,147.0843292835482,5926500
2022-01-20,145.3689422607422,147.6649363789068,145.0874346889578,147.16350605029828,6011300
2022-01-21,145.03463745117188,147.77928224479862,144.6827664529465,146.19583590674821,10550300
2022-01-24,143.36325073242188,144.4188773022223,139.21990000275548,144.26933143527745,14054600
2022-01-25,147.4626007080078,148.1487585866322,142.1404676869697,142.82662556559413,14081200
2022-01-26,148.12237548828125,148.86131270981426,146.23103177664342,147.38342484372882,9963200
2022-01-27,150.0664825439453,151.2276810921028,148.6677770934077,149.01085604208708,9066700
2022-01-28,151.12213134765625,151.16611858818743,148.93170905322813,150.30402505046533,9783100
2022-01-31,151.56195068359375,151.85225031324632,150.26881731225984,150.86700072631803,8054800
2022-02-01,150.32162475585938,151.2892769461157,149.04606187753288,151.07815966541614,8154700
2022-02-02,151.98422241210938,152.17775551178767,149.23957728168094,149.23957728168094,7382800
2022-02-03,151.97540283203125,152.73193758168244,150.46233333272886,151.53555735951355,6240400
2022-02-04,150.9813690185547,152.16894380210434,149.65302703195908,150.4271593990866,6392200
2022-02-07,150.47994995117188,151.07814684945893,149.55627165740262,150.78784719010173,6065700
2022-02-08,150.8758087158203,151.35084940463156,149.96972799877773,150.44476868758898,6296100
2022-02-09,150.85821533203125,151.51798358600993,150.64708465847104,151.36843772587045,5387500
2022-02-10,149.03720092773438,150.62064691637056,148.9316423361637,150.6118548414114,10355300
2022-02-11,147.5330047607422,149.6794398344905,147.3834454569487,148.77335904785727,13125300
2022-02-14,145.67686462402344,147.76172842306403,144.10220989658686,147.5330135487925,8967600
2022-02-15,147.18109130859375,147.8760546788729,146.0374903842365,146.143062426328,6631400
2022-02-16,147.0931396484375,147.6473358569343,145.77360313379447,146.45976104756727,8482400
2022-02-17,146.1958770751953,147.30428311244629,145.0786655355473,147.09316582326815,6227600
2022-02-18,144.6288299560547,146.39950612421933,144.25698958184256,146.06307332932818,6423200
2022-02-22,142.66334533691406,144.96522922687865,142.04361152321096,144.81472340849245,6868900
2022-02-23,142.73414611816406,143.99132404025266,142.40657548970742,142.9908881090012,8016900
2022-02-24,140.00730895996094,141.76913591701654,137.86479326102486,141.45926230590035,12883400
2022-02-25,146.96607971191406,147.84256902651396,141.3884486836614,141.654052734375,11340400
2022-02-28,145.7000732421875,146.24011642407925,143.76118096587598,144.19498791646902,9373500
2022-03-01,145.19541931152344,145.85942275349686,143.78773525674407,144.34548896175622,8737800
2022-03-02,147.00146484375,148.40916204491572,145.2307894548342,145.5583735880268,6793300
2022-03-03,149.16171264648438,149.92310371468284,147.24939321565512,147.58581240217322,7333700
2022-03-04,150.0470733642578,150.3835061112931,147.71864372057593,148.41805476347093,6302500
2022-03-07,152.4640655517578,153.26971287866192,148.17017077407826,149.0023906698913,11663400
2022-03-08,149.3741912841797,153.26967211151168,149.1882644063869,152.31350568825403,11100300
2022-03-09,149.94081115722656,150.71105072444314,148.63936350347123,150.51627532665782,7248200
2022-03-10,150.20643615722656,150.64024309621433,148.8076006094137,149.23255903242497,6171400
2022-03-11,149.93199157714844,151.8000552461018,149.63982842408726,149.7372161417743,5188000
2022-03-14,152.003662109375,154.15502666389392,150.81731259760284,151.10946220863457,7729500
2022-03-15,155.94342041015625,156.27985314209496,152.76506052523223,153.45562302086518,10554400
2022-03-16,154.50918579101562,156.66055056652257,152.7739174315687,155.34140564150624,9603300
2022-03-17,156.5277557373047,156.56316331204945,154.22587161252073,155.12007160775354,7472100
2022-03-18,154.79246520996094,156.70479819282315,153.74777303975014,156.70479819282315,13809500
2022-03-21,155.66896057128906,156.8464615690831,154.33210524000515,154.6331168760531,7574900
2022-03-22,154.93411254882812,156.14702099270053,153.96909760429924,155.66894453230447,8442100
2022-03-23,154.3498077392578,155.41221052771434,154.12847326211335,155.13775793752473,5254200
2022-03-24,155.1466064453125,155.41219698739872,154.1107628036266,154.9341205024603,5012300
2022-03-25,156.6339874267578,157.32454994232265,155.1289156238392,155.5450255382417,4809500
2022-03-28,157.4396209716797,157.74948109297495,156.12932482376183,156.39491535367705,5604200
2022-03-29,157.3599853515625,158.82963620537828,156.52776544699066,158.13907362694337,5933400
2022-03-30,158.99781799316406,159.23686299035504,157.3068194919838,157.97968489012388,6277600
2022-03-31,156.90843200683594,159.54674867162177,156.68709753215697,158.99782998817267,11490400
2022-04-01,157.75836181640625,157.9708342655235,155.46533990845452,156.74907715554667,6525600
2022-04-04,156.23558044433594,157.75836271453855,155.39451214036205,157.75836271453855,6860600
2022-04-05,157.24485778808594,159.05094107767695,156.07620532897485,156.23557316848257,7446100
2022-04-06,161.33511352539062,161.6626977179678,158.13904332864539,158.82075725953007,10330900
2022-04-07,160.9189910888672,161.97254521547222,159.5644253572843,160.83931393034644,7385200
2022-04-08,161.2377166748047,162.18503461027538,159.7414936233388,160.53830575310707,7144500
2022-04-11,159.2191925048828,163.07926696349594,159.0067200176478,162.01686399976109,5932000
2022-04-12,159.2722930908203,160.07795387404747,157.76722126547202,158.65255922263984,5957500
2022-04-13,159.94512939453125,160.1044837133308,158.6879513458872,159.27226402400157,5643100
2022-04-14,159.2722930908203,160.60030002657206,159.12178725920398,159.36083229021114,6188200
2022-04-18,157.2891387939453,159.70610754349258,156.4746295251026,159.12178127154522,6318700
2022-04-19,162.08766174316406,164.61972863676007,159.3165498378456,159.9982637924402,14380800
2022-04-20,162.80477905273438,163.18548135852046,161.04295184242585,161.34397698276265,8044900
2022-04-21,162.3355712890625,163.67242676514564,161.6272982087407,162.84020690895645,6969200
2022-04-22,160.72422790527344,162.14962238910996,160.58258411575912,161.54759913341928,8003600
2022-04-25,164.6817169189453,165.28375378519246,161.22005559747103,161.43252807211113,11176500
2022-04-26,163.5041961669922,165.1774977594345,163.06152721894313,163.8760499714355,10190000
2022-04-27,161.22006225585938,163.6281828019317,160.9013400215502,163.11468511836767,11090100
2022-04-28,162.42408752441406,163.34483294221565,161.06065967346638,161.35282278438373,9403900
2022-04-29,159.76808166503906,161.61843461399573,159.53788516762927,161.57416501763353,8463100
2022-05-02,158.15676879882812,160.60915867113104,156.73137417742566,159.7769388474422,7145400
2022-05-03,157.84689331054688,159.91859432998524,157.30683663385497,158.29842429990953,5898700
2022-05-04,159.53787231445312,159.80347636204382,156.83758926411662,157.72292708329692,5923000
2022-05-05,156.49232482910156,159.10408248297892,155.17317998300356,158.847326922753,7089200
2022-05-06,156.1470184326172,156.58968731835614,154.65965746094184,155.05805675627042,6434000
2022-05-09,156.99697875976562,158.08594064504788,154.57114793717446,155.33253910709834,7855200
2022-05-10,156.784423828125,158.63477606944448,156.26207791469244,157.7937080969519,8186700
2022-05-11,155.93458557128906,157.8734779441588,155.7132510722708,155.78407973305895,6138900
2022-05-12,157.4750518798828,157.54588053475246,154.67739431304673,156.23558419262534,6898600
2022-05-13,156.57203674316406,158.3781203887888,155.64242910546895,158.20990400083042,7732200
2022-05-16,157.66098022460938,158.59058775311794,155.96998153579284,156.57201835308007,5516700
2022-05-17,158.31613159179688,159.09521976655415,156.34181832537044,158.22759239710007,5751100
2022-05-18,155.37681579589844,158.80306946230453,155.084652640821,158.33384141271557,8608800
2022-05-19,153.99566650390625,154.75705758891252,152.88899420065198,154.68622894040223,6874500
2022-05-20,156.68710327148438,156.84647112386654,154.09306961763795,154.80134266439097,7522100
2022-05-23,159.88587951660156,160.3224740245802,158.12164994666455,158.2463931769431,7040800
2022-05-24,161.63229370117188,161.93525321663742,159.58294246098177,159.7165910736922,6419800
2022-05-25,160.04624938964844,161.76593839764956,159.54727649488905,160.85708714162828,6558900
2022-05-26,159.90370178222656,161.2758772974378,159.13741806448743,161.2758772974378,6897600
2022-05-27,161.3560791015625,161.41845751877364,158.8077412913759,160.17101153849038,5853600
2022-05-31,159.96609497070312,160.53635177369878,155.93864865179938,158.60282458860425,16391400
2022-06-01,158.34442138671875,160.23339436230486,156.73165102239992,159.62748890470573,5175400
2022-06-02,157.8454132080078,158.433494237383,155.5643864715133,158.37112942299024,8666500
2022-06-03,157.1949920654297,159.19980294751866,156.95441095270073,157.7741678111851,4234200
2022-06-06,157.17715454101562,159.04831664583432,156.82074918580864,157.89889781869792,5386500
2022-06-07,158.90576171875,159.7611536737501,157.17716705676617,157.69396438016295,5447800
2022-06-08,157.9612579345703,159.89478480078523,157.53356880185726,158.69190656578118,4333100
2022-06-09,154.7803192138672,159.18198154468132,154.71794079252652,157.89891397703974,5509600
2022-06-10,153.74673461914062,155.0119915173107,152.0270451814058,153.40813995766024,6647300
2022-06-13,152.1962890625,153.47936985961664,151.54584329029154,151.54584329029154,7997000
2022-06-14,149.86180114746094,152.46359779763867,149.0331391453619,152.41904373800062,7116800
2022-06-15,151.46566772460938,152.757654011256,150.26277597042613,151.15380287100882,7796100
2022-06-16,151.5458984375,151.66173631705655,149.16685759211464,150.04896576413677,7056700
2022-06-17,150.99343872070312,153.43484395591,150.79741169650498,152.03593866066993,12486600
2022-06-21,154.15658569335938,154.91396412753593,151.08254507674914,152.1428694461988,8219700
2022-06-22,156.58908081054688,158.53151303203435,152.98041895023223,153.25663512888485,10593100
2022-06-23,160.08189392089844,160.22446148598053,157.28407003712104,157.711759136376,10223500
2022-06-24,162.42530822753906,162.63915960522982,160.3670380027412,161.07986233238375,9374400
2022-06-27,162.27383422851562,163.3698072366756,161.72140183467423,161.846145071864,5908600
2022-06-28,157.65830993652344,163.03120133104042,157.09695861005406,162.31837705533167,9245700
2022-06-29,157.70285034179688,158.87009336410983,157.20386387483154,157.90778271466326,7097900
2022-06-30,158.16619873046875,158.8611987065464,155.95645556540123,157.5870366157351,10777200
2022-07-01,159.9571533203125,160.13535598158816,157.43554555508683,158.11272110633098,5498400
2022-07-05,158.7275390625,159.60966063051782,155.58221504177936,159.3423498284525,5676400
2022-07-06,158.87008666992188,159.88585671331626,158.07707333425424,158.66515430569058,5335600
2022-07-07,159.04832458496094,159.60075699190506,158.16620293220097,158.47806783056888,5725800
2022-07-08,158.852294921875,160.3759570976073,158.3978760394252,158.89684899176063,3828300
2022-07-11,158.9146728515625,159.51165931741826,158.1751188009072,158.33549713681177,3645200
2022-07-12,156.68710327148438,159.00376531215994,156.1079275643207,158.58498153479297,4708800
2022-07-13,156.32176208496094,157.11477548503112,155.48419462052894,156.51778909135956,5291700
2022-07-14,156.5355987548828,156.82963926244184,153.5239370879892,153.72886946744254,5359600
2022-07-15,158.80772399902344,159.0572104487152,157.31080530087286,158.34439979016264,5691100
2022-07-18,155.24365234375,158.77212574466705,154.95853073337005,158.37116625719796,7605700
2022-07-19,152.98040771484375,157.48900156738307,151.3676512320017,157.11477190804882,13256400
2022-07-20,152.10720825195312,153.74669448675522,151.26072181920986,153.4348296330086,7455800
2022-07-21,152.64183044433594,152.71311423457072,151.26965487129678,151.5191413391221,5729200
2022-07-22,153.3635711669922,153.69326042006224,152.41908467137296,152.90024689109953,4257000
2022-07-25,153.66651916503906,154.1298434061635,153.007154304372,153.3635596584666,4437300
2022-07-26,154.7535858154297,155.91192380664597,153.69327494860357,153.7556397779486,4525500
2022-07-27,154.3258514404297,155.1277837824566,152.48143288615088,153.81797319353797,4648500
2022-07-28,155.2169189453125,156.9009596296353,152.75768903049024,154.5040945422352,5513000
2022-07-29,155.50204467773438,155.79608523595192,154.0674905824273,154.85158514168023,6451400
2022-08-01,154.95849609375,156.07227975218476,154.6288068855788,155.19015820014732,5461400
2022-08-02,154.07638549804688,156.36633138870238,153.88035847254355,155.93862864433538,5794200
2022-08-03,155.56442260742188,156.16140915010038,153.05173318295414,153.74673325329596,5010000
2022-08-04,153.0695343017578,156.0099263505869,152.9002505791717,155.76043985878263,5651600
2022-08-05,152.46363830566406,152.83786803327033,151.28747607947832,152.63293561967507,5235500
2022-08-08,151.65280151367188,152.79331505242052,150.97562584878793,152.6329367091561,4629800
2022-08-09,151.63494873046875,152.47251617754642,151.23398935150362,151.9557189528391,5532500
2022-08-10,152.07159423828125,152.57948621373927,151.05582388335984,152.38345916314086,5603400
2022-08-11,148.92620849609375,151.42999145536643,148.78364095492793,150.15582974566814,9328700
2022-08-12,147.28677368164062,149.63908454337164,147.15311146690968,149.2826655667495,14606900
2022-08-15,147.99069213867188,148.57877330504698,147.1353137112126,147.9105029603466,10072000
2022-08-16,149.30938720703125,149.9152789853238,147.5540630905193,147.78572519469142,7453600
2022-08-17,149.3183135986328,150.19151629448623,148.27581358913568,148.27581358913568,7406600
2022-08-18,148.59658813476562,149.95985846293829,147.8481150636952,149.40741243476793,8312100
2022-08-19,150.85975646972656,151.5814860556492,148.80148658513505,148.89059471010938,8128500
2022-08-22,150.33056640625,151.52359661660148,149.95382218519376,151.5056525049283,5462600
2022-08-23,149.02090454101562,150.49200660150444,148.72488834936712,149.80130215432456,5566300
2022-08-24,148.52752685546875,149.4335057453048,148.07005480587,149.40659642987796,5684300
2022-08-25,149.9178924560547,150.01656450291037,147.73814221636727,148.85940925457183,5678700
2022-08-26,147.35244750976562,150.24979799080384,147.28964997948657,150.21392346446092,5667100
2022-08-29,146.21324157714844,146.9667298438719,145.33417193263773,146.63483913557923,5259200
2022-08-30,145.7019500732422,146.69763597365056,145.3431500155983,146.48236141400216,6973300
2022-08-31,144.72422790527344,146.70663476401702,144.661444045978,146.4195837291044,8741700
2022-09-01,148.31228637695312,148.45581189698296,144.84981190847824,144.85879080807194,7509600
2022-09-02,145.9800567626953,149.083717399059,145.32522671707358,148.7787359376539,5803700
2022-09-06,146.37466430664062,149.1015931595937,146.0517525689562,147.05640336354915,7394600
2022-09-07,147.17308044433594,147.48702710397092,145.45978057193992,146.13254101203137,4590600
2022-09-08,148.35708618164062,148.38399549600013,146.2849868519086,147.00260050529275,5838400
2022-09-09,148.6441650390625,149.08369304772242,147.46010023546413,147.99831399843512,5500600
2022-09-12,148.5813751220703,149.4156051287237,148.20463094360744,149.00297273097183,6365300
2022-09-13,144.7152557373047,147.50496954479297,144.24880467166545,146.72457182307323,6726400
2022-09-14,147.70230102539062,148.3302079710159,145.65711058115693,145.65711058115693,9555700
2022-09-15,148.0790252685547,148.96707377117272,147.19995566295918,147.5139022498575,7174500
2022-09-16,150.3395233154297,150.36643263533003,147.78302842613974,148.29433287893565,20201500
2022-09-19,149.15545654296875,149.29000314071368,147.18202888109016,149.17340065178297,7380900
2022-09-20,147.98036193847656,148.81457817017875,147.39730846604022,148.2046153797742,7143400
2022-09-21,146.4644317626953,149.62192459355404,146.4285572283276,148.02524091094082,8071200
2022-09-22,149.06578063964844,149.9448642186052,146.06079193815586,146.34782930206305,7401100
2022-09-23,149.55014038085938,150.231865934805,147.7022941607523,148.67107069783978,9598600
2022-09-26,148.63519287109375,149.65778811716518,147.45114170122716,148.7248997314323,8735500
2022-09-27,147.9534454345703,150.40228906214662,147.4690503599814,149.22720327679463,8686700
2022-09-28,149.22723388671875,150.14219190290976,148.09700129307996,149.1285618096065,8660900
2022-09-29,147.58567810058594,149.95379396393707,147.01158982120822,149.33485225749118,7008100
2022-09-30,146.5362091064453,148.6711068285262,146.5003345685063,148.00731153420043,8985200
2022-10-03,146.3926544189453,147.45113785649067,145.0471336730224,147.37039620935323,8657000
2022-10-04,148.56341552734375,148.90428513833334,146.14148109689987,146.9757110165997,6236100
2022-10-05,148.10597229003906,148.9401886849275,147.29866521838272,148.02524432034272,4539400
2022-10-06,145.23548889160156,148.0072578907757,145.0381447860931,147.81887899466577,5890700
2022-10-07,143.7016143798828,145.51358616850075,142.77769121999606,145.10993267811202,6363500
2022-10-10,143.8899688720703,144.67036640011133,142.78663218174853,144.08731297827376,5315600
2022-10-11,145.97105407714844,147.2089375200573,143.8541009292327,143.8541009292327,6212200
2022-10-12,145.93516540527344,147.89962765697007,145.76473060720394,146.15941883697684,4341700
2022-10-13,148.141845703125,148.89534780995618,144.19498986905066,144.32057127229814,6465100
2022-10-14,147.5229034423828,148.61724774442118,146.75147098572472,147.5049593329689,5684600
2022-10-17,149.4335174560547,149.98967528892666,148.01623408735455,148.36606890266168,6710800
2022-10-18,148.91326904296875,149.95380842699606,146.25811562751105,148.0072899531243,10883600
2022-10-19,147.72921752929688,149.12855698683717,147.01160369053773,148.904303517684,10044600
2022-10-20,148.10597229003906,148.6710954526064,147.40630251131117,148.00730020907247,5659900
2022-10-21,151.33522033691406,151.92723910557953,147.49598827169726,147.74716475480318,8487600
2022-10-24,153.3714141845703,154.35813482981288,151.81958415827447,152.3219096913637,6855500
2022-10-25,153.1292266845703,153.48802671759864,151.1647643384821,152.6448315839038,5661900
2022-10-26,154.47474670410156,154.79767220743645,152.9587912492057,153.67640499965475,6123800
2022-10-27,154.564453125,155.56910424938928,154.03521824249813,154.60034134363963,5390900
2022-10-28,156.86080932617188,157.3272603658521,154.8156188202562,155.18339778783763,6073900
2022-10-31,156.053466796875,157.1209152372679,155.56010654870911,156.5468270450409,7810000
2022-11-01,155.26412963867188,156.64553868265062,152.86910421485197,156.1342341996941,6985000
2022-11-02,152.87803649902344,156.02656330839764,152.75245513001389,155.08469619715459,6877300
2022-11-03,153.13819885253906,153.81095921054143,151.54151536453435,152.32191299986684,4819900
2022-11-04,153.8199462890625,154.73490433847746,151.8106438274095,153.8917090465996,5300900
2022-11-07,155.1654510498047,155.94586240221935,153.78405575116653,153.99036510302557,6621000
2022-11-08,155.93685913085938,156.6993262547464,154.44781309618318,155.2999870654721,5148400
2022-11-09,154.6899871826172,156.97737452023736,154.59131514256796,156.32255844755124,6150000
2022-11-10,156.5019989013672,156.77110577904304,154.32224824827148,156.39436162523458,7877500
2022-11-11,151.81959533691406,155.28206937333246,149.6398582337603,154.94119972763295,11074700
2022-11-14,154.2056427001953,155.41660309467946,152.7165965356487,152.7165965356487,6581500
2022-11-15,154.63621520996094,155.1833941994296,152.9588037104146,154.45681517956933,9351000
2022-11-16,155.5960235595703,156.96845361200474,155.30000735588027,155.75747947757685,5500900
2022-11-17,156.85186767578125,156.96848387505457,155.16547698563235,155.1834210979853,4464100
2022-11-18,158.0538330078125,158.448521280239,156.63654952380136,156.97741915677784,6555700
2022-11-21,158.86634826660156,159.38997600001298,157.83715272870725,158.79412232657694,5706600
2022-11-22,159.63375854492188,159.967791509255,159.19137976796588,159.2545688642788,4707900
2022-11-23,159.80526733398438,160.1573602025057,158.90246369411526,159.29067642261793,5389200
2022-11-25,160.01292419433594,160.80738204040102,159.6698543984523,160.13931615455246,3058600
2022-11-28,160.09414672851562,160.49138247366895,159.39898417449731,159.5705190440579,6183100
2022-11-29,158.97470092773438,160.03097960830843,157.6836982433743,159.80527868231334,6700500
2022-11-30,160.69906616210938,160.70808924028512,157.79203700925632,159.22749165363945,13288000
2022-12-01,161.36712646484375,162.46854800013622,160.49140583800153,161.60185045038355,6282600
2022-12-02,161.49349975585938,161.56572569129784,159.76011863240205,160.24762647700092,5823900
2022-12-05,161.4032440185547,161.92687181645223,160.69905823620414,161.02406811849602,5120600
2022-12-06,158.9837188720703,162.5046473885463,158.83023013804092,162.4324214477353,7943500
2022-12-07,159.94973754882812,160.59073426788137,159.10109982600773,159.40806356825834,5702600
2022-12-08,159.976806640625,160.22056748730404,159.20039493790236,159.63375061548524,4798500
2022-12-09,158.65870666503906,160.5997288585726,158.58648072530298,159.90456624234088,4561000
2022-12-12,160.55458068847656,160.58166369303322,158.53230954457115,158.84828252296188,4882400
2022-12-13,161.79147338867188,162.68524032499963,160.9789417116463,161.69216442066963,9177500
2022-12-14,162.28797912597656,163.44356669564522,161.22267743156252,161.22267743156252,9533600
2022-12-15,160.23861694335938,162.36019715145196,159.25455054357045,161.7824033948012,7602400
2022-12-16,158.59548950195312,159.796219812383,157.8642208696337,159.796219812383,18841800
2022-12-19,158.42396545410156,159.04690211698087,157.1510228991842,158.30661035832384,5736000
2022-12-20,158.59548950195312,159.29065205550478,158.14408775107069,158.8934163106181,6174700
2022-12-21,160.41015625,160.86155810407004,158.57746582453092,159.1372134910479,5472000
2022-12-22,159.82333374023438,160.25667564773786,158.29759332292002,159.58860974360556,5709100
2022-12-23,160.2296142578125,160.26573412413077,158.7219335678031,159.49834538533355,3683400
2022-12-27,160.18441772460938,161.01500906375094,159.78719575784407,160.79833126540686,3067300
2022-12-28,159.4893035888672,161.10531613679007,159.48026673550183,160.48237938498866,2645400
2022-12-29,160.3018341064453,160.96991385094913,159.8594690785981,160.29281102805592,2828800
2022-12-30,159.4802703857422,160.49141991173792,158.3517657445306,160.23863597416184,4216600
2023-01-03,160.87059020996094,161.0421251135558,158.9024710209394,159.03789983857843,6344900
2023-01-04,162.62200927734375,162.67617528670237,161.13237514153641,161.50252790640573,9788800
2023-01-05,161.4213104248047,162.49564907257815,161.0692175195059,161.6199283483775,6255300
2023-01-06,162.7303466796875,163.3442465069803,161.95393504325335,162.6220146573863,5706000
2023-01-09,158.51425170898438,162.28796400104855,158.15312201731297,161.8726820752379,7925300
2023-01-10,158.13511657714844,159.0198604420689,157.3767646929309,158.62262456680463,5047500
2023-01-11,157.88230895996094,158.64066073055332,155.38153895679136,158.50524569140848,6494800
2023-01-12,157.08782958984375,157.72882622016337,156.00446800298283,157.3225535713618,4269400
2023-01-13,156.57322692871094,157.0968546871608,155.62529413782275,156.35656287396628,6088000
2023-01-17,155.6072540283203,157.61147944413517,155.36349315999365,157.08785161898885,6053300
2023-01-18,153.2599639892578,155.28224940588603,153.21483482103093,154.96626257414363,7047800
2023-01-19,153.05230712890625,154.63221357262822,152.31201527292154,152.60090528784283,6939500
2023-01-20,152.339111328125,153.5759480703442,151.20156977478038,153.56692499199892,8620600
2023-01-23,151.9508819580078,153.14258940269625,151.62587208906467,152.66410456448696,8425400
2023-01-24,151.9508819580078,154.37040293251587,149.8744307828538,152.59187861853397,10541800
2023-01-25,153.03421020507812,153.03421020507812,150.84040440015073,150.92165340573598,7099800
2023-01-26,152.4745330810547,153.39539681334324,152.25785521001833,153.07038689463508,6946100
2023-01-27,151.878662109375,152.4564559245044,151.46338012308667,152.15852905137174,6058100
2023-01-30,146.2541961669922,152.15852617317046,145.42361843443538,151.6078153773165,23259100
2023-01-31,147.5361785888672,147.54520166659316,145.3965382340641,145.98335512714874,11612500
2023-02-01,148.89039611816406,149.84736591040013,146.6153267602211,147.147991454129,9865300
2023-02-02,149.45008850097656,150.06400205736557,146.994475602486,147.15697362360493,10099000
2023-02-03,148.6105194091797,150.17236597191564,147.96049963524618,149.89249902563427,6868500
2023-02-06,147.4819793701172,148.8271615357829,147.24725542086242,148.5563177323732,7021000
2023-02-07,147.5181121826172,147.951467856883,145.7305647972651,145.8930766190374,7310800
2023-02-08,147.7076873779297,148.56534798374517,147.06669080475632,147.4278204853078,6054700
2023-02-09,145.71246337890625,148.7820032070395,145.41455037924638,147.72572488118547,7949500
2023-02-10,146.3896026611328,146.9673964315958,145.66737077982165,146.04654665021704,7028000
2023-02-13,146.9312744140625,146.99447727345284,145.48678325670565,145.64929505536037,6414700
2023-02-14,146.290283203125,147.12989767959073,146.03749930768544,146.92225671741303,6316000
2023-02-15,143.87982177734375,146.2361399938312,143.8075958280015,146.20905698478924,12621800
2023-02-16,142.8596649169922,144.13260768647336,142.57076111566587,143.60899365402946,11177000
2023-02-17,145.84214782714844,146.49684278858686,142.4140941922239,142.77782132345155,12401900
2023-02-21,143.6688995361328,145.80575264243208,143.56887632956628,145.16923375986224,9423900
2023-02-22,143.46888732910156,144.44184183174664,143.09607220894193,144.12358231458174,9820200
2023-02-23,143.4234161376953,144.20541213565494,142.4595635093484,143.40524018699665,9385100
2023-02-24,141.8230438232422,142.6232295646219,141.1319831487225,142.4413590781119,8689700
2023-02-27,141.513916015625,142.6687133746359,141.01379982187817,142.25953244330597,7267100
2023-02-28,139.35882568359375,141.18652117223974,139.15877927314725,140.92281732448373,9062300
2023-03-01,138.7314453125,139.34067261716277,138.13130598261583,139.13152432431878,6767000
2023-03-02,138.62229919433594,138.90417899215245,137.51295594986752,137.98579418720698,8762500
2023-03-03,140.04989624023438,140.1408175948667,138.97691880733623,139.45884499866833,5747200
2023-03-06,141.4502410888672,141.6048199160681,140.55004592606372,140.63187932726925,8148200
2023-03-07,140.1135711669922,142.07765601367024,139.44070026796496,141.93216516396717,7457700
2023-03-08,139.0860595703125,140.21357884355305,138.64958706960368,140.01353241608723,6230500
2023-03-09,137.5220947265625,139.66803638024874,137.04016838641357,139.54073534463905,7439400
2023-03-10,137.8585205078125,139.56800332984673,137.39478402673294,138.0858447607523,8504300
2023-03-13,139.17697143554688,141.76847296688777,137.82212803036867,138.29495239504243,10799600
2023-03-14,139.95901489257812,140.05903813351844,138.12223077475272,139.37706527477258,8421200
2023-03-15,140.3499755859375,140.84098978437223,138.69504864444443,138.97692845046888,7757700
2023-03-16,140.05902099609375,140.3681786576182,138.75873289774427,139.53162705155532,7605500
2023-03-17,138.5586700439453,140.89555592922457,138.48592462488236,140.46818526396086,20540700
2023-03-20,139.9316864013672,140.095367043059,138.55865320469172,138.6404865881535,7129000
2023-03-21,139.9316864013672,140.1499226320335,138.36769476851265,140.03170960607653,8376800
2023-03-22,137.34930419921875,140.08628296654607,137.33111437566356,139.89533838091185,7943500
2023-03-23,137.42205810546875,137.93126219830037,136.49457129365635,137.4675118550087,9051500
2023-03-24,138.80419921875,138.90422245650902,137.14928568237767,137.74032325791646,5696200
2023-03-27,139.39523315429688,140.52275255670287,139.22246450398728,140.2135949060284,6772300
2023-03-28,138.04945373535156,139.5315981585842,137.96760647443725,138.56774572237546,6115300
2023-03-29,139.4043426513672,139.46800011121266,138.27682307488885,138.43140192409078,6012000
2023-03-30,139.51344299316406,139.8498923443986,138.94968324887105,139.6498458787258,4555700
2023-03-31,140.9410400390625,141.11380869520286,139.34068225676253,139.8407845248258,9890000
2023-04-03,142.62322998046875,142.7687069454228,139.97717256641215,140.895557476977,6841900
2023-04-04,144.114501953125,144.55096067491428,142.38682914330596,142.7323664802243,8314500
2023-04-05,150.5886688232422,150.6341364458106,147.99716695931608,149.46113560748896,16704200
2023-04-06,150.17039489746094,152.0617343337355,149.85214927042188,150.93421492685133,9615400
2023-04-10,149.41567993164062,149.8885043508939,148.79735079718375,149.697559763249,5354000
2023-04-11,149.37020874023438,150.28859363332995,149.16106045907043,149.5065977281501,5903800
2023-04-12,149.0519561767578,149.8885077158751,148.30633988364545,149.0701460009129,5764100
2023-04-13,151.04331970214844,151.2433661448155,148.95193390366495,149.28836934143655,5640600
2023-04-14,150.79779052734375,151.05239254254334,149.17924319867373,150.916003561104,7225100
2023-04-17,150.6432342529297,151.161540209453,149.97945131937064,150.70689170363448,8046400
2023-04-18,146.40591430664062,149.75213469480158,145.16926975282905,149.35204176933723,14571500
2023-04-19,147.7880401611328,147.92442916109619,146.55139568730414,147.29702588649354,6752000
2023-04-20,148.74281311035156,148.9610493972788,146.3604592791764,147.6971131779436,9498800
2023-04-21,147.9335479736328,150.00674425942432,147.27885294919625,149.5248179045992,7014200
2023-04-24,148.83372497558594,148.95193802446067,147.1878996401961,147.9335298334506,5278900
2023-04-25,150.1976776123047,150.35227031808554,149.2702046262495,149.4065936316189,6263100
2023-04-26,147.869873046875,149.47933261470132,147.52434962324568,149.2065407409521,5518200
2023-04-27,148.2154083251953,148.5882234184123,147.42432438939855,148.12447307692796,5739700
2023-04-28,148.85194396972656,148.9064995799685,147.8153457508083,148.04267004333224,6024900
2023-05-01,148.76100158691406,149.39750674121342,147.52435705508745,148.76100158691406,4893400
2023-05-02,150.06129455566406,150.47047546276465,148.7246267509692,149.43387735654946,7541700
2023-05-03,148.09718322753906,151.10695377837047,147.76983578509027,150.53410616016237,5937200
2023-05-04,147.42431640625,148.12446505586576,146.6241306640947,147.92441862032695,5128000
2023-05-05,147.92442321777344,148.33361795076513,147.02422810464105,148.06991406173623,5194500
2023-05-08,147.58799743652344,147.82442354212228,146.7059782151081,147.29702960433372,4994900
2023-05-09,146.44229125976562,147.42433372923122,146.20586514920043,147.07879641364931,5520500
2023-05-10,146.9878692626953,147.27885099180995,145.54209021743478,146.57868834655378,6756600
2023-05-11,146.3877410888672,147.47889480383594,144.93286021906067,147.1515473018681,5867600
2023-05-12,146.19674682617188,146.9059972610977,145.49658436485373,146.7241406655624,3904200
2023-05-15,145.0783233642578,146.42407889312472,144.52365169952415,146.21494449078008,5104500
2023-05-16,144.88734436035156,145.71480775304317,144.150816194792,144.632742374103,5599200
2023-05-17,144.56915283203125,145.54209352699095,143.45980924540763,145.29657942181416,6840700
2023-05-18,144.1053924560547,144.51457335319424,143.2688408358575,144.26907313977364,5173000
2023-05-19,144.4963836669922,145.4238565790754,143.79622112080463,144.2054019790496,6527100
2023-05-22,143.71766662597656,145.79734870300712,143.63521578076006,144.75292939188952,5675900
2023-05-23,143.6626739501953,145.0002702244445,143.25956236125842,143.92836748811092,5793000
2023-05-24,143.52525329589844,143.96500503064613,142.84729163776007,143.91003781123462,5015100
2023-05-25,141.4639129638672,143.18627992350923,140.83176191794436,142.96641102368008,6886100
2023-05-26,141.40896606445312,142.26098613267098,141.271534002849,141.7204563702881,6845400
2023-05-30,141.42724609375,142.35257422873957,140.46529178469598,141.0607886407252,5593100
2023-05-31,142.05941772460938,142.63660157747373,140.950874681487,141.72960037718087,11324600
2023-06-01,141.5830078125,142.04108667222388,140.30954914164587,141.5830078125,7901300
2023-06-02,143.80926513671875,144.12075537766282,141.17072667353116,141.74791045721747,7659700
2023-06-05,145.04611206054688,145.33927529218917,143.6077375800672,143.6077375800672,6430500
2023-06-06,144.91778564453125,146.22789812984917,144.20318391779563,146.20041452339427,5073600
2023-06-07,145.22933959960938,145.48586266742416,144.23988748969867,144.84455499788723,6504300
2023-06-08,146.8234100341797,146.96999860334287,144.58799726199052,145.21097771175096,5818400
2023-06-09,146.5943603515625,147.25399488705904,146.0996414396673,146.96998829139193,6264400
2023-06-12,146.49362182617188,146.81428263744408,145.42171891284377,146.58524319495197,6510600
2023-06-13,147.26319885253906,147.354806238051,145.8064974344864,146.33787059650285,6066800
2023-06-14,148.01441955566406,148.49082542170686,147.4830464703578,148.05107368814342,6699100
2023-06-15,150.00247192382812,150.16738755233874,147.89530676045672,148.46333394815463,7138300
2023-06-16,150.4605712890625,151.15686007001648,150.1307539663624,150.68961070817488,13426600
2023-06-20,150.3689422607422,151.45000145317525,150.0757651363473,150.48803323550473,7995800
2023-06-21,150.1399383544922,151.09273627502387,149.04970838212802,149.86508823028524,7177500
2023-06-22,151.73402404785156,151.82564540374543,150.05745388707845,150.15823178677923,5485900
2023-06-23,151.60574340820312,152.32951568185555,151.19347531761164,152.18292712270386,9450700
2023-06-26,149.91087341308594,151.14767779243903,147.80370812522378,151.14767779243903,6978800
2023-06-27,149.59938049316406,150.1399241454159,148.82065485764312,149.95668142698113,4927500
2023-06-28,149.2970428466797,149.51691171528608,148.33507460816162,149.51691171528608,6780400
2023-06-29,150.3414764404297,150.5430322424346,148.62825212338797,149.00388011616587,4547500
2023-06-30,151.6424102783203,152.02719479383126,150.5705075609422,151.03774290560787,7580000
2023-07-03,149.6543426513672,150.60714036047418,149.29704176302022,150.56132968669536,4033700
2023-07-05,149.15960693359375,150.17654236273717,149.08631265281846,149.32452256020184,7224600
2023-07-06,148.0511016845703,148.756533104456,147.5014014290762,148.64659864514044,6332500
2023-07-07,145.8981170654297,147.5380332350155,145.8523063834894,147.015830603377,7022200
2023-07-10,146.13629150390625,146.8600638253098,145.66905616767048,146.0629972194948,5739200
2023-07-11,145.33009338378906,146.86007499113296,144.3864521168611,145.78817221159704,6606700
2023-07-12,144.8262176513672,145.61411386931002,144.64298889870884,145.61411386931002,6940400
2023-07-13,145.4949951171875,145.7881722772557,144.21237999053002,144.75290965251736,6401700
2023-07-14,146.46612548828125,146.7959428159978,145.65074570301766,145.8339744452031,5362200
2023-07-17,145.73316955566406,146.4660843183921,144.8902924155114,146.3561498998735,5486800
2023-07-18,145.72402954101562,147.4005996716702,144.9269768809911,145.733200064114,6332500
2023-07-19,145.4308624267578,146.96084394090914,144.1390768559536,144.6704499413792,7522600
2023-07-20,154.2626190185547,154.9588937522787,147.77622162312295,148.36256191979984,21892900
2023-07-21,155.9208984375,156.49808232573668,154.07941231006254,154.07941231006254,12080000
2023-07-24,156.7362518310547,159.2465288149136,156.6538009979443,157.12103636502613,15155400
2023-07-25,157.9364013671875,158.20208090889304,155.5177459655466,156.15905346229704,13790100
2023-07-26,158.23875427246094,159.27401691554974,157.02941943492817,157.57911963007155,14288200
2023-07-27,159.12742614746094,159.67711235559827,157.61575762130624,157.74401913448392,12446400
2023-07-28,159.8511505126953,160.65737355498626,158.70595368192,159.41139884392456,14138800
2023-07-31,153.48388671875,155.948352981499,152.73264473105988,155.46279055569227,22632700
2023-08-01,154.7298583984375,154.91308712478877,152.13713068117252,152.42113730393535,15810300
2023-08-02,155.6643524169922,156.8828437905564,154.69322752754647,154.69322752754647,14595600
2023-08-03,156.33311462402344,156.95610899088157,155.4444407341733,155.70096371480489,17424800
2023-08-04,154.8673095703125,158.2021234291739,153.81373368386915,156.05831751550414,23415100
2023-08-07,158.58688354492188,158.80675241845609,155.1604491446418,155.2795541041097,17736400
2023-08-08,158.66015625,158.99914404622,157.0202404024692,158.4860980599412,27378700
2023-08-09,158.55943298339844,159.64049244880852,157.62494813774248,158.4952952289462,42974400
2023-08-10,157.73484802246094,161.21624960362226,157.24928562602966,159.41141806237573,48213800
2023-08-11,159.27403259277344,159.36563998134307,157.23099071731224,158.0188869521929,45905600
2023-08-14,158.8983917236328,160.87729568578126,157.35008299341825,158.97168601624463,64036900
2023-08-15,158.4403076171875,159.9244785497772,157.70737869486865,158.31204610424095,88958100
2023-08-16,157.9364013671875,160.08020670466252,157.69820543395304,158.0646628665376,85832700
2023-08-17,159.42056274414062,160.68486457709648,158.2753658605079,158.36698720298017,70904200
2023-08-18,158.02801513671875,159.4022514121908,156.9469419973645,158.650995538128,49631700
2023-08-21,153.31900024414062,155.6093945472831,152.0455415707717,155.4628059568122,151319500
2023-08-22,152.10049438476562,153.76789401013792,151.54163766857607,152.87006344262977,56834800
2023-08-23,150.7353973388672,152.5402287918782,149.76427259348148,151.9905286819275,119011400
2023-08-24,151.24844360351562,152.69597418161692,150.12157375339763,150.27731885630382,70755100
2023-08-25,153.4170684814453,154.82896578971548,151.39611356699265,151.61759290041022,18185500
2023-08-28,151.60833740234375,153.38014369283408,150.5747954670184,152.26353821695716,18458000
2023-08-29,151.6267852783203,152.89102944211234,150.20566523209035,152.1435562042221,12208600
2023-08-30,151.09156799316406,153.02947322284106,151.0454247103712,152.36504937729197,9939100
2023-08-31,149.1998291015625,150.94395252635633,148.830710944087,150.75937936666347,15333000
2023-09-01,148.09243774414062,149.93805640923046,147.6587162313683,148.9598807696853,8610100
2023-09-05,148.2770233154297,149.4674554526681,147.90790514877207,148.16629068162348,9019800
2023-09-06,145.8131103515625,147.64950615349005,145.20406684020455,147.50185326790756,9753800
2023-09-07,147.67718505859375,148.62767760062098,146.7082323861615,146.85588526749387,9931800
2023-09-08,148.166259765625,148.276992376326,146.90201552361344,147.2711336132518,6957000
2023-09-11,150.1042022705078,150.13188543006805,148.0647870035157,148.62770138283383,6309300
2023-09-12,150.95315551757812,151.27613034226545,149.0613935294403,149.69813423538966,6045800
2023-09-13,151.33151245117188,152.21740155398814,150.41792611299877,151.11925615947445,7397500
2023-09-14,151.10076904296875,152.51266585761869,150.82392349322473,151.9681977801073,7758400
2023-09-15,148.98757934570312,152.09745669334788,148.76611409477715,151.32228607224374,13392100
2023-09-18,149.92884826660156,150.5563519161591,148.34161493060336,149.6058593357706,5789000
2023-09-19,149.6796875,150.27952208115917,148.92299108560266,149.72583078792832,5550800
2023-09-20,150.3348846435547,150.91624499789265,149.1813728788984,149.67046074063634,3837400
2023-09-21,149.18136596679688,150.87933182626918,149.11676255211142,150.0211258719866,4526700
2023-09-22,148.11090087890625,148.94142366266837,147.88019854108865,148.84915117611325,4976700
2023-09-25,147.88941955566406,147.98170612191825,146.47752239388402,147.714097609306,6722500
2023-09-26,146.74517822265625,147.7233540902968,146.59752531559,147.47419156974203,4904800
2023-09-27,144.9825897216797,146.50521964471406,143.2753866483768,146.33912070661768,10211600
2023-09-28,144.77035522460938,145.76699114925643,144.1612975904992,145.3424925943131,7861900
2023-09-29,143.7275390625,145.43474178807887,143.35842099905398,145.22248552469344,7680700
2023-10-02,143.1738739013672,143.42303638398994,141.48514507735214,143.42303638398994,7259700
2023-10-03,143.3491973876953,143.49685025935227,142.01112668056714,142.740139852825,5740800
2023-10-04,143.51531982421875,143.89366097140424,142.638653722666,143.56146310976445,4955200
2023-10-05,145.01026916503906,145.8407919961642,144.02287042496604,144.2074294895545,5993300
2023-10-06,145.4716796875,146.08073729786977,144.50272695844893,144.95490865359398,5802200
2023-10-09,146.30218505859375,146.61595093248098,144.9641143455891,145.04716380590355,4414100
2023-10-10,146.13609313964844,146.9758530500481,145.71159463167,146.15455326980933,5273500
2023-10-11,144.12437438964844,146.7728471091222,143.99518162876836,146.2283929083387,6922900
2023-10-12,144.26278686523438,144.4750290723172,143.10005215748788,143.88443165364313,5792400
2023-10-13,144.74266052246094,145.2132882489435,144.00441018371953,144.63191381902962,5359800
2023-10-16,145.37014770507812,146.0345715266519,144.73340703599055,145.637770287048,6408100
2023-10-17,144.0413055419922,146.6805408000555,142.67555167055366,143.93979595203,12244400
2023-10-18,140.94065856933594,143.91210560223945,140.31315501254997,143.41379478249488,9097300
2023-10-19,140.56234741210938,141.2913607091103,138.55983843987116,139.96251279872126,7733800
2023-10-20,141.18984985351562,141.99268959187506,140.5715691941985,140.94992445885612,7207000
2023-10-23,139.70411682128906,141.65124525084173,139.5380178853904,141.06064778827835,5874000
2023-10-24,139.55645751953125,140.23011850002774,138.54137565792408,139.11351296321092,6155300
2023-10-25,139.8702392578125,140.42391649571675,138.63366385648715,139.56571044053533,5880800
2023-10-26,137.4986114501953,140.23935671094742,137.38787881936253,140.23935671094742,7612500
2023-10-27,134.36105346679688,137.1848479609137,133.7612189118209,137.02797205356876,11385800
2023-10-30,135.68064880371094,135.87444495026065,134.7301563613366,134.8132058180212,8205300
2023-10-31,136.88955688476562,137.07411596727238,135.32078356202499,136.15130647378314,7576900
2023-11-01,137.21253967285156,138.1999384644096,137.00029744155577,137.67394439885834,5733000
2023-11-02,138.6428680419922,138.79050682180304,136.15127177971547,136.3081617448707,5349100
2023-11-03,139.65797424316406,140.51619432585903,138.559828780413,139.53801859361317,4926800
2023-11-06,139.9901885986328,140.66383554411863,139.68565979509563,140.06401504321343,4851400
2023-11-07,139.25192260742188,140.49772083836987,139.04890342784586,140.20241509318552,4840400
2023-11-08,138.744384765625,140.11013859560347,138.73514766075695,139.66719407146633,5460000
2023-11-09,136.04054260253906,138.88279687955585,135.89288973805586,138.88279687955585,6973600
2023-11-10,135.8836669921875,137.03717859653543,134.39794348254927,136.80647627566586,6930700
2023-11-13,136.23434448242188,136.48349286065462,135.32998121010496,135.88367243474988,5889300
2023-11-14,136.2620086669922,137.07407118088682,135.6252680715748,136.2435485404864,6713600
2023-11-15,137.31402587890625,137.8861631357628,135.90212878437467,135.97595521767107,6729100
2023-11-16,138.51370239257812,138.57829173119603,137.16639441634592,137.96001109693103,6875600
2023-11-17,138.22763061523438,139.1504401272903,137.56322072103336,138.9289748562085,7023300
2023-11-20,139.44619750976562,139.90198613848528,137.24161524764034,137.58579868242558,8851700
2023-11-21,140.5717010498047,140.72983321335767,139.1671053426834,139.62290806848688,5916300
2023-11-22,140.2926483154297,141.42747826631702,139.89265528394924,141.04610738654526,4633500
2023-11-24,141.85540771484375,142.02283679293316,140.32988127503606,140.32988127503606,3351400
2023-11-27,140.7205352783203,141.68795040468441,140.43217579436813,141.66003137018282,6449700
2023-11-28,141.04611206054688,141.213541106915,140.31124672936156,140.83215602079164,5909000
2023-11-29,141.4925994873047,141.57631400798965,140.5251985740589,140.76704525394203,5190000
2023-11-30,143.8646240234375,144.31111570351098,141.3158728869937,141.63213723564098,12481900
2023-12-01,147.32498168945312,147.39939934276723,144.6180980992315,145.52039262930538,10342900
2023-12-04,147.79006958007812,148.8504962161527,146.971489652682,146.971489652682,8920300
2023-12-05,147.48312377929688,148.4877408758939,147.17615626141583,147.71567363886888,7268200
2023-12-06,145.6878204345703,147.58543509325543,145.26923355782728,147.45520774951947,6642900
2023-12-07,144.55296325683594,145.6506057942117,143.91113767270502,145.6506057942117,6532400
2023-12-08,143.64138793945312,144.97158044639372,143.10187059061226,144.57158732840986,6254700
2023-12-11,144.2366943359375,144.6273763201348,143.57626081278764,143.71578502367444,6090400
2023-12-12,144.2460174560547,144.4785672894252,142.9251219120405,144.18089668972755,5324400
2023-12-13,144.91574096679688,145.05527937635523,141.17635004504055,142.93442613324382,10764600
2023-12-14,145.92037963867188,146.1901454211075,144.22742406148532,145.54830554518733,9240700
2023-12-15,144.32974243164062,145.75294637933794,143.02745475431766,144.63670993714427,21727800
2023-12-18,144.59014892578125,145.52034801645794,143.957606163391,144.37620710916488,7231400
2023-12-19,145.53900146484375,145.5762031948661,144.12509443081922,144.45996677588514,6651500
2023-12-20,142.57164001464844,145.72501483788955,142.42280473129625,145.6133812785185,7008300
2023-12-21,144.03207397460938,144.30183975337047,142.59957312111766,142.96235032512453,4598600
2023-12-22,144.60879516601562,145.60410107581,144.1995051867673,144.41344706002332,3798900
2023-12-26,145.24131774902344,145.43666584673986,144.04136690044066,144.18089111758462,4170000
2023-12-27,145.43666076660156,145.59479293841275,144.57156806938224,144.6459857138312,5288100
2023-12-28,145.65061950683594,146.2645544994203,145.10180528333598,145.1111021673269,4377500
2023-12-29,145.7994384765625,145.94825957232212,145.09247794841792,145.58548242530063,4313700
2024-01-02,148.80398559570312,150.35741674892128,145.84594439248295,145.97617172886905,9622100
2024-01-03,149.7341766357422,150.1713714252439,148.6458452002957,149.42720917542943,8232000
2024-01-04,149.41790771484375,150.673668166326,149.22255963018796,150.3108910322915,6766600
2024-01-05,149.8830108642578,150.07834475980238,148.33887669071515,149.2969807901956,5602500
2024-01-08,150.25509643554688,150.37602689027173,148.46911542761583,149.85511753717293,6569800
2024-01-09,150.34811401367188,151.88293714660662,149.39000989175497,150.34811401367188,6357000
2024-01-10,150.5713653564453,151.26901487410655,149.9481334905805,150.52486674357385,4945100
2024-01-11,149.901611328125,150.878323430634,149.5574421295486,150.7574071735129,4946000
2024-01-12,151.05503845214844,151.12945608692664,150.40390188998,150.54342608411878,4496900
2024-01-16,149.31561279296875,150.92485379291452,148.99933420734916,150.29232500910842,6923200
2024-01-17,149.23187255859375,150.04115563208222,148.71096320178742,149.06444349121261,5072100
2024-01-18,149.9574432373047,150.106264345861,148.5435362531521,148.8318957802318,5368500
2024-01-19,150.3946075439453,150.61786047311375,149.092334274748,149.90160307819818,7071300
2024-01-22,151.12950134277344,152.16202326972734,150.07837145312467,150.6923064786036,6824200
2024-01-23,148.6551513671875,149.30628805379786,145.95757901106663,148.51562714638357,9149800
2024-01-24,147.864501953125,149.39002839192477,147.12033959899225,148.5993532293369,7247900
2024-01-25,148.422607421875,148.47841711240952,147.40869352725608,147.9016980519319,5478900
2024-01-26,148.36680603027344,149.52025840946305,148.23657868050336,149.23188466937822,5591900
2024-01-29,148.23655700683594,148.89700473720933,147.8644829743843,147.91098158315486,6483200
2024-01-30,147.687744140625,148.60863234684552,147.09241716723554,148.2272614280271,7200500
2024-01-31,147.80868530273438,149.40862947464444,147.59474340582693,149.20398446239662,8256800
2024-02-01,147.3063507080078,147.42728114995984,146.08779198706125,147.12031370065276,8012000
2024-02-02,145.6785125732422,147.25984854050992,145.0552807470602,146.94358418579935,8295900
2024-02-05,144.925048828125,145.9389626239983,144.4971509195074,145.67850796439257,9121600
2024-02-06,147.0272979736328,147.65052979666757,144.73901566144133,144.95295752458105,9229900
2024-02-07,146.95286560058594,148.24584192047513,146.6831140778954,146.78543655761527,8690300
2024-02-08,145.483154296875,146.35754384648752,144.46924053986217,146.35754384648752,9755000
2024-02-09,145.81805419921875,146.2273442100446,144.80414025021977,145.36226557293077,6529200
2024-02-12,146.83197021484375,147.35287956970245,145.43667121702282,145.65061308911504,6701500
2024-02-13,145.54827880859375,147.39006936233184,144.87853420837732,146.6366102355169,8621000
2024-02-14,144.8692169189453,145.53896142482003,144.03202918974577,145.43663895326384,9098800
2024-02-15,146.8970947265625,147.41800414503516,145.00879098774053,145.09250553134137,7462500
2024-02-16,146.72837829589844,147.39382634940705,145.9035831069462,146.77524425917693,8541000
2024-02-20,147.9561767578125,148.65912324292157,146.625266462184,146.73773332332692,9501700
2024-02-21,148.7247314453125,148.7341132185235,147.27198674596153,148.10614937717875,7472500
2024-02-22,150.3836669921875,150.65548094839772,147.87181199834666,149.0058908734155,8065000
2024-02-23,151.6864776611328,152.07075851098955,150.11188437608527,150.7867141558151,6726000
2024-02-26,150.70236206054688,151.8458229309602,150.49617756235105,151.64900590493738,5465400
2024-02-27,150.88043212890625,150.9366655604354,149.62450448647868,150.28058502345704,5078600
2024-02-28,151.41468811035156,151.47092154551248,150.23372876603648,150.89919111890325,6071100
2024-02-29,151.25534057617188,152.01452048002633,150.84294302309473,151.83643841833552,9849100
2024-03-01,151.9488983154297,152.37067762178523,150.9835196792703,151.67709865052777,5670100
2024-03-04,149.8119354248047,151.47089295635394,148.3404417103879,151.199093303882,8532900
2024-03-05,149.93380737304688,151.12413414992423,149.2121116089498,150.54302196906784,8298200
2024-03-06,149.3433380126953,150.83358130368302,149.23087113835194,149.4558191885232,5773700
2024-03-07,148.90281677246094,150.29934237048158,148.31235140808977,149.96192746163356,5188700
2024-03-08,149.51206970214844,150.32748323723897,148.4904430380683,148.90284069307515,5284000
2024-03-11,151.11474609375,151.19911054167028,148.91218900614948,149.48391939002968,4620800
2024-03-12,152.53004455566406,152.87682696813215,151.021051950635,151.44281704986366,8018700
2024-03-13,150.992919921875,152.47378135542732,149.78384388498915,152.33319777043303,6260000
2024-03-14,149.2214813232422,151.4052890810146,148.73410110492154,150.84294049201296,6988300
2024-03-15,148.256103515625,149.20274733467747,147.24387309163274,148.14363664662227,13165500
2024-03-18,146.92520141601562,148.7341247029381,146.681518418934,148.62165782759035,6602300
2024-03-19,146.40969848632812,147.0189130456524,145.8942015430246,146.84083098328549,7840600
2024-03-20,145.9879150390625,146.62526059683717,145.4724324117893,145.9316816107405,5982300
2024-03-21,145.97854614257812,147.10325760248134,145.36933160639617,145.82858080086245,5915800
2024-03-22,145.49119567871094,146.5503064565772,145.3787288001712,145.9223425489218,7248600
2024-03-25,145.4818115234375,146.19412550831592,145.1818808130781,145.65051182190209,7498100
2024-03-26,145.997314453125,146.4284469900114,145.05067062370867,145.84734909182365,6864100
2024-03-27,148.04989624023438,148.293579186069,145.6879922442526,146.2034891503274,8461600
2024-03-28,148.26547241210938,149.15586841784534,148.19048973879188,148.27483988321808,6181500
2024-04-01,147.8811798095703,148.2279621322778,146.934550449527,147.82494638442657,4364700
2024-04-02,147.8343505859375,147.92808251878685,146.16602515191119,146.74713739290414,6102300
2024-04-03,144.58206176757812,148.1342935130373,144.5726942941168,147.89059618818035,8098200
2024-04-04,142.93246459960938,145.74425078845414,142.84811444630023,145.56616870825653,6947400
2024-04-05,142.829345703125,143.41044352635288,142.09828253794083,142.49193083446445,6783000
2024-04-08,142.07952880859375,143.43855571114045,142.05141209555003,142.4544421516464,5935400
2024-04-09,142.73562622070312,142.96057425322957,141.47033107913583,142.04206148134256,6135300
2024-04-10,140.77676391601562,142.2951382360826,140.36436630566374,142.02332421949401,6809500
2024-04-11,139.4552001953125,141.4047067807354,139.08030113335838,141.33910588056057,8374400
2024-04-12,138.264892578125,139.7176515209138,137.91809591729586,138.771007759373,7100200
2024-04-15,138.3304901123047,140.11129642837182,138.12429133569182,139.06155330157475,8502300
2024-04-16,135.38751220703125,137.0745869061735,134.39401663461558,135.91237671310103,12774900
2024-04-17,135.68743896484375,136.2872861400709,134.5345962784584,135.90300524460912,9378100
2024-04-18,136.59658813476562,136.6528215743939,134.1503334005403,135.88425976218062,9887700
2024-04-19,138.63043212890625,138.83663092236065,135.47184932089155,136.98084178127115,9750800
2024-04-22,139.76451110839844,140.8423710374486,138.05870162895172,139.1927806907934,10118700
2024-04-23,140.17691040039062,141.04857154671313,138.90223343586982,140.45809187667157,10110400
2024-04-24,139.2115478515625,139.64269473896482,137.64632175637078,138.84601618024809,9756300
2024-04-25,137.6088409423828,140.195679425876,137.1495773229443,139.9988480742635,7642700
2024-04-26,136.97146606445312,137.94621223725824,136.79338399887266,137.49633048838533,6183000
2024-04-29,137.6088409423828,137.9837400959954,136.83091161222504,136.97149521945826,6149600
2024-04-30,135.51870727539062,137.66504523456854,135.46247384440483,137.66504523456854,8817700
2024-05-01,141.6952667236328,142.32324486856393,138.35861618759114,139.40835938540687,14470900
2024-05-02,140.5143280029297,142.77313302695512,139.78326473148744,142.50131901746667,8459800
2024-05-03,139.9051055908203,140.4862034661683,138.5460785234672,140.4862034661683,6532700
2024-05-06,139.25836181640625,140.63613782488957,138.6303981182135,140.46742326187106,5042800
2024-05-07,139.38963317871094,140.3362628362205,139.1365683845602,140.0082296526412,7333500
2024-05-08,139.6051788330078,140.33624208446332,139.37086332160584,139.7645116645831,7735100
2024-05-09,140.44871520996094,140.68303070794119,139.5489374050642,139.63328755198117,6546200
2024-05-10,140.5049285888672,140.6736288586248,139.83009890687472,140.589278723746,5710600
2024-05-13,141.73275756835938,142.46382076765371,140.317497129004,140.6267809966815,5628500
2024-05-14,141.8827362060547,142.66066543744319,141.2453905640503,142.32325052143713,8254200
2024-05-15,143.09178161621094,143.35421382070746,141.80773730839,142.29511753166173,5548000
2024-05-16,144.6007843017578,144.6945162249996,142.77312621041168,143.4010900519776,7591000
2024-05-17,144.93821716308594,145.14441597858172,144.06657023515996,145.14441597858172,6521800
2024-05-20,142.9257049560547,144.92875769664735,142.91624734537186,144.6547609115451,7742300
2024-05-21,142.89735412597656,144.17287722038984,142.47216534408338,143.40756048032412,5492400
2024-05-22,145.0326690673828,145.58067697371396,142.02809040039074,142.51939590227053,6609800
2024-05-23,141.4423065185547,144.40909853720973,141.13996572547063,144.32406654075703,8000400
2024-05-24,138.8628692626953,141.54620624915162,138.66444690024167,141.28165271060445,9520600
2024-05-28,136.41575622558594,138.69280553584656,136.19843303969458,138.69280553584656,10499800
2024-05-29,136.47242736816406,137.39836473653222,135.7826995419266,135.88663231714756,8263800
2024-05-30,137.26609802246094,137.5778963709587,136.07560703308636,136.6425013254654,8490300
2024-05-31,138.57943725585938,139.34475400263702,137.18108055289417,137.54012373467683,14621200
2024-06-03,139.59042358398438,140.6864251174315,138.6739292274088,139.12744760045894,7329200
2024-06-04,139.64710998535156,140.12897235015208,138.12591967636683,139.3447547953747,8876400
2024-06-05,137.9180450439453,139.82662240852997,137.80466906368278,139.80772160612355,5891300
2024-06-06,138.34323120117188,138.89123918105258,136.6803208745985,137.4739816383888,5016300
2024-06-07,138.96682739257812,140.1195313424389,138.2676418176676,138.58888339921194,5111600
2024-06-10,139.0140838623047,139.42035747004937,137.56848220692646,138.44717503321542,5749900
2024-06-11,138.6644744873047,139.04241848691092,137.41729533132772,138.71171928939165,5661200
2024-06-12,137.38893127441406,139.08964298161092,136.79367857262332,138.9479085960436,6180500
2024-06-13,137.42672729492188,137.94639124123458,135.9433386668164,137.06769854599622,6840400
2024-06-14,137.5117645263672,137.9180525061038,136.5102382009585,137.1338349603186,4075300
2024-06-17,137.89913940429688,138.35265772652645,136.75589319785126,137.02044675390914,6666600
2024-06-18,137.61572265625,138.31490834096581,137.2472362155289,137.9086347035183,6156600
2024-06-20,139.62820434570312,139.91165872221677,137.01099818933233,137.2566653769521,8749700
2024-06-21,140.54469299316406,140.8564913530482,139.24081156402826,139.73213150236882,15172300
2024-06-24,140.894287109375,141.46119587402237,139.9966935795906,140.78091112328104,6914700
2024-06-25,139.0707550048828,140.9698748430839,138.8345454242419,140.9509740398478,5912500
2024-06-26,138.72119140625,139.07077702748896,137.7385513216078,138.1353817498741,5267800
2024-06-27,137.75741577148438,139.23136109235938,136.85036473405285,138.70225399431064,5739200
2024-06-28,138.0975799560547,138.9573863349528,137.61570315924243,137.9841895477574,10495700
2024-07-01,138.36215209960938,140.49748191718592,137.58737761022937,138.01256646845033,5144400
2024-07-02,137.97474670410156,139.03296107029715,137.70074991895788,138.35267628714587,5492000
2024-07-03,137.6534881591797,138.56052481358333,136.75589469720754,138.13535048076363,3246200
2024-07-05,138.39991760253906,138.4660632073046,136.52914170454886,137.7290904469724,4888500
2024-07-08,137.45506286621094,139.09908659094592,137.23775410819414,138.32431231536555,5260200
2024-07-09,138.93849182128906,139.01408062454647,137.17163418146367,137.63461019500647,5890400
2024-07-10,141.1871795654297,141.2249811708162,138.58887425300588,139.13688219440405,6093200
2024-07-11,141.4423065185547,142.2737689294432,140.44078011476074,141.3289305232844,6350400
2024-07-12,141.6123809814453,142.557219361269,141.00768499504173,141.7257569735555,5336400
2024-07-15,141.0076904296875,141.96197203993665,140.65809041205773,141.8013512392268,6711400
2024-07-16,142.68002319335938,142.74616879303215,140.9320810290337,141.43284416308643,6469600
2024-07-17,147.9427947998047,148.8026011829709,143.06742531441307,143.19025891689094,13801400
2024-07-18,146.84677124023438,148.40576313203292,146.0908976942492,147.0168496361982,10166200
2024-07-19,146.1570281982422,147.87662628104874,145.61846348659833,147.87662628104874,7398000
2024-07-22,145.73187255859375,146.55387731111685,145.11771897972588,146.2326357316353,6840600
2024-07-23,143.9461212158203,145.03267949733635,143.20914849291427,144.8531579130485,6261900
2024-07-24,147.6593475341797,147.78218114258956,143.92723864823625,144.33351224976093,7168200
2024-07-25,150.833984375,151.72213467631306,147.3947735684204,147.84829191184622,10019600
2024-07-26,151.77880859375,152.66695881271127,150.67334962453867,150.93790316843095,8356900
2024-07-29,149.8135528564453,151.1741222635513,149.33169053188183,151.14577826899392,5625000
2024-07-30,152.43077087402344,152.63863646185206,149.62459985542606,149.79466383614644,6545700
2024-07-31,149.1427459716797,151.50484195211752,149.03881317185684,151.03242275602994,8293200
2024-08-01,151.8922119140625,151.93945671621148,149.0104664051373,149.73798157329176,7213400
2024-08-02,155.08575439453125,155.75659591551775,152.11896277790655,152.96931146138263,11280400
2024-08-05,152.35516357421875,156.63527957428565,151.72212369437943,154.75504631893926,12032200
2024-08-06,150.200927734375,152.57246639349307,150.17258374213313,152.16619289330188,7607100
2024-08-07,150.13479614257812,151.75991912907412,149.46396904084412,150.1064521476929,5993000
2024-08-08,151.3820037841797,151.83552216196708,149.31280546095883,149.82302625092277,5094800
2024-08-09,151.75994873046875,152.05284634613878,150.55055665584297,151.28752950078396,4579200
2024-08-12,151.0607452392578,152.7803433712122,149.9552862079112,152.09061547994557,7605400
2024-08-13,149.65293884277344,151.52371465352024,147.8105070278646,151.4292394730899,9711400
2024-08-14,149.73797607421875,150.7489600181391,148.7175489370512,149.12383692010434,5141200
2024-08-15,150.31434631347656,150.7017335400449,149.13329824498092,149.63406147265582,7237800
2024-08-16,150.59776306152344,151.11742696508648,149.4545024736847,150.36155350691178,5012800
2024-08-19,150.82455444335938,151.4481368139898,150.35213525576967,150.66393364962963,4408400
2024-08-20,151.32528686523438,152.05280188591829,150.8623109653647,151.17410929583775,7275100
2024-08-21,152.5252227783203,152.57246757145037,151.4670086142229,151.552040591605,5019400
2024-08-22,153.39451599121094,153.52679278706455,151.9205560154414,153.06381679303217,6552100
2024-08-23,155.07630920410156,155.16134118793613,152.78034472095356,153.5362182171324,7093400
2024-08-26,155.52981567382812,156.5691434539479,154.5188318861583,155.11408456178023,6870600
2024-08-27,155.12998962402344,156.16767679035647,154.3779082949286,155.65359790454076,4388700
2024-08-28,156.05345153808594,157.08162391050038,154.90152776425865,155.17760422673675,5187000
2024-08-29,156.3485565185547,156.8150465236416,155.52031268801767,156.7293691328652,7390100
2024-08-30,157.9003448486328,158.01458137530793,155.94872186767216,156.24384257926062,7971000
2024-09-03,159.13795471191406,159.756755244312,156.86265197023562,157.31009771883697,6956500
2024-09-04,159.328369140625,160.7468690472372,158.07170916539525,159.7567706679924,6939100
2024-09-05,157.0720977783203,159.3378711614934,156.91977272817795,159.1760312431608,4600400
2024-09-06,156.49134826660156,157.97648097122087,156.24381646482223,157.2529443524987,6016900
2024-09-09,158.6143341064453,159.3759447593043,156.57703396279356,156.92927289755343,7538200
2024-09-10,159.34738159179688,160.37555376811744,158.74761085731456,159.46161810254986,6559600
2024-09-11,156.91026306152344,158.78570901332097,156.21528544465426,158.78570901332097,5920200
2024-09-12,156.7388916015625,157.1768224976273,154.90151967540524,156.3200049687657,4540900
2024-09-13,157.57664489746094,157.79560305448646,155.95823136117943,156.8340785157963,3693400
2024-09-16,158.9761199951172,159.22363731086764,157.82418175803195,158.37634917918288,5187800
2024-09-17,159.05226135253906,159.67106182281475,157.9669563913851,158.26209158915472,5066500
2024-09-18,158.17642211914062,160.2708552958487,157.78610914213294,158.63339728124967,4722800
2024-09-19,156.91026306152344,158.38586663832984,156.52945042354372,158.25258584666614,4956100
2024-09-20,156.28192138671875,156.95784016286686,155.70119486804106,156.4152021683899,11839000
2024-09-23,155.3870391845703,156.6056105544226,154.91103428926812,156.51040376475552,4671600
2024-09-24,154.9681396484375,155.6440729351497,153.79717177092394,154.9776545160053,6041600
2024-09-25,152.8927764892578,155.4822442531595,152.66428891249598,155.17759415081042,5420000
2024-09-26,153.64486694335938,153.78766260823832,152.3406181157407,152.550061441908,6122000
2024-09-27,153.65438842773438,155.58696731706172,153.59727015932359,154.22560016487813,7553800
2024-09-30,154.28271484375,154.39695137791375,152.96893659479647,153.8162393115696,6010000
2024-10-01,154.21607971191406,154.9396019631172,153.44493953673546,154.63495184059965,4408000
2024-10-02,153.43539428710938,154.33980055366712,152.94034519929846,153.75907408330656,4684400
2024-10-03,152.79754638671875,153.69243776768076,152.5309848510936,153.0641079223439,4791200
2024-10-04,152.59762573242188,152.79755415756563,151.16009634029794,151.96931038164493,5331100
2024-10-07,151.8740997314453,153.14027432104118,151.57897906141065,152.55954784801622,4266000
2024-10-08,152.02645874023438,152.5595819441583,151.3219662056104,151.83605967119266,4766300
2024-10-09,152.94036865234375,153.48302121140156,151.85507806074483,152.24540556534606,6047200
2024-10-10,152.8070831298828,153.64485637693696,152.32156337616715,153.6162972459252,4793900
2024-10-11,153.7115020751953,154.85391088065782,153.46397024089242,154.39693573725992,5253500
2024-10-14,153.8447723388672,154.35885118188656,153.178353931951,153.6543587788825,5964000
2024-10-15,156.22479248046875,158.74761229250234,151.36953735836804,152.3215470272886,10548000
2024-10-16,156.39617919921875,157.0721125939091,154.8348836042836,156.12961759958478,5982100
2024-10-17,156.57705688476562,157.08162092926554,155.7773721191262,156.37712843009723,4798000
2024-10-18,157.1958465576172,157.35768647325938,156.06295262160583,156.97688838075024,5908000
2024-10-21,155.0157470703125,157.31960888846243,154.5206979401226,157.17681323865557,6082700
2024-10-22,155.60597229003906,155.87253382632537,154.1303544471236,154.5302112780673,5680300
2024-10-23,157.9003448486328,158.03362563859264,154.62542883645787,155.00624146956926,7441600
2024-10-24,155.8154296875,157.56712409221257,155.5012647355925,157.08160436281852,5386300
2024-10-25,153.15933227539062,156.0534355057139,152.90228557706573,155.82494793759003,6400400
2024-10-28,153.8447723388672,154.19701127711167,153.27356071194336,153.39732662063037,4842500
2024-10-29,152.40725708007812,154.38743935907263,152.37869794600996,153.71152048410204,5216900
2024-10-30,152.9022979736328,153.540142810695,151.39812071285994,151.7979630946071,5820500
2024-10-31,152.18826293945312,153.14978745457188,151.80746489078604,152.3120288422014,8613900
2024-11-01,152.44532775878906,153.33068986426392,152.20732531841202,152.87372924616452,5256400
2024-11-04,150.64601135253906,152.58810463536028,150.48417145618015,152.0359372984517,4644000
2024-11-05,150.75074768066406,150.9792207205984,148.84672820646063,150.10337350564672,6547100
2024-11-06,150.30328369140625,153.1307534293918,149.79871975413067,152.2263326677526,8926600
2024-11-07,149.20848083496094,151.1315445559476,148.9990375323527,150.8649829938127,7522800
2024-11-08,148.0089874267578,149.54172402046453,147.9518691542563,149.4655614816228,8926100
2024-11-11,147.599609375,150.01772267011432,147.47585796530242,148.15177686343935,7146800
2024-11-12,145.3147735595703,147.5995912417409,145.05772684920825,147.1140714790717,7181400
2024-11-13,145.88600158691406,146.1430337995548,144.15333660472038,145.18150903483783,7161900
2024-11-14,144.58169555664062,146.21915325627944,143.52496430311226,145.8288258278334,7716400
2024-11-15,146.6094970703125,147.01885427771643,143.65826112387532,143.65826112387532,11328500
2024-11-18,147.34254455566406,147.87566766059663,145.0196385757306,145.26715586687354,7510600
2024-11-19,145.65750122070312,146.59999616403024,144.75309480470148,146.56190763670477,8233700
2024-11-20,145.76222229003906,145.89550308210397,144.5246066342839,145.68605976221386,9061300
2024-11-21,148.0375213623047,148.5706445169231,145.47661271996174,146.24773832050025,10141100
2024-11-22,147.72337341308594,149.5797897998795,146.71424525034266,148.41833656783058,8266000
2024-11-25,148.3040771484375,149.50360419948817,147.6947914917349,147.72335062200878,12256200
2024-11-26,148.28489685058594,148.98543618637723,146.97977424738485,148.89907133191147,5683500
2024-11-27,149.12937927246094,150.3097575356133,148.36167214455432,148.39046042969707,4140400
2024-11-29,148.755126953125,149.38849855512373,147.94902562862254,148.63997380478918,5687800
2024-12-02,148.5535888671875,148.7455156361678,147.7186847253588,148.50560351417397,6946500
2024-12-03,146.21205139160156,148.55359616010614,146.1640660362323,148.55359616010614,8674400
2024-12-04,144.3983154296875,145.4443288126812,143.7073673168849,145.1852196096116,10333100
2024-12-05,143.48666381835938,144.31196220610045,142.93965708369436,143.94729104965708,7898100
2024-12-06,143.2851104736328,143.9952556117539,142.39264442669784,143.36188410827347,8389600
2024-12-09,143.56341552734375,144.80135559825806,142.45021979898652,143.26591220444993,8410300
2024-12-10,143.20835876464844,144.74380240639618,142.34468086808772,143.88010986675965,9398700
2024-12-11,140.7228546142578,142.50780139932587,140.46374542074378,142.50780139932587,13446700
2024-12-12,140.33900451660156,141.80726557741076,140.11827481449086,141.2602588935812,6176300
2024-12-13,140.70364379882812,141.0011324600985,139.18739756883383,139.7823895344471,8324900
2024-12-16,138.0454559326172,141.30825529093318,137.7287701398216,140.80923392261204,8732400
2024-12-17,140.5021514892578,140.74206363319422,137.91110326335962,138.0358476209154,10343000
2024-12-18,138.9091339111328,140.81883988373258,138.83236026648265,139.8016000744245,9336100
2024-12-19,137.7863311767578,139.3601541057871,137.58479855203828,138.32373198524482,9516700
2024-12-20,138.64041137695312,139.60005981749794,136.98981488777022,137.27771234854828,17702800
2024-12-23,139.40814208984375,139.46571865711493,137.6615747862222,138.79396763382746,8720800
2024-12-24,139.96475219726562,139.96475219726562,138.50608224573483,139.14904504151625,3164100
2024-12-26,139.70562744140625,140.46374329746843,139.2353944148147,139.6384450191473,4656300
2024-12-27,139.19700622558594,140.68446420494374,138.84192635295773,139.02426189561788,5588300
2024-12-30,137.5560302734375,139.03389735477373,137.18176789573627,138.9955032096846,6268700
2024-12-31,138.7843475341797,138.8323328830058,137.52721046752802,137.95904932081768,5811400
2025-01-02,138.20858764648438,139.8879726013951,137.97826672401828,139.36975418661507,6051300
2025-01-03,138.37173461914062,138.7364057746174,137.82472788592543,138.2565814723903,5878800
2025-01-06,137.86309814453125,138.9762938471677,137.16254424164083,137.7191420929591,7910500
2025-01-07,140.3293914794922,141.24105459615257,137.79592010781911,137.9590585903311,8422000
2025-01-08,136.52920532226562,139.71523094085825,135.7326952568487,139.61927487028785,11175600
2025-01-10,136.3276824951172,137.8727173803559,135.00336269546227,135.31045728677546,8821500
2025-01-13,138.64041137695312,139.21620629850926,136.5675672310388,137.21052992903506,10376400
2025-01-14,138.9091339111328,138.96671048385156,137.09539865511462,138.66922176275435,8681700
2025-01-15,139.12025451660156,140.15667673050484,138.43889758820282,139.4465315164206,7434600
2025-01-16,141.80728149414062,142.0951790104138,138.24697865048316,138.49649666468872,8964000
2025-01-17,141.0971221923828,142.39265356509358,140.69407156695766,141.49058160401492,10773100
2025-01-21,142.1719207763672,142.8532776608308,141.11631620212424,141.60573167029443,11111700
2025-01-22,139.40814208984375,139.60006886177246,136.3756493069184,138.18938439133169,16834700
2025-01-23,140.7228546142578,141.94161230204338,138.96669611257198,139.57127934974673,10506400
2025-01-24,140.89561462402344,141.6729276479222,140.47336689670175,140.88600876644531,9887300
2025-01-27,146.72067260742188,147.25807347591157,142.0279915794718,142.45983051714566,15152300
2025-01-28,144.3119354248047,146.79742134133608,144.23516179332339,146.4999326712666,10320600
2025-01-29,145.05087280273438,145.7514267888298,143.94728282497286,144.4271071010561,7156400
2025-01-30,146.70147705078125,147.9202348749573,145.25241293377397,145.78022259330496,8911000
2025-01-31,146.01052856445312,146.9989654505446,145.92416370483167,146.46156457768814,8457800
2025-02-03,145.74180603027344,146.31760095993073,144.69579272970026,145.86656501508298,6687500
2025-02-04,147.29644775390625,147.9585928927294,144.8589324594774,145.25239184336863,9645000
2025-02-05,148.4480438232422,148.48642332417165,147.12372407350506,147.61315422957773,8947000
2025-02-06,147.3156280517578,148.59196224537988,147.1908837107477,148.54397689434217,7418100
2025-02-07,146.94137573242188,148.2561041534855,146.63429582243552,147.33483513737792,6204900
2025-02-10,148.01617431640625,148.14091865097276,146.14484822411143,147.41159113932193,6936200
2025-02-11,149.82994079589844,150.07944416071115,147.72830801631162,147.89144652135172,7554500
2025-02-12,148.99502563476562,149.3788938329671,148.04498296075036,149.00463149164224,7746000
2025-02-13,150.9047393798828,151.7492348170456,148.54399742739386,148.99503343196258,10704700
2025-02-14,149.84912109375,151.11586425803483,149.76275623520567,150.94311989787084,6411800
2025-02-18,149.92649841308594,150.37146199599803,148.23367072791967,149.1042619190336,9670700
2025-02-19,152.73175048828125,153.12835937587795,149.69433453307806,149.93616706059515,7974700
2025-02-20,154.46327209472656,154.72445536950636,151.82246490395653,151.82246490395653,7224000
2025-02-21,156.99769592285156,158.16815721035397,154.0763545578589,154.65675858755915,12546900
2025-02-24,158.39064025878906,159.48371326496002,156.7558499830282,157.36525792585152,10201900
2025-02-25,160.6638641357422,160.99275285054702,158.58411017768495,158.73888654710618,12303700
2025-02-26,157.752197265625,159.73522695770862,157.24918147186014,159.68685749979707,11396400
2025-02-27,158.38095092773438,158.5937647275845,156.4462907547592,157.00734397615628,8364600
2025-02-28,159.6288299560547,160.5187719477418,157.38461686027114,158.9420190357954,12037200
2025-03-03,161.81497192382812,161.86334137908483,159.45468420604095,159.57077385071412,9191500
2025-03-04,160.01576232910156,164.43646849479492,159.91903816381347,162.58886424242598,11999700
2025-03-05,159.72557067871094,161.02180446822777,158.1875190801362,159.13549861909382,8744800
2025-03-06,160.41236877441406,160.45105548787242,158.16815562635495,159.609482937494,8037900
2025-03-07,161.24427795410156,162.9564565893437,159.31928548802532,159.73524516112388,9637600
2025-03-10,162.2212677001953,164.34939113713583,161.59250898937893,162.00845388047253,17559000
2025-03-11,160.44137573242188,161.8343334793595,159.65784068984107,161.73759456237744,9890300
2025-03-12,157.5297088623047,158.8452783567575,156.92995417787986,158.38094929263139,8010700
2025-03-13,157.66514587402344,159.16449579270065,157.34592515447991,158.09075873979484,5286700
2025-03-14,157.4910125732422,157.81990126760087,155.83688635378243,156.82355243685853,6235800
2025-03-17,157.52005004882812,158.15849153879324,156.44631291035506,157.10410513767036,6669800
2025-03-18,158.8839569091797,159.4740288159661,157.64577565564176,158.10042194908135,7348800
2025-03-19,157.66514587402344,158.9903834512878,156.91062954066115,158.61312528460667,5936400
2025-03-20,157.6941680908203,157.86828043609006,156.63976699007893,157.67481735458355,7485900
2025-03-21,158.28424072265625,158.76790580851875,157.17180216900024,157.67481799117763,17047100
2025-03-24,157.95533752441406,159.0194066192989,157.19115318193283,157.52004189842918,8046400
2025-03-25,155.75950622558594,158.8259410562263,155.31452785823248,158.17783162138625,7456200
2025-03-26,156.4366455078125,157.1814939155619,155.39192709130742,155.94331240569394,7223500
2025-03-27,157.8005828857422,158.7098756505802,156.04971755613565,157.04606649795912,6752500
2025-03-28,158.36163330078125,159.14516839996884,157.58776618987577,158.24554363995858,5760300
2025-03-31,160.42202758789062,161.18622666764645,158.86462546515958,159.0000510949498,12481400
2025-04-01,148.24334716796875,156.52369098418785,148.1272722719447,155.47897263911065,23303100
2025-04-02,150.28440856933594,150.70035343748125,148.436804491081,148.97850699856625,10356900
2025-04-03,154.59872436523438,155.40159546667434,152.33516041036202,153.5636739347204,13249300
2025-04-04,148.2336883544922,154.59872297882245,147.93380358739154,153.96028149060214,16601700
2025-04-07,145.6992645263672,147.7209957862234,142.58446021857634,146.3377059768481,18083000
2025-04-08,145.0995330810547,148.57224503032552,143.16487263997396,148.57224503032552,12018400
2025-04-09,146.03781127929688,148.1852850600972,136.87719499856985,137.55432304650589,18773700
2025-04-10,143.8323211669922,146.26031450956327,140.38862822332476,145.45742872051707,13830500
2025-04-11,146.7729949951172,147.3727497065952,143.34865286436727,144.45140861090906,9943900
2025-04-14,149.3170928955078,149.6169629011498,146.23130714144625,146.63758406137615,10685300
2025-04-15,148.6012725830078,151.19372540339688,147.13094118785625,150.61332133248166,10847700
2025-04-16,148.8817901611328,150.54559923607638,147.26635054679667,150.29408394503258,7986900
2025-04-17,152.32546997070312,154.23111142279075,149.12360974458923,149.12360974458923,10981100
2025-04-21,151.79344177246094,153.06064187730914,150.410166775653,152.79947337039977,6285400
2025-04-22,152.59632873535156,153.53464014675,151.15500152107364,152.40286566048607,7136300
2025-04-23,150.3037567138672,151.9675656783417,149.28805714969707,151.377493722798,9099400
2025-04-24,149.86843872070312,150.8067500572832,148.42712638163798,150.7100259077062,8310400
2025-04-25,149.5299072265625,149.83944522171166,147.46948913401275,149.27840668298583,8643600
2025-04-28,150.2747344970703,150.7196980700793,148.79472064894418,150.41982810559807,5815200
2025-04-29,150.81643676757812,151.89017375000978,149.2493519962841,150.37145843491794,5246700
2025-04-30,151.20338439941406,153.03163792568353,149.95553490953938,153.03163792568353,9598200
2025-05-01,149.41383361816406,150.0232416252437,148.34976446248862,149.9361854471306,7325800
2025-05-02,151.0195770263672,151.59998101560734,149.97485870190687,150.97122232750266,5974500
2025-05-05,149.93617248535156,151.66768695049498,149.67498921330326,151.5516120563787,5464100
2025-05-06,149.42347717285156,150.80675208874706,148.66896089867484,149.76204860164506,8644200
2025-05-07,152.16102600097656,152.7801166677254,149.4524987988433,149.68466333398126,7853100
2025-05-08,150.57461547851562,151.89985306765084,149.72336021877442,150.72939184579346,7606100
2025-05-09,149.18165588378906,150.96153980503095,148.78504698255867,150.34244910371697,6520400
2025-05-12,149.10427856445312,150.28442260611004,146.24097463708367,147.05354323449288,9023800
2025-05-13,143.59048461914062,146.74397548004978,143.24224518736096,146.74397548004978,10549600
2025-05-14,141.57843017578125,143.958068651586,141.3462656443927,143.81296028436105,10216000
2025-05-15,144.72227478027344,144.7609614945403,142.51676305986737,143.16487253592385,7945800
2025-05-16,146.3860626220703,146.55050696426127,144.34499556502792,144.7802911485082,8051200
2025-05-19,147.5081787109375,147.6726230638918,146.1152209443994,146.9277747214511,12639900
2025-05-20,148.6399383544922,149.007513734839,147.15024181845712,147.35338762256558,7351500
2025-05-21,148.17562866210938,149.3847913771101,148.00151631608705,148.1853114104131,7032200
2025-05-22,147.624267578125,148.3110785386846,146.42477277444843,147.66295429295226,7535300
2025-05-23,147.9434814453125,148.46583325276845,147.23733454032794,148.0015188949979,6727300
2025-05-27,149.51422119140625,150.2849567928587,148.22639171638167,148.80202058666853,6990700
2025-05-28,148.71420288085938,149.894713230394,148.22639139353228,149.5434883640455,8459300
2025-05-29,149.836181640625,150.28495988254767,147.8654190187034,148.05078976999448,6810600
2025-05-30,151.42645263671875,151.9142641375451,149.48495750417268,150.14837399962022,15529700
2025-06-02,151.61181640625,151.7484030381292,148.58739387554635,150.71424498435448,6669300
2025-06-03,150.6557159423828,151.86549393461368,150.32400766424476,151.02645748078825,8209800
2025-06-04,149.48497009277344,151.15327722947063,149.3971675880687,151.15327722947063,6983900
2025-06-05,149.9142303466797,150.33374108147183,148.91909074097882,149.9337320877222,5295400
2025-06-06,151.25083923339844,152.22646227683742,150.2459486896024,150.2459486896024,5391500
2025-06-09,151.44593811035156,152.18742103952803,150.68495344175128,151.07521153258733,5319000
2025-06-10,152.63623046875,153.60210269353445,151.24109658644394,151.64109074201698,6791600
2025-06-11,151.4752197265625,152.7825658442017,150.95814073397457,152.48987597049666,6016000
2025-06-12,152.8411102294922,152.86061197193177,151.38742652912393,152.43135033586668,7075500
2025-06-13,153.2703857421875,153.82648313457608,152.16792694173967,152.16792694173967,6587500
2025-06-16,151.4362030029297,152.68499924993841,150.68496912584888,152.6069476236472,7024000
2025-06-17,148.66542053222656,151.49472095450506,148.3922473143579,151.1922802409236,6407100
2025-06-18,147.05564880371094,148.92884315413448,147.03614706246643,148.8508064155057,8325200
2025-06-20,146.1385498046875,147.70930329241878,145.4068326188529,147.5727166798693,22605500
2025-06-23,147.6312713623047,147.7385755950332,146.0897853209143,146.0897853209143,7397900
2025-06-24,148.4800567626953,148.99713572696209,147.29954646191248,147.80687455609248,9544200
2025-06-25,148.56787109375,149.33862160994235,147.0556524476084,147.68981633757784,7153700
2025-06-26,148.304443359375,149.4849537116276,147.83614849877387,148.97762559532833,7156900
2025-06-27,148.6947021484375,149.59227350478832,147.32882104256214,148.30444402383372,10010800
2025-06-30,149.0264129638672,149.24105121440112,147.82640084448238,148.4507989678105,9039300
2025-07-01,152.119140625,153.90453255131712,149.08495241472764,149.27032317180044,10896700
2025-07-02,151.76791381835938,152.4898802086541,151.28986806861928,152.1971903268143,5544000
2025-07-03,152.20693969726562,152.47036207700722,151.10449582432045,151.64107656777378,3482500
2025-07-07,151.4849853515625,152.53865996388424,151.11424385273855,152.2167025917727,6270900
2025-07-08,151.9923095703125,152.9386651269875,150.45083823994491,150.71424574694203,6438200
2025-07-09,152.47036743164062,152.8703764506989,151.28987189039452,151.99230678299833,6147400
2025-07-10,153.8459930419922,155.3582116672941,152.0215827982655,152.29475604694676,6732900
2025-07-11,153.07525634765625,153.3484296209846,151.39718344759532,153.26062711602052,7872000
2025-07-14,152.99720764160156,153.631356643652,151.72889475067498,153.0459768826626,10185600
2025-07-15,151.38743591308594,153.358198759963,151.02646012683638,152.54842979373714,6873200
2025-07-16,160.7631378173828,162.07046891059173,155.90454001784863,156.39235146040332,22134800
2025-07-17,159.0070343017578,160.68510707307274,158.34361779938138,159.20215592676115,11295700
2025-07-18,159.70947265625,161.0753537073861,159.37776442874932,159.93386176463872,9792600
2025-07-21,160.3533935546875,160.899740041481,158.81190746019132,159.77777956944612,8254000
2025-07-22,163.83636474609375,163.96320050104055,160.69487235317746,160.97779647556757,9288000
2025-07-23,164.97784423828125,164.9973459784646,162.52902114423384,164.490032770855,10617600
2025-07-24,165.4266357421875,165.84616137902782,164.76321923886425,165.36810074328554,6636900
2025-07-25,164.1973419189453,165.73882793309863,163.35830560457893,165.61199218855185,6254900
2025-07-28,162.16806030273438,163.84613309560726,161.0265831506335,163.76808146723806,8014600
2025-07-29,164.01197814941406,164.66564375316304,162.31438882166105,162.60707869014607,7663400
2025-07-30,163.1826934814453,164.499790452766,162.71439862163524,163.61196997244835,6189200
2025-07-31,160.72413635253906,162.99733970029322,160.2265591012451,161.88511520296575,11036200
2025-08-01,163.25099182128906,163.53391592972537,160.77290116417123,161.44608338903257,8927800
2025-08-04,166.8705596923828,167.0169120817774,162.57782423301498,162.95831662651884,12679100
2025-08-05,166.577880859375,167.3778839997418,165.51444044678632,166.38274434466635,7934400
2025-08-06,166.4315185546875,167.9827555011224,165.54369808088197,165.76810208205814,8957200
2025-08-07,167.34860229492188,167.43640478699228,165.77784876053298,166.99737743981552,9315900
2025-08-08,169.104736328125,169.71938358173364,166.23640232705208,166.8510495806607,7686800
2025-08-11,169.5828094482422,170.34379425313082,168.8315755148118,169.17303465776985,7256800
2025-08-12,168.56814575195312,170.49987518097336,167.6217902229204,169.75840703822468,7916700
2025-08-13,170.16815185546875,170.28522184479246,168.49007920331394,168.78276906344786,5878700
2025-08-14,170.46083068847656,171.43645356792672,168.50958492957625,170.0608217350643,8241700
2025-08-15,172.33404541015625,172.94869266139256,170.69500592262676,171.2901365456328,9477600
2025-08-18,171.95355224609375,173.24138174050665,171.80721475210385,172.19745799396054,9284000
2025-08-19,173.4657745361328,173.8365011577051,171.69013350835883,171.74866850719522,9274200
2025-08-20,174.48040771484375,176.20726453345222,173.6608879960152,174.14869947915005,9030000
2025-08-21,174.5682373046875,175.69021282214086,173.8170182225729,174.19751064300345,8859600
2025-08-22,174.91944885253906,176.74387406623362,173.14382265519245,175.6511661348864,9524000
2025-08-25,174.0609130859375,175.86580680839708,173.94382819611357,175.14385527414382,6229100
2025-08-26,173.4515838623047,174.11004745781355,172.74397805899144,173.70710234835255,9145000
2025-08-27,173.74639892578125,174.63091363627115,173.12725512414355,173.9233078663175,5951100
2025-08-28,172.4294891357422,173.4515931267191,171.62361386987305,173.33364882246966,6424700
2025-08-29,174.11985778808594,174.35573137148032,172.4294679306645,172.94051986330464,6942300
2025-09-02,174.99453735351562,176.1149106462827,173.84468173694643,174.4146983239466,9049000
2025-09-03,174.93557739257812,175.22057819566584,173.4908835031877,174.6112568259705,7111700
2025-09-04,175.6824951171875,175.82008430293442,174.493334653824,174.93558453686083,7854800
2025-09-05,175.35816955566406,176.41957824245722,173.5203679848044,174.93557956719528,9733800
2025-09-08,175.06333923339844,176.36060646744886,173.65795015074036,174.30659126581332,8382500
2025-09-09,173.91348266601562,175.02401851272893,173.4122531725237,174.9355715419111,6005700
2025-09-10,172.7636260986328,173.56951633226447,171.3287695795717,173.26485563285135,6891600
2025-09-11,175.42697143554688,175.7709518877805,172.60638571317708,172.7243150128704,5792500
2025-09-12,174.99453735351562,175.72180299819078,173.6776102367026,174.65057191045906,7220200
2025-09-15,174.34588623046875,175.90852428276543,173.88397652262117,174.6996890918819,4768100
2025-09-16,173.42210388183594,174.5621221393924,172.6260360952719,174.51299492702006,7959300
2025-09-17,174.14935302734375,175.43679789881932,173.5498540800044,173.66779837849663,6714900
2025-09-18,171.1616973876953,173.9724607587581,170.87668157601635,173.5596932002785,8200900
2025-09-19,173.15675354003906,174.11005542992743,170.34599008042846,171.6825772149866,25621000
2025-09-22,171.21083068847656,173.5989889374499,171.12236871932896,173.0584546641959,7193900
2025-09-23,173.54002380371094,173.92330901529326,171.82015157295257,171.87911622148897,8350400
2025-09-24,173.6481475830078,173.90366608360205,172.71450556595894,173.1076132585804,6676800
2025-09-25,174.67022705078125,175.32869064784728,172.8815676520236,174.14935263823506,8475000
2025-09-26,176.6161346435547,176.81268846148026,174.2672812785206,175.52524370855838,8634400
2025-09-29,178.4932403564453,178.73893637719632,176.70458112334734,176.73406344614986,8597100
2025-09-30,182.2278289794922,182.78802312370823,177.95272707277698,178.57187086847907,11569000
2025-10-01,182.8470001220703,183.34821465646485,180.7438425717239,182.79785791373442,13063800
2025-10-02,182.7781982421875,183.3776971939459,180.92073673527972,181.019021152065,7728100
2025-10-03,185.3924102783203,186.51278366279104,183.69219781682014,183.83960944789652,8675100
2025-10-06,184.92066955566406,186.6503642638064,184.14426167812178,184.7634204923522,5806100
2025-10-07,185.63809204101562,185.97223504313797,179.7905295194919,180.60624213956396,8776800
2025-10-08,186.42433166503906,186.9452060756144,185.0287799427337,185.61844144726052,5751200
2025-10-09,187.79039001464844,188.79283400829777,186.46362546434503,186.7289813736248,7484800
2025-10-10,187.4365997314453,188.76336437091723,186.5815822948636,188.7043847234836,9598000
2025-10-13,187.6134796142578,188.00660225384837,186.02137416317822,186.56190842005566,7979500
2025-10-14,187.56436157226562,191.05323331805099,182.6799231328508,189.59871697072126,13613300
2025-10-15,187.8788604736328,190.2375516361476,186.0410587522667,188.18352118721785,9473000
2025-10-16,188.81248474121094,189.72648179210694,187.1515771402817,188.04591430941218,10611800
2025-10-17,189.8935546875,190.2670174632995,188.38005869848845,189.18594889971985,7764400
2025-10-20,190.3849334716797,191.13184397504045,189.01886419821113,190.16871977405776,8034700
2025-10-21,188.5766143798828,190.2178619966558,188.46850753106088,189.68715019476815,6716000
2025-10-22,189.61839294433594,190.119607506236,188.47835963120522,188.6945733628713,6343100
2025-10-23,189.15646362304688,190.6601221495905,188.24246657972077,189.24491059611512,8882500
2025-10-24,187.12210083007812,188.99922220247353,186.158976537956,188.89111534343255,6903400
2025-10-27,187.02381896972656,187.51521102429962,186.26707100677734,186.71915829526654,7126000
2025-10-28,183.7118377685547,186.2474227276328,183.40717707511635,186.00172668504106,8329500
2025-10-29,183.3875274658203,183.87891953834813,181.48092382503702,183.4857968826683,10551100
2025-10-30,185.7953338623047,186.1196544091771,183.69217652484616,183.85924801939953,7072500
2025-10-31,185.61843872070312,186.23759753765293,183.54476355197036,184.23272445795735,8791700
2025-11-03,183.05337524414062,185.77569161087956,182.32612455131903,185.7462092852839,7542600
2025-11-04,183.64305114746094,184.58653055172488,182.4243933744734,183.6135688219617,7209400
2025-11-05,182.7978515625,184.59634835321097,182.2081750751503,183.42683281749487,5049400
2025-11-06,183.75115966796875,184.29169396716964,182.17869897867467,183.5447683915115,6767400
2025-11-07,183.35806274414062,185.10741749059588,182.50303025851102,184.50791850471418,6959200
2025-11-10,185.1663818359375,185.17620427972008,181.93301329588363,182.79786822386598,5323800
2025-11-11,190.49305725097656,190.58150422711145,185.79535012348111,186.1294931418327,7465600
2025-11-12,191.0434112548828,192.18344447353272,189.74614396849537,190.0311447751098,8803000
2025-11-13,191.88861083984375,192.62569897367158,190.11959631943768,190.86652189255162,8631600
2025-11-14,192.55690002441406,193.78538026750178,190.2178838389208,191.64291792168322,8824800
2025-11-17,196.14405822753906,196.8320041184873,192.5274048355465,193.56916860880608,13257000
2025-11-18,196.5568389892578,196.85167724696106,195.11214502299904,195.58387723766617,12468600
2025-11-19,199.02362060546875,199.97692246795802,195.94751629294967,196.55683769104098,14690800
2025-11-20,199.573974609375,200.98917111824514,198.09979845771855,198.52238842306767,10612600
2025-11-21,200.38967895507812,203.3773511207127,199.49535679003293,200.44865859984768,13189100
2025-11-24,202.502685546875,202.57147264227206,199.50519076522252,200.20297413908787,14803900
2025-11-25,204.40159606933594,205.44007432722765,202.92794482022794,202.92794482022794,10275300
2025-11-26,205.28182983398438,205.52908584700302,203.6796156988426,204.22358194574548,6729000
2025-11-28,204.64886474609375,205.18294621066644,202.38400619964904,204.72798848496785,5638300
2025-12-01,203.08619689941406,205.42029428513683,203.08619689941406,204.23346843115957,8473700
2025-12-02,203.1653289794922,203.3532459732576,200.870800913071,202.98731188517345,8393600
2025-12-03,203.07630920410156,204.7477622566812,202.74004465032948,203.64004506291835,8363300
2025-12-04,200.25758361816406,202.6114656652222,199.49604597225286,202.34442494855622,9049900
2025-12-05,199.713623046875,201.21694385760424,198.6059209186059,200.7521013377821,7785300
2025-12-08,199.4070281982422,201.02902706966685,198.78395329612633,200.4356216823513,7785700
2025-12-09,197.7652587890625,203.28399979452115,197.7158045675227,200.69276157197945,7509400
2025-12-10,204.2730255126953,204.53018143025886,197.98283180120782,198.38833529328133,11599800
2025-12-11,207.70494079589844,208.9214512752855,205.54887555375637,205.61809939160463,9009000
2025-12-12,209.25770568847656,209.94013468251453,206.66646756392336,207.9719714336103,6922700
2025-12-15,211.8192901611328,212.82809897096232,206.71592217177204,208.04122593814026,8467000
2025-12-16,207.00274658203125,212.37314018651233,206.51811934148523,211.65115682105406,9949800
2025-12-17,208.0214385986328,209.1983796799915,206.17196838010346,207.09175353970042,8457600
2025-12-18,206.0236053466797,208.7434215885478,205.47963908004408,207.4972566705998,7499900
2025-12-19,204.10488891601562,206.94339820920948,203.76862436002912,205.2818299532778,24803900
2025-12-22,205.0444793701172,205.79613223753498,203.24444830191146,203.86753830110726,8187800
2025-12-23,203.52137756347656,204.263145636555,201.0488173198817,202.76972468229533,7047300
2025-12-24,205.49942016601562,205.65766763921368,203.31368542129266,203.73895852778904,2376500
2025-12-26,205.35105895996094,205.75654733256223,204.44115868643942,205.25215052295067,2316700
2025-12-29,205.28182983398438,207.17086939536102,205.10381274843945,205.71700283150668,4348900
2025-12-30,204.6389617919922,205.41039931347132,204.25324303125262,205.23236714396373,3937400
2025-12-31,204.67852783203125,205.2224940876339,204.1048920616966,204.6389735094918,4083800
2026-01-02,205.0741424560547,205.11369677781147,201.44441091836137,204.54996091774888,6325500
2026-01-05,202.0675048828125,203.6796189425871,198.70482908872975,203.61038001401067,9477000
2026-01-06,202.542236328125,204.4411758573138,201.87959200016542,202.3543344281176,8107900
2026-01-07,205.21261596679688,205.9741536581461,202.7796100403249,203.00708135778572,7545900
2026-01-08,203.49169921875,206.68624268930276,202.72026166352438,204.6587403592623,6557800
2026-01-09,202.14663696289062,204.43128023925763,201.77080297238516,203.6499578336023,6154300
2026-01-12,207.41812133789062,207.59613841994204,201.6125550953637,203.29389293263304,11794300
2026-01-13,211.3049774169922,212.0368606301377,206.56755896593322,207.6060372129626,11379600
2026-01-14,216.15121459960938,216.45780964823578,211.7994996150229,212.37313538945378,11858800
2026-01-15,217.16001892089844,217.33803600690493,213.5401872590057,215.83471521828713,8492100
2026-01-16,216.260009765625,217.6940916687404,215.74571301652978,216.63582865534352,10021500
2026-01-20,215.81495666503906,216.32923833406923,212.14567059407463,214.70723940497442,14057100
2026-01-21,215.6171417236328,216.2797860692503,208.18957605818176,208.68408811532706,14762900
2026-01-22,216.0918731689453,219.731474480514,215.7061543876507,216.3687986995512,13160000
2026-01-23,217.7237548828125,218.78201786558222,215.44899653785455,217.38749032599776,6950600
2026-01-26,219.05894470214844,219.59301105490832,217.58529341839787,217.79299511138254,6856700
2026-01-27,221.9765625,223.0249255892691,218.27760708174557,219.56334137834915,8154100
2026-01-28,225.22056579589844,226.0612423044947,223.5985669004937,223.91504676014566,9026500
2026-01-29,224.79527282714844,227.47553468029685,224.58758622487807,226.29859362973275,9645300
2026-01-30,224.75572204589844,225.9920021451608,222.8567976243886,225.7546309332309,11045500
2026-02-02,228.21730041503906,228.65247341332187,224.75571622672862,225.8139792081263,8187500
2026-02-03,230.54151916503906,232.61846067897852,227.9502658124434,228.95907459996246,9346600
2026-02-04,231.89646911621094,233.2415424215143,230.3832635341583,232.42065065293195,8641400
2026-02-05,235.18002319335938,236.95038470140014,232.41076791481981,232.4206527224898,10267500
2026-02-06,237.35589599609375,238.29546586018128,235.36794792342116,236.3372023941143,8274000
2026-02-09,236.0207061767578,238.09766278417874,234.43826161002661,237.61303555143124,9378500
2026-02-10,235.73388671875,237.86028237497558,235.26904421116984,237.3459856469766,6723300
2026-02-11,238.21633911132812,238.61194270447737,234.79430917447928,236.7130182930035,6803900
2026-02-12,241.8658447265625,243.64609111049592,237.04928713623855,237.84050942813226,10254300
2026-02-13,240.7779083251953,242.26144443944952,239.9471317231273,241.90539516837612,13268500
2026-02-17,240.6592254638672,241.80649699124882,239.21524370129245,241.450447727279,12703000
2026-02-18,242.30101013183594,242.3801338676713,240.15482973047114,240.5702180251247,8129700
2026-02-19,244.19992065429688,244.24937487280008,241.58889788520008,241.93504723210512,7553900
2026-02-20,239.8284454345703,244.170260376332,237.6426956610537,243.76475689710122,13565800
2026-02-23,243.14166259765625,244.10101710886994,239.93723441623308,240.95592795431625,9622700
2026-02-24,244.87173461914062,245.83618923451164,243.14167872556501,243.94705977412517,7246300
2026-02-25,243.76808166503906,245.83618975331572,242.32637600311875,243.4598567160501,7698200
2026-02-26,242.0778045654297,244.0663682763732,240.6360989093031,243.70842620154187,7172600
2026-02-27,247.00942993164062,247.51652337921405,241.11334590987298,242.63459590951953,16428600
2026-03-02,247.13868713378906,250.27068397455253,245.45834842794568,247.76508953624906,9042400
2026-03-03,245.3390350341797,246.46257832712044,242.96270213047706,245.0506999866165,6178700
2026-03-04,243.8973388671875,245.1600810545075,241.78945104558642,244.34476266176227,5768000
2026-03-05,238.259765625,241.61049061943945,234.58091062648668,241.24261118820294,9375400
2026-03-06,239.0253448486328,239.41311415382512,234.08376296078876,236.75838349957985,7179800
2026-03-09,241.20281982421875,242.6942425341329,238.66739818305737,239.49265390312758,7844000
2026-03-10,242.31643676757812,243.59905368087047,239.44296282285708,240.91449571542952,7214100
2026-03-11,241.6005401611328,242.2965343871637,239.97985597145382,241.4812160284302,6933200
2026-03-12,240.6559600830078,243.00246573676242,238.92591946160707,240.07928999023173,7710200
2026-03-13,240.13894653320312,244.1856656028509,240.11905664901153,242.81356702435843,6415300
2026-03-16,241.7993927001953,243.65869480615754,240.28808012034816,242.52521416415624,7571500
2026-03-17,236.74844360351562,242.7439617349266,235.86353339492615,242.1871663459089,7281800
2026-03-18,235.92318725585938,237.74272479331552,234.07382247775118,236.50980988406457,6811500
2026-03-19,236.24136352539062,237.8918597954365,234.9587314976836,236.97712235314108,7511500
2026-03-20,234.02410888671875,236.92741000247076,233.1590885516746,235.47576703036307,17156600
2026-03-23,234.07382202148438,236.94729584714173,232.9105141237134,236.04249575836326,7313700
2026-03-24,233.9246826171875,234.65050408093313,230.9120099861425,232.8011393317389,9046200
2026-03-25,238.5580291748047,240.07929431329362,234.38204857588565,235.44593740287846,6456400
2026-03-26,237.8719940185547,240.26820173422362,237.5637539025668,238.62764275887116,5171400
2026-03-27,239.07505798339844,241.2923021698431,237.7626138844777,239.8108319839459,7617600
2026-03-30,241.10340881347656,242.8135747917876,239.13471984701397,242.09769065335334,7241300
2026-03-31,243.04225158691406,243.92716180378,241.2624786251546,241.6204206888047,7554200
2026-04-01,242.7240753173828,245.78646517225613,242.34625853888824,244.1956233482748,6314600
2026-04-02,241.65025329589844,245.7964219467219,240.48694535608743,243.70842400047428,6878700
2026-04-06,239.5920867919922,242.12750841875737,239.12477313181626,241.26247293527413,4442400
2026-04-07,237.04673767089844,239.4031807823271,234.66045214638598,239.4031807823271,6241100
2026-04-08,239.9202117919922,239.95003903356442,232.56251704958862,235.28685476163636,8771100
2026-04-09,239.93014526367188,242.80361913705298,239.164544008795,239.92020790715435,6216500
2026-04-10,237.09645080566406,240.87470960567668,236.54959276728223,240.61620179277648,7354500
2026-04-13,236.59930419921875,237.02683809159646,233.83518683278206,236.35073374880298,7663600
2026-04-14,238.72706604003906,240.8051113590548,231.9162296473752,233.66616015209323,10318700
2026-04-15,237.30523681640625,239.0452299768987,235.3962175694789,238.56797895805093,6463500
2026-04-16,233.1988525390625,236.7782731773554,230.79269234336317,236.06238904969683,8668900
2026-04-17,232.84091186523438,234.19313576204675,230.71314935408492,233.01989048398582,8946300
2026-04-20,229.37088012695312,233.91474024714643,228.2175095512339,233.46731645339545,7810500
2026-04-21,224.8667755126953,228.3765890527153,223.41511740932572,228.03853688190875,11681200
2026-04-22,224.80712890625,226.179227521564,222.50038776728556,224.88665810207786,9003400
2026-04-23,229.3311004638672,230.06687448765834,225.73180505581692,225.95054827447007,7097600
2026-04-24,226.19911193847656,228.67487910891896,225.72186091736185,227.72036189515308,6067500
2026-04-27,224.0514678955078,226.60677952616038,223.0671385761741,224.47901697917217,7897800
2026-04-28,226.48745727539062,229.70893595019464,225.0755788606257,226.42780279148377,7179800
2026-04-29,226.0499725341797,227.4021963844683,223.57420539879897,224.2304350257485,7071100
2026-04-30,228.5356903076172,229.83819710946466,226.5073468285346,226.64654568129225,8157200
2026-05-01,225.89088439941406,228.4561332620675,225.72185831412563,227.75018650912293,6863600
2026-05-04,222.91798400878906,225.7715831872257,222.30153412698715,224.22049078306688,8215200
2026-05-05,224.26026916503906,225.23466110768987,223.61397687442042,224.10118043151417,5556700
2026-05-06,223.33558654785156,225.0457525608476,221.67513766216507,223.9619889745702,7982300
2026-05-07,221.23764038085938,223.49466434064516,219.36840089217355,223.49466434064516,7269700
2026-05-08,220.05445861816406,222.09272420205565,219.65673678916983,221.6651903038654,5550600
2026-05-11,220.163818359375,222.003245813697,219.1098820469021,220.05446192273791,6223200
2026-05-12,222.97763061523438,226.34824530446224,220.38255451492364,221.7248410111843,8632500
2026-05-13,229.1024169921875,229.4802489417275,224.15089773666944,224.52872968620946,7464500
2026-05-14,229.48025512695312,230.43475721152035,227.84963349190846,229.67910846360988,6974400
2026-05-15,225.41363525390625,230.81257818629632,225.14517491785094,229.4504169649123,12167000
2026-05-18,227.61099243164062,228.38653103757844,224.5684924896482,225.41363810532903,10141600
2026-05-19,228.684814453125,229.52996005341413,226.73601544578764,227.6308781704825,9677900
2026-05-20,228.0087127685547,230.67338074656544,227.8595613935984,230.36515581180683,7353800
2026-05-21,230.40492248535156,230.5640112181241,226.04997841934332,228.00871482343763,5239000
2026-05-22,233.0,234.15337056198368,231.3892682930641,231.667665991262,5462300
2026-05-26,230.17999267578125,233.24000549316406,229.0800018310547,233.0,6619600
2026-05-27,231.2899932861328,232.88999938964844,229.02000427246094,229.97999572753906,5835500
2026-05-28,230.8000030517578,231.8699951171875,229.72999572753906,230.02999877929688,7193400
2026-05-29,225.3300018310547,231.5,224.58999633789062,231.22999572753906,13897700
2026-06-01,223.50999450683594,224.44000244140625,220.83999633789062,223.1999969482422,8041000
2026-06-02,222.88999938964844,225.5,221.1699981689453,222.5800018310547,5669000
2026-06-03,223.24000549316406,224.92999267578125,222.0,222.4499969482422,6507200
2026-06-04,228.1699981689453,228.6699981689453,225.89999389648438,227.08999633789062,7274800
2026-06-05,232.77000427246094,235.22000122070312,229.0,230.0,8034900
2026-06-08,232.16000366210938,234.9499969482422,230.55999755859375,232.77000427246094,7559800
2026-06-09,237.0,237.7100067138672,230.41000366210938,232.3800048828125,8354500
2026-06-10,238.49000549316406,240.92999267578125,237.0500030517578,238.85000610351562,8350800
2026-06-11,238.3300018310547,241.60000610351562,238.13999938964844,240.0,7399000
2026-06-12,240.8699951171875,240.91000366210938,237.52000427246094,240.0,6459400
2026-06-15,235.66000366210938,239.5,233.5800018310547,239.0,7732000
2026-06-16,235.17999267578125,236.3699951171875,231.02000427246094,236.3699951171875,7718100
2026-06-17,234.1999969482422,235.42999267578125,230.6999969482422,234.02999877929688,8548000
2026-06-18,228.38999938964844,232.75,227.60000610351562,231.77999877929688,18989800
2026-06-22,231.2899932861328,231.4499969482422,227.5,228.9499969482422,8518300
2026-06-23,239.0800018310547,239.8000030517578,234.35000610351562,235.63999938964844,11802000
2026-06-24,241.0,243.0399932861328,238.75,239.88999938964844,8139200
2026-06-25,244.8800048828125,248.19000244140625,240.88999938964844,241.27000427246094,10130400
2026-06-26,254.66000366210938,255.11000061035156,247.8699951171875,248.27000427246094,16316800
2026-06-29,258.510009765625,258.5799865722656,252.02999877929688,253.19000244140625,8608400
2026-06-30,253.97000122070312,259.8999938964844,253.1699981689453,259.0,8469500
2026-07-01,253.97999572753906,254.1999969482422,251.0800018310547,253.25,6516500
2026-07-02,263.0400085449219,263.1000061035156,254.0,255.77999877929688,7998700
2026-07-06,259.3299865722656,261.3800048828125,255.92999267578125,260.2300109863281,6803700
2026-07-07,267.239990234375,269.42999267578125,264.04998779296875,264.8900146484375,9089700
2026-07-08,263.3999938964844,268.6000061035156,263.1300048828125,268.6000061035156,6769400
2026-07-09,259.1000061035156,263.45001220703125,258.1300048828125,260.6300048828125,6426100
2026-07-10,256.9800109863281,261.29998779296875,255.52000427246094,260.19000244140625,6534700
2026-07-13,257.7699890136719,259.5299987792969,256.1499938964844,257.95001220703125,5272200
2026-07-14,253.85000610351562,256.3900146484375,252.13999938964844,255.52999877929688,8770600
2026-07-15,247.02000427246094,256.8299865722656,246.0500030517578,250.08999633789062,10547300
2026-07-16,249.97000122070312,253.5500030517578,246.3000030517578,248.89999389648438,11097600
2026-07-17,253.0399932861328,255.66000366210938,251.9499969482422,252.58999633789062,10167700
2026-07-20,248.82000732421875,254.17999267578125,248.6300048828125,252.00999450683594,8114700
2026-07-21,250.61000061035156,251.33999633789062,245.49000549316406,247.4499969482422,7793100
2026-07-22,255.6300048828125,256.2900085449219,251.2100067138672,252.75999450683594,9100200
2026-07-23,259.2699890136719,260.20001220703125,254.4199981689453,255.24000549316406,8063300
2026-07-24,263.3999938964844,263.7099914550781,259.6099853515625,261.42999267578125,6351800
2026-07-27,265.95001220703125,268.79998779296875,261.3500061035156,262.54998779296875,9647900
2026-07-28,266.7300109863281,274.8999938964844,266.17999267578125,270.0,10491000
2026-07-29,265.5299987792969,269.3399963378906,264.7900085449219,268.5,6105600
2026-07-30,255.82000732421875,260.5199890136719,254.55999755859375,259.0299987792969,8216500
2026-07-31,256.3500061035156,258.4800109863281,253.2899932861328,256.010009765625,6782100
2026-08-03,254.41000366210938,257.75,250.91000366210938,254.97000122070312,8136300
2026-08-04,254.92999267578125,255.52000427246094,250.44000244140625,254.41000366210938,7362400
2026-08-05,257.5899963378906,259.32000732421875,254.47000122070312,255.25,6472600
2026-08-06,256.9800109863281,262.1099853515625,255.27999877929688,261.7099914550781,6931800
2026-08-07,259.239990234375,259.6000061035156,255.1199951171875,255.88999938964844,6532100
2026-08-10,261.80999755859375,262.0,258.54998779296875,259.05999755859375,8985100
2026-08-11,259.79998779296875,264.1499938964844,258.3599853515625,261.2300109863281,5945900
2026-08-12,260.8599853515625,261.4100036621094,255.25999450683594,256.0,4629300
2026-08-13,262.0799865722656,262.6199951171875,259.6499938964844,261.7300109863281,4852700
2026-08-14,260.3500061035156,261.7099914550781,259.1600036621094,260.6499938964844,4998100
2026-08-17,262.3699951171875,264.2799987792969,258.010009765625,258.8699951171875,5515500
2026-08-18,271.1099853515625,271.7300109863281,266.3299865722656,267.6700134277344,7838200
2026-08-19,273.4100036621094,276.4700012207031,270.55999755859375,273.0,7728500
2026-08-20,267.3699951171875,273.3999938964844,267.3699951171875,273.3999938964844,6475900
2026-08-21,270.239990234375,272.6600036621094,267.0,267.8299865722656,6186800
2026-08-24,273.0400085449219,273.9800109863281,268.57000732421875,269.739990234375,5436100
2026-08-25,273.1400146484375,273.8020935058594,270.17498779296875,271.0,4094797
