Date,Close,High,Low,Open,Volume
2021-08-16,154.50807189941406,154.5515147428423,152.86603317022505,153.38732077757487,4782800
2021-08-17,155.92420959472656,155.95895591158697,154.04759031882907,154.04759031882907,6041900
2021-08-18,153.94334411621094,155.95027872973574,153.89121801044047,155.95027872973574,7134100
2021-08-19,155.1422882080078,155.8025742693841,152.97027888610745,153.44811033141127,5615000
2021-08-20,155.89813232421875,156.31515437297503,154.70787554113286,155.42028765538765,5428700
2021-08-23,155.22518920898438,156.37881804410944,155.16400515341022,155.9068820060288,6461700
2021-08-24,153.28497314453125,154.87559846402817,153.188836302851,154.68332478066768,5734800
2021-08-25,152.27114868164062,153.73067084038075,151.97400333246026,153.5471453805737,5700300
2021-08-26,151.4583740234375,152.69940466393024,151.2398824317521,152.0264468275521,5031600
2021-08-27,151.135009765625,152.31486979153166,150.9777022078612,152.31486979153166,7046100
2021-08-30,151.7729949951172,152.3148498484718,151.00390036274203,151.0126352251398,3252700
2021-08-31,151.30978393554688,152.49837859101282,150.74169786111324,151.62441232480748,7106800
2021-09-01,151.84295654296875,151.84295654296875,150.37468577207343,151.10881448968533,5327400
2021-09-02,152.88296508789062,153.11020493002698,151.99152879167897,152.36732801417912,4544300
2021-09-03,152.97909545898438,153.13641636884634,151.90412036166614,153.03154465271896,4096900
2021-09-07,150.60191345214844,152.970355195572,150.03382722660987,152.3760643775974,6859900
2021-09-08,150.23483276367188,151.1787181635205,149.5181871837334,149.99012321582262,4661700
2021-09-09,146.88754272460938,149.8677580840155,146.5641660807031,149.6143136897131,7114600
2021-09-10,145.9262237548828,147.7790289268792,145.83882174894293,147.30709276755562,6699300
2021-09-13,144.90365600585938,146.9312514581972,144.31810002027171,146.75646081611708,6273500
2021-09-14,144.02969360351562,145.5503869026015,143.77623582988693,145.42803211605815,5259600
2021-09-15,144.571533203125,145.04348256926156,143.60142987903336,144.20446888261333,7935300
2021-09-16,144.39675903320312,145.48048239038357,143.49657452503362,144.7725582604885,5665400
2021-09-17,143.98597717285156,144.125815009817,142.9459549308852,143.59269492509767,13419800
2021-09-20,143.16445922851562,144.35305427664014,141.7311546118659,142.8760486651099,7270800
2021-09-21,143.793701171875,145.06094987680785,143.54025676515639,143.86362008923493,6663600
2021-09-22,143.26930236816406,145.0347181909328,143.0071231225235,144.51034636398305,5657100
2021-09-23,144.0821075439453,144.87742020331694,143.46158550509054,143.68007711465398,4697900
2021-09-24,143.64512634277344,144.77253719626432,143.2343610441701,143.9859727250539,4399300
2021-09-27,142.6051025390625,143.6451247372779,142.32544021256643,143.33049628517637,5775500
2021-09-28,142.29046630859375,143.2518346751476,141.381547127581,142.5439240305347,7610400
2021-09-29,143.34799194335938,143.90732998116775,142.2642686607497,142.45654236146547,5124100
2021-09-30,141.14556884765625,144.5540323586264,141.06691507486505,143.889822717831,6972300
2021-10-01,140.24539184570312,141.4951574194916,138.62854864179707,141.17179411297803,8568300
2021-10-04,139.15292358398438,140.70858262315085,137.798273071721,139.82588140877783,8620700
2021-10-05,139.4675750732422,140.80474274566436,139.09176254530234,139.712284625341,5129000
2021-10-06,139.7559814453125,139.79093423642448,137.94686445094072,139.72101531853053,7312600
2021-10-07,141.00575256347656,142.1156937576126,139.85212371267423,139.85212371267423,5309200
2021-10-08,140.64743041992188,141.2417346081732,140.05313956734176,140.9882901764955,4343200
2021-10-11,140.05311584472656,141.4514674214376,139.78218839396018,140.5862358830849,4101600
2021-10-12,137.8157958984375,139.9919642072511,137.50990225281313,139.83465661967654,6686400
2021-10-13,139.13540649414062,139.9045009629474,137.86815826124945,137.92934229202498,6901100
2021-10-14,139.9307861328125,140.83097062068597,139.48506798908053,139.581204843886,4579200
2021-10-15,140.9708251953125,141.4165433919245,140.19299539984868,140.73485046267183,6918400
2021-10-18,139.93948364257812,140.61244144657942,139.13543622413985,140.05310353220204,7465500
2021-10-19,143.21685791015625,144.33553374320695,140.47260417350566,140.62117684899403,10081300
2021-10-20,143.1382293701172,143.98597792459972,142.6837630654419,143.3130199994015,6003200
2021-10-21,142.8061065673828,143.67133811719944,141.82726845211732,143.5926843405804,4524100
2021-10-22,143.08578491210938,143.38293029759433,142.42157522649546,142.50896386804843,4304300
2021-10-25,143.40040588378906,143.60141441811732,141.32910982116942,143.08577745212935,6715400
2021-10-26,144.8599395751953,145.10464911516559,143.37419927232727,143.81991736248676,6939100
2021-10-27,143.10324096679688,144.8686432196131,142.72742853847117,144.7987243181649,7018800
2021-10-28,142.32545471191406,144.3792680555374,141.86225351797466,143.12950231904796,6278800
2021-10-29,142.35162353515625,142.6749867722191,140.36771646289748,141.88842250100328,8526800
2021-11-01,142.4739990234375,143.31299925683655,139.31023174792134,142.59635377979438,5846400
2021-11-02,144.72012329101562,145.93493630806458,142.43906997576005,143.0683269824286,8450600
2021-11-03,144.2568817138672,144.87740368195963,142.83231231455264,144.23939865310837,6717800
2021-11-04,143.85487365722656,144.19572001715312,142.16811158377652,144.15201903035867,8224400
2021-11-05,142.83233642578125,143.8548889499337,141.75736138183896,142.0020709310995,6215900
2021-11-08,142.3429412841797,143.47910057449263,141.59132944618858,143.0508521233756,5578800
2021-11-09,142.0282745361328,142.97215984623975,141.60003953594696,142.11567651019914,6112800
2021-11-10,143.5664520263672,144.06460589736358,141.88843828165815,142.04574581913033,6225100
2021-11-11,142.5089569091797,143.16443169933157,142.010803003212,142.88476939008117,4118800
2021-11-12,144.2131805419922,146.4942332161667,143.86359934127887,146.3281774783441,18995200
2021-11-15,142.9110107421875,144.606507944363,142.64881811601185,144.2044774728042,7496200
2021-11-16,142.16812133789062,143.6363919137749,142.12442034809786,142.61383942816937,7594700
2021-11-17,142.70126342773438,143.2081656490761,141.39904841071822,142.3429339260782,5414500
2021-11-18,141.93214416503906,143.7412610924139,141.69618282851414,142.84981159186677,6358700
2021-11-19,142.36038208007812,142.6225746593246,141.39027887183408,142.4914717018671,7620700
2021-11-22,140.48666381835938,143.0729577601486,140.4426765794337,141.65665457407454,7634500
2021-11-23,141.3575439453125,141.6302459979983,139.67733097312848,140.32830712242472,7734000
2021-11-24,140.96170043945312,141.29597391496156,140.20516559011241,140.87372596414966,5230900
2021-11-26,140.04678344726562,141.77098345401177,139.57175628485552,141.27835871580356,8523100
2021-11-29,140.53060913085938,141.12000037216418,139.3606187242035,140.3106864248643,9188500
2021-11-30,137.17022705078125,139.8708851761635,137.09986357490075,139.4398317040249,14981700
2021-12-01,139.06155395507812,140.82093594324002,137.45171782514768,138.00592744678485,9835800
2021-12-02,138.19065856933594,140.12597612115633,137.89156684523147,138.3402044313882,11334700
2021-12-03,140.2051239013672,140.46022832706169,138.63046985357866,138.91197735242974,8750500
2021-12-06,143.33685302734375,143.84707541575554,140.60101349302673,140.91770278848855,9692000
2021-12-07,143.70632934570312,144.50685141649333,142.87062553931582,144.26933107639752,8311300
2021-12-08,144.5684356689453,144.77077429144205,143.07296344717375,143.80310868869626,6216400
2021-12-09,145.94073486328125,146.0111117556506,143.82068970636576,144.42766523488945,8574200
2021-12-10,145.58006286621094,146.63568934131897,144.8411122529183,145.65043975428733,6572200
2021-12-13,148.18394470214844,148.8437129451883,144.09338696450902,144.92909072108898,11142300
2021-12-14,149.8025665283203,150.40076335652202,147.04914297219932,148.0783797767774,10482400
2021-12-15,150.55030822753906,150.69106200067225,149.037238723904,149.4155128113221,8552200
2021-12-16,152.19532775878906,152.63517323763733,150.28639999134987,150.65586858282015,8998600
2021-12-17,147.99041748046875,150.23363228038644,147.4890005758395,149.23078504810817,16726200
2021-12-20,147.56820678710938,148.23676730300704,146.51257997457822,147.62098611428246,7954500
2021-12-21,147.09315490722656,147.87607945021108,146.01112518840023,147.84088428927868,7954200
2021-12-22,147.72650146484375,147.9376321346695,146.1342629210882,146.96117459913168,4178200
2021-12-23,148.0080108642578,148.6237918801293,147.2250864105742,147.68252948937277,3501500
2021-12-27,149.25718688964844,149.41553826715614,148.40388545130276,148.7909516818539,3704800
2021-12-28,149.8553466796875,150.11045112859375,149.18677302059132,149.36270851187334,3187000
2021-12-29,150.91098022460938,151.29804637764119,149.46828765068423,149.54745661207212,3662000
2021-12-30,151.57955932617188,152.0809896566342,151.08693449674774,151.41241588268443,4231800
2021-12-31,150.4887237548828,151.9050131711889,150.45352860315074,151.77306490973723,4409500
2022-01-03,150.90220642089844,150.9549991625974,148.75577139754222,149.73222906214755,6012200
2022-01-04,150.49752807617188,151.5619465998657,150.0752801821539,150.47993049887407,6748400
2022-01-05,151.50042724609375,152.60004130204146,150.9726071300296,151.3068940984051,7016100
2022-01-06,150.98138427734375,151.74671122117962,150.25123907056053,151.4388139741313,7301600
2022-01-07,153.0222625732422,153.33015982425704,150.54154067694324,150.83184034769474,6986000
2022-01-10,152.2657012939453,152.79352122615046,151.44759516434766,152.79352122615046,7698400
2022-01-11,150.64707946777344,152.52961761734048,149.6442322932007,152.17774659655038,8341100
2022-01-12,149.3627166748047,149.61783456067116,148.0871675145273,149.20437875090272,8116200
2022-01-13,148.45663452148438,149.9169246672044,148.19273798444186,148.66776517413655,6159400
2022-01-14,147.64732360839844,148.35987111951098,147.04033471433414,148.3422869653486,5847700
2022-01-18,146.99635314941406,147.5417572060755,146.03747987742133,146.99635314941406,7815600
2022-01-19,146.5388946533203,148.42143242298553,146.31017987826397,147.0842986523865,5926500
2022-01-20,145.36892700195312,147.66492087911652,145.08741945971747,147.16349060314113,6011300
2022-01-21,145.03463745117188,147.77928224479862,144.6827664529465,146.19583590674821,10550300
2022-01-24,143.36322021484375,144.41884655993414,139.2198703671679,144.2693007248229,14054600
2022-01-25,147.46258544921875,148.14874325684252,142.14045297889186,142.82661078651563,14081200
2022-01-26,148.1223907470703,148.86132804472473,146.23104684059618,147.38344002639505,9963200
2022-01-27,150.06646728515625,151.22766571524286,148.66776197683927,149.01084089063434,9066700
2022-01-28,151.12210083007812,151.16608806172653,148.93167897798352,150.30399469809544,9783100
2022-01-31,151.56195068359375,151.85225031324632,150.26881731225984,150.86700072631803,8054800
2022-02-01,150.3216094970703,151.2892615891026,149.04604674822315,151.07814432983304,8154700
2022-02-02,151.98422241210938,152.17775551178767,149.23957728168094,149.23957728168094,7382800
2022-02-03,151.9753875732422,152.731922246935,150.46231822585654,151.53554214488628,6240400
2022-02-04,150.98138427734375,152.16895918091453,149.6530421565005,150.427174601865,6392200
2022-02-07,150.47994995117188,151.07814684945893,149.55627165740262,150.78784719010173,6065700
2022-02-08,150.87579345703125,151.35083409779938,149.96971283162492,150.44475347239305,6296100
2022-02-09,150.8582305908203,151.51799891153232,150.64709989590497,151.36845303626677,5387500
2022-02-10,149.0372314453125,150.62067775818272,148.93167283212713,150.61188568142327,10355300
2022-02-11,147.53298950195312,149.67942435370367,147.383430213628,148.773343660783,13125300
2022-02-14,145.67684936523438,147.7617129458978,144.10219480273355,147.53299809558283,8967600
2022-02-15,147.1810760498047,147.87603934803448,146.03747524400862,146.14304727515508,6631400
2022-02-16,147.09315490722656,147.6473511732132,145.77361825570065,146.45977624065245,8482400
2022-02-17,146.1958465576172,147.30425236349456,145.07863525118088,147.093135118386,6227600
2022-02-18,144.6287841796875,146.3994597874167,144.25694392316632,146.06302709900964,6423200
2022-02-22,142.663330078125,144.96521372188786,142.04359633070655,144.81470791959927,6868900
2022-02-23,142.7341766357422,143.9913548266244,142.4066059372486,142.99091868147258,8016900
2022-02-24,140.00733947753906,141.76916681862244,137.864823311596,141.45929313996268,12883400
2022-02-25,146.96607971191406,147.84256902651396,141.3884486836614,141.654052734375,11340400
2022-02-28,145.70005798339844,146.24010110873286,143.76116591014204,144.19497281530363,9373500
2022-03-01,145.19541931152344,145.85942275349686,143.78773525674407,144.34548896175622,8737800
2022-03-02,147.00148010253906,148.40917744982409,145.2308045298267,145.55838869702262,6793300
2022-03-03,149.16171264648438,149.92310371468284,147.24939321565512,147.58581240217322,7333700
2022-03-04,150.0470733642578,150.3835061112931,147.71864372057593,148.41805476347093,6302500
2022-03-07,152.46401977539062,153.26966686040424,148.17012628692572,149.00234593287,11663400
2022-03-08,149.3742218017578,153.26970342494778,149.18829488597962,152.31353680634257,11100300
2022-03-09,149.94082641601562,150.71106606161598,148.63937862981794,150.51629064400922,7248200
2022-03-10,150.20643615722656,150.64024309621433,148.8076006094137,149.23255903242497,6171400
2022-03-11,149.93197631835938,151.8000397971973,149.63981319503205,149.7372009028078,5188000
2022-03-14,152.003662109375,154.15502666389392,150.81731259760284,151.10946220863457,7729500
2022-03-15,155.94342041015625,156.27985314209496,152.76506052523223,153.45562302086518,10554400
2022-03-16,154.50917053222656,156.66053509527222,152.7739023441487,155.34139030053004,9603300
2022-03-17,156.52772521972656,156.56313278756807,154.22584154373158,155.12004136462585,7472100
2022-03-18,154.79246520996094,156.70479819282315,153.74777303975014,156.70479819282315,13809500
2022-03-21,155.66896057128906,156.8464615690831,154.33210524000515,154.6331168760531,7574900
2022-03-22,154.93417358398438,156.14708250567315,153.96915825929491,155.66900585694236,8442100
2022-03-23,154.3497772216797,155.41217980008116,154.1284427882968,155.13772726415547,5254200
2022-03-24,155.14659118652344,155.41218170248862,154.11074764671358,154.9341052645694,5012300
2022-03-25,156.63397216796875,157.32453461626116,155.12890051166949,155.54501038553587,4809500
2022-03-28,157.4396209716797,157.74948109297495,156.12932482376183,156.39491535367705,5604200
2022-03-29,157.3599853515625,158.82963620537828,156.52776544699066,158.13907362694337,5933400
2022-03-30,158.99781799316406,159.23686299035504,157.3068194919838,157.97968489012388,6277600
2022-03-31,156.908447265625,159.54676418697778,156.68711276942204,158.99784545014828,11490400
2022-04-01,157.7583465576172,157.97081898618356,155.46532487145234,156.7490619943782,6525600
2022-04-04,156.23556518554688,157.75834730702655,155.39449696371614,157.75834730702655,6860600
2022-04-05,157.244873046875,159.05095651172542,156.07622047435973,156.23558832933224,7446100
2022-04-06,161.3351593017578,161.662743587282,158.1390881981766,158.8208023224872,10330900
2022-04-07,160.9190216064453,161.97257593285224,159.56445561797503,160.83934443281416,7385200
2022-04-08,161.2377166748047,162.18503461027538,159.7414936233388,160.53830575310707,7144500
2022-04-11,159.2191619873047,163.0792357060565,159.00668954079433,162.01683294595261,5932000
2022-04-12,159.27227783203125,160.07793853807357,157.7672061508736,158.65254402322327,5957500
2022-04-13,159.9451446533203,160.1044989873223,158.6879664847413,159.27227921859918,5643100
2022-04-14,159.27227783203125,160.60028464055574,159.12177201483388,159.36081702293976,6188200
2022-04-18,157.28912353515625,159.70609205023075,156.47461434532997,159.12176583496952,6318700
2022-04-19,162.08766174316406,164.61972863676007,159.3165498378456,159.9982637924402,14380800
2022-04-20,162.8048095703125,163.18551194746084,161.04298202975139,161.34400722651503,8044900
2022-04-21,162.3355712890625,163.67242676514564,161.6272982087407,162.84020690895645,6969200
2022-04-22,160.7241973876953,162.14959160088446,160.58255362507563,161.5475684595032,8003600
2022-04-25,164.6816864013672,165.2837231560494,161.220025721382,161.43249815664828,11176500
2022-04-26,163.50416564941406,165.17746692953952,163.06149678398785,163.87601938445195,10190000
2022-04-27,161.22003173828125,163.62815182851696,160.90130956430346,163.11465424215365,11090100
2022-04-28,162.42408752441406,163.34483294221565,161.06065967346638,161.35282278438373,9403900
2022-04-29,159.76805114746094,161.61840374297847,159.53785469402135,161.57413415507227,8463100
2022-05-02,158.15675354003906,160.60914317573813,156.7313590561571,159.77692343234096,7145400
2022-05-03,157.84689331054688,159.91859432998524,157.30683663385497,158.29842429990953,5898700
2022-05-04,159.53790283203125,159.80350693042865,156.83761926516473,157.72295725369895,5923000
2022-05-05,156.49232482910156,159.10408248297892,155.17317998300356,158.847326922753,7089200
2022-05-06,156.1470184326172,156.58968731835614,154.65965746094184,155.05805675627042,6434000
2022-05-09,156.99696350097656,158.08592528042087,154.57113291415578,155.33252401007883,7855200
2022-05-10,156.7845001220703,158.6348532638024,156.2621539544554,157.79378488203196,8186700
2022-05-11,155.93455505371094,157.87344704712478,155.7132205980095,155.78404924493594,6138900
2022-05-12,157.4750518798828,157.54588053475246,154.67739431304673,156.23558419262534,6898600
2022-05-13,156.57199096679688,158.37807408438385,155.64238360088757,158.20985774560626,7732200
2022-05-16,157.66098022460938,158.59058775311794,155.96998153579284,156.57201835308007,5516700
2022-05-17,158.3161163330078,159.09520443267522,156.34180325686918,158.22757714684457,5751100
2022-05-18,155.37681579589844,158.80306946230453,155.084652640821,158.33384141271557,8608800
2022-05-19,153.9956817626953,154.75707292314465,152.8890093497855,154.68624426761625,6874500
2022-05-20,156.68711853027344,156.84648639817547,154.0930846238101,154.80135773953748,7522100
2022-05-23,159.8858642578125,160.32245872412454,158.12163485624563,158.24637807461923,7040800
2022-05-24,161.63226318359375,161.93522264185793,159.58291233033896,159.71656091781537,6419800
2022-05-25,160.04629516601562,161.76598466588152,159.5473221285402,160.85713314991096,6558900
2022-05-26,159.90370178222656,161.2758772974378,159.13741806448743,161.2758772974378,6897600
2022-05-27,161.35609436035156,161.4184727834616,158.80775630917898,160.1710266852124,5853600
2022-05-31,159.96607971191406,160.53633646051426,155.93863377717895,158.60280945985434,16391400
2022-06-01,158.34442138671875,160.23339436230486,156.73165102239992,159.62748890470573,5175400
2022-06-02,157.8454132080078,158.433494237383,155.5643864715133,158.37112942299024,8666500
2022-06-03,157.19500732421875,159.19981840091307,156.95442618813675,157.77418312619426,4234200
2022-06-06,157.1771697998047,159.04833208627616,156.8207644099978,157.89891314755394,5386500
2022-06-07,158.90579223632812,159.76118435560477,157.17719724237065,157.69399466501747,5447800
2022-06-08,157.9612579345703,159.89478480078523,157.53356880185726,158.69190656578118,4333100
2022-06-09,154.78030395507812,159.18196585196088,154.71792553988695,157.8988984108086,5509600
2022-06-10,153.7467041015625,155.0119607485885,152.02701500517318,153.40810950729062,6647300
2022-06-13,152.1963348388672,153.4794160218985,151.54588887102292,151.54588887102292,7997000
2022-06-14,149.86180114746094,152.46359779763867,149.0331391453619,152.41904373800062,7116800
2022-06-15,151.46568298339844,152.7576694002009,150.26279110803478,151.15381809838033,7796100
2022-06-16,151.54583740234375,151.66167523524655,149.1667975151178,150.04890533187057,7056700
2022-06-17,150.99342346191406,153.43482845040236,150.79739645752562,152.03592329653,12486600
2022-06-21,154.15658569335938,154.91396412753593,151.08254507674914,152.1428694461988,8219700
2022-06-22,156.58908081054688,158.53151303203435,152.98041895023223,153.25663512888485,10593100
2022-06-23,160.0819091796875,160.22447675835895,157.2840850292253,157.71177416924704,10223500
2022-06-24,162.4253387451172,162.6391901629878,160.36706813359743,161.0798925971703,9374400
2022-06-27,162.27381896972656,163.36979187483095,161.72138662783098,161.84612985329102,5908600
2022-06-28,157.65830993652344,163.03120133104042,157.09695861005406,162.31837705533167,9245700
2022-06-29,157.70286560058594,158.87010873583733,157.20387908534036,157.90779799328087,7097900
2022-06-30,158.1662139892578,158.86121403238428,155.95647061100942,157.58705181865056,10777200
2022-07-01,159.95716857910156,160.1353712573765,157.43556057333222,158.11273618917414,5498400
2022-07-05,158.7275848388672,159.60970666128523,155.58225991104808,159.3423957821286,5676400
2022-07-06,158.87010192871094,159.88587206966568,158.07708851687778,158.66516954479678,5335600
2022-07-07,159.04832458496094,159.60075699190506,158.16620293220097,158.47806783056888,5725800
2022-07-08,158.85231018066406,160.37597250275397,158.3978912545644,158.8968642548294,3828300
2022-07-11,158.91465759277344,159.5116440013073,158.17510361312918,158.33548193363444,3645200
2022-07-12,156.6870880126953,159.0037498277655,156.10791236193398,158.5849660911813,4708800
2022-07-13,156.32177734375,157.11479082122736,155.48420979756187,156.51780436928308,5291700
2022-07-14,156.53558349609375,156.82962397499026,153.52392212277113,153.72885448224804,5359600
2022-07-15,158.80775451660156,159.05724101423635,157.31083553079287,158.3444302187052,5691100
2022-07-18,155.24362182617188,158.7720945334666,154.95850027184076,158.37113512481756,7605700
2022-07-19,152.9804229736328,157.48901727587472,151.3676663299289,157.11478757921353,13256400
2022-07-20,152.10720825195312,153.74669448675522,151.26072181920986,153.4348296330086,7455800
2022-07-21,152.64183044433594,152.71311423457072,151.26965487129678,151.5191413391221,5729200
2022-07-22,153.36355590820312,153.693245128471,152.41906950655485,152.90023167840855,4257000
2022-07-25,153.66653442382812,154.12985871095975,153.00716949768739,153.36357488717238,4437300
2022-07-26,154.75355529785156,155.9118930606423,153.69324464011993,153.75560945716654,4525500
2022-07-27,154.3258819580078,155.12781445861498,152.48146303899955,153.81800361068434,4648500
2022-07-28,155.2168731689453,156.9009133566131,152.75764397939588,154.50404897609326,5513000
2022-07-29,155.5020294189453,155.79606994830985,154.06747546440525,154.85156994671814,6451400
2022-08-01,154.95849609375,156.07227975218476,154.6288068855788,155.19015820014732,5461400
2022-08-02,154.07643127441406,156.36637784541654,153.8804041906708,155.93867497397832,5794200
2022-08-03,155.5644073486328,156.16139383275492,153.0517181706263,153.7467181727979,5010000
2022-08-04,153.06951904296875,156.00991079868385,152.90023533725778,155.76042433174976,5651600
2022-08-05,152.463623046875,152.8378527370278,151.28746093840132,152.6329203439425,5235500
2022-08-08,151.65280151367188,152.79331505242052,150.97562584878793,152.6329367091561,4629800
2022-08-09,151.6349639892578,152.4725315206186,151.23400456994477,151.9557342439068,5532500
2022-08-10,152.07156372070312,152.57945559423788,151.05579356962554,152.383428582978,5603400
2022-08-11,148.92625427246094,151.4300380013368,148.78368668747325,150.1558758999916,9328700
2022-08-12,147.28677368164062,149.63908454337164,147.15311146690968,149.2826655667495,14606900
2022-08-15,147.99069213867188,148.57877330504698,147.1353137112126,147.9105029603466,10072000
2022-08-16,149.30941772460938,149.9153096267411,147.55409324932398,147.7857554008459,7453600
2022-08-17,149.31832885742188,150.19153164250758,148.27582874139202,148.27582874139202,7406600
2022-08-18,148.59658813476562,149.95985846293829,147.8481150636952,149.40741243476793,8312100
2022-08-19,150.85977172851562,151.58150138743798,148.80150163573933,148.89060976972652,8128500
2022-08-22,150.33053588867188,151.5235658568345,149.9537917440959,151.505621748804,5462600
2022-08-23,149.02090454101562,150.49200660150444,148.72488834936712,149.80130215432456,5566300
2022-08-24,148.5275421142578,149.43352109716847,148.07007001766124,149.40661177897712,5684300
2022-08-25,149.91790771484375,150.01657977174236,147.73815725329922,148.85942440562746,5678700
2022-08-26,147.35244750976562,150.24979799080384,147.28964997948657,150.21392346446092,5667100
2022-08-29,146.2132568359375,146.96674518129487,145.33418709968726,146.63485443836615,5259200
2022-08-30,145.70193481445312,146.69762061058725,145.34313479438495,146.4823460734837,6973300
2022-08-31,144.72421264648438,146.70661929621576,144.66142879380845,146.41956829156794,8741700
2022-09-01,148.31227111816406,148.45579662342757,144.8497970059184,144.85877590458833,7509600
2022-09-02,145.98004150390625,149.08370181585505,145.3252115267316,148.7787203863286,5803700
2022-09-06,146.3747100830078,149.10163978876486,146.05179824433782,147.0564493531195,7394600
2022-09-07,147.17308044433594,147.48702710397092,145.45978057193992,146.13254101203137,4590600
2022-09-08,148.3571319580078,148.3840412806703,146.28503198891852,147.00264586372617,5838400
2022-09-09,148.64419555664062,149.0837236555384,147.4601305099463,147.99834438341597,5500600
2022-09-12,148.5813446044922,149.41557443980054,148.20460050340992,149.0029421268005,6365300
2022-09-13,144.7152557373047,147.50496954479297,144.24880467166545,146.72457182307323,6726400
2022-09-14,147.70230102539062,148.3302079710159,145.65711058115693,145.65711058115693,9555700
2022-09-15,148.07904052734375,148.96708912147065,147.1999708311646,147.51391745041352,7174500
2022-09-16,150.33956909179688,150.36647841989074,147.78307342408854,148.2943780325698,20201500
2022-09-19,149.1554412841797,149.28998786816035,147.18201382418522,149.1733853911582,7380900
2022-09-20,147.98036193847656,148.81457817017875,147.39730846604022,148.2046153797742,7143400
2022-09-21,146.4644317626953,149.62192459355404,146.4285572283276,148.02524091094082,8071200
2022-09-22,149.06573486328125,149.94481817228166,146.06074708458576,146.34778436034708,7401100
2022-09-23,149.55014038085938,150.231865934805,147.7022941607523,148.67107069783978,9598600
2022-09-26,148.6352081298828,149.65780348093318,147.45115683846234,148.72491499943058,8735500
2022-09-27,147.9534454345703,150.40228906214662,147.4690503599814,149.22720327679463,8686700
2022-09-28,149.22720336914062,150.14216119821896,148.09697100663902,149.12853131220723,8660900
2022-09-29,147.58567810058594,149.95379396393707,147.01158982120822,149.33485225749118,7008100
2022-09-30,146.53614807128906,148.67104490414388,146.50027354829248,148.00724988630165,8985200
2022-10-03,146.3926239013672,147.451107118257,145.04710343593672,147.37036548795126,8657000
2022-10-04,148.5634307861328,148.90430043213274,146.14149610693465,146.97572611231732,6236100
2022-10-05,148.10597229003906,148.9401886849275,147.29866521838272,148.02524432034272,4539400
2022-10-06,145.23553466796875,148.00730454076898,145.03819050026,147.81892558528446,5890700
2022-10-07,143.70159912109375,145.5135707173096,142.7776760593127,145.10991726978233,6363500
2022-10-10,143.8899688720703,144.67036640011133,142.78663218174853,144.08731297827376,5315600
2022-10-11,145.9710693359375,147.208952908246,143.85411596673032,143.85411596673032,6212200
2022-10-12,145.93516540527344,147.89962765697007,145.76473060720394,146.15941883697684,4341700
2022-10-13,148.14181518554688,148.8953171371548,144.1949601645344,144.32054154191178,6465100
2022-10-14,147.5229034423828,148.61724774442118,146.75147098572472,147.5049593329689,5684600
2022-10-17,149.4335174560547,149.98967528892666,148.01623408735455,148.36606890266168,6710800
2022-10-18,148.9132537841797,149.9537930615854,146.25810064078925,148.0072747871688,10883600
2022-10-19,147.72921752929688,149.12855698683717,147.01160369053773,148.904303517684,10044600
2022-10-20,148.10597229003906,148.6710954526064,147.40630251131117,148.00730020907247,5659900
2022-10-21,151.33522033691406,151.92723910557953,147.49598827169726,147.74716475480318,8487600
2022-10-24,153.37139892578125,154.35811947285583,151.81956905387563,152.3218945369889,6855500
2022-10-25,153.12924194335938,153.48804201214085,151.16477940151938,152.64484679442458,5661900
2022-10-26,154.4747314453125,154.79765691674928,152.95877614016047,153.6763898197247,6123800
2022-10-27,154.564453125,155.56910424938928,154.03521824249813,154.60034134363963,5390900
2022-10-28,156.86080932617188,157.3272603658521,154.8156188202562,155.18339778783763,6073900
2022-10-31,156.05349731445312,157.1209459635946,155.56013696980645,156.5468576590998,7810000
2022-11-01,155.2641143798828,156.64552328810177,152.86908919143724,156.13421885539438,6985000
2022-11-02,152.8780517578125,156.02657888144185,152.75247037626863,155.0847116761908,6877300
2022-11-03,153.13816833496094,153.81092855889474,151.54148516514536,152.32188264495923,4819900
2022-11-04,153.81988525390625,154.73484294026943,151.81058358953666,153.89164798296818,5300900
2022-11-07,155.1654815673828,155.94589307328698,153.7840859970551,153.99039538949054,6621000
2022-11-08,155.9368896484375,156.69935692154294,154.44784332234798,155.30001745841133,5148400
2022-11-09,154.6900177001953,156.97740548907626,154.59134564067986,156.3225892872066,6150000
2022-11-10,156.5019989013672,156.77110577904304,154.32224824827148,156.39436162523458,7877500
2022-11-11,151.81959533691406,155.28206937333246,149.6398582337603,154.94119972763295,11074700
2022-11-14,154.20565795898438,155.41661847329416,152.7166116470953,152.7166116470953,6581500
2022-11-15,154.63621520996094,155.1833941994296,152.9588037104146,154.45681517956933,9351000
2022-11-16,155.5960235595703,156.96845361200474,155.30000735588027,155.75747947757685,5500900
2022-11-17,156.85183715820312,156.96845333478726,155.16544679616354,155.18339090502525,4464100
2022-11-18,158.0538330078125,158.448521280239,156.63654952380136,156.97741915677784,6555700
2022-11-21,158.86639404296875,159.3900219272603,157.83719820851806,158.79416808213267,5706600
2022-11-22,159.6337432861328,159.96777621853695,159.19136455146213,159.25455364173504,4707900
2022-11-23,159.80526733398438,160.1573602025057,158.90246369411526,159.29067642261793,5389200
2022-11-25,160.01292419433594,160.80738204040102,159.6698543984523,160.13931615455246,3058600
2022-11-28,160.0941619873047,160.49139777031908,159.39899936702952,159.57053425293932,6183100
2022-11-29,158.9746856689453,160.0309642481351,157.68368310849888,159.80526334380335,6700500
2022-11-30,160.69903564453125,160.70805872099348,157.79200704373795,159.22746141552088,13288000
2022-12-01,161.36712646484375,162.46854800013622,160.49140583800153,161.60185045038355,6282600
2022-12-02,161.4935302734375,161.56575622252458,159.76014882242154,160.2476567591452,5823900
2022-12-05,161.40322875976562,161.92685650816028,160.69904304398761,161.0240528955536,5120600
2022-12-06,158.98370361328125,162.50463179182887,158.83021489398325,162.4324058579499,7943500
2022-12-07,159.94972229003906,160.5907189479429,159.1010846481765,159.40804836114359,5702600
2022-12-08,159.976806640625,160.22056748730404,159.20039493790236,159.63375061548524,4798500
2022-12-09,158.6587371826172,160.59975974950117,158.58651122898863,159.90459699955676,4561000
2022-12-12,160.55459594726562,160.5816789543962,158.53232461116758,158.84829761958775,4882400
2022-12-13,161.7914581298828,162.68522498191808,160.97892652948826,161.6921491712465,9177500
2022-12-14,162.28797912597656,163.44356669564522,161.22267743156252,161.22267743156252,9533600
2022-12-15,160.23863220214844,162.36021261226938,159.25456570865137,161.78241880059795,7602400
2022-12-16,158.59548950195312,159.796219812383,157.8642208696337,159.796219812383,18841800
2022-12-19,158.42401123046875,159.04694807334468,157.15106830773655,158.30665610078145,5736000
2022-12-20,158.59548950195312,159.29065205550478,158.14408775107069,158.8934163106181,6174700
2022-12-21,160.41012573242188,160.861527500614,158.57743565561697,159.13718321564352,5472000
2022-12-22,159.82333374023438,160.25667564773786,158.29759332292002,159.58860974360556,5709100
2022-12-23,160.22958374023438,160.26570359967323,158.72190333738016,159.49831500703402,3683400
2022-12-27,160.1844482421875,161.01503973956937,159.78722619974536,160.7983618999449,3067300
2022-12-28,159.4893035888672,161.10531613679007,159.48026673550183,160.48237938498866,2645400
2022-12-29,160.30181884765625,160.96989852856697,159.85945386191682,160.29279577012574,2828800
2022-12-30,159.48025512695312,160.49140455620386,158.35175059371488,160.23862064281371,4216600
2023-01-03,160.87060546875,161.0421403886152,158.90248609304976,159.0379149235344,6344900
2023-01-04,162.62203979492188,162.67620581444527,161.13240537957043,161.50255821390243,9788800
2023-01-05,161.42129516601562,162.49563371223428,161.06920229399938,161.61991307081357,6255300
2023-01-06,162.73036193847656,163.34426182333314,161.9539502292404,162.62202990601736,5706000
2023-01-09,158.51426696777344,162.28797962310009,158.1531372413392,161.87269765731386,7925300
2023-01-10,158.13510131835938,159.01984509790904,157.37674950731682,158.6226092609749,5047500
2023-01-11,157.88230895996094,158.64066073055332,155.38153895679136,158.50524569140848,6494800
2023-01-12,157.08782958984375,157.72882622016337,156.00446800298283,157.3225535713618,4269400
2023-01-13,156.57321166992188,157.09683937734175,155.62527897141413,156.35654763629213,6088000
2023-01-17,155.6072540283203,157.61147944413517,155.36349315999365,157.08785161898885,6053300
2023-01-18,153.25994873046875,155.28223394575525,153.214819566735,154.96624714547295,7047800
2023-01-19,153.0522918701172,154.6321981563279,152.31200008793704,152.60089007405696,6939500
2023-01-20,152.33908081054688,153.57591730499476,151.2015394850821,153.56689422845702,8620600
2023-01-23,151.9508819580078,153.14258940269625,151.62587208906467,152.66410456448696,8425400
2023-01-24,151.9508819580078,154.37040293251587,149.8744307828538,152.59187861853397,10541800
2023-01-25,153.0342254638672,153.0342254638672,150.84041944019904,150.92166845388547,7099800
2023-01-26,152.47451782226562,153.39538146239934,152.25783997291316,153.07037157621633,6946100
2023-01-27,151.87867736816406,152.45647124134268,151.4633953401536,152.1585443382782,6058100
2023-01-30,146.2541961669922,152.15852617317046,145.42361843443538,151.6078153773165,23259100
2023-01-31,147.53616333007812,147.54518640687087,145.39652319656534,145.98334002895896,11612500
2023-02-01,148.890380859375,149.8473505535376,146.61531173458883,147.14797637390743,9865300
2023-02-02,149.45010375976562,150.0640173788349,146.99449061055805,147.15698864826794,10099000
2023-02-03,148.61050415039062,150.17235055276186,147.9604844431988,149.8924836352162,6868500
2023-02-06,147.4819793701172,148.8271615357829,147.24725542086242,148.5563177323732,7021000
2023-02-07,147.5181121826172,147.951467856883,145.7305647972651,145.8930766190374,7310800
2023-02-08,147.7076873779297,148.56534798374517,147.06669080475632,147.4278204853078,6054700
2023-02-09,145.71249389648438,148.7820343674928,145.4145808344305,147.725755820415,7949500
2023-02-10,146.3896484375,146.96744238864045,145.66741633034525,146.0465923193098,7028000
2023-02-13,146.93130493164062,146.9945078041582,145.4868134742634,145.6493253066718,6414700
2023-02-14,146.290283203125,147.12989767959073,146.03749930768544,146.92225671741303,6316000
2023-02-15,143.87979125976562,146.23610897646702,143.80756532574284,146.20902597316953,12621800
2023-02-16,142.85964965820312,144.13259229172175,142.5707458877345,143.60897831520487,11177000
2023-02-17,145.84214782714844,146.49684278858686,142.4140941922239,142.77782132345155,12401900
2023-02-21,143.66891479492188,145.80576812817208,143.56889157773207,145.1692491779988,9423900
2023-02-22,143.46888732910156,144.44184183174664,143.09607220894193,144.12358231458174,9820200
2023-02-23,143.4234161376953,144.20541213565494,142.4595635093484,143.40524018699665,9385100
2023-02-24,141.8230438232422,142.6232295646219,141.1319831487225,142.4413590781119,8689700
2023-02-27,141.51390075683594,142.66869799133042,141.01378461701432,142.25951710412056,7267100
2023-02-28,139.35885620117188,141.1865520900569,139.15880974691808,140.92284818455352,9062300
2023-03-01,138.73147583007812,139.34070326875624,138.13133636817778,139.13155492990467,6767000
2023-03-02,138.62232971191406,138.90420957178617,137.51298622322471,137.98582456465908,8762500
2023-03-03,140.0499267578125,140.14084813225705,138.97694909110717,139.45887538745342,5747200
2023-03-06,141.4502410888672,141.6048199160681,140.55004592606372,140.63187932726925,8148200
2023-03-07,140.11355590820312,142.0776405409864,139.44068508245354,141.93214970712773,7457700
2023-03-08,139.08607482910156,140.21359422603945,138.64960228050842,140.01354777662704,6230500
2023-03-09,137.5220489501953,139.6679898895715,137.04012277046303,139.54068889633592,7439400
2023-03-10,137.85850524902344,139.56798788184457,137.3947688192723,138.085829476802,8504300
2023-03-13,139.17698669433594,141.76848850979837,137.8221431406183,138.29496755713055,10799600
2023-03-14,139.95899963378906,140.05902286382454,138.1222157162159,139.37705007942958,8421200
2023-03-15,140.3500213623047,140.84103572088796,138.69509388104277,138.9769737790048,7757700
2023-03-16,140.05899047851562,140.36814807267743,138.758702663487,139.5315966488915,7605500
2023-03-17,138.55868530273438,140.89557144536346,138.4859398756603,140.4682007330355,20540700
2023-03-20,139.9317169189453,140.0953975963341,138.55868342282625,138.64051682413498,7129000
2023-03-21,139.9317169189453,140.14995319720657,138.3677249450012,140.03174014546863,8376800
2023-03-22,137.3492889404297,140.08626740369297,137.3310991188953,139.89532283927173,7943500
2023-03-23,137.42205810546875,137.93126219830037,136.49457129365635,137.4675118550087,9051500
2023-03-24,138.80419921875,138.90422245650902,137.14928568237767,137.74032325791646,5696200
2023-03-27,139.39523315429688,140.52275255670287,139.22246450398728,140.2135949060284,6772300
2023-03-28,138.0494842529297,139.5316290038091,137.967636973922,138.5677763545286,6115300
2023-03-29,139.40435791015625,139.46801537696948,138.27683821026292,138.4314170763846,6012000
2023-03-30,139.51341247558594,139.84986175322456,138.94965285461137,139.64981533131052,4555700
2023-03-31,140.94102478027344,141.11379341770925,139.34066717123403,139.84076938515437,9890000
2023-04-03,142.62326049804688,142.7687374941291,139.97720251780436,140.89558762487914,6841900
2023-04-04,144.11447143554688,144.55093006491197,142.38679899157853,142.73233625532612,8314500
2023-04-05,150.58868408203125,150.6341517092068,147.99718195551444,149.46115075202778,16704200
2023-04-06,150.17039489746094,152.0617343337355,149.85214927042188,150.93421492685133,9615400
2023-04-10,149.4156951904297,149.88851965796923,148.7973659928271,149.69757505082447,5354000
2023-04-11,149.3701934814453,150.28857828072404,149.16104522164673,149.50658245542832,5903800
2023-04-12,149.05197143554688,149.88852306030384,148.30635506610406,149.0701612615641,5764100
2023-04-13,151.04335021972656,151.24339670281205,148.9519639986886,149.28839950443538,5640600
2023-04-14,150.79782104492188,151.05242311164636,149.17927338869967,150.91603410260538,7225100
2023-04-17,150.64324951171875,151.16155552074173,149.9794665109245,150.70690696887146,8046400
2023-04-18,146.40589904785156,149.7521190872611,145.16925462292616,149.35202620349546,14571500
2023-04-19,147.7880401611328,147.92442916109619,146.55139568730414,147.29702588649354,6752000
2023-04-20,148.74281311035156,148.9610493972788,146.3604592791764,147.6971131779436,9498800
2023-04-21,147.93353271484375,150.00672878679288,147.27883775793651,149.52480248167663,7014200
2023-04-24,148.83375549316406,148.95196856627777,147.18792982030632,147.93356016644842,5278900
2023-04-25,150.19766235351562,150.35225504359119,149.27018946168369,149.40657845319714,6263100
2023-04-26,147.869873046875,149.47933261470132,147.52434962324568,149.2065407409521,5518200
2023-04-27,148.2153778076172,148.58819282407148,147.42429403470476,148.12444257807343,5739700
2023-04-28,148.8519287109375,148.90648431558697,147.81533059828078,148.04265486750174,6024900
2023-05-01,148.760986328125,149.3974914171364,147.5243419231441,148.760986328125,4893400
2023-05-02,150.06129455566406,150.47047546276465,148.7246267509692,149.43387735654946,7541700
2023-05-03,148.09716796875,151.1069382094779,147.76982056002853,150.53409065029157,5937200
2023-05-04,147.42433166503906,148.12448038712196,146.6241458400625,147.92443393087785,5128000
2023-05-05,147.92442321777344,148.33361795076513,147.02422810464105,148.06991406173623,5194500
2023-05-08,147.58802795410156,147.8244541085875,146.70600855030628,147.2970600617468,4994900
2023-05-09,146.44229125976562,147.42433372923122,146.20586514920043,147.07879641364931,5520500
2023-05-10,146.98785400390625,147.27883570281412,145.54207510873184,146.57867313024175,6756600
2023-05-11,146.3877410888672,147.47889480383594,144.93286021906067,147.1515473018681,5867600
2023-05-12,146.19676208496094,146.90601259391235,145.49659955056572,146.72415597939641,3904200
2023-05-15,145.0783233642578,146.42407889312472,144.52365169952415,146.21494449078008,5104500
2023-05-16,144.88739013671875,145.71485379084294,144.1508617384571,144.6327880700301,5599200
2023-05-17,144.5691375732422,145.54207816551124,143.45979410370606,145.29656408624766,6840700
2023-05-18,144.10537719726562,144.51455805107852,143.26882566564782,144.26905786365302,5173000
2023-05-19,144.49636840820312,145.42384122234537,143.79620593595257,144.20538675098817,6527100
2023-05-22,143.7176513671875,145.79733322341409,143.63520053072494,144.75291402318456,5675900
2023-05-23,143.6626739501953,145.0002702244445,143.25956236125842,143.92836748811092,5793000
2023-05-24,143.52525329589844,143.96500503064613,142.84729163776007,143.91003781123462,5015100
2023-05-25,141.46389770507812,143.18626447893968,140.8317467273413,142.96639560282637,6886100
2023-05-26,141.4089813232422,142.2610014833976,141.27154924680838,141.72047166268865,6845400
2023-05-30,141.42726135253906,142.35258958736364,140.46530693969842,141.06080385997666,5593100
2023-05-31,142.05938720703125,142.63657093590345,140.95084440204903,141.72956993045497,11324600
2023-06-01,141.58299255371094,142.04107136406643,140.30953402010095,141.58299255371094,7901300
2023-06-02,143.80926513671875,144.12075537766282,141.17072667353116,141.74791045721747,7659700
2023-06-05,145.0460662841797,145.33922942330005,143.60769225764915,143.60769225764915,6430500
2023-06-06,144.91781616210938,146.22792892331793,144.20321428488901,146.20044531107538,5073600
2023-06-07,145.2293243408203,145.48584738168302,144.2398723348682,144.84453977952626,6504300
2023-06-08,146.82339477539062,146.96998332931943,144.58798223551926,145.21096262053572,5818400
2023-06-09,146.59439086914062,147.2540255419579,146.09967185425631,146.97001888716716,6264400
2023-06-12,146.4935760498047,146.81423676087672,145.4216734714251,146.5851973899549,6510600
2023-06-13,147.26316833496094,147.35477570148893,145.80646721878276,146.3378402706819,6066800
2023-06-14,148.0144500732422,148.4908560375102,147.48307687837755,148.05110421327888,6699100
2023-06-15,150.00247192382812,150.16738755233874,147.89530676045672,148.46333394815463,7138300
2023-06-16,150.46055603027344,151.15684474061405,150.13073874102136,150.68959542615804,13426600
2023-06-20,150.36895751953125,151.4500168216655,150.075780365386,150.48804850637865,7995800
2023-06-21,150.13990783691406,151.0927055637792,149.049678086151,149.8650577685734,7177500
2023-06-22,151.73403930664062,151.82566067174818,150.05746897726704,150.1582468871023,5485900
2023-06-23,151.60577392578125,152.3295463451259,151.193505752202,152.18295775646655,9450700
2023-06-26,149.910888671875,151.14769317711713,147.80372316953347,151.14769317711713,6978800
2023-06-27,149.59938049316406,150.1399241454159,148.82065485764312,149.95668142698113,4927500
2023-06-28,149.29705810546875,149.5169269965467,148.33508976863345,149.5169269965467,6780400
2023-06-29,150.34149169921875,150.54304752168042,148.6282672082947,149.00389523919665,4547500
2023-06-30,151.64239501953125,152.0271794963238,150.57049241001172,151.03772770766253,7580000
2023-07-03,149.6543731689453,150.60717107234723,149.2970722077374,150.56136038922665,4033700
2023-07-05,149.1596221923828,150.1765577255571,149.08632790410962,149.32453783586152,7224600
2023-07-06,148.05108642578125,148.7565177729621,147.50138622694163,148.6465833249769,6332500
2023-07-07,145.8981170654297,147.5380332350155,145.8523063834894,147.015830603377,7022200
2023-07-10,146.1363067626953,146.8600791596714,145.66907137767325,146.06301247063084,5739200
2023-07-11,145.33009338378906,146.86007499113296,144.3864521168611,145.78817221159704,6606700
2023-07-12,144.82620239257812,145.61409852750876,144.64297365922465,145.61409852750876,6940400
2023-07-13,145.49501037597656,145.78818756679175,144.21239511480482,144.7529248334802,6401700
2023-07-14,146.4661407470703,146.7959581091471,145.65076087686074,145.83398963813488,5362200
2023-07-17,145.73318481445312,146.46609965391997,144.89030758604818,146.35616522389086,5486800
2023-07-18,145.7239990234375,147.40056880298414,144.92694653033203,145.73316954461535,6332500
2023-07-19,145.43087768554688,146.9608593602258,144.13909197920688,144.67046512038485,7522600
2023-07-20,154.2626190185547,154.9588937522787,147.77622162312295,148.36256191979984,21892900
2023-07-21,155.92086791992188,156.49805169518936,154.0793821529088,154.0793821529088,12080000
2023-07-24,156.7362518310547,159.2465288149136,156.6538009979443,157.12103636502613,15155400
2023-07-25,157.93643188476562,158.20211147780765,155.51777601577518,156.15908363644354,13790100
2023-07-26,158.23875427246094,159.27401691554974,157.02941943492817,157.57911963007155,14288200
2023-07-27,159.1273956298828,159.6770817326009,157.61572739363703,157.74398888221663,12446400
2023-07-28,159.85118103027344,160.6574042264824,158.70598398086577,159.41142927754862,14138800
2023-07-31,153.48385620117188,155.948321973905,152.73261436285304,155.46275964464382,22632700
2023-08-01,154.7298583984375,154.91308712478877,152.13713068117252,152.42113730393535,15810300
2023-08-02,155.66432189941406,156.8828130340963,154.69319720035475,154.69319720035475,14595600
2023-08-03,156.33311462402344,156.95610899088157,155.4444407341733,155.70096371480489,17424800
2023-08-04,154.86729431152344,158.20210784181182,153.81371852888697,156.0583021393673,23415100
2023-08-07,158.58689880371094,158.80676769840034,155.16046407374887,155.27956904467675,17736400
2023-08-08,158.66017150878906,158.99915933761048,157.02025550354298,158.4861133019906,27378700
2023-08-09,158.5594024658203,159.6404617231613,157.62491780002256,158.49526472371252,42974400
2023-08-10,157.73486328125,161.2162651991915,157.2493008378469,159.41143348335106,48213800
2023-08-11,159.27401733398438,159.36562471377783,157.2309756542509,158.01887181364944,45905600
2023-08-14,158.89837646484375,160.87728023696084,157.35006788331108,158.97167075041722,64036900
2023-08-15,158.44029235839844,159.92446314805323,157.70736350666522,158.31203085780427,88958100
2023-08-16,157.93643188476562,160.08023763648174,157.6982359055053,158.0646934088993,85832700
2023-08-17,159.4205780029297,160.684879956897,158.27538100968553,158.36700236092724,70904200
2023-08-18,158.02801513671875,159.4022514121908,156.9469419973645,158.650995538128,49631700
2023-08-21,153.3189697265625,155.6093635738105,152.0455113066708,155.4627750125175,151319500
2023-08-22,152.1005096435547,153.76790943620125,151.54165287130039,152.87007877862234,56834800
2023-08-23,150.7354278564453,152.5402596748588,149.76430291444768,151.9905594536169,119011400
2023-08-24,151.24844360351562,152.69597418161692,150.12157375339763,150.27731885630382,70755100
2023-08-25,153.41705322265625,154.82895039049978,151.3960985092068,151.61757782059615,18185500
2023-08-28,151.60833740234375,153.38014369283408,150.5747954670184,152.26353821695716,18458000
2023-08-29,151.62681579589844,152.89106021414202,150.20569546364288,152.14358682580956,12208600
2023-08-30,151.091552734375,153.0294577683423,151.04540945624217,152.3650339898936,9939100
2023-08-31,149.19981384277344,150.94393708919432,148.83069572304797,150.7593639483779,15333000
2023-09-01,148.0924530029297,149.9380718581839,147.65873144546862,148.95989611785188,8610100
2023-09-05,148.2770233154297,149.4674554526681,147.90790514877207,148.16629068162348,9019800
2023-09-06,145.81309509277344,147.64949070252914,145.20405164514958,147.50183783239794,9753800
2023-09-07,147.6772003173828,148.62769295761998,146.70824754483326,146.8559004414219,9931800
2023-09-08,148.16627502441406,148.27700764651877,146.9020306522053,147.271148779857,6957000
2023-09-11,150.10418701171875,150.13187016846487,148.06477195204266,148.62768627413794,6309300
2023-09-12,150.95314025878906,151.27611505082913,149.0613784618761,149.69811910346183,6045800
2023-09-13,151.3314971923828,152.2173862058747,150.41791094632683,151.11924092208724,7397500
2023-09-14,151.10079956054688,152.51269666035535,150.82395395488882,151.9682284728786,7758400
2023-09-15,148.987548828125,152.09742553876413,148.76608362256243,151.32225507644057,13392100
2023-09-18,149.92881774902344,150.55632127085445,148.34158473610194,149.60582888393594,5789000
2023-09-19,149.67965698242188,150.27949144128323,148.92296072230425,149.72580026094224,5550800
2023-09-20,150.33489990234375,150.916260315689,149.18138802060756,149.67047593198726,3837400
2023-09-21,149.18136596679688,150.87933182626918,149.11676255211142,150.0211258719866,4526700
2023-09-22,148.11093139648438,148.94145435137193,147.8802290111316,148.8491818458045,4976700
2023-09-25,147.889404296875,147.98169085360732,146.47750728077028,147.7140823686061,6722500
2023-09-26,146.7451629638672,147.72333872979553,146.5975100721541,147.47417623514903,4904800
2023-09-27,144.98257446289062,146.5052042256748,143.27537156926348,146.3391053050596,10211600
2023-09-28,144.77032470703125,145.76696042158753,144.16126720131038,145.34246195612846,7861900
2023-09-29,143.72755432128906,145.43475722811255,143.35843621865573,145.22250094219302,7680700
2023-10-02,143.1738739013672,143.42303638398994,141.48514507735214,143.42303638398994,7259700
2023-10-03,143.34921264648438,143.49686553385823,142.01114179692544,142.740155046783,5740800
2023-10-04,143.51531982421875,143.89366097140424,142.638653722666,143.56146310976445,4955200
2023-10-05,145.01025390625,145.84077664998287,144.02285527007658,144.2074143152447,5993300
2023-10-06,145.4716796875,146.08073729786977,144.50272695844893,144.95490865359398,5802200
2023-10-09,146.30221557617188,146.6159815155084,144.96414458405536,145.04719406169332,4414100
2023-10-10,146.13612365722656,146.97588374299315,145.71162506060017,146.15458379124246,5273500
2023-10-11,144.12437438964844,146.7728471091222,143.99518162876836,146.2283929083387,6922900
2023-10-12,144.26280212402344,144.47504435355526,143.1000672932936,143.88444687241324,5792400
2023-10-13,144.74267578125,145.2133035573462,144.00442536468213,144.63192906614373,5359800
2023-10-16,145.3701629638672,146.03458685518225,144.7334222279441,145.63778557392808,6408100
2023-10-17,144.04129028320312,146.6805252616832,142.6755365564436,143.93978070399422,12244400
2023-10-18,140.94068908691406,143.91213676321863,140.3131853942561,143.41382583557586,9097300
2023-10-19,140.5623321533203,141.29134537118298,138.55982339846506,139.96249760504742,7733800
2023-10-20,141.18984985351562,141.99268959187506,140.5715691941985,140.94992445885612,7207000
2023-10-23,139.70411682128906,141.65124525084173,139.5380178853904,141.06064778827835,5874000
2023-10-24,139.55648803710938,140.230149164919,138.54140595352865,139.11354338392792,6155300
2023-10-25,139.87020874023438,140.4238858573346,138.63363360871114,139.56567998940082,5880800
2023-10-26,137.4985809326172,140.23932558506564,137.3878483263613,140.23932558506564,7612500
2023-10-27,134.36105346679688,137.1848479609137,133.7612189118209,137.02797205356876,11385800
2023-10-30,135.68067932128906,135.87447551142782,134.73018666512797,134.81323614049222,8205300
2023-10-31,136.88955688476562,137.07411596727238,135.32078356202499,136.15130647378314,7576900
2023-11-01,137.21253967285156,138.1999384644096,137.00029744155577,137.67394439885834,5733000
2023-11-02,138.64288330078125,138.790522096841,136.15128676428387,136.30817674670612,5349100
2023-11-03,139.65794372558594,140.5161636207456,138.55979850279783,139.5379881022473,4926800
2023-11-06,139.9901885986328,140.66383554411863,139.68565979509563,140.06401504321343,4851400
2023-11-07,139.25193786621094,140.4977362336696,139.0489186643887,140.20243045612656,4840400
2023-11-08,138.74440002441406,140.110154004595,138.73516291853014,139.66720943174383,5460000
2023-11-09,136.04055786132812,138.88281245714222,135.89290498028367,138.88281245714222,6973600
2023-11-10,135.8836669921875,137.03717859653543,134.39794348254927,136.80647627566586,6930700
2023-11-13,136.23434448242188,136.48349286065462,135.32998121010496,135.88367243474988,5889300
2023-11-14,136.26202392578125,137.07408653061165,135.62528325906086,136.24356379720825,6713600
2023-11-15,137.3140411376953,137.88617845812965,135.90214388626907,135.9759703277693,6729100
2023-11-16,138.51368713378906,138.57827646529176,137.1663793059775,137.95999589913708,6875600
2023-11-17,138.2276153564453,139.15042476663334,137.56320553558774,138.92895951999887,7023300
2023-11-20,139.44618225097656,139.90197082982192,137.24160023008594,137.58578362720917,8851700
2023-11-21,140.57168579101562,140.72981793740365,139.16709023636054,139.6228929126875,5916300
2023-11-22,140.29266357421875,141.42749364853472,139.89267049923347,141.04612272728355,4633500
2023-11-24,141.8554229736328,142.02285206973187,140.32989636973065,140.32989636973065,3351400
2023-11-27,140.72055053710938,141.68796576837346,140.43219102188942,141.66004673084453,6449700
2023-11-28,141.04611206054688,141.213541106915,140.31124672936156,140.83215602079164,5909000
2023-11-29,141.4926300048828,141.57634454362358,140.52522888298486,140.76707561503028,5190000
2023-11-30,143.8646240234375,144.31111570351098,141.3158728869937,141.63213723564098,12481900
2023-12-01,147.32496643066406,147.39938407627056,144.61808312080063,145.52037755742177,10342900
2023-12-04,147.79006958007812,148.8504962161527,146.971489652682,146.971489652682,8920300
2023-12-05,147.48309326171875,148.4877101504379,147.1761258073562,147.71564307317095,7268200
2023-12-06,145.6878204345703,147.58543509325543,145.26923355782728,147.45520774951947,6642900
2023-12-07,144.55296325683594,145.6506057942117,143.91113767270502,145.6506057942117,6532400
2023-12-08,143.641357421875,144.97154964620725,143.10184018765824,144.57155661320462,6254700
2023-12-11,144.2366943359375,144.6273763201348,143.57626081278764,143.71578502367444,6090400
2023-12-12,144.2460174560547,144.4785672894252,142.9251219120405,144.18089668972755,5324400
2023-12-13,144.91575622558594,145.05529464983687,141.17636491009338,142.9344411834119,10764600
2023-12-14,145.9203643798828,146.1901301341092,144.2274089797274,145.5482903253058,9240700
2023-12-15,144.3297576904297,145.75296178859057,143.02746987542662,144.63672522838647,21727800
2023-12-18,144.59017944335938,145.52037873036636,143.95763654746298,144.37623758158787,7231400
2023-12-19,145.5390167236328,145.57621845755554,144.1251095413696,144.45998192154462,6651500
2023-12-20,142.5716552734375,145.72503043416984,142.42281997415614,145.61339686285115,7008300
2023-12-21,144.0320587158203,144.30182446600236,142.59955801408805,142.96233517966223,4598600
2023-12-22,144.60879516601562,145.60410107581,144.1995051867673,144.41344706002332,3798900
2023-12-26,145.2413330078125,145.43668112605184,144.04138203316506,144.1809062649672,4170000
2023-12-27,145.4366455078125,145.59477766303294,144.57155290135617,144.64597053799747,5288100
2023-12-28,145.65060424804688,146.2645391763136,145.1017900820423,145.11108696505923,4377500
2023-12-29,145.79946899414062,145.94829012105032,145.09250831802072,145.58551289809517,4313700
2024-01-02,148.8040008544922,150.35743216700368,145.84595934794595,145.97618669768593,9622100
2024-01-03,149.73422241210938,150.1714173352692,148.64589064394085,149.42725485795125,8232000
2024-01-04,149.41790771484375,150.673668166326,149.22255963018796,150.3108910322915,6766600
2024-01-05,149.88304138183594,150.0783753171523,148.33890689389315,149.29701118845253,5602500
2024-01-08,150.2550811767578,150.37601161920185,148.4691003501977,149.85510231900273,6569800
2024-01-09,150.34811401367188,151.88293714660662,149.39000989175497,150.34811401367188,6357000
2024-01-10,150.57138061523438,151.2690302035949,149.9481486862117,150.52488199765077,4945100
2024-01-11,149.901611328125,150.878323430634,149.5574421295486,150.7574071735129,4946000
2024-01-12,151.0550537109375,151.12947135323296,150.40391708299467,150.54344129122742,4496900
2024-01-16,149.31561279296875,150.92485379291452,148.99933420734916,150.29232500910842,6923200
2024-01-17,149.2318572998047,150.0411402905449,148.71094799626076,149.064428249543,5072100
2024-01-18,149.95742797851562,150.1062490719288,148.5435211382339,148.83188063597183,5368500
2024-01-19,150.39462280273438,150.6178757545537,149.09234940141056,149.90161828696782,7071300
2024-01-22,151.1294708251953,152.1619925436521,150.0783411478012,150.69227604930825,6824200
2024-01-23,148.65513610839844,149.30627272817253,145.95756402917138,148.51561190191606,9149800
2024-01-24,147.86448669433594,149.39001297570994,147.12032441699657,148.59933789471532,7247900
2024-01-25,148.42262268066406,148.47843237693615,147.40870868180832,147.90171325716818,5478900
2024-01-26,148.36680603027344,149.52025840946305,148.23657868050336,149.23188466937822,5591900
2024-01-29,148.23655700683594,148.89700473720933,147.8644829743843,147.91098158315486,6483200
2024-01-30,147.687744140625,148.60863234684552,147.09241716723554,148.2272614280271,7200500
2024-01-31,147.8086700439453,149.40861405068776,147.5947281691238,149.20396905956613,8256800
2024-02-01,147.306396484375,147.4273269639069,146.08783738475373,147.12035941920777,8012000
2024-02-02,145.6785125732422,147.25984854050992,145.0552807470602,146.94358418579935,8295900
2024-02-05,144.925048828125,145.9389626239983,144.4971509195074,145.67850796439257,9121600
2024-02-06,147.0272979736328,147.65052979666757,144.73901566144133,144.95295752458105,9229900
2024-02-07,146.95289611816406,148.24587270656457,146.68314453945447,146.78546704042355,8690300
2024-02-08,145.48316955566406,146.35755919698565,144.46925569230834,146.35755919698565,9755000
2024-02-09,145.8180389404297,146.22732890842636,144.80412509752935,145.36225036183663,6529200
2024-02-12,146.83197021484375,147.35287956970245,145.43667121702282,145.65061308911504,6701500
2024-02-13,145.54827880859375,147.39006936233184,144.87853420837732,146.6366102355169,8621000
2024-02-14,144.86924743652344,145.5389920834839,144.03205953096523,145.43666959037284,9098800
2024-02-15,146.89707946777344,147.41798883213715,145.00877592509713,145.09249046000224,7462500
2024-02-16,146.72837829589844,147.39382634940705,145.9035831069462,146.77524425917693,8541000
2024-02-20,147.9561767578125,148.65912324292157,146.625266462184,146.73773332332692,9501700
2024-02-21,148.7247314453125,148.7341132185235,147.27198674596153,148.10614937717875,7472500
2024-02-22,150.38368225097656,150.6554962347666,147.87182700226853,149.0059059924075,8065000
2024-02-23,151.68649291992188,152.07077380843506,150.1118994764793,150.7867293240931,6726000
2024-02-26,150.7023468017578,151.8458075563944,150.49616232443842,151.64899055029952,5465400
2024-02-27,150.88043212890625,150.9366655604354,149.62450448647868,150.28058502345704,5078600
2024-02-28,151.41468811035156,151.47092154551248,150.23372876603648,150.89919111890325,6071100
2024-02-29,151.25535583496094,152.0145358154022,150.84295824028072,151.8364537357463,9849100
2024-03-01,151.9488983154297,152.37067762178523,150.9835196792703,151.67709865052777,5670100
2024-03-04,149.8119659423828,151.4709238118715,148.34047192821404,151.19912410403236,8532900
2024-03-05,149.93382263183594,151.12414952985304,149.21212679429178,150.54303728985678,8298200
2024-03-06,149.3433380126953,150.83358130368302,149.23087113835194,149.4558191885232,5773700
2024-03-07,148.90281677246094,150.29934237048158,148.31235140808977,149.96192746163356,5188700
2024-03-08,149.51205444335938,150.32746789523108,148.49042788354365,148.90282549646233,5284000
2024-03-11,151.11476135253906,151.19912580897804,148.91220404253568,149.48393448414626,4620800
2024-03-12,152.53004455566406,152.87682696813215,151.021051950635,151.44281704986366,8018700
2024-03-13,150.992919921875,152.47378135542732,149.78384388498915,152.33319777043303,6260000
2024-03-14,149.22146606445312,151.40527359891811,148.73408589597003,150.84292506742003,6988300
2024-03-15,148.25611877441406,149.20276269089683,147.24388824624123,148.14365189383605,13165500
2024-03-18,146.9251708984375,148.73409380963164,146.6814879519708,148.6216269576442,6602300
2024-03-19,146.40969848632812,147.0189130456524,145.8942015430246,146.84083098328549,7840600
2024-03-20,145.98793029785156,146.62527592224217,145.47244761669967,145.931696863652,5982300
2024-03-21,145.9785614013672,147.1032729788338,145.3693468015055,145.828596043976,5915800
2024-03-22,145.49118041992188,146.55029108671098,145.3787135531774,145.922327244915,7248600
2024-03-25,145.4818115234375,146.19412550831592,145.1818808130781,145.65051182190209,7498100
2024-03-26,145.99732971191406,146.42846229385992,145.05068578356003,145.8473643349392,6864100
2024-03-27,148.04991149902344,148.2935944699733,145.68800725961162,146.20350421881622,8461600
2024-03-28,148.2654571533203,149.15585306742088,148.19047448771968,148.27482462346498,6181500
2024-04-01,147.8811798095703,148.2279621322778,146.934550449527,147.82494638442657,4364700
2024-04-02,147.83433532714844,147.9280672503232,146.16601006531909,146.74712224633228,6102300
2024-04-03,144.58203125,148.13426224567385,144.5726637785159,147.89056497225516,8098200
2024-04-04,142.93247985839844,145.7442663474161,142.84812969608447,145.5661842482073,6947400
2024-04-05,142.82936096191406,143.41045884722197,142.09829771862874,142.49194605720672,6783000
2024-04-08,142.0795440673828,143.43857111588372,142.05142735131946,142.4544574506997,5935400
2024-04-09,142.73562622070312,142.96057425322957,141.47033107913583,142.04206148134256,6135300
2024-04-10,140.77674865722656,142.29512281271698,140.36435109157443,142.0233088255903,6809500
2024-04-11,139.4552001953125,141.4047067807354,139.08030113335838,141.33910588056057,8374400
2024-04-12,138.264892578125,139.7176515209138,137.91809591729586,138.771007759373,7100200
2024-04-15,138.33050537109375,140.11131188359587,138.1243065717358,139.06156864100504,8502300
2024-04-16,135.3874969482422,137.07457145724345,134.394001487798,135.91236139515735,12774900
2024-04-17,135.6874237060547,136.28727081382578,134.53458114931274,135.90298996157847,9378100
2024-04-18,136.59657287597656,136.65280630932315,134.15031841501488,135.88424458296356,9887700
2024-04-19,138.63043212890625,138.83663092236065,135.47184932089155,136.98084178127115,9750800
2024-04-22,139.76451110839844,140.8423710374486,138.05870162895172,139.1927806907934,10118700
2024-04-23,140.17689514160156,141.04855619304044,138.9022183158342,140.45807658727483,10110400
2024-04-24,139.21151733398438,139.64266412687184,137.64629158191727,138.84598574280082,9756300
2024-04-25,137.6088104248047,140.19564833461345,137.14954690721729,139.99881702665232,7642700
2024-04-26,136.9714813232422,137.9462276046352,136.79339923782314,137.49634580564492,6183000
2024-04-29,137.6088104248047,137.9837094952757,136.83088126716865,136.97146484322457,6149600
2024-04-30,135.51870727539062,137.66504523456854,135.46247384440483,137.66504523456854,8817700
2024-05-01,141.6952667236328,142.32324486856393,138.35861618759114,139.40835938540687,14470900
2024-05-02,140.51431274414062,142.773117522877,139.7832495520863,142.50130354290545,8459800
2024-05-03,139.9051055908203,140.4862034661683,138.5460785234672,140.4862034661683,6532700
2024-05-06,139.25840759277344,140.63618405415292,138.63044368815935,140.46746943567535,5042800
2024-05-07,139.38961791992188,140.3362474738052,139.13655315347378,140.00821432613523,7333500
2024-05-08,139.60516357421875,140.33622674576932,139.37084808842735,139.76449638837903,7735100
2024-05-09,140.44873046875,140.68304599218703,139.5489525660986,139.63330272217962,6546200
2024-05-10,140.50494384765625,140.67364413573466,139.8301140923775,140.58929399169546,5710600
2024-05-13,141.73275756835938,142.46382076765371,140.317497129004,140.6267809966815,5628500
2024-05-14,141.8827362060547,142.66066543744319,141.2453905640503,142.32325052143713,8254200
2024-05-15,143.091796875,143.35422910748133,141.8077524302532,142.29513270549742,5548000
2024-05-16,144.60079956054688,144.6945314936796,142.77314127633977,143.40110518417066,7591000
2024-05-17,144.9381866455078,145.14438541758724,144.06653990111212,145.14438541758724,6521800
2024-05-20,142.92567443847656,144.92872675137627,142.91621682981312,144.654730024778,7742300
2024-05-21,142.89735412597656,144.17287722038984,142.47216534408338,143.40756048032412,5492400
2024-05-22,145.0326690673828,145.58067697371396,142.02809040039074,142.51939590227053,6609800
2024-05-23,141.4423065185547,144.40909853720973,141.13996572547063,144.32406654075703,8000400
2024-05-24,138.86288452148438,141.5462218027961,138.6644621372273,141.28166823517878,9520600
2024-05-28,136.41575622558594,138.69280553584656,136.19843303969458,138.69280553584656,10499800
2024-05-29,136.47242736816406,137.39836473653222,135.7826995419266,135.88663231714756,8263800
2024-05-30,137.26609802246094,137.5778963709587,136.07560703308636,136.6425013254654,8490300
2024-05-31,138.57943725585938,139.34475400263702,137.18108055289417,137.54012373467683,14621200
2024-06-03,139.59039306640625,140.68639436024299,138.67389891019675,139.12741718409768,7329200
2024-06-04,139.6470947265625,140.12895703871146,138.12590458379333,139.34473956962302,8876400
2024-06-05,137.9180450439453,139.82662240852997,137.80466906368278,139.80772160612355,5891300
2024-06-06,138.34323120117188,138.89123918105258,136.6803208745985,137.4739816383888,5016300
2024-06-07,138.96682739257812,140.1195313424389,138.2676418176676,138.58888339921194,5111600
2024-06-10,139.01406860351562,139.42034216666593,137.5684671068129,138.4471598366527,5749900
2024-06-11,138.66448974609375,139.04243378728935,137.41731045287585,138.71173455337959,5661200
2024-06-12,137.388916015625,139.0896275339362,136.79366337994466,138.94789316411027,6180500
2024-06-13,137.42672729492188,137.94639124123458,135.9433386668164,137.06769854599622,6840400
2024-06-14,137.5117645263672,137.9180525061038,136.5102382009585,137.1338349603186,4075300
2024-06-17,137.89913940429688,138.35265772652645,136.75589319785126,137.02044675390914,6666600
2024-06-18,137.61569213867188,138.3148776683367,137.2472057796661,137.9086041209842,6156600
2024-06-20,139.62820434570312,139.91165872221677,137.01099818933233,137.2566653769521,8749700
2024-06-21,140.54469299316406,140.8564913530482,139.24081156402826,139.73213150236882,15172300
2024-06-24,140.894287109375,141.46119587402237,139.9966935795906,140.78091112328104,6914700
2024-06-25,139.0707244873047,140.9698439087644,138.8345149584974,140.95094310967588,5912500
2024-06-26,138.72116088867188,139.07074643300473,137.7385210202028,138.13535136116954,5267800
2024-06-27,137.75743103027344,139.23137651441095,136.85037989237182,138.7022693577553,5739200
2024-06-28,138.0975799560547,138.9573863349528,137.61570315924243,137.9841895477574,10495700
2024-07-01,138.3621063232422,140.49743543435645,137.58733209019212,138.01252080774165,5144400
2024-07-02,137.97474670410156,139.03296107029715,137.70074991895788,138.35267628714587,5492000
2024-07-03,137.6534881591797,138.56052481358333,136.75589469720754,138.13535048076363,3246200
2024-07-05,138.39991760253906,138.4660632073046,136.52914170454886,137.7290904469724,4888500
2024-07-08,137.45506286621094,139.09908659094592,137.23775410819414,138.32431231536555,5260200
2024-07-09,138.9384765625,139.01406535745593,137.1716191167181,137.634595079415,5890400
2024-07-10,141.18719482421875,141.22499643369065,138.5888892309834,139.13689723160743,6093200
2024-07-11,141.4423065185547,142.2737689294432,140.44078011476074,141.3289305232844,6350400
2024-07-12,141.61236572265625,142.55720400067327,141.0076698014089,141.72574170255015,5336400
2024-07-15,141.00767517089844,141.9619566778824,140.65807519109975,141.80133589455374,6711400
2024-07-16,142.6800079345703,142.7461535271692,140.93206595717677,141.43282903767584,6469600
2024-07-17,147.9427947998047,148.8026011829709,143.06742531441307,143.19025891689094,13801400
2024-07-18,146.8467559814453,148.40574771124963,146.09088251400266,147.01683435973635,10166200
2024-07-19,146.15704345703125,147.8766417193638,145.61847868916126,147.8766417193638,7398000
2024-07-22,145.73184204101562,146.55384662140344,145.1176885907571,146.2326051091928,6840600
2024-07-23,143.9461212158203,145.03267949733635,143.20914849291427,144.8531579130485,6261900
2024-07-24,147.6593475341797,147.78218114258956,143.92723864823625,144.33351224976093,7168200
2024-07-25,150.833984375,151.72213467631306,147.3947735684204,147.84829191184622,10019600
2024-07-26,151.77880859375,152.66695881271127,150.67334962453867,150.93790316843095,8356900
2024-07-29,149.81356811523438,151.1741376609169,149.33170574159232,151.14579366347263,5625000
2024-07-30,152.4307861328125,152.6386517414491,149.62461483330878,149.79467883105306,6545700
2024-07-31,149.14273071289062,151.5048264516625,149.03879792370114,151.03240730390812,8293200
2024-08-01,151.89219665527344,151.9394414526763,149.01045143584264,149.73796653091236,7213400
2024-08-02,155.08575439453125,155.75659591551775,152.11896277790655,152.96931146138263,11280400
2024-08-05,152.3551788330078,156.6352952617401,151.7221388897678,154.7550618180832,12032200
2024-08-06,150.20095825195312,152.57249739291652,150.1726142539524,152.16622381017936,7607100
2024-08-07,150.13482666015625,151.7599499769875,149.4639994220647,150.10648265950962,5993000
2024-08-08,151.38198852539062,151.83550685746494,149.31279041073788,149.82301114927333,5094800
2024-08-09,151.75991821289062,152.05281576966155,150.55052638146287,151.28749907820514,4579200
2024-08-12,151.0607452392578,152.7803433712122,149.9552862079112,152.09061547994557,7605400
2024-08-13,149.6529541015625,151.52373010305578,147.81052209879712,151.42925491299263,9711400
2024-08-14,149.7379608154297,150.74894465632747,148.717533782247,149.12382172389806,5141200
2024-08-15,150.31431579589844,150.70170294381748,149.13326796718513,149.63403109319256,7237800
2024-08-16,150.5977783203125,151.1174422765287,149.45451761663693,150.36156874176774,5012800
2024-08-19,150.8245391845703,151.44812149211344,150.35212004477484,150.66391840709042,4408400
2024-08-20,151.3253173828125,152.05283255021345,150.86234138957508,151.1741397829281,7275100
2024-08-21,152.52520751953125,152.5724523079349,151.46699346129873,151.55202543017415,5019400
2024-08-22,153.39451599121094,153.52679278706455,151.9205560154414,153.06381679303217,6552100
2024-08-23,155.07632446289062,155.16135645509195,152.78035975383037,153.53623332438363,7093400
2024-08-26,155.52984619140625,156.5691741754597,154.51886220536431,155.11411499778487,6870600
2024-08-27,155.12998962402344,156.16767679035647,154.3779082949286,155.65359790454076,4388700
2024-08-28,156.05345153808594,157.08162391050038,154.90152776425865,155.17760422673675,5187000
2024-08-29,156.34854125976562,156.8150312193256,155.5202975100608,156.72935383691083,7390100
2024-08-30,157.90036010742188,158.0145966451363,155.94873693786505,156.24385767797264,7971000
2024-09-03,159.13795471191406,159.756755244312,156.86265197023562,157.31009771883697,6956500
2024-09-04,159.328369140625,160.7468690472372,158.07170916539525,159.7567706679924,6939100
2024-09-05,157.0720977783203,159.3378711614934,156.91977272817795,159.1760312431608,4600400
2024-09-06,156.49134826660156,157.97648097122087,156.24381646482223,157.2529443524987,6016900
2024-09-09,158.61434936523438,159.37596009136075,156.5770490255932,156.92928799423865,7538200
2024-09-10,159.34739685058594,160.37556912536223,158.74762605867076,159.461633372278,6559600
2024-09-11,156.91026306152344,158.78570901332097,156.21528544465426,158.78570901332097,5920200
2024-09-12,156.73887634277344,157.17680719620495,154.90150459548735,156.31998975075592,4540900
2024-09-13,157.57664489746094,157.79560305448646,155.95823136117943,156.8340785157963,3693400
2024-09-16,158.97613525390625,159.22365259341382,157.8241969062561,158.37636438040494,5187800
2024-09-17,159.05224609375,159.67104650466064,157.9669412367155,158.26207640617116,5066500
2024-09-18,158.17645263671875,160.27088621751375,157.7861395844065,158.63342788699376,4722800
2024-09-19,156.91026306152344,158.38586663832984,156.52945042354372,158.25258584666614,4956100
2024-09-20,156.2819366455078,156.95785548765014,155.70121007013012,156.415217440192,11839000
2024-09-23,155.38705444335938,156.60562593287366,154.91104950131415,156.51041913385743,4671600
2024-09-24,154.9681396484375,155.6440729351497,153.79717177092394,154.9776545160053,6041600
2024-09-25,152.8927764892578,155.4822442531595,152.66428891249598,155.17759415081042,5420000
2024-09-26,153.64486694335938,153.78766260823832,152.3406181157407,152.550061441908,6122000
2024-09-27,153.65435791015625,155.58693641565057,153.59723965308982,154.2255695338506,7553800
2024-09-30,154.28271484375,154.39695137791375,152.96893659479647,153.8162393115696,6010000
2024-10-01,154.21604919433594,154.93957130236242,153.44490917175708,154.63492124013158,4408000
2024-10-02,153.43540954589844,154.33981590239725,152.94036040885604,153.7590893742848,4684400
2024-10-03,152.7975616455078,153.69245311583617,152.53100008326308,153.06412320775254,4791200
2024-10-04,152.59762573242188,152.79755415756563,151.16009634029794,151.96931038164493,5331100
2024-10-07,151.8740997314453,153.14027432104118,151.57897906141065,152.55954784801622,4266000
2024-10-08,152.02642822265625,152.5595513195618,151.32193582945112,151.83602919183497,4766300
2024-10-09,152.9403533935547,153.48300589847233,151.8550629102347,152.24539037589315,6047200
2024-10-10,152.8070831298828,153.64485637693696,152.32156337616715,153.6162972459252,4793900
2024-10-11,153.71151733398438,154.8539262528527,153.46398547510927,154.39695106409133,5253500
2024-10-14,153.84475708007812,154.3588358721096,153.17833873925932,153.65434353897922,5964000
2024-10-15,156.22479248046875,158.74761229250234,151.36953735836804,152.3215470272886,10548000
2024-10-16,156.39614868164062,157.07208194443615,154.834853391361,156.1295871340208,5982100
2024-10-17,156.5770721435547,157.0816362372255,155.77738729998416,156.3771436694028,4798000
2024-10-18,157.1958465576172,157.35768647325938,156.06295262160583,156.97688838075024,5908000
2024-10-21,155.0157470703125,157.31960888846243,154.5206979401226,157.17681323865557,6082700
2024-10-22,155.60597229003906,155.87253382632537,154.1303544471236,154.5302112780673,5680300
2024-10-23,157.90036010742188,158.03364091026137,154.6254437787736,155.006256448685,7441600
2024-10-24,155.8154296875,157.56712409221257,155.5012647355925,157.08160436281852,5386300
2024-10-25,153.15933227539062,156.0534355057139,152.90228557706573,155.82494793759003,6400400
2024-10-28,153.84475708007812,154.19699598338647,153.27354550980877,153.39731140622033,4842500
2024-10-29,152.40724182128906,154.38742390203063,152.37868269008018,153.71150509473205,5216900
2024-10-30,152.90228271484375,153.54012748825258,151.39810560417928,151.79794794602444,5820500
2024-10-31,152.1882781982422,153.14980280976587,151.8074801113953,152.31204411339957,8613900
2024-11-01,152.44532775878906,153.33068986426392,152.20732531841202,152.87372924616452,5256400
2024-11-04,150.64601135253906,152.58810463536028,150.48417145618015,152.0359372984517,4644000
2024-11-05,150.75076293945312,150.97923600251318,148.84674327252736,150.1033886989094,6547100
2024-11-06,150.3032989501953,153.1307689752256,149.79873496169643,152.22634812176958,8926600
2024-11-07,149.20848083496094,151.1315445559476,148.9990375323527,150.8649829938127,7522800
2024-11-08,148.00897216796875,149.54170860366003,147.95185390135575,149.4655460726702,8926100
2024-11-11,147.59959411621094,150.01770716134166,147.4758427193067,148.15176154756742,7146800
2024-11-12,145.3147735595703,147.5995912417409,145.05772684920825,147.1140714790717,7181400
2024-11-13,145.885986328125,146.1430185138817,144.15332152715754,145.18149384973438,7161900
2024-11-14,144.58169555664062,146.21915325627944,143.52496430311226,145.8288258278334,7716400
2024-11-15,146.60951232910156,147.0188695791105,143.65827607550634,143.65827607550634,11328500
2024-11-18,147.34254455566406,147.87566766059663,145.0196385757306,145.26715586687354,7510600
2024-11-19,145.6575164794922,146.60001152155317,144.75310996874674,146.56192299023763,8233700
2024-11-20,145.76222229003906,145.89550308210397,144.5246066342839,145.68605976221386,9061300
2024-11-21,148.0375213623047,148.5706445169231,145.47661271996174,146.24773832050025,10141100
2024-11-22,147.72335815429688,149.57977434933565,146.71423009578947,148.4183212372567,8266000
2024-11-25,148.30409240722656,149.50361958169478,147.69480668783544,147.72336582104774,12256200
2024-11-26,148.28489685058594,148.98543618637723,146.97977424738485,148.89907133191147,5683500
2024-11-27,149.12937927246094,150.3097575356133,148.36167214455432,148.39046042969707,4140400
2024-11-29,148.75509643554688,149.38846790760743,147.9489952764186,148.63994331083506,5687800
2024-12-02,148.55360412597656,148.74553091467075,147.71869989839007,148.50561876803417,6946500
2024-12-03,146.21205139160156,148.55359616010614,146.1640660362323,148.55359616010614,8674400
2024-12-04,144.3983154296875,145.4443288126812,143.7073673168849,145.1852196096116,10333100
2024-12-05,143.48666381835938,144.31196220610045,142.93965708369436,143.94729104965708,7898100
2024-12-06,143.2851104736328,143.9952556117539,142.39264442669784,143.36188410827347,8389600
2024-12-09,143.5634307861328,144.8013709886229,142.4502349394584,143.26592743161854,8410300
2024-12-10,143.20834350585938,144.74378698400625,142.34466570132315,143.8800945363958,9398700
2024-12-11,140.7228546142578,142.50780139932587,140.46374542074378,142.50780139932587,13446700
2024-12-12,140.33900451660156,141.80726557741076,140.11827481449086,141.2602588935812,6176300
2024-12-13,140.7036590576172,141.00114775114912,139.18741266319162,139.78240469332957,8324900
2024-12-16,138.0454559326172,141.30825529093318,137.7287701398216,140.80923392261204,8732400
2024-12-17,140.50216674804688,140.74207891803817,137.9111182407561,138.0358626118594,10343000
2024-12-18,138.90911865234375,140.81882441516754,138.83234501612696,139.80158471760046,9336100
2024-12-19,137.7863311767578,139.3601541057871,137.58479855203828,138.32373198524482,9516700
2024-12-20,138.64041137695312,139.60005981749794,136.98981488777022,137.27771234854828,17702800
2024-12-23,139.40814208984375,139.46571865711493,137.6615747862222,138.79396763382746,8720800
2024-12-24,139.96473693847656,139.96473693847656,138.50606714596822,139.1490298716546,3164100
2024-12-26,139.70562744140625,140.46374329746843,139.2353944148147,139.6384450191473,4656300
2024-12-27,139.19700622558594,140.68446420494374,138.84192635295773,139.02426189561788,5588300
2024-12-30,137.55601501464844,139.03388193204813,137.1817526784633,138.99548779121798,6268700
2024-12-31,138.78436279296875,138.83234814707063,137.52722558809984,137.95906448886848,5811400
2025-01-02,138.20860290527344,139.88798804559505,137.97828195737898,139.36976957360164,6051300
2025-01-03,138.37173461914062,138.7364057746174,137.82472788592543,138.2565814723903,5878800
2025-01-06,137.8631134033203,138.9763092291661,137.1625594228921,137.71915733581497,7910500
2025-01-07,140.3293914794922,141.24105459615257,137.79592010781911,137.9590585903311,8422000
2025-01-08,136.52919006347656,139.71521532599232,135.73268008707927,139.61925926614617,11175600
2025-01-10,136.3276824951172,137.8727173803559,135.00336269546227,135.31045728677546,8821500
2025-01-13,138.64041137695312,139.21620629850926,136.5675672310388,137.21052992903506,10376400
2025-01-14,138.90911865234375,138.9666952187379,137.0953835955594,138.66920653031897,8681700
2025-01-15,139.12025451660156,140.15667673050484,138.43889758820282,139.4465315164206,7434600
2025-01-16,141.80726623535156,142.09516372064633,138.24696377479086,138.4964817621477,8964000
2025-01-17,141.09713745117188,142.39266896398644,140.69408678215927,141.4905969053542,10773100
2025-01-21,142.1719207763672,142.8532776608308,141.11631620212424,141.60573167029443,11111700
2025-01-22,139.40814208984375,139.60006886177246,136.3756493069184,138.18938439133169,16834700
2025-01-23,140.7228546142578,141.94161230204338,138.96669611257198,139.57127934974673,10506400
2025-01-24,140.89561462402344,141.6729276479222,140.47336689670175,140.88600876644531,9887300
2025-01-27,146.72067260742188,147.25807347591157,142.0279915794718,142.45983051714566,15152300
2025-01-28,144.3119354248047,146.79742134133608,144.23516179332339,146.4999326712666,10320600
2025-01-29,145.05087280273438,145.7514267888298,143.94728282497286,144.4271071010561,7156400
2025-01-30,146.70147705078125,147.9202348749573,145.25241293377397,145.78022259330496,8911000
2025-01-31,146.01052856445312,146.9989654505446,145.92416370483167,146.46156457768814,8457800
2025-02-03,145.74180603027344,146.31760095993073,144.69579272970026,145.86656501508298,6687500
2025-02-04,147.29644775390625,147.9585928927294,144.8589324594774,145.25239184336863,9645000
2025-02-05,148.44802856445312,148.4864080614376,147.12370895084118,147.61313905660595,8947000
2025-02-06,147.3156280517578,148.59196224537988,147.1908837107477,148.54397689434217,7418100
2025-02-07,146.9413604736328,148.25608875817147,146.63428059553448,147.33481983773098,6204900
2025-02-10,148.01617431640625,148.14091865097276,146.14484822411143,147.41159113932193,6936200
2025-02-11,149.82992553710938,150.07942887651248,147.72829297155434,147.8914314599803,7554500
2025-02-12,148.99502563476562,149.3788938329671,148.04498296075036,149.00463149164224,7746000
2025-02-13,150.90472412109375,151.74921947286504,148.5439824073121,148.99501836627414,10704700
2025-02-14,149.84912109375,151.11586425803483,149.76275623520567,150.94311989787084,6411800
2025-02-18,149.92649841308594,150.37146199599803,148.23367072791967,149.1042619190336,9670700
2025-02-19,152.7317657470703,153.12837467429054,149.69434948841163,149.9361820400892,7974700
2025-02-20,154.46327209472656,154.72445536950636,151.82246490395653,151.82246490395653,7224000
2025-02-21,156.99769592285156,158.16815721035397,154.0763545578589,154.65675858755915,12546900
2025-02-24,158.39064025878906,159.48371326496002,156.7558499830282,157.36525792585152,10201900
2025-02-25,160.6638641357422,160.99275285054702,158.58411017768495,158.73888654710618,12303700
2025-02-26,157.75221252441406,159.73524240830884,157.2491966819943,159.68687294571868,11396400
2025-02-27,158.38095092773438,158.5937647275845,156.4462907547592,157.00734397615628,8364600
2025-02-28,159.62881469726562,160.51875660388393,157.38460181600456,158.942003842658,12037200
2025-03-03,161.8149871826172,161.86335664243504,159.4546992422602,159.57078889788036,9191500
2025-03-04,160.01576232910156,164.43646849479492,159.91903816381347,162.58886424242598,11999700
2025-03-05,159.72555541992188,161.02178908560785,158.1875039682792,159.13548341667513,8744800
2025-03-06,160.41236877441406,160.45105548787242,158.16815562635495,159.609482937494,8037900
2025-03-07,161.24427795410156,162.9564565893437,159.31928548802532,159.73524516112388,9637600
2025-03-10,162.2212677001953,164.34939113713583,161.59250898937893,162.00845388047253,17559000
2025-03-11,160.44139099121094,161.8343488706259,159.65785587411196,161.73760994444348,9890300
2025-03-12,157.5297088623047,158.8452783567575,156.92995417787986,158.38094929263139,8010700
2025-03-13,157.6651611328125,159.16451119659638,157.34594038237486,158.09077403977457,5286700
2025-03-14,157.4910125732422,157.81990126760087,155.83688635378243,156.82355243685853,6235800
2025-03-17,157.52005004882812,158.15849153879324,156.44631291035506,157.10410513767036,6669800
2025-03-18,158.8839569091797,159.4740288159661,157.64577565564176,158.10042194908135,7348800
2025-03-19,157.6651611328125,158.990398838333,156.91064472642833,158.6131406351409,5936400
2025-03-20,157.6941680908203,157.86828043609006,156.63976699007893,157.67481735458355,7485900
2025-03-21,158.2842559814453,158.7679211139337,157.1718173205489,157.67483319121763,17047100
2025-03-24,157.955322265625,159.01939125771872,157.19113799696544,157.52002668169055,8046400
2025-03-25,155.75949096679688,158.8259254970377,155.31451264303516,158.1778161256889,7456200
2025-03-26,156.4366455078125,157.1814939155619,155.39192709130742,155.94331240569394,7223500
2025-03-27,157.8005828857422,158.7098756505802,156.04971755613565,157.04606649795912,6752500
2025-03-28,158.36163330078125,159.14516839996884,157.58776618987577,158.24554363995858,5760300
2025-03-31,160.42202758789062,161.18622666764645,158.86462546515958,159.0000510949498,12481400
2025-04-01,148.24334716796875,156.52369098418785,148.1272722719447,155.47897263911065,23303100
2025-04-02,150.28440856933594,150.70035343748125,148.436804491081,148.97850699856625,10356900
2025-04-03,154.59872436523438,155.40159546667434,152.33516041036202,153.5636739347204,13249300
2025-04-04,148.2336883544922,154.59872297882245,147.93380358739154,153.96028149060214,16601700
2025-04-07,145.6992645263672,147.7209957862234,142.58446021857634,146.3377059768481,18083000
2025-04-08,145.09951782226562,148.57222940634315,143.1648575846354,148.57222940634315,12018400
2025-04-09,146.03782653808594,148.18530054326547,136.87720930021013,137.55433741889604,18773700
2025-04-10,143.83233642578125,146.2603300259317,140.38864311678157,145.4574441517095,13830500
2025-04-11,146.7729949951172,147.3727497065952,143.34865286436727,144.45140861090906,9943900
2025-04-14,149.31707763671875,149.61694761171685,146.2312921979952,146.63756907640746,10685300
2025-04-15,148.6012725830078,151.19372540339688,147.13094118785625,150.61332133248166,10847700
2025-04-16,148.8817901611328,150.54559923607638,147.26635054679667,150.29408394503258,7986900
2025-04-17,152.32546997070312,154.23111142279075,149.12360974458923,149.12360974458923,10981100
2025-04-21,151.79344177246094,153.06064187730914,150.410166775653,152.79947337039977,6285400
2025-04-22,152.59632873535156,153.53464014675,151.15500152107364,152.40286566048607,7136300
2025-04-23,150.30377197265625,151.96758110604011,149.28807230537265,151.3775090905925,9099400
2025-04-24,149.8684539794922,150.80676541160602,148.42714149368047,150.7100412521811,8310400
2025-04-25,149.52989196777344,149.83942993133576,147.4694740854792,149.27839144986115,8643600
2025-04-28,150.27474975585938,150.71971337404963,148.7947357574537,150.41984337911984,5815200
2025-04-29,150.8164520263672,151.89018911743372,149.249367096524,150.37147364868648,5246700
2025-04-30,151.203369140625,153.03162248239505,149.95551977667787,153.03162248239505,9598200
2025-05-01,149.413818359375,150.02322630421926,148.3497493123669,149.9361701349967,7325800
2025-05-02,151.0195770263672,151.59998101560734,149.97485870190687,150.97122232750266,5974500
2025-05-05,149.93618774414062,151.6677023854978,149.6750044455121,151.55162747956874,5464100
2025-05-06,149.42349243164062,150.80676748879304,148.66897608041438,149.76206389500825,8644200
2025-05-07,152.16102600097656,152.7801166677254,149.4524987988433,149.68466333398126,7853100
2025-05-08,150.57461547851562,151.89985306765084,149.72336021877442,150.72939184579346,7606100
2025-05-09,149.18167114257812,150.96155524587235,148.78506220078125,150.34246448123574,6520400
2025-05-12,149.10427856445312,150.28442260611004,146.24097463708367,147.05354323449288,9023800
2025-05-13,143.59048461914062,146.74397548004978,143.24224518736096,146.74397548004978,10549600
2025-05-14,141.5784454345703,143.95808416684352,141.34628087815992,143.81297578397934,10216000
2025-05-15,144.72227478027344,144.7609614945403,142.51676305986737,143.16487253592385,7945800
2025-05-16,146.38607788085938,146.55052224019147,144.34501061106303,144.78030623991705,8051200
2025-05-19,147.50819396972656,147.67263833969156,146.1152360590958,146.92778992020104,12639900
2025-05-20,148.6399383544922,149.007513734839,147.15024181845712,147.35338762256558,7351500
2025-05-21,148.17562866210938,149.3847913771101,148.00151631608705,148.1853114104131,7032200
2025-05-22,147.624267578125,148.3110785386846,146.42477277444843,147.66295429295226,7535300
2025-05-23,147.9434814453125,148.46583325276845,147.23733454032794,148.0015188949979,6727300
2025-05-27,149.5142364501953,150.2849721303058,148.2264068437403,148.80203577277342,6990700
2025-05-28,148.71420288085938,149.894713230394,148.22639139353228,149.5434883640455,8459300
2025-05-29,149.836181640625,150.28495988254767,147.8654190187034,148.05078976999448,6810600
2025-05-30,151.42645263671875,151.9142641375451,149.48495750417268,150.14837399962022,15529700
2025-06-02,151.61181640625,151.7484030381292,148.58739387554635,150.71424498435448,6669300
2025-06-03,150.6557159423828,151.86549393461368,150.32400766424476,151.02645748078825,8209800
2025-06-04,149.48495483398438,151.1532618003879,149.39715233824217,151.1532618003879,6983900
2025-06-05,149.91421508789062,150.33372577998352,148.9190755834785,149.93371682694817,5295400
2025-06-06,151.25083923339844,152.22646227683742,150.2459486896024,150.2459486896024,5391500
2025-06-09,151.44595336914062,152.1874363730245,150.6849686238681,151.0752267540242,5319000
2025-06-10,152.63623046875,153.60210269353445,151.24109658644394,151.64109074201698,6791600
2025-06-11,151.4752197265625,152.7825658442017,150.95814073397457,152.48987597049666,6016000
2025-06-12,152.84109497070312,152.86059671119577,151.38741141546242,152.43133511798572,7075500
2025-06-13,153.2703857421875,153.82648313457608,152.16792694173967,152.16792694173967,6587500
2025-06-16,151.4362030029297,152.68499924993841,150.68496912584888,152.6069476236472,7024000
2025-06-17,148.66543579101562,151.49473650368915,148.3922625451089,151.19229575906564,6407100
2025-06-18,147.05564880371094,148.92884315413448,147.03614706246643,148.8508064155057,8325200
2025-06-20,146.1385498046875,147.70930329241878,145.4068326188529,147.5727166798693,22605500
2025-06-23,147.6312713623047,147.7385755950332,146.0897853209143,146.0897853209143,7397900
2025-06-24,148.48007202148438,148.99715103888957,147.29956159938453,147.8068897457009,9544200
2025-06-25,148.56788635253906,149.338636947892,147.05566755108376,147.68983150618556,7153700
2025-06-26,148.30445861816406,149.48496909187733,147.83616370938086,148.97764092337994,7156900
2025-06-27,148.6947021484375,149.59227350478832,147.32882104256214,148.30444402383372,10010800
2025-06-30,149.02639770507812,149.2410359336353,147.82638570856236,148.45078376795846,9039300
2025-07-01,152.119140625,153.90453255131712,149.08495241472764,149.27032317180044,10896700
2025-07-02,151.76792907714844,152.48989554002986,151.2898832793455,152.19720562876296,5544000
2025-07-03,152.20693969726562,152.47036207700722,151.10449582432045,151.64107656777378,3482500
2025-07-07,151.4849853515625,152.53865996388424,151.11424385273855,152.2167025917727,6270900
2025-07-08,151.99229431152344,152.93864977319205,150.450823135907,150.71423061646016,6438200
2025-07-09,152.47036743164062,152.8703764506989,151.28987189039452,151.99230678299833,6147400
2025-07-10,153.84600830078125,155.35822707606837,152.0215978761055,152.29477115188067,6732900
2025-07-11,153.07525634765625,153.3484296209846,151.39718344759532,153.26062711602052,7872000
2025-07-14,152.99720764160156,153.631356643652,151.72889475067498,153.0459768826626,10185600
2025-07-15,151.38742065429688,153.3581833025349,151.02644490443114,152.54841441792806,6873200
2025-07-16,160.7631378173828,162.07046891059173,155.90454001784863,156.39235146040332,22134800
2025-07-17,159.0070343017578,160.68510707307274,158.34361779938138,159.20215592676115,11295700
2025-07-18,159.70947265625,161.0753537073861,159.37776442874932,159.93386176463872,9792600
2025-07-21,160.35340881347656,160.89975535225892,158.81192257229682,159.77779477346135,8254000
2025-07-22,163.83636474609375,163.96320050104055,160.69487235317746,160.97779647556757,9288000
2025-07-23,164.97784423828125,164.9973459784646,162.52902114423384,164.490032770855,10617600
2025-07-24,165.4266357421875,165.84616137902782,164.76321923886425,165.36810074328554,6636900
2025-07-25,164.19735717773438,165.73884333513735,163.3583207853967,165.61200757880374,6254900
2025-07-28,162.16806030273438,163.84613309560726,161.0265831506335,163.76808146723806,8014600
2025-07-29,164.01197814941406,164.66564375316304,162.31438882166105,162.60707869014607,7663400
2025-07-30,163.18270874023438,164.49980583471338,162.7144138366353,163.61198527137796,6189200
2025-07-31,160.72413635253906,162.99733970029322,160.2265591012451,161.88511520296575,11036200
2025-08-01,163.25100708007812,163.53393121495887,160.77291619133743,161.44609847911997,8927800
2025-08-04,166.8705596923828,167.0169120817774,162.57782423301498,162.95831662651884,12679100
2025-08-05,166.577880859375,167.3778839997418,165.51444044678632,166.38274434466635,7934400
2025-08-06,166.4315185546875,167.9827555011224,165.54369808088197,165.76810208205814,8957200
2025-08-07,167.34861755371094,167.43642005378715,165.77786387610124,166.99739266658,9315900
2025-08-08,169.104736328125,169.71938358173364,166.23640232705208,166.8510495806607,7686800
2025-08-11,169.5828094482422,170.34379425313082,168.8315755148118,169.17303465776985,7256800
2025-08-12,168.56814575195312,170.49987518097336,167.6217902229204,169.75840703822468,7916700
2025-08-13,170.16815185546875,170.28522184479246,168.49007920331394,168.78276906344786,5878700
2025-08-14,170.46084594726562,171.4364689140486,168.5096000136997,170.0608369580466,8241700
2025-08-15,172.33404541015625,172.94869266139256,170.69500592262676,171.2901365456328,9477600
2025-08-18,171.95355224609375,173.24138174050665,171.80721475210385,172.19745799396054,9284000
2025-08-19,173.4657745361328,173.8365011577051,171.69013350835883,171.74866850719522,9274200
2025-08-20,174.48040771484375,176.20726453345222,173.6608879960152,174.14869947915005,9030000
2025-08-21,174.56822204589844,175.69019746528133,173.81700302944694,174.19749541661915,8859600
2025-08-22,174.91944885253906,176.74387406623362,173.14382265519245,175.6511661348864,9524000
2025-08-25,174.0609130859375,175.86580680839708,173.94382819611357,175.14385527414382,6229100
2025-08-26,173.4515838623047,174.11004745781355,172.74397805899144,173.70710234835255,9145000
2025-08-27,173.74639892578125,174.63091363627115,173.12725512414355,173.9233078663175,5951100
2025-08-28,172.4294891357422,173.4515931267191,171.62361386987305,173.33364882246966,6424700
2025-08-29,174.11985778808594,174.35573137148032,172.4294679306645,172.94051986330464,6942300
2025-09-02,174.99453735351562,176.1149106462827,173.84468173694643,174.4146983239466,9049000
2025-09-03,174.93557739257812,175.22057819566584,173.4908835031877,174.6112568259705,7111700
2025-09-04,175.6824951171875,175.82008430293442,174.493334653824,174.93558453686083,7854800
2025-09-05,175.358154296875,176.41956289130968,173.5203528859316,174.93556434517788,9733800
2025-09-08,175.06333923339844,176.36060646744886,173.65795015074036,174.30659126581332,8382500
2025-09-09,173.9134979248047,175.02403386895398,173.41226838733596,174.935586890376,6005700
2025-09-10,172.7636260986328,173.56951633226447,171.3287695795717,173.26485563285135,6891600
2025-09-11,175.4269561767578,175.77093659907172,172.60637069972498,172.7242999891607,5792500
2025-09-12,174.99453735351562,175.72180299819078,173.6776102367026,174.65057191045906,7220200
2025-09-15,174.3459014892578,175.90853967831688,173.8839917409838,174.69970438163585,4768100
2025-09-16,173.42210388183594,174.5621221393924,172.6260360952719,174.51299492702006,7959300
2025-09-17,174.14935302734375,175.43679789881932,173.5498540800044,173.66779837849663,6714900
2025-09-18,171.1616973876953,173.9724607587581,170.87668157601635,173.5596932002785,8200900
2025-09-19,173.15675354003906,174.11005542992743,170.34599008042846,171.6825772149866,25621000
2025-09-22,171.21083068847656,173.5989889374499,171.12236871932896,173.0584546641959,7193900
2025-09-23,173.54002380371094,173.92330901529326,171.82015157295257,171.87911622148897,8350400
2025-09-24,173.6481475830078,173.90366608360205,172.71450556595894,173.1076132585804,6676800
2025-09-25,174.67022705078125,175.32869064784728,172.8815676520236,174.14935263823506,8475000
2025-09-26,176.61614990234375,176.81270373725064,174.26729633437998,175.52525887309972,8634400
2025-09-29,178.49325561523438,178.73895165698912,176.70459622922994,176.73407855455278,8597100
2025-09-30,182.2278289794922,182.78802312370823,177.95272707277698,178.57187086847907,11569000
2025-10-01,182.8470001220703,183.34821465646485,180.7438425717239,182.79785791373442,13063800
2025-10-02,182.7781982421875,183.3776971939459,180.92073673527972,181.019021152065,7728100
2025-10-03,185.39239501953125,186.51276831178924,183.6921826979677,183.8395943169113,8675100
2025-10-06,184.92066955566406,186.6503642638064,184.14426167812178,184.7634204923522,5806100
2025-10-07,185.63809204101562,185.97223504313797,179.7905295194919,180.60624213956396,8776800
2025-10-08,186.42433166503906,186.9452060756144,185.0287799427337,185.61844144726052,5751200
2025-10-09,187.7904052734375,188.7928493485398,186.46364061532867,186.72899654616978,7484800
2025-10-10,187.4365997314453,188.76336437091723,186.5815822948636,188.7043847234836,9598000
2025-10-13,187.6134796142578,188.00660225384837,186.02137416317822,186.56190842005566,7979500
2025-10-14,187.56436157226562,191.05323331805099,182.6799231328508,189.59871697072126,13613300
2025-10-15,187.87884521484375,190.23753618579482,186.04104364273672,188.18350590368544,9473000
2025-10-16,188.81248474121094,189.72648179210694,187.1515771402817,188.04591430941218,10611800
2025-10-17,189.8935546875,190.2670174632995,188.38005869848845,189.18594889971985,7764400
2025-10-20,190.38494873046875,191.13185929369217,189.0188793475138,190.16873501551794,8034700
2025-10-21,188.57662963867188,190.21787738824742,188.46852278110242,189.68716554341688,6716000
2025-10-22,189.61839294433594,190.119607506236,188.47835963120522,188.6945733628713,6343100
2025-10-23,189.15646362304688,190.6601221495905,188.24246657972077,189.24491059611512,8882500
2025-10-24,187.12208557128906,188.99920679061546,186.15896135770447,188.89109994038998,6903400
2025-10-27,187.02381896972656,187.51521102429962,186.26707100677734,186.71915829526654,7126000
2025-10-28,183.7118377685547,186.2474227276328,183.40717707511635,186.00172668504106,8329500
2025-10-29,183.3875274658203,183.87891953834813,181.48092382503702,183.4857968826683,10551100
2025-10-30,185.7953338623047,186.1196544091771,183.69217652484616,183.85924801939953,7072500
2025-10-31,185.61843872070312,186.23759753765293,183.54476355197036,184.23272445795735,8791700
2025-11-03,183.05337524414062,185.77569161087956,182.32612455131903,185.7462092852839,7542600
2025-11-04,183.64305114746094,184.58653055172488,182.4243933744734,183.6135688219617,7209400
2025-11-05,182.7978515625,184.59634835321097,182.2081750751503,183.42683281749487,5049400
2025-11-06,183.7511444091797,184.29167866349434,182.17868385046353,183.54475314986126,6767400
2025-11-07,183.35804748535156,185.10740208622806,182.50301507087647,184.50790315023582,6959200
2025-11-10,185.1663818359375,185.17620427972008,181.93301329588363,182.79786822386598,5323800
2025-11-11,190.49305725097656,190.58150422711145,185.79535012348111,186.1294931418327,7465600
2025-11-12,191.04339599609375,192.18342912368828,189.74612881332007,190.03112959717126,8803000
2025-11-13,191.88861083984375,192.62569897367158,190.11959631943768,190.86652189255162,8631600
2025-11-14,192.55690002441406,193.78538026750178,190.2178838389208,191.64291792168322,8824800
2025-11-17,196.14405822753906,196.8320041184873,192.5274048355465,193.56916860880608,13257000
2025-11-18,196.55682373046875,196.85166196528357,195.11212987636216,195.5838620544085,12468600
2025-11-19,199.02362060546875,199.97692246795802,195.94751629294967,196.55683769104098,14690800
2025-11-20,199.573974609375,200.98917111824514,198.09979845771855,198.52238842306767,10612600
2025-11-21,200.38967895507812,203.3773511207127,199.49535679003293,200.44865859984768,13189100
2025-11-24,202.50267028808594,202.5714573782998,199.50517573229783,200.20295905358444,14803900
2025-11-25,204.401611328125,205.44008966354016,202.92795996900742,202.92795996900742,10275300
2025-11-26,205.28182983398438,205.52908584700302,203.6796156988426,204.22358194574548,6729000
2025-11-28,204.64886474609375,205.18294621066644,202.38400619964904,204.72798848496785,5638300
2025-12-01,203.08619689941406,205.42029428513683,203.08619689941406,204.23346843115957,8473700
2025-12-02,203.1653289794922,203.3532459732576,200.870800913071,202.98731188517345,8393600
2025-12-03,203.07630920410156,204.7477622566812,202.74004465032948,203.64004506291835,8363300
2025-12-04,200.25759887695312,202.61148110336723,199.49606117301593,202.34444036635384,9049900
2025-12-05,199.713623046875,201.21694385760424,198.6059209186059,200.7521013377821,7785300
2025-12-08,199.4070281982422,201.02902706966685,198.78395329612633,200.4356216823513,7785700
2025-12-09,197.7652587890625,203.28399979452115,197.7158045675227,200.69276157197945,7509400
2025-12-10,204.2730255126953,204.53018143025886,197.98283180120782,198.38833529328133,11599800
2025-12-11,207.70494079589844,208.9214512752855,205.54887555375637,205.61809939160463,9009000
2025-12-12,209.25772094726562,209.9401499910654,206.66648263376283,207.97198659864534,6922700
2025-12-15,211.81927490234375,212.82808363950187,206.71590728061338,208.04121095151095,8467000
2025-12-16,207.0027313232422,212.37312453185555,206.5181041184195,211.65114121961685,9949800
2025-12-17,208.02142333984375,209.19836433487143,206.1719532569767,207.0917383491056,8457600
2025-12-18,206.02359008789062,208.74340612832017,205.47962386154296,207.49724130266728,7499900
2025-12-19,204.1049041748047,206.9434136802042,203.76863959367918,205.2818453000544,24803900
2025-12-22,205.04446411132812,205.79611692281017,203.24443317707525,203.86752312990257,8187800
2025-12-23,203.52137756347656,204.263145636555,201.0488173198817,202.76972468229533,7047300
2025-12-24,205.49942016601562,205.65766763921368,203.31368542129266,203.73895852778904,2376500
2025-12-26,205.35107421875,205.75656262148146,204.44117387761756,205.25216577439025,2316700
2025-12-29,205.28182983398438,207.17086939536102,205.10381274843945,205.71700283150668,4348900
2025-12-30,204.6389617919922,205.41039931347132,204.25324303125262,205.23236714396373,3937400
2025-12-31,204.67852783203125,205.2224940876339,204.1048920616966,204.6389735094918,4083800
2026-01-02,205.0741424560547,205.11369677781147,201.44441091836137,204.54996091774888,6325500
2026-01-05,202.0675048828125,203.6796189425871,198.70482908872975,203.61038001401067,9477000
2026-01-06,202.542236328125,204.4411758573138,201.87959200016542,202.3543344281176,8107900
2026-01-07,205.2126007080078,205.97413834273215,202.77959496244443,203.00706626299137,7545900
2026-01-08,203.49169921875,206.68624268930276,202.72026166352438,204.6587403592623,6557800
2026-01-09,202.14663696289062,204.43128023925763,201.77080297238516,203.6499578336023,6154300
2026-01-12,207.4181365966797,207.59615369182697,201.61256992706416,203.29390788802175,11794300
2026-01-13,211.30499267578125,212.03687594177765,206.56757388262307,207.6060522046432,11379600
2026-01-14,216.1511993408203,216.4577943678032,211.79948466343498,212.3731203973711,11858800
2026-01-15,217.16001892089844,217.33803600690493,213.5401872590057,215.83471521828713,8492100
2026-01-16,216.25999450683594,217.69407630876594,215.74569779402827,216.63581337003757,10021500
2026-01-20,215.81494140625,216.32922303891885,212.14565559471552,214.70722422450442,14057100
2026-01-21,215.6171417236328,216.2797860692503,208.18957605818176,208.68408811532706,14762900
2026-01-22,216.0918731689453,219.731474480514,215.7061543876507,216.3687986995512,13160000
2026-01-23,217.7237548828125,218.78201786558222,215.44899653785455,217.38749032599776,6950600
2026-01-26,219.05894470214844,219.59301105490832,217.58529341839787,217.79299511138254,6856700
2026-01-27,221.9765625,223.0249255892691,218.27760708174557,219.56334137834915,8154100
2026-01-28,225.22056579589844,226.0612423044947,223.5985669004937,223.91504676014566,9026500
2026-01-29,224.79527282714844,227.47553468029685,224.58758622487807,226.29859362973275,9645300
2026-01-30,224.75570678710938,225.99198680244,222.85678249451857,225.75461560662535,11045500
2026-02-02,228.21731567382812,228.65248870120695,224.75573125407342,225.8139943062274,8187500
2026-02-03,230.54151916503906,232.61846067897852,227.9502658124434,228.95907459996246,9346600
2026-02-04,231.89646911621094,233.2415424215143,230.3832635341583,232.42065065293195,8641400
2026-02-05,235.18002319335938,236.95038470140014,232.41076791481981,232.4206527224898,10267500
2026-02-06,237.3558807373047,238.29545054099052,235.3679327924304,236.33718720081356,8274000
2026-02-09,236.02069091796875,238.097647391114,234.43824645354294,237.61302018969775,9378500
2026-02-10,235.73390197753906,237.86029777140382,235.26905943987018,237.346001010115,6723300
2026-02-11,238.21633911132812,238.61194270447737,234.79430917447928,236.7130182930035,6803900
2026-02-12,241.86582946777344,243.64607573939497,237.0492721813156,237.84049442329282,10254300
2026-02-13,240.7779083251953,242.26144443944952,239.9471317231273,241.90539516837612,13268500
2026-02-17,240.6592254638672,241.80649699124882,239.21524370129245,241.450447727279,12703000
2026-02-18,242.30101013183594,242.3801338676713,240.15482973047114,240.5702180251247,8129700
2026-02-19,244.19993591308594,244.24939013467926,241.58891298083984,241.93506234937394,7553900
2026-02-20,239.8284454345703,244.170260376332,237.6426956610537,243.76475689710122,13565800
2026-02-23,243.1416778564453,244.101032427865,239.93724947392252,240.9559430759356,9622700
2026-02-24,244.87173461914062,245.83618923451164,243.14167872556501,243.94705977412517,7246300
2026-02-25,243.76808166503906,245.83618975331572,242.32637600311875,243.4598567160501,7698200
2026-02-26,242.0778045654297,244.0663682763732,240.6360989093031,243.70842620154187,7172600
2026-02-27,247.00942993164062,247.51652337921405,241.11334590987298,242.63459590951953,16428600
2026-03-02,247.13868713378906,250.27068397455253,245.45834842794568,247.76508953624906,9042400
2026-03-03,245.3390350341797,246.46257832712044,242.96270213047706,245.0506999866165,6178700
2026-03-04,243.8973388671875,245.1600810545075,241.78945104558642,244.34476266176227,5768000
2026-03-05,238.259765625,241.61049061943945,234.58091062648668,241.24261118820294,9375400
2026-03-06,239.0253448486328,239.41311415382512,234.08376296078876,236.75838349957985,7179800
2026-03-09,241.20281982421875,242.6942425341329,238.66739818305737,239.49265390312758,7844000
2026-03-10,242.31643676757812,243.59905368087047,239.44296282285708,240.91449571542952,7214100
2026-03-11,241.6005401611328,242.2965343871637,239.97985597145382,241.4812160284302,6933200
2026-03-12,240.6559600830078,243.00246573676242,238.92591946160707,240.07928999023173,7710200
2026-03-13,240.13894653320312,244.1856656028509,240.11905664901153,242.81356702435843,6415300
2026-03-16,241.7993927001953,243.65869480615754,240.28808012034816,242.52521416415624,7571500
2026-03-17,236.74844360351562,242.7439617349266,235.86353339492615,242.1871663459089,7281800
2026-03-18,235.92318725585938,237.74272479331552,234.07382247775118,236.50980988406457,6811500
2026-03-19,236.24136352539062,237.8918597954365,234.9587314976836,236.97712235314108,7511500
2026-03-20,234.02410888671875,236.92741000247076,233.1590885516746,235.47576703036307,17156600
2026-03-23,234.07382202148438,236.94729584714173,232.9105141237134,236.04249575836326,7313700
2026-03-24,233.9246826171875,234.65050408093313,230.9120099861425,232.8011393317389,9046200
2026-03-25,238.5580291748047,240.07929431329362,234.38204857588565,235.44593740287846,6456400
2026-03-26,237.8719940185547,240.26820173422362,237.5637539025668,238.62764275887116,5171400
2026-03-27,239.07505798339844,241.2923021698431,237.7626138844777,239.8108319839459,7617600
2026-03-30,241.10340881347656,242.8135747917876,239.13471984701397,242.09769065335334,7241300
2026-03-31,243.04225158691406,243.92716180378,241.2624786251546,241.6204206888047,7554200
2026-04-01,242.7240753173828,245.78646517225613,242.34625853888824,244.1956233482748,6314600
2026-04-02,241.65025329589844,245.7964219467219,240.48694535608743,243.70842400047428,6878700
2026-04-06,239.5920867919922,242.12750841875737,239.12477313181626,241.26247293527413,4442400
2026-04-07,237.04673767089844,239.4031807823271,234.66045214638598,239.4031807823271,6241100
2026-04-08,239.9202117919922,239.95003903356442,232.56251704958862,235.28685476163636,8771100
2026-04-09,239.93014526367188,242.80361913705298,239.164544008795,239.92020790715435,6216500
2026-04-10,237.09645080566406,240.87470960567668,236.54959276728223,240.61620179277648,7354500
2026-04-13,236.59930419921875,237.02683809159646,233.83518683278206,236.35073374880298,7663600
2026-04-14,238.72706604003906,240.8051113590548,231.9162296473752,233.66616015209323,10318700
2026-04-15,237.30523681640625,239.0452299768987,235.3962175694789,238.56797895805093,6463500
2026-04-16,233.1988525390625,236.7782731773554,230.79269234336317,236.06238904969683,8668900
2026-04-17,232.84091186523438,234.19313576204675,230.71314935408492,233.01989048398582,8946300
2026-04-20,229.37088012695312,233.91474024714643,228.2175095512339,233.46731645339545,7810500
2026-04-21,224.8667755126953,228.3765890527153,223.41511740932572,228.03853688190875,11681200
2026-04-22,224.80712890625,226.179227521564,222.50038776728556,224.88665810207786,9003400
2026-04-23,229.3311004638672,230.06687448765834,225.73180505581692,225.95054827447007,7097600
2026-04-24,226.19911193847656,228.67487910891896,225.72186091736185,227.72036189515308,6067500
2026-04-27,224.0514678955078,226.60677952616038,223.0671385761741,224.47901697917217,7897800
2026-04-28,226.48745727539062,229.70893595019464,225.0755788606257,226.42780279148377,7179800
2026-04-29,226.0499725341797,227.4021963844683,223.57420539879897,224.2304350257485,7071100
2026-04-30,228.5356903076172,229.83819710946466,226.5073468285346,226.64654568129225,8157200
2026-05-01,225.89088439941406,228.4561332620675,225.72185831412563,227.75018650912293,6863600
2026-05-04,222.91798400878906,225.7715831872257,222.30153412698715,224.22049078306688,8215200
2026-05-05,224.26026916503906,225.23466110768987,223.61397687442042,224.10118043151417,5556700
2026-05-06,223.33558654785156,225.0457525608476,221.67513766216507,223.9619889745702,7982300
2026-05-07,221.23764038085938,223.49466434064516,219.36840089217355,223.49466434064516,7269700
2026-05-08,220.05445861816406,222.09272420205565,219.65673678916983,221.6651903038654,5550600
2026-05-11,220.163818359375,222.003245813697,219.1098820469021,220.05446192273791,6223200
2026-05-12,222.97763061523438,226.34824530446224,220.38255451492364,221.7248410111843,8632500
2026-05-13,229.1024169921875,229.4802489417275,224.15089773666944,224.52872968620946,7464500
2026-05-14,229.48025512695312,230.43475721152035,227.84963349190846,229.67910846360988,6974400
2026-05-15,225.41363525390625,230.81257818629632,225.14517491785094,229.4504169649123,12167000
2026-05-18,227.61099243164062,228.38653103757844,224.5684924896482,225.41363810532903,10141600
2026-05-19,228.684814453125,229.52996005341413,226.73601544578764,227.6308781704825,9677900
2026-05-20,228.0087127685547,230.67338074656544,227.8595613935984,230.36515581180683,7353800
2026-05-21,230.40492248535156,230.5640112181241,226.04997841934332,228.00871482343763,5239000
2026-05-22,233.0,234.15337056198368,231.3892682930641,231.667665991262,5462300
2026-05-26,230.17999267578125,233.24000549316406,229.0800018310547,233.0,6619600
2026-05-27,231.2899932861328,232.88999938964844,229.02000427246094,229.97999572753906,5835500
2026-05-28,230.8000030517578,231.8699951171875,229.72999572753906,230.02999877929688,7193400
2026-05-29,225.3300018310547,231.5,224.58999633789062,231.22999572753906,13897700
2026-06-01,223.50999450683594,224.44000244140625,220.83999633789062,223.1999969482422,8041000
2026-06-02,222.88999938964844,225.5,221.1699981689453,222.5800018310547,5669000
2026-06-03,223.24000549316406,224.92999267578125,222.0,222.4499969482422,6507200
2026-06-04,228.1699981689453,228.6699981689453,225.89999389648438,227.08999633789062,7274800
2026-06-05,232.77000427246094,235.22000122070312,229.0,230.0,8034900
2026-06-08,232.16000366210938,234.9499969482422,230.55999755859375,232.77000427246094,7559800
2026-06-09,237.0,237.7100067138672,230.41000366210938,232.3800048828125,8354500
2026-06-10,238.49000549316406,240.92999267578125,237.0500030517578,238.85000610351562,8350800
2026-06-11,238.3300018310547,241.60000610351562,238.13999938964844,240.0,7399000
2026-06-12,240.8699951171875,240.91000366210938,237.52000427246094,240.0,6459400
2026-06-15,235.66000366210938,239.5,233.5800018310547,239.0,7732000
2026-06-16,235.17999267578125,236.3699951171875,231.02000427246094,236.3699951171875,7718100
2026-06-17,234.1999969482422,235.42999267578125,230.6999969482422,234.02999877929688,8548000
2026-06-18,228.38999938964844,232.75,227.60000610351562,231.77999877929688,18989800
2026-06-22,231.2899932861328,231.4499969482422,227.5,228.9499969482422,8518300
2026-06-23,239.0800018310547,239.8000030517578,234.35000610351562,235.63999938964844,11802000
2026-06-24,241.0,243.0399932861328,238.75,239.88999938964844,8139200
2026-06-25,244.8800048828125,248.19000244140625,240.88999938964844,241.27000427246094,10130400
2026-06-26,254.66000366210938,255.11000061035156,247.8699951171875,248.27000427246094,16316800
2026-06-29,258.510009765625,258.5799865722656,252.02999877929688,253.19000244140625,8608400
2026-06-30,253.97000122070312,259.8999938964844,253.1699981689453,259.0,8469500
2026-07-01,253.97999572753906,254.1999969482422,251.0800018310547,253.25,6516500
2026-07-02,263.0400085449219,263.1000061035156,254.0,255.77999877929688,7998700
2026-07-06,259.3299865722656,261.3800048828125,255.92999267578125,260.2300109863281,6803700
2026-07-07,267.239990234375,269.42999267578125,264.04998779296875,264.8900146484375,9089700
2026-07-08,263.3999938964844,268.6000061035156,263.1300048828125,268.6000061035156,6769400
2026-07-09,259.1000061035156,263.45001220703125,258.1300048828125,260.6300048828125,6426100
2026-07-10,256.9800109863281,261.29998779296875,255.52000427246094,260.19000244140625,6534700
2026-07-13,257.7699890136719,259.5299987792969,256.1499938964844,257.95001220703125,5272200
2026-07-14,253.85000610351562,256.3900146484375,252.13999938964844,255.52999877929688,8770600
2026-07-15,247.02000427246094,256.8299865722656,246.0500030517578,250.08999633789062,10547300
2026-07-16,249.97000122070312,253.5500030517578,246.3000030517578,248.89999389648438,11097600
2026-07-17,253.0399932861328,255.66000366210938,251.9499969482422,252.58999633789062,10167700
2026-07-20,248.82000732421875,254.17999267578125,248.6300048828125,252.00999450683594,8114700
2026-07-21,250.61000061035156,251.33999633789062,245.49000549316406,247.4499969482422,7793100
2026-07-22,255.6300048828125,256.2900085449219,251.2100067138672,252.75999450683594,9100200
2026-07-23,259.2699890136719,260.20001220703125,254.4199981689453,255.24000549316406,8063300
2026-07-24,263.3999938964844,263.7099914550781,259.6099853515625,261.42999267578125,6351800
2026-07-27,265.95001220703125,268.79998779296875,261.3500061035156,262.54998779296875,9647900
2026-07-28,266.7300109863281,274.8999938964844,266.17999267578125,270.0,10491000
2026-07-29,265.5299987792969,269.3399963378906,264.7900085449219,268.5,6105600
2026-07-30,255.82000732421875,260.5199890136719,254.55999755859375,259.0299987792969,8216500
2026-07-31,256.3500061035156,258.4800109863281,253.2899932861328,256.010009765625,6782100
2026-08-03,254.41000366210938,257.75,250.91000366210938,254.97000122070312,8136300
2026-08-04,254.92999267578125,255.52000427246094,250.44000244140625,254.41000366210938,7362400
2026-08-05,257.5899963378906,259.32000732421875,254.47000122070312,255.25,6472600
2026-08-06,256.9800109863281,262.1099853515625,255.27999877929688,261.7099914550781,6931800
2026-08-07,259.239990234375,259.6000061035156,255.1199951171875,255.88999938964844,6532100
2026-08-10,261.80999755859375,262.0,258.54998779296875,259.05999755859375,8985100
2026-08-11,259.79998779296875,264.1499938964844,258.3599853515625,261.2300109863281,5945900
2026-08-12,260.8599853515625,261.4100036621094,255.25999450683594,256.0,4629300
2026-08-13,262.0799865722656,262.6199951171875,259.6499938964844,261.7300109863281,4852700
2026-08-14,260.3500061035156,261.7099914550781,259.1600036621094,260.6499938964844,4998100
