Date,Close,High,Low,Open,Volume
2021-08-13,153.12664794921875,153.16139426323855,152.1448955527857,152.29259058693094,5882100
2021-08-16,154.50802612304688,154.55146895360423,152.86598788034743,153.3872753332545,4782800
2021-08-17,155.9241943359375,155.95894064939765,154.0475752436865,154.0475752436865,6041900
2021-08-18,153.94332885742188,155.9502632720203,153.8912027568181,155.9502632720203,7134100
2021-08-19,155.1422882080078,155.8025742693841,152.97027888610745,153.44811033141127,5615000
2021-08-20,155.89813232421875,156.31515437297503,154.70787554113286,155.42028765538765,5428700
2021-08-23,155.2251739501953,156.37880267191753,155.1639899006356,155.90686668022866,6461700
2021-08-24,153.2849884033203,154.8756138811564,153.1888515520701,154.68334017865598,5734800
2021-08-25,152.2711181640625,153.730640030291,151.97397287443482,153.5471146072654,5700300
2021-08-26,151.4583740234375,152.69940466393024,151.2398824317521,152.0264468275521,5031600
2021-08-27,151.13502502441406,152.31488516944094,150.9777174507683,152.31488516944094,7046100
2021-08-30,151.7730255126953,152.31488047500278,151.00393072567533,151.01266558982948,3252700
2021-08-31,151.309814453125,152.4984093483179,150.74172826411444,151.6244429058428,7106800
2021-09-01,151.84292602539062,151.84292602539062,150.37465554959013,151.10878411965595,5327400
2021-09-02,152.88296508789062,153.11020493002698,151.99152879167897,152.36732801417912,4544300
2021-09-03,152.97909545898438,153.13641636884634,151.90412036166614,153.03154465271896,4096900
2021-09-07,150.6019287109375,152.97037069432852,150.0338424278412,152.37607981614113,6859900
2021-09-08,150.23483276367188,151.1787181635205,149.5181871837334,149.99012321582262,4661700
2021-09-09,146.88755798339844,149.86777365239158,146.56418130589958,149.6143292317612,7114600
2021-09-10,145.9261932373047,147.77899802182358,145.83879124964318,147.3070619611961,6699300
2021-09-13,144.9036407470703,146.9312359858963,144.31808482314347,146.75644536222214,6273500
2021-09-14,144.0296630859375,145.55035606281288,143.77620536601245,145.42800130219453,5259600
2021-09-15,144.57154846191406,145.04349787786248,143.60144503543293,144.2044841026606,7935300
2021-09-16,144.39674377441406,145.48046701707457,143.49655936136944,144.7725429619877,5665400
2021-09-17,143.9860076904297,144.1258455570335,142.9459852280324,143.59272535932033,13419800
2021-09-20,143.1644287109375,144.35302350569577,141.73112439981742,142.87601820901068,7270800
2021-09-21,143.79368591308594,145.06093448354363,143.5402415332618,143.86360482302638,6663600
2021-09-22,143.269287109375,145.03470274411947,143.00710789165765,144.51033097301755,5657100
2021-09-23,144.08209228515625,144.87740486030154,143.46157031201687,143.68006189844132,4697900
2021-09-24,143.6451416015625,144.77255257481326,143.23437625932536,143.98598802004958,4399300
2021-09-27,142.60511779785156,143.64514010734968,142.32545544143156,143.3305116215828,5775500
2021-09-28,142.29046630859375,143.2518346751476,141.381547127581,142.5439240305347,7610400
2021-09-29,143.3479766845703,143.9073146628395,142.26425351731842,142.45652719756745,5124100
2021-09-30,141.1455535888672,144.55401673135938,141.066899824579,143.88980716236958,6972300
2021-10-01,140.24539184570312,141.4951574194916,138.62854864179707,141.17179411297803,8568300
2021-10-04,139.15292358398438,140.70858262315085,137.798273071721,139.82588140877783,8620700
2021-10-05,139.46755981445312,140.8047273405792,139.09174732762995,139.71226933977889,5129000
2021-10-06,139.7559814453125,139.79093423642448,137.94686445094072,139.72101531853053,7312600
2021-10-07,141.0057830810547,142.11572451541298,139.8521539805749,139.8521539805749,5309200
2021-10-08,140.6474151611328,141.2417192849083,140.05312437302712,140.9882748807267,4343200
2021-10-11,140.05313110351562,141.45148283257708,139.78220362323168,140.5862511999574,4101600
2021-10-12,137.8157501220703,139.99191770805618,137.5098565780504,139.8346101727323,6686400
2021-10-13,139.1354522705078,139.9045469923512,137.8682036206845,137.92938767158992,6901100
2021-10-14,139.9307403564453,140.83092454983623,139.4850223585237,139.5811591818794,4579200
2021-10-15,140.97080993652344,141.41652808489056,140.1929802252525,140.73483522942485,6918400
2021-10-18,139.9395294189453,140.6124874430815,139.1354817374907,140.05314934573605,7465500
2021-10-19,143.21690368652344,144.33557987713618,140.4726490727277,140.62122179570434,10081300
2021-10-20,143.1382598876953,143.98600862292082,142.68379348612618,143.3130505542456,6003200
2021-10-21,142.8061065673828,143.67133811719944,141.82726845211732,143.5926843405804,4524100
2021-10-22,143.08578491210938,143.38293029759433,142.42157522649546,142.50896386804843,4304300
2021-10-25,143.40040588378906,143.60141441811732,141.32910982116942,143.08577745212935,6715400
2021-10-26,144.85992431640625,145.1046338306001,143.37418417003832,143.81990221324818,6939100
2021-10-27,143.103271484375,144.86867411367325,142.72745897590517,144.79875519731445,7018800
2021-10-28,142.325439453125,144.3792525765579,141.86223830884563,143.1294869740565,6278800
2021-10-29,142.35162353515625,142.6749867722191,140.36771646289748,141.88842250100328,8526800
2021-11-01,142.47401428222656,143.3130146054815,139.31024666787482,142.59636905168747,5846400
2021-11-02,144.72012329101562,145.93493630806458,142.43906997576005,143.0683269824286,8450600
2021-11-03,144.25689697265625,144.87741900638449,142.8323274226577,144.23941391004814,6717800
2021-11-04,143.85487365722656,144.19572001715312,142.16811158377652,144.15201903035867,8224400
2021-11-05,142.8323211669922,143.85487358190528,141.75734623788958,142.00205576100774,6215900
2021-11-08,142.3428955078125,143.47905443274558,141.59128391153382,143.05080611934983,5578800
2021-11-09,142.0282745361328,142.97215984623975,141.60003953594696,142.11567651019914,6112800
2021-11-10,143.56646728515625,144.06462120909833,141.88845336210153,142.04576091629298,6225100
2021-11-11,142.50897216796875,143.16444702830395,142.0108182086625,142.8847846891094,4118800
2021-11-12,144.21322631835938,146.4942797165891,143.86364500668148,146.3282239260568,18995200
2021-11-15,142.91099548339844,144.60649250454352,142.64880288521744,144.20446207591004,7496200
2021-11-16,142.16812133789062,143.6363919137749,142.12442034809786,142.61383942816937,7594700
2021-11-17,142.7012481689453,143.2081503360849,141.39903329117269,142.3429187056047,5414500
2021-11-18,141.93215942382812,143.74127654569688,141.69619806193558,142.84982694931207,6358700
2021-11-19,142.3603973388672,142.6225899462166,141.39029402664337,142.4914869747069,7620700
2021-11-22,140.4866485595703,143.07294222045235,140.44266132542225,141.65663918820835,7634500
2021-11-23,141.35755920410156,141.63026128622408,139.67734605054756,140.32832227011318,7734000
2021-11-24,140.96170043945312,141.29597391496156,140.20516559011241,140.87372596414966,5230900
2021-11-26,140.0467987060547,141.77099890066094,139.57177149188803,141.27837410877882,8523100
2021-11-29,140.5306396484375,141.12003101773433,139.36064898770692,140.31071689468408,9188500
2021-11-30,137.17019653320312,139.87085405774405,137.09983307297708,139.43980068150603,14981700
2021-12-01,139.0615692138672,140.82095139508056,137.45173290729446,138.0059425897433,9835800
2021-12-02,138.190673828125,140.12599159364,137.8915820709953,138.34021970668988,11334700
2021-12-03,140.20518493652344,140.46028947327193,138.63053020324458,138.91203782464365,8750500
2021-12-06,143.3368377685547,143.84706010265123,140.60099852547887,140.91768778722783,9692000
2021-12-07,143.70632934570312,144.50685141649333,142.87062553931582,144.26933107639752,8311300
2021-12-08,144.5684356689453,144.77077429144205,143.07296344717375,143.80310868869626,6216400
2021-12-09,145.94068908691406,146.0110659572087,143.8206445949806,144.42761993311788,8574200
2021-12-10,145.58006286621094,146.63568934131897,144.8411122529183,145.65043975428733,6572200
2021-12-13,148.1839141845703,148.84368229173492,144.09335728935628,144.92906087382815,11142300
2021-12-14,149.80255126953125,150.40074803680102,147.04912799387213,148.07836469361285,10482400
2021-12-15,150.55030822753906,150.69106200067225,149.037238723904,149.4155128113221,8552200
2021-12-16,152.19532775878906,152.63517323763733,150.28639999134987,150.65586858282015,8998600
2021-12-17,147.99041748046875,150.23363228038644,147.4890005758395,149.23078504810817,16726200
2021-12-20,147.56817626953125,148.23673664716844,146.5125496753071,147.6209555857894,7954500
2021-12-21,147.0931396484375,147.87606411020494,146.01111004185614,147.8408689529235,7954200
2021-12-22,147.72653198242188,147.93766269586334,146.13429310973916,146.96120495860737,4178200
2021-12-23,148.00802612304688,148.62380720240188,147.22510158864816,147.68254471460654,3501500
2021-12-27,149.25714111328125,149.41549244222344,148.40383993663846,148.7909060484785,3704800
2021-12-28,149.8553466796875,150.11045112859375,149.18677302059132,149.36270851187334,3187000
2021-12-29,150.9109649658203,151.2980310797154,149.46827253776755,149.54744149115058,3662000
2021-12-30,151.5795440673828,152.08097434736854,151.08691928754888,151.4124006407209,4231800
2021-12-31,150.4887237548828,151.9050131711889,150.45352860315074,151.77306490973723,4409500
2022-01-03,150.90219116210938,150.95498389847012,148.75575635579438,149.7322139216632,6012200
2022-01-04,150.49754333496094,151.56196196657507,150.0752953981317,150.47994575587893,6748400
2022-01-05,151.50039672851562,152.60001056296193,150.97257671877324,151.30686361981145,7016100
2022-01-06,150.9813690185547,151.74669588504352,150.2512238855629,151.43879866911254,7301600
2022-01-07,153.02227783203125,153.33017511374842,150.54155568836427,150.83185538806336,6986000
2022-01-10,152.2656707763672,152.79349060278497,151.44756481073696,152.79349060278497,7698400
2022-01-11,150.64707946777344,152.52961761734048,149.6442322932007,152.17774659655038,8341100
2022-01-12,149.36270141601562,149.61781927581941,148.08715238604742,149.20436350828933,8116200
2022-01-13,148.4566650390625,149.91695548496796,148.19276844777193,148.66779573511587,6159400
2022-01-14,147.64732360839844,148.35987111951098,147.04033471433414,148.3422869653486,5847700
2022-01-18,146.99635314941406,147.5417572060755,146.03747987742133,146.99635314941406,7815600
2022-01-19,146.5388946533203,148.42143242298553,146.31017987826397,147.0842986523865,5926500
2022-01-20,145.36895751953125,147.66495187869705,145.08744991819816,147.16352149745543,6011300
2022-01-21,145.03463745117188,147.77928224479862,144.6827664529465,146.19583590674821,10550300
2022-01-24,143.36326599121094,144.41889267336643,139.2199148205493,144.2693467905047,14054600
2022-01-25,147.46261596679688,148.14877391642193,142.1404823950476,142.82664034467265,14081200
2022-01-26,148.1223602294922,148.86129737490376,146.23101671269066,147.38340966106256,9963200
2022-01-27,150.06649780273438,151.2276964689628,148.6677922099761,149.01087119353986,9066700
2022-01-28,151.1221160888672,151.16610332495696,148.93169401560584,150.30400987428038,9783100
2022-01-31,151.5619354248047,151.85223502523078,150.26880218365946,150.8669855374944,8054800
2022-02-01,150.32159423828125,151.28924623208945,149.04603161891345,151.0781289942499,8154700
2022-02-02,151.9842071533203,152.17774023356841,149.23956229844654,149.23956229844654,7382800
2022-02-03,151.9754180908203,152.7319529164299,150.46234843960116,151.5355725741408,6240400
2022-02-04,150.9813690185547,152.16894380210434,149.65302703195908,150.4271593990866,6392200
2022-02-07,150.47994995117188,151.07814684945893,149.55627165740262,150.78784719010173,6065700
2022-02-08,150.8758087158203,151.35084940463156,149.96972799877773,150.44476868758898,6296100
2022-02-09,150.8582000732422,151.5179682604876,150.64706942103712,151.36842241547416,5387500
2022-02-10,149.0372314453125,150.62067775818272,148.93167283212713,150.61188568142327,10355300
2022-02-11,147.532958984375,149.67939339212998,147.3833997269866,148.77331288663441,13125300
2022-02-14,145.67681884765625,147.7616819915654,144.10216461502694,147.5329671891635,8967600
2022-02-15,147.1811065673828,147.87607000971127,146.03750552446436,146.1430775775009,6631400
2022-02-16,147.0931396484375,147.6473358569343,145.77360313379447,146.45976104756727,8482400
2022-02-17,146.19586181640625,147.3042677379704,145.0786503933641,147.09315047082706,6227600
2022-02-18,144.62879943847656,146.39947523301757,144.25695914272507,146.06304250911583,6423200
2022-02-22,142.66334533691406,144.96522922687865,142.04361152321096,144.81472340849245,6868900
2022-02-23,142.73416137695312,143.99133943343853,142.406590713478,142.9909033952369,8016900
2022-02-24,140.00732421875,141.7691513678195,137.86480828631042,141.45927772293152,12883400
2022-02-25,146.966064453125,147.84255367672318,141.38843400397124,141.65403802710844,11340400
2022-02-28,145.70008850097656,146.2401317394256,143.7611960216099,144.1950030176344,9373500
2022-03-01,145.19541931152344,145.85942275349686,143.78773525674407,144.34548896175622,8737800
2022-03-02,147.00149536132812,148.4091928547325,145.23081960481923,145.55840380601845,6793300
2022-03-03,149.1616973876953,149.92308837800576,147.2493781524905,147.58579730459394,7333700
2022-03-04,150.0470733642578,150.3835061112931,147.71864372057593,148.41805476347093,6302500
2022-03-07,152.4640350341797,153.26968219982348,148.17014111597658,149.00236084521043,11663400
2022-03-08,149.3742218017578,153.26970342494778,149.18829488597962,152.31353680634257,11100300
2022-03-09,149.94082641601562,150.71106606161598,148.63937862981794,150.51629064400922,7248200
2022-03-10,150.2064208984375,150.6402277933568,148.807585492726,149.23254387256767,6171400
2022-03-11,149.93197631835938,151.8000397971973,149.63981319503205,149.7372009028078,5188000
2022-03-14,152.003662109375,154.15502666389392,150.81731259760284,151.10946220863457,7729500
2022-03-15,155.94338989257812,156.27982255867815,152.76503062964795,153.45559299014025,10554400
2022-03-16,154.50918579101562,156.66055056652257,152.7739174315687,155.34140564150624,9603300
2022-03-17,156.52774047851562,156.56314804980875,154.22585657812616,155.1200564861897,7472100
2022-03-18,154.79246520996094,156.70479819282315,153.74777303975014,156.70479819282315,13809500
2022-03-21,155.66897583007812,156.8464769432917,154.33212036775464,154.63313203330796,7574900
2022-03-22,154.93411254882812,156.14702099270053,153.96909760429924,155.66894453230447,8442100
2022-03-23,154.3498077392578,155.41221052771434,154.12847326211335,155.13775793752473,5254200
2022-03-24,155.14663696289062,155.41222755721893,154.1107931174527,154.93415097824212,5012300
2022-03-25,156.6339569091797,157.32451929019967,155.12888539949975,155.54499523283005,4809500
2022-03-28,157.43959045410156,157.74945051533456,156.1292945601672,156.39488503860122,5604200
2022-03-29,157.3599853515625,158.82963620537828,156.52776544699066,158.13907362694337,5933400
2022-03-30,158.997802734375,159.2368477086252,157.3068043954774,157.97966972904356,6277600
2022-03-31,156.90843200683594,159.54674867162177,156.68709753215697,158.99782998817267,11490400
2022-04-01,157.7583465576172,157.97081898618356,155.46532487145234,156.7490619943782,6525600
2022-04-04,156.23558044433594,157.75836271453855,155.39451214036205,157.75836271453855,6860600
2022-04-05,157.244873046875,159.05095651172542,156.07622047435973,156.23558832933224,7446100
2022-04-06,161.33511352539062,161.6626977179678,158.13904332864539,158.82075725953007,10330900
2022-04-07,160.9189910888672,161.97254521547222,159.5644253572843,160.83931393034644,7385200
2022-04-08,161.23773193359375,162.18504995871422,159.74150874053225,160.5383209457071,7144500
2022-04-11,159.21914672851562,163.07922007733677,159.0066743023676,162.0168174190484,5932000
2022-04-12,159.27227783203125,160.07793853807357,157.7672061508736,158.65254402322327,5957500
2022-04-13,159.94512939453125,160.1044837133308,158.6879513458872,159.27226402400157,5643100
2022-04-14,159.27227783203125,160.60028464055574,159.12177201483388,159.36081702293976,6188200
2022-04-18,157.2891387939453,159.70610754349258,156.4746295251026,159.12178127154522,6318700
2022-04-19,162.08763122558594,164.61969764244884,159.3165198420075,159.99823366825024,14380800
2022-04-20,162.80477905273438,163.18548135852046,161.04295184242585,161.34397698276265,8044900
2022-04-21,162.33554077148438,163.67239599625114,161.62726782431136,162.84017629651154,6969200
2022-04-22,160.72422790527344,162.14962238910996,160.58258411575912,161.54759913341928,8003600
2022-04-25,164.68170166015625,165.2837384706209,161.2200406594265,161.43251311437967,11176500
2022-04-26,163.5041961669922,165.1774977594345,163.06152721894313,163.8760499714355,10190000
2022-04-27,161.2200469970703,163.62816731522432,160.90132479292683,163.11466968026068,11090100
2022-04-28,162.42410278320312,163.3448482875033,161.0606748041694,161.35283794253377,9403900
2022-04-29,159.76805114746094,161.61840374297847,159.53785469402135,161.57413415507227,8463100
2022-05-02,158.15676879882812,160.60915867113104,156.73137417742566,159.7769388474422,7145400
2022-05-03,157.84690856933594,159.91860978904208,157.30685184043767,158.29843960234732,5898700
2022-05-04,159.5378875732422,159.80349164623624,156.83760426464065,157.72294216849792,5923000
2022-05-05,156.49232482910156,159.10408248297892,155.17317998300356,158.847326922753,7089200
2022-05-06,156.14703369140625,156.5897026204031,154.659672574385,155.05807190864545,6434000
2022-05-09,156.9969482421875,158.08590991579385,154.57111789113713,155.33250891305934,7855200
2022-05-10,156.78448486328125,158.6348378249308,156.2621387465028,157.79376952501593,8186700
2022-05-11,155.93455505371094,157.87344704712478,155.7132205980095,155.78404924493594,6138900
2022-05-12,157.4750518798828,157.54588053475246,154.67739431304673,156.23558419262534,6898600
2022-05-13,156.57200622558594,158.3780895191855,155.64239876908135,158.2098731640143,7732200
2022-05-16,157.66098022460938,158.59058775311794,155.96998153579284,156.57201835308007,5516700
2022-05-17,158.3161163330078,159.09520443267522,156.34180325686918,158.22757714684457,5751100
2022-05-18,155.3767852783203,158.80303827177553,155.08462218062667,158.33381031434772,8608800
2022-05-19,153.9956512451172,154.75704225468039,152.88897905151848,154.68621361318822,6874500
2022-05-20,156.68707275390625,156.84644057524872,154.09303960529368,154.80131251409802,7522100
2022-05-23,159.8859100341797,160.32250462549158,158.12168012750243,158.24642338159083,7040800
2022-05-24,161.6322784423828,161.93523792924768,159.58292739566036,159.71657599575377,6419800
2022-05-25,160.04627990722656,161.76596924313753,159.54730691732314,160.85711781381673,6558900
2022-05-26,159.90370178222656,161.2758772974378,159.13741806448743,161.2758772974378,6897600
2022-05-27,161.35609436035156,161.4184727834616,158.80775630917898,160.1710266852124,5853600
2022-05-31,159.96607971191406,160.53633646051426,155.93863377717895,158.60280945985434,16391400
2022-06-01,158.3444366455078,160.23340980312398,156.7316661257751,159.62750428713701,5175400
2022-06-02,157.8454132080078,158.433494237383,155.5643864715133,158.37112942299024,8666500
2022-06-03,157.19497680664062,159.19978749412422,156.95439571726465,157.7741524961759,4234200
2022-06-06,157.17715454101562,159.04831664583432,156.82074918580864,157.89889781869792,5386500
2022-06-07,158.90574645996094,159.76113833282275,157.17715196396392,157.6939492377357,5447800
2022-06-08,157.96127319335938,159.8948002463497,157.53358401933227,158.69192189514965,4333100
2022-06-09,154.78030395507812,159.18196585196088,154.71792553988695,157.8988984108086,5509600
2022-06-10,153.74673461914062,155.0119915173107,152.0270451814058,153.40813995766024,6647300
2022-06-13,152.19635009765625,153.47943140932574,151.54590406460002,151.54590406460002,7997000
2022-06-14,149.86184692382812,152.4636443687434,149.0331846686083,152.41909029549598,7116800
2022-06-15,151.46568298339844,152.7576694002009,150.26279110803478,151.15381809838033,7796100
2022-06-16,151.5458984375,151.66173631705655,149.16685759211464,150.04896576413677,7056700
2022-06-17,150.99346923828125,153.4348749669253,150.7974421744637,152.03596938894975,12486600
2022-06-21,154.15658569335938,154.91396412753593,151.08254507674914,152.1428694461988,8219700
2022-06-22,156.589111328125,158.53154392817225,152.98044876451982,153.25666499700407,10593100
2022-06-23,160.0819091796875,160.22447675835895,157.2840850292253,157.71177416924704,10223500
2022-06-24,162.42530822753906,162.63915960522982,160.3670380027412,161.07986233238375,9374400
2022-06-27,162.2738494873047,163.36982259852022,161.72141704151744,161.84616029043696,5908600
2022-06-28,157.6583251953125,163.03121710983896,157.09697381451335,162.3183927651403,9245700
2022-06-29,157.702880859375,158.87012410756486,157.2038942958492,157.90781327189848,7097900
2022-06-30,158.16619873046875,158.8611987065464,155.95645556540123,157.5870366157351,10777200
2022-07-01,159.95716857910156,160.1353712573765,157.43556057333222,158.11273618917414,5498400
2022-07-05,158.7275390625,159.60966063051782,155.58221504177936,159.3423498284525,5676400
2022-07-06,158.87013244628906,159.8859027823645,158.07711888212486,158.66520002300916,5335600
2022-07-07,159.04832458496094,159.60075699190506,158.16620293220097,158.47806783056888,5725800
2022-07-08,158.85227966308594,160.37594169246066,158.39786082428603,158.8968337286919,3828300
2022-07-11,158.9146728515625,159.51165931741826,158.1751188009072,158.33549713681177,3645200
2022-07-12,156.6870880126953,159.0037498277655,156.10791236193398,158.5849660911813,4708800
2022-07-13,156.32177734375,157.11479082122736,155.48420979756187,156.51780436928308,5291700
2022-07-14,156.53562927246094,156.82966983734497,153.52396701842537,153.72889943783153,5359600
2022-07-15,158.80775451660156,159.05724101423635,157.31083553079287,158.3444302187052,5691100
2022-07-18,155.2436065673828,158.77207892786637,154.95848504107607,158.37111955862736,7605700
2022-07-19,152.98043823242188,157.48903298436633,151.36768142785613,157.1148032503782,13256400
2022-07-20,152.10720825195312,153.74669448675522,151.26072181920986,153.4348296330086,7455800
2022-07-21,152.641845703125,152.71312950048565,151.2696699929168,151.51915648568192,5729200
2022-07-22,153.36355590820312,153.693245128471,152.41906950655485,152.90023167840855,4257000
2022-07-25,153.66653442382812,154.12985871095975,153.00716949768739,153.36357488717238,4437300
2022-07-26,154.75355529785156,155.9118930606423,153.69324464011993,153.75560945716654,4525500
2022-07-27,154.32586669921875,155.12779912053577,152.4814479625752,153.81798840211115,4648500
2022-07-28,155.21690368652344,156.90094420529456,152.7576740134588,154.50407935352123,5513000
2022-07-29,155.50205993652344,155.796100523594,154.06750570044935,154.85160033664232,6451400
2022-08-01,154.95852661132812,156.07231048911183,154.6288373382278,155.19018876334908,5461400
2022-08-02,154.0763702392578,156.36631590313098,153.88034323316782,155.9386132011211,5794200
2022-08-03,155.56442260742188,156.16140915010038,153.05173318295414,153.74673325329596,5010000
2022-08-04,153.06951904296875,156.00991079868385,152.90023533725778,155.76042433174976,5651600
2022-08-05,152.46363830566406,152.83786803327033,151.28747607947832,152.63293561967507,5235500
2022-08-08,151.65280151367188,152.79331505242052,150.97562584878793,152.6329367091561,4629800
2022-08-09,151.63499450683594,152.47256220676294,151.23403500682704,151.95576482604213,5532500
2022-08-10,152.0715789794922,152.57947090398858,151.05580872649267,152.38344387305943,5603400
2022-08-11,148.92625427246094,151.4300380013368,148.78368668747325,150.1558758999916,9328700
2022-08-12,147.28677368164062,149.63908454337164,147.15311146690968,149.2826655667495,14606900
2022-08-15,147.99066162109375,148.578742666199,147.13528337002447,147.91047245930454,10072000
2022-08-16,149.30941772460938,149.9153096267411,147.55409324932398,147.7857554008459,7453600
2022-08-17,149.3183135986328,150.19151629448623,148.27581358913568,148.27581358913568,7406600
2022-08-18,148.59657287597656,149.95984306416042,147.84809988176383,149.40739709271855,8312100
2022-08-19,150.8597869873047,151.58151671922676,148.8015166863436,148.8906248293437,8128500
2022-08-22,150.33056640625,151.52359661660148,149.95382218519376,151.5056525049283,5462600
2022-08-23,149.02090454101562,150.49200660150444,148.72488834936712,149.80130215432456,5566300
2022-08-24,148.5275421142578,149.43352109716847,148.07007001766124,149.40661177897712,5684300
2022-08-25,149.91790771484375,150.01657977174236,147.73815725329922,148.85942440562746,5678700
2022-08-26,147.35243225097656,150.24978243198544,147.28963472720037,150.2139079093574,5667100
2022-08-29,146.21324157714844,146.9667298438719,145.33417193263773,146.63483913557923,5259200
2022-08-30,145.7019500732422,146.69763597365056,145.3431500155983,146.48236141400216,6973300
2022-08-31,144.72422790527344,146.70663476401702,144.661444045978,146.4195837291044,8741700
2022-09-01,148.31227111816406,148.45579662342757,144.8497970059184,144.85877590458833,7509600
2022-09-02,145.9800262451172,149.08368623265113,145.32519633638967,148.7787048350033,5803700
2022-09-06,146.37472534179688,149.10165533182192,146.05181346946503,147.05646468297624,7394600
2022-09-07,147.17306518554688,147.48701181263212,145.45976549078443,146.13252586112463,4590600
2022-09-08,148.35711669921875,148.38402601911358,146.28501694324854,147.00263074424836,5838400
2022-09-09,148.6441650390625,149.08369304772242,147.46010023546413,147.99831399843512,5500600
2022-09-12,148.5813751220703,149.4156051287237,148.20463094360744,149.00297273097183,6365300
2022-09-13,144.7152557373047,147.50496954479297,144.24880467166545,146.72457182307323,6726400
2022-09-14,147.70230102539062,148.3302079710159,145.65711058115693,145.65711058115693,9555700
2022-09-15,148.0790557861328,148.96710447176858,147.19998599937,147.51393265096954,7174500
2022-09-16,150.3395233154297,150.36643263533003,147.78302842613974,148.29433287893565,20201500
2022-09-19,149.1554412841797,149.28998786816035,147.18201382418522,149.1733853911582,7380900
2022-09-20,147.98036193847656,148.81457817017875,147.39730846604022,148.2046153797742,7143400
2022-09-21,146.46441650390625,149.62190900581467,146.428541973276,148.02522548954533,8071200
2022-09-22,149.06578063964844,149.9448642186052,146.06079193815586,146.34782930206305,7401100
2022-09-23,149.55014038085938,150.231865934805,147.7022941607523,148.67107069783978,9598600
2022-09-26,148.6351776123047,149.65777275339718,147.451126563992,148.724884463434,8735500
2022-09-27,147.95347595214844,150.40232008483483,147.4690807776459,149.22723405710408,8686700
2022-09-28,149.22723388671875,150.14219190290976,148.09700129307996,149.1285618096065,8660900
2022-09-29,147.585693359375,149.95380946756413,147.01160502064266,149.33486769712624,7008100
2022-09-30,146.53619384765625,148.67109134743063,146.50031931345285,148.00729612222574,8985200
2022-10-03,146.39263916015625,147.45112248737382,145.04711855447957,147.37038084865225,8657000
2022-10-04,148.5634307861328,148.90430043213274,146.14149610693465,146.97572611231732,6236100
2022-10-05,148.10594177246094,148.94015799545718,147.2986348671521,148.0252138193988,4539400
2022-10-06,145.23553466796875,148.00730454076898,145.03819050026,147.81892558528446,5890700
2022-10-07,143.70159912109375,145.5135707173096,142.7776760593127,145.10991726978233,6363500
2022-10-10,143.8899688720703,144.67036640011133,142.78663218174853,144.08731297827376,5315600
2022-10-11,145.97103881835938,147.2089221318686,143.85408589173502,143.85408589173502,6212200
2022-10-12,145.93519592285156,147.89965858535137,145.7647610891412,146.15944940145025,4341700
2022-10-13,148.14181518554688,148.8953171371548,144.1949601645344,144.32054154191178,6465100
2022-10-14,147.52291870117188,148.61726311640194,146.75148616472194,147.50497458990193,5684600
2022-10-17,149.4335174560547,149.98967528892666,148.01623408735455,148.36606890266168,6710800
2022-10-18,148.9132537841797,149.9537930615854,146.25810064078925,148.0072747871688,10883600
2022-10-19,147.7292022705078,149.12854158351186,147.0115885058702,148.90428813752163,10044600
2022-10-20,148.10594177246094,148.67106481858335,147.40627213790162,148.00726971182598,5659900
2022-10-21,151.33518981933594,151.92720846861758,147.49595852832138,147.74713496077618,8487600
2022-10-24,153.37142944335938,154.35815018676993,151.8195992626733,152.32192484573847,6855500
2022-10-25,153.1292266845703,153.48802671759864,151.1647643384821,152.6448315839038,5661900
2022-10-26,154.47474670410156,154.79767220743645,152.9587912492057,153.67640499965475,6123800
2022-10-27,154.56442260742188,155.56907353345042,154.03518782941342,154.60031081897563,5390900
2022-10-28,156.8607940673828,157.32724506168856,154.81560376041506,155.18338269222045,6073900
2022-10-31,156.0535125732422,157.12096132675796,155.56015218035512,156.54687296612926,7810000
2022-11-01,155.26412963867188,156.64553868265062,152.86910421485197,156.1342341996941,6985000
2022-11-02,152.8780517578125,156.02657888144185,152.75247037626863,155.0847116761908,6877300
2022-11-03,153.13819885253906,153.81095921054143,151.54151536453435,152.32191299986684,4819900
2022-11-04,153.81991577148438,154.73487363937343,151.81061370847308,153.89167851478388,5300900
2022-11-07,155.1654510498047,155.94586240221935,153.78405575116653,153.99036510302557,6621000
2022-11-08,155.93687438964844,156.6993415881447,154.4478282092656,155.30000226194173,5148400
2022-11-09,154.69003295898438,156.97742097349573,154.59136088973582,156.3226047070343,6150000
2022-11-10,156.5019989013672,156.77110577904304,154.32224824827148,156.39436162523458,7877500
2022-11-11,151.819580078125,155.28205376654378,149.639843194048,154.94118415510374,11074700
2022-11-14,154.20565795898438,155.41661847329416,152.7166116470953,152.7166116470953,6581500
2022-11-15,154.63623046875,155.18340951221177,152.95881880368444,154.45683042065602,9351000
2022-11-16,155.5960235595703,156.96845361200474,155.30000735588027,155.75747947757685,5500900
2022-11-17,156.85183715820312,156.96845333478726,155.16544679616354,155.18339090502525,4464100
2022-11-18,158.05381774902344,158.44850598334602,156.6365344018393,156.97740400190762,6555700
2022-11-21,158.8663787841797,159.39000661817786,157.83718304858112,158.79415283028075,5706600
2022-11-22,159.6337432861328,159.96777621853695,159.19136455146213,159.25455364173504,4707900
2022-11-23,159.80523681640625,160.15732961768938,158.90243334894308,159.29064600330983,5389200
2022-11-25,160.01290893554688,160.8073667058527,159.6698391723783,160.13930088371072,3058600
2022-11-28,160.0941619873047,160.49139777031908,159.39899936702952,159.57053425293932,6183100
2022-11-29,158.97470092773438,160.03097960830843,157.6836982433743,159.80527868231334,6700500
2022-11-30,160.69908142089844,160.70810449993095,157.79205199201547,159.22750677269872,13288000
2022-12-01,161.3671417236328,162.4685633630751,160.49142101398294,161.60186573136798,6282600
2022-12-02,161.49351501464844,161.5657409569112,159.76013372741178,160.24764161807306,5823900
2022-12-05,161.40322875976562,161.92685650816028,160.69904304398761,161.0240528955536,5120600
2022-12-06,158.98370361328125,162.50463179182887,158.83021489398325,162.4324058579499,7943500
2022-12-07,159.94972229003906,160.5907189479429,159.1010846481765,159.40804836114359,5702600
2022-12-08,159.976806640625,160.22056748730404,159.20039493790236,159.63375061548524,4798500
2022-12-09,158.65872192382812,160.5997443040369,158.5864959771458,159.90458162094882,4561000
2022-12-12,160.5545654296875,160.58164843167026,158.53229447797472,158.848267426336,4882400
2022-12-13,161.79144287109375,162.68520963883657,160.97891134733027,161.69213392182343,9177500
2022-12-14,162.2879638671875,163.44355132820445,161.22266227293622,161.22266227293622,9533600
2022-12-15,160.2386474609375,162.3602280730868,159.2545808737323,161.78243420639475,7602400
2022-12-16,158.59548950195312,159.796219812383,157.8642208696337,159.796219812383,18841800
2022-12-19,158.42398071289062,159.0469174357688,157.15103803536832,158.3066256058097,5736000
2022-12-20,158.59548950195312,159.29065205550478,158.14408775107069,158.8934163106181,6174700
2022-12-21,160.41015625,160.86155810407004,158.57746582453092,159.1372134910479,5472000
2022-12-22,159.82334899902344,160.25669094789933,158.2976084360423,159.58862497998487,5709100
2022-12-23,160.2295684814453,160.26568833744443,158.7218882221687,159.49829981788426,3683400
2022-12-27,160.18443298339844,161.01502440166016,159.78721097879472,160.79834658267586,3067300
2022-12-28,159.48931884765625,161.10533155018757,159.4802819934263,160.48239473878806,2645400
2022-12-29,160.30178833007812,160.9698678838027,159.85942342855427,160.29276525426542,2828800
2022-12-30,159.480224609375,160.49137384513577,158.3517202920834,160.23858998011744,4216600
2023-01-03,160.87057495117188,161.04210983849646,158.90245594882907,159.0378847536225,6344900
2023-01-04,162.62200927734375,162.67617528670237,161.13237514153641,161.50252790640573,9788800
2023-01-05,161.4213104248047,162.49564907257815,161.0692175195059,161.6199283483775,6255300
2023-01-06,162.7303466796875,163.3442465069803,161.95393504325335,162.6220146573863,5706000
2023-01-09,158.51425170898438,162.28796400104855,158.15312201731297,161.8726820752379,7925300
2023-01-10,158.13510131835938,159.01984509790904,157.37674950731682,158.6226092609749,5047500
2023-01-11,157.88232421875,158.6406760626345,155.38155397388948,158.50526101040225,6494800
2023-01-12,157.0878448486328,157.7288415412159,156.00448315653912,157.32256885295087,4269400
2023-01-13,156.57322692871094,157.0968546871608,155.62529413782275,156.35656287396628,6088000
2023-01-17,155.6072235107422,157.61144853348986,155.36346269022175,157.08782081103703,6053300
2023-01-18,153.2599639892578,155.28224940588603,153.21483482103093,154.96626257414363,7047800
2023-01-19,153.05230712890625,154.63221357262822,152.31201527292154,152.60090528784283,6939500
2023-01-20,152.33908081054688,153.57591730499476,151.2015394850821,153.56689422845702,8620600
2023-01-23,151.95086669921875,153.14257402423686,151.62585686291283,152.66408923407664,8425400
2023-01-24,151.95086669921875,154.3703874307604,149.87441573258036,152.59186329537653,10541800
2023-01-25,153.03424072265625,153.03424072265625,150.84043448024732,150.921683502035,7099800
2023-01-26,152.47451782226562,153.39538146239934,152.25783997291316,153.07037157621633,6946100
2023-01-27,151.878662109375,152.4564559245044,151.46338012308667,152.15852905137174,6058100
2023-01-30,146.254150390625,152.15847854879627,145.42357291803225,151.6077679253103,23259100
2023-01-31,147.53614807128906,147.5451711471486,145.39650815906654,145.9833249307692,11612500
2023-02-01,148.89036560058594,149.84733519667503,146.61529670895652,147.14796129368585,9865300
2023-02-02,149.4501190185547,150.0640327003043,146.9945056186301,147.15700367293095,10099000
2023-02-03,148.6105194091797,150.17236597191564,147.96049963524618,149.89249902563427,6868500
2023-02-06,147.4820098876953,148.82719233171164,147.2472858898705,148.55634847225784,7021000
2023-02-07,147.51809692382812,147.95145255326906,145.73054972337405,145.8930615283367,7310800
2023-02-08,147.70770263671875,148.56536333113397,147.06670599732792,147.42783571518547,6054700
2023-02-09,145.71249389648438,148.7820343674928,145.4145808344305,147.725755820415,7949500
2023-02-10,146.3896026611328,146.9673964315958,145.66737077982165,146.04654665021704,7028000
2023-02-13,146.9312744140625,146.99447727345284,145.48678325670565,145.64929505536037,6414700
2023-02-14,146.29029846191406,147.12991302595566,146.0375145401079,146.92227204212,6316000
2023-02-15,143.87982177734375,146.2361399938312,143.8075958280015,146.20905698478924,12621800
2023-02-16,142.85964965820312,144.13259229172175,142.5707458877345,143.60897831520487,11177000
2023-02-17,145.84214782714844,146.49684278858686,142.4140941922239,142.77782132345155,12401900
2023-02-21,143.66893005371094,145.80578361391207,143.56890682589787,145.1692645961354,9423900
2023-02-22,143.4688720703125,144.44182646947795,143.09605698980403,144.12356698616188,9820200
2023-02-23,143.42340087890625,144.20539679366948,142.45954835310346,143.40522493014132,9385100
2023-02-24,141.82302856445312,142.6232142197406,141.13196796428488,142.4413437527981,8689700
2023-02-27,141.5138702392578,142.6686672247194,141.0137542072866,142.2594864257497,7267100
2023-02-28,139.35885620117188,141.1865520900569,139.15880974691808,140.92284818455352,9062300
2023-03-01,138.73147583007812,139.34070326875624,138.13133636817778,139.13155492990467,6767000
2023-03-02,138.622314453125,138.9041942819693,137.51297108654612,137.98580937593303,8762500
2023-03-03,140.0499267578125,140.14084813225705,138.97694909110717,139.45887538745342,5747200
2023-03-06,141.45025634765625,141.60483519153217,140.5500610877452,140.63189449777843,8148200
2023-03-07,140.1135711669922,142.07765601367024,139.44070026796496,141.93216516396717,7457700
2023-03-08,139.08607482910156,140.21359422603945,138.64960228050842,140.01354777662704,6230500
2023-03-09,137.52207946777344,139.6680208833563,137.0401531810967,139.54071986187134,7439400
2023-03-10,137.8585205078125,139.56800332984673,137.39478402673294,138.0858447607523,8504300
2023-03-13,139.17703247070312,141.76853513853018,137.82218847136716,138.29501304339496,10799600
2023-03-14,139.958984375,140.0590075941306,138.12220065767903,139.37703488408656,8421200
2023-03-15,140.35000610351562,140.84102040871605,138.69507880217665,138.97695866949283,7757700
2023-03-16,140.05902099609375,140.3681786576182,138.75873289774427,139.53162705155532,7605500
2023-03-17,138.55870056152344,140.89558696150235,138.48595512643826,140.46821620211014,20540700
2023-03-20,139.93170166015625,140.09538231969654,138.558668313759,138.64050170614422,7129000
2023-03-21,139.93170166015625,140.14993791462004,138.36770985675693,140.0317248757726,8376800
2023-03-22,137.34930419921875,140.08628296654607,137.33111437566356,139.89533838091185,7943500
2023-03-23,137.4220428466797,137.93124688297135,136.49455613785165,137.46749659117265,9051500
2023-03-24,138.80418395996094,138.9042071867244,137.14927060551378,137.7403081160796,5696200
2023-03-27,139.39523315429688,140.52275255670287,139.22246450398728,140.2135949060284,6772300
2023-03-28,138.04946899414062,139.53161358119664,137.96762172417962,138.56776103845203,6115300
2023-03-29,139.4043426513672,139.46800011121266,138.27682307488885,138.43140192409078,6012000
2023-03-30,139.51341247558594,139.84986175322456,138.94965285461137,139.64981533131052,4555700
2023-03-31,140.9410400390625,141.11380869520286,139.34068225676253,139.8407845248258,9890000
2023-04-03,142.6232452392578,142.76872221977595,139.97718754210825,140.89557255092805,6841900
2023-04-04,144.114501953125,144.55096067491428,142.38682914330596,142.7323664802243,8314500
2023-04-05,150.58868408203125,150.6341517092068,147.99718195551444,149.46115075202778,16704200
2023-04-06,150.17037963867188,152.06171888276774,149.8521340439697,150.93419959045065,9615400
2023-04-10,149.41571044921875,149.88853496504458,148.79738118847052,149.69759033839998,5354000
2023-04-11,149.37022399902344,150.28860898593587,149.16107569649412,149.50661300087185,5903800
2023-04-12,149.05197143554688,149.88852306030384,148.30635506610406,149.0701612615641,5764100
2023-04-13,151.0433349609375,151.2433814238138,148.95194895117677,149.28838442293596,5640600
2023-04-14,150.79782104492188,151.05242311164636,149.17927338869967,150.91603410260538,7225100
2023-04-17,150.64324951171875,151.16155552074173,149.9794665109245,150.70690696887146,8046400
2023-04-18,146.40591430664062,149.75213469480158,145.16926975282905,149.35204176933723,14571500
2023-04-19,147.7880401611328,147.92442916109619,146.55139568730414,147.29702588649354,6752000
2023-04-20,148.74281311035156,148.9610493972788,146.3604592791764,147.6971131779436,9498800
2023-04-21,147.93353271484375,150.00672878679288,147.27883775793651,149.52480248167663,7014200
2023-04-24,148.83372497558594,148.95193802446067,147.1878996401961,147.9335298334506,5278900
2023-04-25,150.19766235351562,150.35225504359119,149.27018946168369,149.40657845319714,6263100
2023-04-26,147.86984252929688,149.4793017649608,147.52431917697712,149.20650994751077,5518200
2023-04-27,148.2154083251953,148.5882234184123,147.42432438939855,148.12447307692796,5739700
2023-04-28,148.85191345214844,148.90646905120542,147.8153154457532,148.0426396916712,6024900
2023-05-01,148.76100158691406,149.39750674121342,147.52435705508745,148.76100158691406,4893400
2023-05-02,150.06129455566406,150.47047546276465,148.7246267509692,149.43387735654946,7541700
2023-05-03,148.09719848632812,151.106969347263,147.76985101015197,150.53412167003313,5937200
2023-05-04,147.42431640625,148.12446505586576,146.6241306640947,147.92441862032695,5128000
2023-05-05,147.92442321777344,148.33361795076513,147.02422810464105,148.06991406173623,5194500
2023-05-08,147.58798217773438,147.82440825888963,146.705963047509,147.29701437562716,4994900
2023-05-09,146.44224548339844,147.42428764588757,146.20581944673765,147.07875043831712,5520500
2023-05-10,146.98785400390625,147.27883570281412,145.54207510873184,146.57867313024175,6756600
2023-05-11,146.3877410888672,147.47889480383594,144.93286021906067,147.1515473018681,5867600
2023-05-12,146.19674682617188,146.9059972610977,145.49658436485373,146.7241406655624,3904200
2023-05-15,145.07830810546875,146.42406349279418,144.52363649907335,146.21492911244553,5104500
2023-05-16,144.8873748779297,145.71483844490967,144.1508465572354,144.6327728380544,5599200
2023-05-17,144.56915283203125,145.54209352699095,143.45980924540763,145.29657942181416,6840700
2023-05-18,144.10536193847656,144.51454274896278,143.26881049543812,144.2690425875324,5173000
2023-05-19,144.49635314941406,145.42382586561536,143.79619075110054,144.20537152292673,6527100
2023-05-22,143.7176513671875,145.79733322341409,143.63520053072494,144.75291402318456,5675900
2023-05-23,143.66268920898438,145.00028562530315,143.25957757723194,143.92838277511999,5793000
2023-05-24,143.52525329589844,143.96500503064613,142.84729163776007,143.91003781123462,5015100
2023-05-25,141.4639129638672,143.18627992350923,140.83176191794436,142.96641102368008,6886100
2023-05-26,141.40892028808594,142.2609400804911,141.27148827097076,141.72041049308646,6845400
2023-05-30,141.42726135253906,142.35258958736364,140.46530693969842,141.06080385997666,5593100
2023-05-31,142.05938720703125,142.63657093590345,140.95084440204903,141.72956993045497,11324600
2023-06-01,141.58299255371094,142.04107136406643,140.30953402010095,141.58299255371094,7901300
2023-06-02,143.8092498779297,144.1207400858233,141.17071169470253,141.7478954171471,7659700
2023-06-05,145.0460662841797,145.33922942330005,143.60769225764915,143.60769225764915,6430500
2023-06-06,144.91778564453125,146.22789812984917,144.20318391779563,146.20041452339427,5073600
2023-06-07,145.2293243408203,145.48584738168302,144.2398723348682,144.84453977952626,6504300
2023-06-08,146.82342529296875,146.9700138773663,144.58801228846178,145.21099280296613,5818400
2023-06-09,146.59437561035156,147.25401021450847,146.09965664696182,146.97000358927954,6264400
2023-06-12,146.49359130859375,146.81425205306584,145.42168861856464,146.58521265828728,6510600
2023-06-13,147.26318359375,147.35479096976997,145.80648232663458,146.33785543359238,6066800
2023-06-14,148.01443481445312,148.49084072960852,147.48306167436766,148.05108895071115,6699100
2023-06-15,150.0024871826172,150.16740282790363,147.89532180489738,148.46334905037708,7138300
2023-06-16,150.46055603027344,151.15684474061405,150.13073874102136,150.68959542615804,13426600
2023-06-20,150.3689727783203,151.4500321901558,150.07579559442473,150.48806377725253,7995800
2023-06-21,150.13992309570312,151.09272091940153,149.0496932341395,149.86507299942932,7177500
2023-06-22,151.7340087890625,151.82563013574267,150.05743879688987,150.15821668645614,5485900
2023-06-23,151.6057586669922,152.3295310134907,151.1934905349068,152.18294243958522,9450700
2023-06-26,149.91085815429688,151.14766240776092,147.80369308091412,151.14766240776092,6978800
2023-06-27,149.5994110107422,150.13995477326242,148.82068521636484,149.956712017447,4927500
2023-06-28,149.2970428466797,149.51691171528608,148.33507460816162,149.51691171528608,6780400
2023-06-29,150.3414764404297,150.5430322424346,148.62825212338797,149.00388011616587,4547500
2023-06-30,151.64239501953125,152.0271794963238,150.57049241001172,151.03772770766253,7580000
2023-07-03,149.6543426513672,150.60714036047418,149.29704176302022,150.56132968669536,4033700
2023-07-05,149.1596221923828,150.1765577255571,149.08632790410962,149.32453783586152,7224600
2023-07-06,148.0510711669922,148.75650244146823,147.50137102480707,148.64656800481333,6332500
2023-07-07,145.89813232421875,147.53804866531559,145.85232163748736,147.01584597906242,7022200
2023-07-10,146.13629150390625,146.8600638253098,145.66905616767048,146.0629972194948,5739200
2023-07-11,145.33010864257812,146.86009041056096,144.3864672765735,145.78818751848166,6606700
2023-07-12,144.82620239257812,145.61409852750876,144.64297365922465,145.61409852750876,6940400
2023-07-13,145.4949493408203,145.78812640864768,144.21233461770566,144.75286410962883,6401700
2023-07-14,146.46609497070312,146.79591222969918,145.6507153553315,145.83394405933953,5362200
2023-07-17,145.73321533203125,146.46613032497575,144.89033792712175,146.35619587192556,5486800
2023-07-18,145.72402954101562,147.4005996716702,144.9269768809911,145.733200064114,6332500
2023-07-19,145.4308624267578,146.96084394090914,144.1390768559536,144.6704499413792,7522600
2023-07-20,154.26260375976562,154.95887842461806,147.77620700593175,148.36254724461116,21892900
2023-07-21,155.92086791992188,156.49805169518936,154.0793821529088,154.0793821529088,12080000
2023-07-24,156.73626708984375,159.24654431808636,156.6538162487065,157.12105166127523,15155400
2023-07-25,157.93641662597656,158.20209619335034,155.5177609906609,156.1590685493703,13790100
2023-07-26,158.23873901367188,159.27400155693147,157.02940429275392,157.57910443489033,14288200
2023-07-27,159.12742614746094,159.67711235559827,157.61575762130624,157.74401913448392,12446400
2023-07-28,159.85118103027344,160.6574042264824,158.70598398086577,159.41142927754862,14138800
2023-07-31,153.48387145996094,155.948337477702,152.73262954695647,155.46277510016805,22632700
2023-08-01,154.72987365722656,154.91310240164708,152.13714568427798,152.42115233504833,15810300
2023-08-02,155.66432189941406,156.8828130340963,154.69319720035475,154.69319720035475,14595600
2023-08-03,156.33314514160156,156.9561396300736,155.44447107827457,155.7009941089817,17424800
2023-08-04,154.8672637939453,158.20207666708762,153.8136882189226,156.05827138709355,23415100
2023-08-07,158.5868682861328,158.80673713851186,155.16043421553474,155.2795391635427,17736400
2023-08-08,158.66018676757812,158.99917462900095,157.02027060461677,158.48612854404,27378700
2023-08-09,158.5594024658203,159.6404617231613,157.62491780002256,158.49526472371252,42974400
2023-08-10,157.73486328125,161.2162651991915,157.2493008378469,159.41143348335106,48213800
2023-08-11,159.27403259277344,159.36563998134307,157.23099071731224,158.0188869521929,45905600
2023-08-14,158.8983917236328,160.87729568578126,157.35008299341825,158.97168601624463,64036900
2023-08-15,158.44029235839844,159.92446314805323,157.70736350666522,158.31203085780427,88958100
2023-08-16,157.93641662597656,160.0802221705721,157.69822066972915,158.06467813771843,85832700
2023-08-17,159.4205780029297,160.684879956897,158.27538100968553,158.36700236092724,70904200
2023-08-18,158.0280303955078,159.40226680367266,156.94695715176786,158.6510108570705,49631700
2023-08-21,153.31898498535156,155.6093790605468,152.04552643872125,155.46279048466485,151319500
2023-08-22,152.10052490234375,153.76792486226458,151.5416680740247,152.8700941146149,56834800
2023-08-23,150.73541259765625,152.5402442333685,149.76428775396457,151.9905440677722,119011400
2023-08-24,151.2484588623047,152.69598958644096,150.12158889850178,150.27733401712038,70755100
2023-08-25,153.41705322265625,154.82895039049978,151.3960985092068,151.61757782059615,18185500
2023-08-28,151.6083526611328,153.38015912994854,150.57481062178547,152.26355354168965,18458000
2023-08-29,151.62680053710938,152.89104482812718,150.2056803478666,152.14357151501585,12208600
2023-08-30,151.09158325195312,153.02948867733983,151.04543996450022,152.36506476469035,9939100
2023-08-31,149.19984436035156,150.94396796351833,148.83072616512604,150.75939478494902,15333000
2023-09-01,148.09243774414062,149.93805640923046,147.6587162313683,148.9598807696853,8610100
2023-09-05,148.27699279785156,149.46742469008166,147.90787470716384,148.16626018683576,9019800
2023-09-06,145.81314086914062,147.64953705541188,145.2040972303145,147.50188413892675,9753800
2023-09-07,147.6772003173828,148.62769295761998,146.70824754483326,146.8559004414219,9931800
2023-09-08,148.16624450683594,148.27697710613324,146.90200039502162,147.27111844664662,6957000
2023-09-11,150.10418701171875,150.13187016846487,148.06477195204266,148.62768627413794,6309300
2023-09-12,150.95318603515625,151.27616092513807,149.06142366456868,149.6981644992453,6045800
2023-09-13,151.3314971923828,152.2173862058747,150.41791094632683,151.11924092208724,7397500
2023-09-14,151.10079956054688,152.51269666035535,150.82395395488882,151.9682284728786,7758400
2023-09-15,148.98757934570312,152.09745669334788,148.76611409477715,151.32228607224374,13392100
2023-09-18,149.9288330078125,150.55633659350676,148.34159983335266,149.60584410985328,5789000
2023-09-19,149.67970275878906,150.27953740109714,148.92300626725185,149.72584605142137,5550800
2023-09-20,150.33486938476562,150.91622968009628,149.18135773718922,149.6704455492854,3837400
2023-09-21,149.18136596679688,150.87933182626918,149.11676255211142,150.0211258719866,4526700
2023-09-22,148.1109161376953,148.94143900702014,147.8802137761101,148.84916651095887,4976700
2023-09-25,147.88943481445312,147.98172139022915,146.47753750699772,147.71411285000588,6722500
2023-09-26,146.7451629638672,147.72333872979553,146.5975100721541,147.47417623514903,4904800
2023-09-27,144.9825897216797,146.50521964471406,143.2753866483768,146.33912070661768,10211600
2023-09-28,144.77035522460938,145.76699114925643,144.1612975904992,145.3424925943131,7861900
2023-09-29,143.72756958007812,145.43477266814625,143.35845143825748,145.2225163596926,7680700
2023-10-02,143.17385864257812,143.42302109864633,141.48512999853972,143.42302109864633,7259700
2023-10-03,143.3491973876953,143.49685025935227,142.01112668056714,142.740139852825,5740800
2023-10-04,143.5153045654297,143.8936456723893,142.63863855708553,143.56144784606934,4955200
2023-10-05,145.01026916503906,145.8407919961642,144.02287042496604,144.2074294895545,5993300
2023-10-06,145.47166442871094,146.08072197519556,144.50271180129508,144.95489344900997,5802200
2023-10-09,146.30221557617188,146.6159815155084,144.96414458405536,145.04719406169332,4414100
2023-10-10,146.13607788085938,146.97583770357556,145.71157941720492,146.15453800909273,5273500
2023-10-11,144.1243438720703,146.77281603074394,143.99515113854613,146.22836194524572,6922900
2023-10-12,144.26280212402344,144.47504435355526,143.1000672932936,143.88444687241324,5792400
2023-10-13,144.74266052246094,145.2132882489435,144.00441018371953,144.63191381902962,5359800
2023-10-16,145.3701629638672,146.03458685518225,144.7334222279441,145.63778557392808,6408100
2023-10-17,144.0413055419922,146.6805408000555,142.67555167055366,143.93979595203,12244400
2023-10-18,140.94068908691406,143.91213676321863,140.3131853942561,143.41382583557586,9097300
2023-10-19,140.5623321533203,141.29134537118298,138.55982339846506,139.96249760504742,7733800
2023-10-20,141.18983459472656,141.99267424632083,140.5715540022288,140.9499092259965,7207000
2023-10-23,139.70411682128906,141.65124525084173,139.5380178853904,141.06064778827835,5874000
2023-10-24,139.55645751953125,140.23011850002774,138.54137565792408,139.11351296321092,6155300
2023-10-25,139.8702392578125,140.42391649571675,138.63366385648715,139.56571044053533,5880800
2023-10-26,137.49859619140625,140.23934114800653,137.38786357286193,140.23934114800653,7612500
2023-10-27,134.3610382080078,137.1848323814388,133.76120372115238,137.02795649190955,11385800
2023-10-30,135.68067932128906,135.87447551142782,134.73018666512797,134.81323614049222,8205300
2023-10-31,136.88954162597656,137.0741006879109,135.32076847810376,136.1512912972853,7576900
2023-11-01,137.2125244140625,138.19992309581636,137.0002822063692,137.67392908875854,5733000
2023-11-02,138.6428985595703,138.79053737187888,136.15130174885223,136.3081917485415,5349100
2023-11-03,139.65797424316406,140.51619432585903,138.559828780413,139.53801859361317,4926800
2023-11-06,139.9901580810547,140.6638048796868,139.6856293439042,140.0639845095413,4851400
2023-11-07,139.25193786621094,140.4977362336696,139.0489186643887,140.20243045612656,4840400
2023-11-08,138.744384765625,140.11013859560347,138.73514766075695,139.66719407146633,5460000
2023-11-09,136.0405731201172,138.8828280347286,135.89292022251146,138.8828280347286,6973600
2023-11-10,135.8836669921875,137.03717859653543,134.39794348254927,136.80647627566586,6930700
2023-11-13,136.23435974121094,136.48350814734928,135.32999636760172,135.88368765426227,5889300
2023-11-14,136.2620391845703,137.07410188033649,135.62529844654694,136.24357905393015,6713600
2023-11-15,137.3140411376953,137.88617845812965,135.90214388626907,135.9759703277693,6729100
2023-11-16,138.51370239257812,138.57829173119603,137.16639441634592,137.96001109693103,6875600
2023-11-17,138.22763061523438,139.1504401272903,137.56322072103336,138.9289748562085,7023300
2023-11-20,139.4462127685547,139.90200144714865,137.24163026519474,137.58581373764198,8851700
2023-11-21,140.57171630859375,140.72984848931165,139.16712044900632,139.6229232242863,5916300
2023-11-22,140.2926483154297,141.42747826631702,139.89265528394924,141.04610738654526,4633500
2023-11-24,141.8553924560547,142.02282151613446,140.32986618034144,140.32986618034144,3351400
2023-11-27,140.72055053710938,141.68796576837346,140.43219102188942,141.66004673084453,6449700
2023-11-28,141.04611206054688,141.213541106915,140.31124672936156,140.83215602079164,5909000
2023-11-29,141.49261474609375,141.5763292758066,140.52521372852186,140.76706043448613,5190000
2023-11-30,143.8646240234375,144.31111570351098,141.3158728869937,141.63213723564098,12481900
2023-12-01,147.32496643066406,147.39938407627056,144.61808312080063,145.52037755742177,10342900
2023-12-04,147.7900848388672,148.85051158442695,146.97150482695565,146.97150482695565,8920300
2023-12-05,147.4831085205078,148.48772551316588,147.176141034386,147.7156583560199,7268200
2023-12-06,145.6878204345703,147.58543509325543,145.26923355782728,147.45520774951947,6642900
2023-12-07,144.552978515625,145.65062116886622,143.91115286374398,145.65062116886622,6532400
2023-12-08,143.64137268066406,144.97156504630047,143.10185538913524,144.57157197080724,6254700
2023-12-11,144.2366943359375,144.6273763201348,143.57626081278764,143.71578502367444,6090400
2023-12-12,144.24603271484375,144.4785825728141,142.92513703110117,144.18091194162793,5324400
2023-12-13,144.9157257080078,145.05526410287356,141.17633517998772,142.93441108307573,10764600
2023-12-14,145.9203338623047,146.19009956011266,144.22737881621157,145.5482598855427,9240700
2023-12-15,144.32972717285156,145.7529309700853,143.02743963320867,144.63669464590205,21727800
2023-12-18,144.59017944335938,145.52037873036636,143.95763654746298,144.37623758158787,7231400
2023-12-19,145.5389862060547,145.5761879321767,144.12507932026884,144.45995163022565,6651500
2023-12-20,142.57164001464844,145.72501483788955,142.42280473129625,145.6133812785185,7008300
2023-12-21,144.03204345703125,144.30180917863424,142.59954290705844,142.9623200341999,4598600
2023-12-22,144.6088104248047,145.60411643962144,144.19952040236902,144.41346229819968,3798900
2023-12-26,145.2413330078125,145.43668112605184,144.04138203316506,144.1809062649672,4170000
2023-12-27,145.43666076660156,145.59479293841275,144.57156806938224,144.6459857138312,5288100
2023-12-28,145.65061950683594,146.2645544994203,145.10180528333598,145.1111021673269,4377500
2023-12-29,145.79945373535156,145.94827484668622,145.09249313321934,145.5854976616979,4313700
2024-01-02,148.80397033691406,150.3574013308389,145.84592943701995,145.97615676005216,9622100
2024-01-03,149.73416137695312,150.17135612190214,148.64583005241397,149.42719394792215,8232000
2024-01-04,149.41790771484375,150.673668166326,149.22255963018796,150.3108910322915,6766600
2024-01-05,149.88304138183594,150.0783753171523,148.33890689389315,149.29701118845253,5602500
2024-01-08,150.25509643554688,150.37602689027173,148.46911542761583,149.85511753717293,6569800
2024-01-09,150.34812927246094,151.88295256116447,149.39002505330632,150.34812927246094,6357000
2024-01-10,150.5713653564453,151.26901487410655,149.9481334905805,150.52486674357385,4945100
2024-01-11,149.901611328125,150.878323430634,149.5574421295486,150.7574071735129,4946000
2024-01-12,151.0550537109375,151.12947135323296,150.40391708299467,150.54344129122742,4496900
2024-01-16,149.31558227539062,150.92482294643483,148.99930375441303,150.2922942919069,6923200
2024-01-17,149.23187255859375,150.04115563208222,148.71096320178742,149.06444349121261,5072100
2024-01-18,149.9574432373047,150.106264345861,148.5435362531521,148.8318957802318,5368500
2024-01-19,150.39462280273438,150.6178757545537,149.09234940141056,149.90161828696782,7071300
2024-01-22,151.1294708251953,152.1619925436521,150.0783411478012,150.69227604930825,6824200
2024-01-23,148.6551513671875,149.30628805379786,145.95757901106663,148.51562714638357,9149800
2024-01-24,147.86447143554688,149.38999755949507,147.12030923500092,148.59932256009373,7247900
2024-01-25,148.422607421875,148.47841711240952,147.40869352725608,147.9016980519319,5478900
2024-01-26,148.36680603027344,149.52025840946305,148.23657868050336,149.23188466937822,5591900
2024-01-29,148.236572265625,148.89702006398184,147.86449819487373,147.91099680843067,6483200
2024-01-30,147.687744140625,148.60863234684552,147.09241716723554,148.2272614280271,7200500
2024-01-31,147.8086700439453,149.40861405068776,147.5947281691238,149.20396905956613,8256800
2024-02-01,147.3063507080078,147.42728114995984,146.08779198706125,147.12031370065276,8012000
2024-02-02,145.67852783203125,147.25986396493272,145.05529594057018,146.94359957709568,8295900
2024-02-05,144.92507934570312,145.9389933550812,144.49718134698094,145.67853864063028,9121600
2024-02-06,147.0272979736328,147.65052979666757,144.73901566144133,144.95295752458105,9229900
2024-02-07,146.952880859375,148.24585731351985,146.68312930867495,146.78545179901943,8690300
2024-02-08,145.483154296875,146.35754384648752,144.46924053986217,146.35754384648752,9755000
2024-02-09,145.8180389404297,146.22732890842636,144.80412509752935,145.36225036183663,6529200
2024-02-12,146.8319854736328,147.35289488262444,145.4366863308123,145.65062822513738,6701500
2024-02-13,145.54827880859375,147.39006936233184,144.87853420837732,146.6366102355169,8621000
2024-02-14,144.8692626953125,145.53900741281583,144.03207470157497,145.43668490892736,9098800
2024-02-15,146.8970489501953,147.41795820634113,145.00874579981033,145.09246031732388,7462500
2024-02-16,146.72836303710938,147.39381102141576,145.90356793393042,146.7752289955141,8541000
2024-02-20,147.9561767578125,148.65912324292157,146.625266462184,146.73773332332692,9501700
2024-02-21,148.72476196289062,148.73414373802672,147.27201696544364,148.1061797678269,7472500
2024-02-22,150.38368225097656,150.6554962347666,147.87182700226853,149.0059059924075,8065000
2024-02-23,151.68646240234375,152.07074321354403,150.11186927569128,150.78669898753708,6726000
2024-02-26,150.70236206054688,151.8458229309602,150.49617756235105,151.64900590493738,5465400
2024-02-27,150.88043212890625,150.9366655604354,149.62450448647868,150.28058502345704,5078600
2024-02-28,151.4146728515625,151.4709062810565,150.23371362625838,150.8991759120633,6071100
2024-02-29,151.25537109375,152.01455115077812,150.8429734574667,151.8364690531571,9849100
2024-03-01,151.9489288330078,152.37070822407398,150.98355000296075,151.67712911351737,5670100
2024-03-04,149.8119659423828,151.4709238118715,148.34047192821404,151.19912410403236,8532900
2024-03-05,149.9337921142578,151.1241187699954,149.21209642360787,150.54300664827892,8298200
2024-03-06,149.34332275390625,150.833565892632,149.23085589105392,149.45580391824166,5773700
2024-03-07,148.90281677246094,150.29934237048158,148.31235140808977,149.96192746163356,5188700
2024-03-08,149.5120391845703,150.32745255322314,148.49041272901897,148.9028102998495,5284000
2024-03-11,151.11473083496094,151.19909527436252,148.9121739697633,149.4839042959131,4620800
2024-03-12,152.53001403808594,152.87679638117123,151.02102173496988,151.4427867498135,8018700
2024-03-13,150.99293518066406,152.4737967638668,149.78385902159346,152.33321316466566,6260000
2024-03-14,149.2215118408203,151.40532004520753,148.73413152282458,150.8429713411989,6988300
2024-03-15,148.25607299804688,149.2027166222387,147.24384278241584,148.14360615219474,13165500
2024-03-18,146.92520141601562,148.7341247029381,146.681518418934,148.62165782759035,6602300
2024-03-19,146.40972900390625,147.01894369021497,145.89423195315274,146.84086159072868,7840600
2024-03-20,145.9879150390625,146.62526059683717,145.4724324117893,145.9316816107405,5982300
2024-03-21,145.97857666015625,147.10328835518627,145.36936199661483,145.82861128708956,5915800
2024-03-22,145.49114990234375,146.55026034697858,145.37868305918983,145.92229663690145,7248600
2024-03-25,145.48182678222656,146.1941408418157,145.18189604040907,145.6505270983852,7498100
2024-03-26,145.99729919433594,146.4284316861629,145.0506554638573,145.8473338487081,6864100
2024-03-27,148.04991149902344,148.2935944699733,145.68800725961162,146.20350421881622,8461600
2024-03-28,148.2655029296875,149.15589911869424,148.19052024093628,148.27487040272433,6181500
2024-04-01,147.88121032714844,148.22799272141984,146.93458077175345,147.82497689040005,4364700
2024-04-02,147.83432006835938,147.92805198185957,146.16599497872699,146.7471070997604,6102300
2024-04-03,144.58203125,148.13426224567385,144.5726637785159,147.89056497225516,8098200
2024-04-04,142.93246459960938,145.74425078845414,142.84811444630023,145.56616870825653,6947400
2024-04-05,142.829345703125,143.41044352635288,142.09828253794083,142.49193083446445,6783000
2024-04-08,142.07955932617188,143.43858652062698,142.0514426070889,142.45447274975297,5935400
2024-04-09,142.73562622070312,142.96057425322957,141.47033107913583,142.04206148134256,6135300
2024-04-10,140.77674865722656,142.29512281271698,140.36435109157443,142.0233088255903,6809500
2024-04-11,139.4552001953125,141.4047067807354,139.08030113335838,141.33910588056057,8374400
2024-04-12,138.26487731933594,139.71763610179957,137.91808069677896,138.77099244472953,7100200
2024-04-15,138.33050537109375,140.11131188359587,138.1243065717358,139.06156864100504,8502300
2024-04-16,135.38748168945312,137.07455600831338,134.3939863409804,135.91234607721364,12774900
2024-04-17,135.6874542236328,136.28730146631605,134.53461140760402,135.9030205276398,9378100
2024-04-18,136.5965576171875,136.65279104425244,134.1503034294895,135.88422940374656,9887700
2024-04-19,138.6304168701172,138.83661564087566,135.47183440976173,136.98082670404938,9750800
2024-04-22,139.7645263671875,140.84238641391303,138.05871670150907,139.1927958871638,10118700
2024-04-23,140.1768798828125,141.04854083936777,138.90220319579856,140.4580612978781,10110400
2024-04-24,139.2115020751953,139.64264882082534,137.6462764946905,138.8459705240772,9756300
2024-04-25,137.60882568359375,140.19566388024472,137.1495621150808,139.9988325504579,7642700
2024-04-26,136.9714813232422,137.9462276046352,136.79339923782314,137.49634580564492,6183000
2024-04-29,137.60882568359375,137.98372479563554,136.83089643969683,136.97148003134143,6149600
2024-04-30,135.5187225341797,137.66506073502546,135.46248909686224,137.66506073502546,8817700
2024-05-01,141.6952667236328,142.32324486856393,138.35861618759114,139.40835938540687,14470900
2024-05-02,140.51431274414062,142.773117522877,139.7832495520863,142.50130354290545,8459800
2024-05-03,139.9051055908203,140.4862034661683,138.5460785234672,140.4862034661683,6532700
2024-05-06,139.2583770751953,140.636153234644,138.63041330819544,140.46743865313914,5042800
2024-05-07,139.3896026611328,140.3362321113899,139.13653792238736,140.0081989996293,7333500
2024-05-08,139.6051788330078,140.33624208446332,139.37086332160584,139.7645116645831,7735100
2024-05-09,140.44871520996094,140.68303070794119,139.5489374050642,139.63328755198117,6546200
2024-05-10,140.50497436523438,140.67367468995437,139.83014446338308,140.58932452759439,5710600
2024-05-13,141.73275756835938,142.46382076765371,140.317497129004,140.6267809966815,5628500
2024-05-14,141.88270568847656,142.66063475254015,141.24536018355894,142.32321990910873,8254200
2024-05-15,143.091796875,143.35422910748133,141.8077524302532,142.29513270549742,5548000
2024-05-16,144.6007843017578,144.6945162249996,142.77312621041168,143.4010900519776,7591000
2024-05-17,144.9381866455078,145.14438541758724,144.06653990111212,145.14438541758724,6521800
2024-05-20,142.92568969726562,144.9287422240118,142.9162320875925,144.65474546816156,7742300
2024-05-21,142.89735412597656,144.17287722038984,142.47216534408338,143.40756048032412,5492400
2024-05-22,145.0326690673828,145.58067697371396,142.02809040039074,142.51939590227053,6609800
2024-05-23,141.4423065185547,144.40909853720973,141.13996572547063,144.32406654075703,8000400
2024-05-24,138.86289978027344,141.54623735644063,138.66447737421296,141.28168375975312,9520600
2024-05-28,136.415771484375,138.69282104933504,136.19844827417495,138.69282104933504,10499800
2024-05-29,136.4724578857422,137.39839546116585,135.78272990526975,135.88666270373184,8263800
2024-05-30,137.26611328125,137.57791166440794,136.07562215953791,136.6425165149341,8490300
2024-05-31,138.57940673828125,139.344723316523,137.18105034325825,137.54009344597344,14621200
2024-06-03,139.59042358398438,140.6864251174315,138.6739292274088,139.12744760045894,7329200
2024-06-04,139.64707946777344,140.12894172727084,138.12588949121982,139.34472434387132,8876400
2024-06-05,137.9180450439453,139.82662240852997,137.80466906368278,139.80772160612355,5891300
2024-06-06,138.3432159423828,138.89122386182012,136.6803057992228,137.473966475475,5016300
2024-06-07,138.96682739257812,140.1195313424389,138.2676418176676,138.58888339921194,5111600
2024-06-10,139.01405334472656,139.42032686328253,137.56845200669937,138.44714464009002,5749900
2024-06-11,138.66445922851562,139.04240318653248,137.4172802097796,138.71170402540372,5661200
2024-06-12,137.38894653320312,139.08965842928566,136.79369376530198,138.9479240279769,6180500
2024-06-13,137.42672729492188,137.94639124123458,135.9433386668164,137.06769854599622,6840400
2024-06-14,137.5117645263672,137.9180525061038,136.5102382009585,137.1338349603186,4075300
2024-06-17,137.899169921875,138.35268834446978,136.75592346242487,137.0204770770294,6666600
2024-06-18,137.61569213867188,138.3148776683367,137.2472057796661,137.9086041209842,6156600
2024-06-20,139.62820434570312,139.91165872221677,137.01099818933233,137.2566653769521,8749700
2024-06-21,140.54470825195312,140.85650664568885,139.2408266812563,139.73214667293894,15172300
2024-06-24,140.89430236816406,141.4612111942074,139.9967087411707,140.78092636979153,6914700
2024-06-25,139.07073974609375,140.96985937592416,138.83453019136965,140.95095857476184,5912500
2024-06-26,138.72117614746094,139.07076173024683,137.73853617090526,138.1353665555218,5267800
2024-06-27,137.75743103027344,139.23137651441095,136.85037989237182,138.7022693577553,5739200
2024-06-28,138.0975799560547,138.9573863349528,137.61570315924243,137.9841895477574,10495700
2024-07-01,138.36212158203125,140.49745092863293,137.58734726353785,138.0125360279779,5144400
2024-07-02,137.9747314453125,139.0329456944789,137.70073469047043,138.35266098656112,5492000
2024-07-03,137.65350341796875,138.56054017291675,136.75590985649902,138.1353657929668,3246200
2024-07-05,138.39990234375,138.46604794122288,136.52912665201552,137.729075262143,4888500
2024-07-08,137.45504760742188,139.09907114965495,137.23773887352834,138.3242969600817,5260200
2024-07-09,138.9384765625,139.01406535745593,137.1716191167181,137.634595079415,5890400
2024-07-10,141.1871795654297,141.2249811708162,138.58887425300588,139.13688219440405,6093200
2024-07-11,141.4423065185547,142.2737689294432,140.44078011476074,141.3289305232844,6350400
2024-07-12,141.6123809814453,142.557219361269,141.00768499504173,141.7257569735555,5336400
2024-07-15,141.0076904296875,141.96197203993665,140.65809041205773,141.8013512392268,6711400
2024-07-16,142.68003845214844,142.7461840588951,140.93209610089062,141.43285928849704,6469600
2024-07-17,147.94277954101562,148.8025858355016,143.0674105584686,143.19024414827746,13801400
2024-07-18,146.84674072265625,148.40573229046635,146.0908673337561,147.01681908327453,10166200
2024-07-19,146.1570281982422,147.87662628104874,145.61846348659833,147.87662628104874,7398000
2024-07-22,145.7318878173828,146.55389265597353,145.11773417421026,146.23265104285653,6840600
2024-07-23,143.9461212158203,145.03267949733635,143.20914849291427,144.8531579130485,6261900
2024-07-24,147.6593475341797,147.78218114258956,143.92723864823625,144.33351224976093,7168200
2024-07-25,150.833984375,151.72213467631306,147.3947735684204,147.84829191184622,10019600
2024-07-26,151.77882385253906,152.6669741607888,150.67336477219257,150.9379183426812,8356900
2024-07-29,149.81356811523438,151.1741376609169,149.33170574159232,151.14579366347263,5625000
2024-07-30,152.43077087402344,152.63863646185206,149.62459985542606,149.79466383614644,6545700
2024-07-31,149.1427459716797,151.50484195211752,149.03881317185684,151.03242275602994,8293200
2024-08-01,151.89218139648438,151.9394261891411,149.01043646654801,149.73795148853299,7213400
2024-08-02,155.08578491210938,155.75662656510323,152.11899271168318,152.9693415624898,11280400
2024-08-05,152.35519409179688,156.63531094919458,151.72215408515618,154.75507731722712,12032200
2024-08-06,150.20095825195312,152.57249739291652,150.1726142539524,152.16622381017936,7607100
2024-08-07,150.13479614257812,151.75991912907412,149.46396904084412,150.1064521476929,5993000
2024-08-08,151.38198852539062,151.83550685746494,149.31279041073788,149.82301114927333,5094800
2024-08-09,151.75991821289062,152.05281576966155,150.55052638146287,151.28749907820514,4579200
2024-08-12,151.0607452392578,152.7803433712122,149.9552862079112,152.09061547994557,7605400
2024-08-13,149.65293884277344,151.52371465352024,147.8105070278646,151.4292394730899,9711400
2024-08-14,149.7379913330078,150.7489753799507,148.7175640918554,149.12385211631062,5141200
2024-08-15,150.3143310546875,150.70171824193116,149.133283106083,149.63404628292417,7237800
2024-08-16,150.59776306152344,151.11742696508648,149.4545024736847,150.36155350691178,5012800
2024-08-19,150.8245391845703,151.44812149211344,150.35212004477484,150.66391840709042,4408400
2024-08-20,151.32530212402344,152.05281721806585,150.8623261774699,151.17412453938294,7275100
2024-08-21,152.5252227783203,152.57246757145037,151.4670086142229,151.552040591605,5019400
2024-08-22,153.39451599121094,153.52679278706455,151.9205560154414,153.06381679303217,6552100
2024-08-23,155.07632446289062,155.16135645509195,152.78035975383037,153.53623332438363,7093400
2024-08-26,155.5298309326172,156.5691588147038,154.51884704576128,155.11409977978255,6870600
2024-08-27,155.1300048828125,156.1676921512138,154.37792347974198,155.6536132148326,4388700
2024-08-28,156.05345153808594,157.08162391050038,154.90152776425865,155.17760422673675,5187000
2024-08-29,156.34854125976562,156.8150312193256,155.5202975100608,156.72935383691083,7390100
2024-08-30,157.90032958984375,158.01456610547956,155.9487067974793,156.2438274805486,7971000
2024-09-03,159.13795471191406,159.756755244312,156.86265197023562,157.31009771883697,6956500
2024-09-04,159.328369140625,160.7468690472372,158.07170916539525,159.7567706679924,6939100
2024-09-05,157.07211303710938,159.33788664039133,156.9197879721694,159.17604670633676,4600400
2024-09-06,156.49136352539062,157.9764963748187,156.24383169947552,157.25295968554767,6016900
2024-09-09,158.61436462402344,159.3759754234172,156.57706408839283,156.92930309092387,7538200
2024-09-10,159.34738159179688,160.37555376811744,158.74761085731456,159.46161810254986,6559600
2024-09-11,156.91024780273438,158.78569357215355,156.2152702534485,158.78569357215355,5920200
2024-09-12,156.7388916015625,157.1768224976273,154.90151967540524,156.3200049687657,4540900
2024-09-13,157.57666015625,157.79561833447815,155.9582464632509,156.83409370267964,3693400
2024-09-16,158.97613525390625,159.22365259341382,157.8241969062561,158.37636438040494,5187800
2024-09-17,159.05226135253906,159.67106182281475,157.9669563913851,158.26209158915472,5066500
2024-09-18,158.17640686035156,160.27083983501615,157.78609392099617,158.63338197837763,4722800
2024-09-19,156.91024780273438,158.38585123604526,156.5294352017869,158.25257045734247,4956100
2024-09-20,156.28192138671875,156.95784016286686,155.70119486804106,156.4152021683899,11839000
2024-09-23,155.38702392578125,156.60559517597153,154.91101907722205,156.51038839565365,4671600
2024-09-24,154.96815490722656,155.6440882604939,153.79718691441477,154.97766977573121,6041600
2024-09-25,152.89279174804688,155.482259770379,152.66430414848185,155.17760963762564,5420000
2024-09-26,153.64483642578125,153.78763206229752,152.34058785721788,152.5500311417847,6122000
2024-09-27,153.65435791015625,155.58693641565057,153.59723965308982,154.2255695338506,7553800
2024-09-30,154.28269958496094,154.39693610782652,152.968921465942,153.81622409891565,6010000
2024-10-01,154.216064453125,154.93958663273983,153.44492435424627,154.63493654036563,4408000
2024-10-02,153.43540954589844,154.33981590239725,152.94036040885604,153.7590893742848,4684400
2024-10-03,152.7975616455078,153.69245311583617,152.53100008326308,153.06412320775254,4791200
2024-10-04,152.59764099121094,152.79756943634627,151.16011145534324,151.96932557760644,5331100
2024-10-07,151.87411499023438,153.14028970704277,151.57899429054896,152.55956317567225,4266000
2024-10-08,152.02642822265625,152.5595513195618,151.32193582945112,151.83602919183497,4766300
2024-10-09,152.9403533935547,153.48300589847233,151.8550629102347,152.24539037589315,6047200
2024-10-10,152.8070831298828,153.64485637693696,152.32156337616715,153.6162972459252,4793900
2024-10-11,153.7115020751953,154.85391088065782,153.46397024089242,154.39693573725992,5253500
2024-10-14,153.84478759765625,154.35886649166352,153.17836912464267,153.65437401878577,5964000
2024-10-15,156.22482299804688,158.7476433028982,151.36956692750113,152.32157678239108,10548000
2024-10-16,156.39614868164062,157.07208194443615,154.834853391361,156.1295871340208,5982100
2024-10-17,156.57705688476562,157.08162092926554,155.7773721191262,156.37712843009723,4798000
2024-10-18,157.19583129882812,157.35767119876073,156.06293747278525,156.97687314321516,5908000
2024-10-21,155.0157470703125,157.31960888846243,154.5206979401226,157.17681323865557,6082700
2024-10-22,155.60597229003906,155.87253382632537,154.1303544471236,154.5302112780673,5680300
2024-10-23,157.90032958984375,158.03361036692394,154.62541389414218,155.0062264904535,7441600
2024-10-24,155.81544494628906,157.56713952254262,155.50127996361581,157.08161974560232,5386300
2024-10-25,153.15933227539062,156.0534355057139,152.90228557706573,155.82494793759003,6400400
2024-10-28,153.84478759765625,154.19702657083684,153.27357591407792,153.3973418350404,4842500
2024-10-29,152.40724182128906,154.38742390203063,152.37868269008018,153.71150509473205,5216900
2024-10-30,152.90228271484375,153.54012748825258,151.39810560417928,151.79794794602444,5820500
2024-10-31,152.1882781982422,153.14980280976587,151.8074801113953,152.31204411339957,8613900
2024-11-01,152.4453125,153.33067451685585,152.20731008344546,152.87371394449525,5256400
2024-11-04,150.64602661132812,152.5881200908621,150.48418669857662,152.03595269802506,4644000
2024-11-05,150.75074768066406,150.9792207205984,148.84672820646063,150.10337350564672,6547100
2024-11-06,150.30328369140625,153.1307534293918,149.79871975413067,152.2263326677526,8926600
2024-11-07,149.20849609375,151.13156001139856,148.99905276972308,150.86499842200377,7522800
2024-11-08,148.0089569091797,149.54169318685553,147.9518386484552,149.46553066371757,8926100
2024-11-11,147.59957885742188,150.017691652569,147.47582747331106,148.1517462316955,7146800
2024-11-12,145.31475830078125,147.5995757430344,145.05771161741038,147.11405603134722,7181400
2024-11-13,145.88595581054688,146.14298794253557,144.15329137203187,145.18146347952754,7161900
2024-11-14,144.5817108154297,146.21916868788168,143.52497945037655,145.82884121824145,7716400
2024-11-15,146.6094970703125,147.01885427771643,143.65826112387532,143.65826112387532,11328500
2024-11-18,147.34255981445312,147.87568297459592,145.0196535939596,145.26717091073542,7510600
2024-11-19,145.65748596191406,146.59998080650726,144.75307964065624,146.5618922831719,8233700
2024-11-20,145.76222229003906,145.89550308210397,144.5246066342839,145.68605976221386,9061300
2024-11-21,148.0375213623047,148.5706445169231,145.47661271996174,146.24773832050025,10141100
2024-11-22,147.72335815429688,149.57977434933565,146.71423009578947,148.4183212372567,8266000
2024-11-25,148.30410766601562,149.50363496390145,147.69482188393602,147.7233810200867,12256200
2024-11-26,148.28488159179688,148.9854208555014,146.9797591228953,148.8990560099227,5683500
2024-11-27,149.12937927246094,150.3097575356133,148.36167214455432,148.39046042969707,4140400
2024-11-29,148.75511169433594,149.3884832313656,147.94901045252058,148.63995855781212,5687800
2024-12-02,148.55360412597656,148.74553091467075,147.71869989839007,148.50561876803417,6946500
2024-12-03,146.2120361328125,148.55358065695188,146.164050782451,148.55358065695188,8674400
2024-12-04,144.3983154296875,145.4443288126812,143.7073673168849,145.1852196096116,10333100
2024-12-05,143.4866485595703,144.31194685954674,142.93964188307558,143.9472757418836,7898100
2024-12-06,143.2851104736328,143.9952556117539,142.39264442669784,143.36188410827347,8389600
2024-12-09,143.56341552734375,144.80135559825806,142.45021979898652,143.26591220444993,8410300
2024-12-10,143.20835876464844,144.74380240639618,142.34468086808772,143.88010986675965,9398700
2024-12-11,140.7228546142578,142.50780139932587,140.46374542074378,142.50780139932587,13446700
2024-12-12,140.33900451660156,141.80726557741076,140.11827481449086,141.2602588935812,6176300
2024-12-13,140.7036590576172,141.00114775114912,139.18741266319162,139.78240469332957,8324900
2024-12-16,138.04544067382812,141.30823967149215,137.72875491603725,140.8092183583301,8732400
2024-12-17,140.5021209716797,140.7420330635063,137.91107330856659,138.03581763902747,10343000
2024-12-18,138.9091033935547,140.81880894660247,138.83232976577128,139.80156936077643,9336100
2024-12-19,137.7863311767578,139.3601541057871,137.58479855203828,138.32373198524482,9516700
2024-12-20,138.64041137695312,139.60005981749794,136.98981488777022,137.27771234854828,17702800
2024-12-23,139.4081573486328,139.465733922206,137.66158985384234,138.79398282539262,8720800
2024-12-24,139.96473693847656,139.96473693847656,138.50606714596822,139.1490298716546,3164100
2024-12-26,139.7056427001953,140.46375863905968,139.23540962224445,139.6384602705986,4656300
2024-12-27,139.197021484375,140.6844796267881,138.8419415728229,139.0242771354707,5588300
2024-12-30,137.55599975585938,139.0338665093225,137.18173746119038,138.99547237275135,6268700
2024-12-31,138.78436279296875,138.83234814707063,137.52722558809984,137.95906448886848,5811400
2025-01-02,138.20858764648438,139.8879726013951,137.97826672401828,139.36975418661507,6051300
2025-01-03,138.37171936035156,138.73639047561466,137.82471268745692,138.25656622629964,5878800
2025-01-06,137.86312866210938,138.97632461116447,137.16257460414332,137.71917257867088,7910500
2025-01-07,140.3293914794922,141.24105459615257,137.79592010781911,137.9590585903311,8422000
2025-01-08,136.52920532226562,139.71523094085825,135.7326952568487,139.61927487028785,11175600
2025-01-10,136.32765197753906,137.87268651691463,135.00333247433923,135.31042699690786,8821500
2025-01-13,138.64041137695312,139.21620629850926,136.5675672310388,137.21052992903506,10376400
2025-01-14,138.9091033935547,138.96667995362418,137.09536853600423,138.6691912978836,8681700
2025-01-15,139.1202392578125,140.1566613580404,138.43888240414537,139.44651622184531,7434600
2025-01-16,141.80726623535156,142.09516372064633,138.24696377479086,138.4964817621477,8964000
2025-01-17,141.09713745117188,142.39266896398644,140.69408678215927,141.4905969053542,10773100
2025-01-21,142.17190551757812,142.85326232891424,141.11630105662934,141.60571647227238,11111700
2025-01-22,139.4081573486328,139.6000841415687,136.37566423378877,138.18939951672274,16834700
2025-01-23,140.7228546142578,141.94161230204338,138.96669611257198,139.57127934974673,10506400
2025-01-24,140.89559936523438,141.67291230495127,140.4733516836415,140.88599350869654,9887300
2025-01-27,146.72064208984375,147.25804284655527,142.02796203796103,142.45980088581334,15152300
2025-01-28,144.31195068359375,146.7974368629274,144.2351770439948,146.49994816140304,10320600
2025-01-29,145.05087280273438,145.7514267888298,143.94728282497286,144.4271071010561,7156400
2025-01-30,146.7014617919922,147.92021948940214,145.25239782570569,145.78020743033787,8911000
2025-01-31,146.01051330566406,146.99895008845922,145.92414845506815,146.4615492717637,8457800
2025-02-03,145.74180603027344,146.31760095993073,144.69579272970026,145.86656501508298,6687500
2025-02-04,147.2964630126953,147.95860822011167,144.85894746575843,145.25240689040908,9645000
2025-02-05,148.44802856445312,148.4864080614376,147.12370895084118,147.61313905660595,8947000
2025-02-06,147.31564331054688,148.59197763637022,147.19089895661585,148.54399228036223,7418100
2025-02-07,146.9413604736328,148.25608875817147,146.63428059553448,147.33481983773098,6204900
2025-02-10,148.01620483398438,148.14094919427032,146.14487835586453,147.4116215322487,6936200
2025-02-11,149.82994079589844,150.07944416071115,147.72830801631162,147.89144652135172,7554500
2025-02-12,148.99502563476562,149.3788938329671,148.04498296075036,149.00463149164224,7746000
2025-02-13,150.90472412109375,151.74921947286504,148.5439824073121,148.99501836627414,10704700
2025-02-14,149.84913635253906,151.11587964581344,149.7627714852004,150.94313526805925,6411800
2025-02-18,149.926513671875,150.37147730007334,148.23368581442097,149.10427709413946,9670700
2025-02-19,152.73175048828125,153.12835937587795,149.69433453307806,149.93616706059515,7974700
2025-02-20,154.46328735351562,154.72447065409662,151.82247990187116,151.82247990187116,7224000
2025-02-21,156.9976806640625,158.1681418378064,154.0763395829984,154.6567435562885,12546900
2025-02-24,158.39065551757812,159.48372862905183,156.7558650843274,157.3652730858589,10201900
2025-02-25,160.6638641357422,160.99275285054702,158.58411017768495,158.73888654710618,12303700
2025-02-26,157.752197265625,159.73522695770862,157.24918147186014,159.68685749979707,11396400
2025-02-27,158.38096618652344,158.59378000687653,156.44630582715857,157.00735910260886,8364600
2025-02-28,159.62881469726562,160.51875660388393,157.38460181600456,158.942003842658,12037200
2025-03-03,161.81497192382812,161.86334137908483,159.45468420604095,159.57077385071412,9191500
2025-03-04,160.01576232910156,164.43646849479492,159.91903816381347,162.58886424242598,11999700
2025-03-05,159.72555541992188,161.02178908560785,158.1875039682792,159.13548341667513,8744800
2025-03-06,160.41236877441406,160.45105548787242,158.16815562635495,159.609482937494,8037900
2025-03-07,161.2442626953125,162.9564411685286,159.31927041140122,159.73523004513686,9637600
2025-03-10,162.2212677001953,164.34939113713583,161.59250898937893,162.00845388047253,17559000
2025-03-11,160.44140625,161.83436426189232,159.65787105838288,161.73762532650954,9890300
2025-03-12,157.5297088623047,158.8452783567575,156.92995417787986,158.38094929263139,8010700
2025-03-13,157.66514587402344,159.16449579270065,157.34592515447991,158.09075873979484,5286700
2025-03-14,157.49102783203125,157.8199165582549,155.83690145230864,156.82356763097957,6235800
2025-03-17,157.52003479003906,158.15847621815908,156.44629775557772,157.10408991917342,6669800
2025-03-18,158.8839874267578,159.47405944688208,157.64580593539665,158.1004523161623,7348800
2025-03-19,157.66514587402344,158.9903834512878,156.91062954066115,158.61312528460667,5936400
2025-03-20,157.69415283203125,157.86826516045357,156.63975183331573,157.6748020976669,7485900
2025-03-21,158.28424072265625,158.76790580851875,157.17180216900024,157.67481799117763,17047100
2025-03-24,157.95533752441406,159.0194066192989,157.19115318193283,157.52004189842918,8046400
2025-03-25,155.75950622558594,158.8259410562263,155.31452785823248,158.17783162138625,7456200
2025-03-26,156.4366455078125,157.1814939155619,155.39192709130742,155.94331240569394,7223500
2025-03-27,157.80056762695312,158.70986030386553,156.0497024666494,157.04605131212926,6752500
2025-03-28,158.36163330078125,159.14516839996884,157.58776618987577,158.24554363995858,5760300
2025-03-31,160.42202758789062,161.18622666764645,158.86462546515958,159.0000510949498,12481400
2025-04-01,148.24334716796875,156.52369098418785,148.1272722719447,155.47897263911065,23303100
2025-04-02,150.28440856933594,150.70035343748125,148.436804491081,148.97850699856625,10356900
2025-04-03,154.5987091064453,155.40158012864245,152.3351453749852,153.56365877809012,13249300
2025-04-04,148.23367309570312,154.59870706483335,147.93378835947183,153.96026564233253,16601700
2025-04-07,145.6992645263672,147.7209957862234,142.58446021857634,146.3377059768481,18083000
2025-04-08,145.09951782226562,148.57222940634315,143.1648575846354,148.57222940634315,12018400
2025-04-09,146.037841796875,148.18531602643375,136.87722360185043,137.55435179128617,18773700
2025-04-10,143.83233642578125,146.2603300259317,140.38864311678157,145.4574441517095,13830500
2025-04-11,146.77301025390625,147.37276502773585,143.34866776715546,144.45142362834176,9943900
2025-04-14,149.3170928955078,149.6169629011498,146.23130714144625,146.63758406137615,10685300
2025-04-15,148.6012725830078,151.19372540339688,147.13094118785625,150.61332133248166,10847700
2025-04-16,148.8817901611328,150.54559923607638,147.26635054679667,150.29408394503258,7986900
2025-04-17,152.32546997070312,154.23111142279075,149.12360974458923,149.12360974458923,10981100
2025-04-21,151.79344177246094,153.06064187730914,150.410166775653,152.79947337039977,6285400
2025-04-22,152.59634399414062,153.53465549936504,151.15501663573795,152.4028808999299,7136300
2025-04-23,150.3037567138672,151.9675656783417,149.28805714969707,151.377493722798,9099400
2025-04-24,149.8684539794922,150.80676541160602,148.42714149368047,150.7100412521811,8310400
2025-04-25,149.52989196777344,149.83942993133576,147.4694740854792,149.27839144986115,8643600
2025-04-28,150.27474975585938,150.71971337404963,148.7947357574537,150.41984337911984,5815200
2025-04-29,150.81643676757812,151.89017375000978,149.2493519962841,150.37145843491794,5246700
2025-04-30,151.20338439941406,153.03163792568353,149.95553490953938,153.03163792568353,9598200
2025-05-01,149.41383361816406,150.0232416252437,148.34976446248862,149.9361854471306,7325800
2025-05-02,151.01959228515625,151.59999633303954,149.97487385513918,150.97123758140603,5974500
2025-05-05,149.93617248535156,151.66768695049498,149.67498921330326,151.5516120563787,5464100
2025-05-06,149.42349243164062,150.80676748879304,148.66897608041438,149.76206389500825,8644200
2025-05-07,152.16104125976562,152.7801319885972,149.45251378601978,149.68467834443936,7853100
2025-05-08,150.57461547851562,151.89985306765084,149.72336021877442,150.72939184579346,7606100
2025-05-09,149.18165588378906,150.96153980503095,148.78504698255867,150.34244910371697,6520400
2025-05-12,149.10427856445312,150.28442260611004,146.24097463708367,147.05354323449288,9023800
2025-05-13,143.59048461914062,146.74397548004978,143.24224518736096,146.74397548004978,10549600
2025-05-14,141.57843017578125,143.958068651586,141.3462656443927,143.81296028436105,10216000
2025-05-15,144.72227478027344,144.7609614945403,142.51676305986737,143.16487253592385,7945800
2025-05-16,146.38607788085938,146.55052224019147,144.34501061106303,144.78030623991705,8051200
2025-05-19,147.5081787109375,147.6726230638918,146.1152209443994,146.9277747214511,12639900
2025-05-20,148.63995361328125,149.00752903136188,147.15025692431985,147.35340274928245,7351500
2025-05-21,148.1756134033203,149.3847759938042,148.00150107522768,148.18529615062693,7032200
2025-05-22,147.62425231933594,148.31106320890513,146.42475763964194,147.66293903016444,7535300
2025-05-23,147.94345092773438,148.4658026274403,147.2373041684128,148.0014883654479,6727300
2025-05-27,149.51422119140625,150.2849567928587,148.22639171638167,148.80202058666853,6990700
2025-05-28,148.7141876220703,149.89469785047893,148.22637618479501,149.54347302016777,8459300
2025-05-29,149.83616638183594,150.2849445780566,147.86540396060985,148.05077469302344,6810600
2025-05-30,151.42645263671875,151.9142641375451,149.48495750417268,150.14837399962022,15529700
2025-06-02,151.61180114746094,151.74838776559352,148.58737892114664,150.7142298159004,6669300
2025-06-03,150.6557159423828,151.86549393461368,150.32400766424476,151.02645748078825,8209800
2025-06-04,149.48495483398438,151.1532618003879,149.39715233824217,151.1532618003879,6983900
2025-06-05,149.9142303466797,150.33374108147183,148.91909074097882,149.9337320877222,5295400
2025-06-06,151.25082397460938,152.22644691962358,150.2459335321907,150.2459335321907,5391500
2025-06-09,151.44593811035156,152.18742103952803,150.68495344175128,151.07521153258733,5319000
2025-06-10,152.63621520996094,153.60208733818877,151.2410814671241,151.64107558271036,6791600
2025-06-11,151.4752197265625,152.7825658442017,150.95814073397457,152.48987597049666,6016000
2025-06-12,152.84109497070312,152.86059671119577,151.38741141546242,152.43133511798572,7075500
2025-06-13,153.27037048339844,153.82646782042488,152.16791179270558,152.16791179270558,6587500
2025-06-16,151.4362030029297,152.68499924993841,150.68496912584888,152.6069476236472,7024000
2025-06-17,148.66543579101562,151.49473650368915,148.3922625451089,151.19229575906564,6407100
2025-06-18,147.05564880371094,148.92884315413448,147.03614706246643,148.8508064155057,8325200
2025-06-20,146.13856506347656,147.7093187152152,145.40684780124104,147.57273208840428,22605500
2025-06-23,147.63125610351562,147.7385603251535,146.0897702214493,146.0897702214493,7397900
2025-06-24,148.4800567626953,148.99713572696209,147.29954646191248,147.80687455609248,9544200
2025-06-25,148.56787109375,149.33862160994235,147.0556524476084,147.68981633757784,7153700
2025-06-26,148.30445861816406,149.48496909187733,147.83616370938086,148.97764092337994,7156900
2025-06-27,148.6947021484375,149.59227350478832,147.32882104256214,148.30444402383372,10010800
2025-06-30,149.02642822265625,149.24106649516696,147.8264159804024,148.45081416766254,9039300
2025-07-01,152.119140625,153.90453255131712,149.08495241472764,149.27032317180044,10896700
2025-07-02,151.7678985595703,152.48986487727834,151.2898528578931,152.19717502486566,5544000
2025-07-03,152.20692443847656,152.47034679181002,151.1044806760517,151.64106136571266,3482500
2025-07-07,151.48500061035156,152.5386753288079,151.11425907418354,152.21671792426622,6270900
2025-07-08,151.9923095703125,152.9386651269875,150.45083823994491,150.71424574694203,6438200
2025-07-09,152.47036743164062,152.8703764506989,151.28987189039452,151.99230678299833,6147400
2025-07-10,153.8459930419922,155.3582116672941,152.0215827982655,152.29475604694676,6732900
2025-07-11,153.0752410888672,153.34841433496518,151.39716835607928,153.2606118387534,7872000
2025-07-14,152.9971923828125,153.63134132161767,151.7288796183779,153.04596161900963,10185600
2025-07-15,151.38743591308594,153.358198759963,151.02646012683638,152.54842979373714,6873200
2025-07-16,160.7631378173828,162.07046891059173,155.90454001784863,156.39235146040332,22134800
2025-07-17,159.0070343017578,160.68510707307274,158.34361779938138,159.20215592676115,11295700
2025-07-18,159.70947265625,161.0753537073861,159.37776442874932,159.93386176463872,9792600
2025-07-21,160.35340881347656,160.89975535225892,158.81192257229682,159.77779477346135,8254000
2025-07-22,163.83636474609375,163.96320050104055,160.69487235317746,160.97779647556757,9288000
2025-07-23,164.97784423828125,164.9973459784646,162.52902114423384,164.490032770855,10617600
2025-07-24,165.4266357421875,165.84616137902782,164.76321923886425,165.36810074328554,6636900
2025-07-25,164.1973419189453,165.73882793309863,163.35830560457893,165.61199218855185,6254900
2025-07-28,162.16806030273438,163.84613309560726,161.0265831506335,163.76808146723806,8014600
2025-07-29,164.01197814941406,164.66564375316304,162.31438882166105,162.60707869014607,7663400
2025-07-30,163.1826934814453,164.499790452766,162.71439862163524,163.61196997244835,6189200
2025-07-31,160.72412109375,162.99732422569133,160.2265438896949,161.88509983395596,11036200
2025-08-01,163.25100708007812,163.53393121495887,160.77291619133743,161.44609847911997,8927800
2025-08-04,166.87054443359375,167.01689680960575,162.57780936675738,162.9583017254687,12679100
2025-08-05,166.577880859375,167.3778839997418,165.51444044678632,166.38274434466635,7934400
2025-08-06,166.4315185546875,167.9827555011224,165.54369808088197,165.76810208205814,8957200
2025-08-07,167.34861755371094,167.43642005378715,165.77786387610124,166.99739266658,9315900
2025-08-08,169.104736328125,169.71938358173364,166.23640232705208,166.8510495806607,7686800
2025-08-11,169.58279418945312,170.34377892586957,168.83156032361754,169.17301943585167,7256800
2025-08-12,168.56813049316406,170.49985974732417,167.62177504979545,169.75839167169318,7916700
2025-08-13,170.1681671142578,170.28523711407902,168.49009431163208,168.78278419801117,5878700
2025-08-14,170.46083068847656,171.43645356792672,168.50958492957625,170.0608217350643,8241700
2025-08-15,172.33404541015625,172.94869266139256,170.69500592262676,171.2901365456328,9477600
2025-08-18,171.9535369873047,173.2413663674384,171.80719950630046,172.19744271352783,9284000
2025-08-19,173.46575927734375,173.83648586630534,171.69011840576272,171.7486533994501,9274200
2025-08-20,174.48040771484375,176.20726453345222,173.6608879960152,174.14869947915005,9030000
2025-08-21,174.5682373046875,175.69021282214086,173.8170182225729,174.19751064300345,8859600
2025-08-22,174.91944885253906,176.74387406623362,173.14382265519245,175.6511661348864,9524000
2025-08-25,174.0609130859375,175.86580680839708,173.94382819611357,175.14385527414382,6229100
2025-08-26,173.4515838623047,174.11004745781355,172.74397805899144,173.70710234835255,9145000
2025-08-27,173.74639892578125,174.63091363627115,173.12725512414355,173.9233078663175,5951100
2025-08-28,172.42947387695312,173.45157777748108,171.62359868239827,173.33363348366888,6424700
2025-08-29,174.11985778808594,174.35573137148032,172.4294679306645,172.94051986330464,6942300
2025-09-02,174.99453735351562,176.1149106462827,173.84468173694643,174.4146983239466,9049000
2025-09-03,174.93557739257812,175.22057819566584,173.4908835031877,174.6112568259705,7111700
2025-09-04,175.6824951171875,175.82008430293442,174.493334653824,174.93558453686083,7854800
2025-09-05,175.35816955566406,176.41957824245722,173.5203679848044,174.93557956719528,9733800
2025-09-08,175.06333923339844,176.36060646744886,173.65795015074036,174.30659126581332,8382500
2025-09-09,173.9134979248047,175.02403386895398,173.41226838733596,174.935586890376,6005700
2025-09-10,172.7636260986328,173.56951633226447,171.3287695795717,173.26485563285135,6891600
2025-09-11,175.42697143554688,175.7709518877805,172.60638571317708,172.7243150128704,5792500
2025-09-12,174.99453735351562,175.72180299819078,173.6776102367026,174.65057191045906,7220200
2025-09-15,174.3459014892578,175.90853967831688,173.8839917409838,174.69970438163585,4768100
2025-09-16,173.42208862304688,174.5621067802972,172.626020906526,174.51297957224742,7959300
2025-09-17,174.14935302734375,175.43679789881932,173.5498540800044,173.66779837849663,6714900
2025-09-18,171.1616973876953,173.9724607587581,170.87668157601635,173.5596932002785,8200900
2025-09-19,173.15673828125,174.1100400871322,170.34597506932738,171.6825620861038,25621000
2025-09-22,171.21083068847656,173.5989889374499,171.12236871932896,173.0584546641959,7193900
2025-09-23,173.54002380371094,173.92330901529326,171.82015157295257,171.87911622148897,8350400
2025-09-24,173.6481475830078,173.90366608360205,172.71450556595894,173.1076132585804,6676800
2025-09-25,174.6702117919922,175.32867533153635,172.88155254948768,174.14933742494836,8475000
2025-09-26,176.6161346435547,176.81268846148026,174.2672812785206,175.52524370855838,8634400
2025-09-29,178.49325561523438,178.73895165698912,176.70459622922994,176.73407855455278,8597100
2025-09-30,182.22784423828125,182.78803842940496,177.95274197359174,178.57188582113764,11569000
2025-10-01,182.8470001220703,183.34821465646485,180.7438425717239,182.79785791373442,13063800
2025-10-02,182.7781982421875,183.3776971939459,180.92073673527972,181.019021152065,7728100
2025-10-03,185.3924102783203,186.51278366279104,183.69219781682014,183.83960944789652,8675100
2025-10-06,184.92066955566406,186.6503642638064,184.14426167812178,184.7634204923522,5806100
2025-10-07,185.63809204101562,185.97223504313797,179.7905295194919,180.60624213956396,8776800
2025-10-08,186.42431640625,186.9451907741919,185.02876479817024,185.6184262544334,5751200
2025-10-09,187.7904052734375,188.7928493485398,186.46364061532867,186.72899654616978,7484800
2025-10-10,187.4365997314453,188.76336437091723,186.5815822948636,188.7043847234836,9598000
2025-10-13,187.61349487304688,188.0066175446105,186.0213892924798,186.56192359331942,7979500
2025-10-14,187.56436157226562,191.05323331805099,182.6799231328508,189.59871697072126,13613300
2025-10-15,187.8788604736328,190.2375516361476,186.0410587522667,188.18352118721785,9473000
2025-10-16,188.81248474121094,189.72648179210694,187.1515771402817,188.04591430941218,10611800
2025-10-17,189.89356994628906,190.26703275209798,188.3800738356614,189.18596410164966,7764400
2025-10-20,190.3849334716797,191.13184397504045,189.01886419821113,190.16871977405776,8034700
2025-10-21,188.57662963867188,190.21787738824742,188.46852278110242,189.68716554341688,6716000
2025-10-22,189.61837768554688,190.1195922071137,188.4783444641558,188.69455817842297,6343100
2025-10-23,189.15646362304688,190.6601221495905,188.24246657972077,189.24491059611512,8882500
2025-10-24,187.12208557128906,188.99920679061546,186.15896135770447,188.89109994038998,6903400
2025-10-27,187.02381896972656,187.51521102429962,186.26707100677734,186.71915829526654,7126000
2025-10-28,183.7118377685547,186.2474227276328,183.40717707511635,186.00172668504106,8329500
2025-10-29,183.38751220703125,183.87890423867273,181.48090872488723,183.4857816157027,10551100
2025-10-30,185.7953338623047,186.1196544091771,183.69217652484616,183.85924801939953,7072500
2025-10-31,185.61843872070312,186.23759753765293,183.54476355197036,184.23272445795735,8791700
2025-11-03,183.05337524414062,185.77569161087956,182.32612455131903,185.7462092852839,7542600
2025-11-04,183.64305114746094,184.58653055172488,182.4243933744734,183.6135688219617,7209400
2025-11-05,182.7978515625,184.59634835321097,182.2081750751503,183.42683281749487,5049400
2025-11-06,183.75115966796875,184.29169396716964,182.17869897867467,183.5447683915115,6767400
2025-11-07,183.35806274414062,185.10741749059588,182.50303025851102,184.50791850471418,6959200
2025-11-10,185.16636657714844,185.1761890201216,181.93299830354297,182.79785316025624,5323800
2025-11-11,190.49305725097656,190.58150422711145,185.79535012348111,186.1294931418327,7465600
2025-11-12,191.0434112548828,192.18344447353272,189.74614396849537,190.0311447751098,8803000
2025-11-13,191.88861083984375,192.62569897367158,190.11959631943768,190.86652189255162,8631600
2025-11-14,192.55690002441406,193.78538026750178,190.2178838389208,191.64291792168322,8824800
2025-11-17,196.14405822753906,196.8320041184873,192.5274048355465,193.56916860880608,13257000
2025-11-18,196.5568389892578,196.85167724696106,195.11214502299904,195.58387723766617,12468600
2025-11-19,199.02362060546875,199.97692246795802,195.94751629294967,196.55683769104098,14690800
2025-11-20,199.573974609375,200.98917111824514,198.09979845771855,198.52238842306767,10612600
2025-11-21,200.38967895507812,203.3773511207127,199.49535679003293,200.44865859984768,13189100
2025-11-24,202.502685546875,202.57147264227206,199.50519076522252,200.20297413908787,14803900
2025-11-25,204.40159606933594,205.44007432722765,202.92794482022794,202.92794482022794,10275300
2025-11-26,205.28182983398438,205.52908584700302,203.6796156988426,204.22358194574548,6729000
2025-11-28,204.64886474609375,205.18294621066644,202.38400619964904,204.72798848496785,5638300
2025-12-01,203.08619689941406,205.42029428513683,203.08619689941406,204.23346843115957,8473700
2025-12-02,203.1653289794922,203.3532459732576,200.870800913071,202.98731188517345,8393600
2025-12-03,203.07630920410156,204.7477622566812,202.74004465032948,203.64004506291835,8363300
2025-12-04,200.25758361816406,202.6114656652222,199.49604597225286,202.34442494855622,9049900
2025-12-05,199.713623046875,201.21694385760424,198.6059209186059,200.7521013377821,7785300
2025-12-08,199.4070281982422,201.02902706966685,198.78395329612633,200.4356216823513,7785700
2025-12-09,197.7652587890625,203.28399979452115,197.7158045675227,200.69276157197945,7509400
2025-12-10,204.2730255126953,204.53018143025886,197.98283180120782,198.38833529328133,11599800
2025-12-11,207.70494079589844,208.9214512752855,205.54887555375637,205.61809939160463,9009000
2025-12-12,209.25770568847656,209.94013468251453,206.66646756392336,207.9719714336103,6922700
2025-12-15,211.8192901611328,212.82809897096232,206.71592217177204,208.04122593814026,8467000
2025-12-16,207.00274658203125,212.37314018651233,206.51811934148523,211.65115682105406,9949800
2025-12-17,208.0214385986328,209.1983796799915,206.17196838010346,207.09175353970042,8457600
2025-12-18,206.0236053466797,208.7434215885478,205.47963908004408,207.4972566705998,7499900
2025-12-19,204.10488891601562,206.94339820920948,203.76862436002912,205.2818299532778,24803900
2025-12-22,205.0444793701172,205.79613223753498,203.24444830191146,203.86753830110726,8187800
2025-12-23,203.52137756347656,204.263145636555,201.0488173198817,202.76972468229533,7047300
2025-12-24,205.49942016601562,205.65766763921368,203.31368542129266,203.73895852778904,2376500
2025-12-26,205.35105895996094,205.75654733256223,204.44115868643942,205.25215052295067,2316700
2025-12-29,205.28182983398438,207.17086939536102,205.10381274843945,205.71700283150668,4348900
2025-12-30,204.6389617919922,205.41039931347132,204.25324303125262,205.23236714396373,3937400
2025-12-31,204.67852783203125,205.2224940876339,204.1048920616966,204.6389735094918,4083800
2026-01-02,205.0741424560547,205.11369677781147,201.44441091836137,204.54996091774888,6325500
2026-01-05,202.0675048828125,203.6796189425871,198.70482908872975,203.61038001401067,9477000
2026-01-06,202.542236328125,204.4411758573138,201.87959200016542,202.3543344281176,8107900
2026-01-07,205.21261596679688,205.9741536581461,202.7796100403249,203.00708135778572,7545900
2026-01-08,203.49169921875,206.68624268930276,202.72026166352438,204.6587403592623,6557800
2026-01-09,202.14663696289062,204.43128023925763,201.77080297238516,203.6499578336023,6154300
2026-01-12,207.41812133789062,207.59613841994204,201.6125550953637,203.29389293263304,11794300
2026-01-13,211.3049774169922,212.0368606301377,206.56755896593322,207.6060372129626,11379600
2026-01-14,216.15121459960938,216.45780964823578,211.7994996150229,212.37313538945378,11858800
2026-01-15,217.16001892089844,217.33803600690493,213.5401872590057,215.83471521828713,8492100
2026-01-16,216.260009765625,217.6940916687404,215.74571301652978,216.63582865534352,10021500
2026-01-20,215.81495666503906,216.32923833406923,212.14567059407463,214.70723940497442,14057100
2026-01-21,215.6171417236328,216.2797860692503,208.18957605818176,208.68408811532706,14762900
2026-01-22,216.0918731689453,219.731474480514,215.7061543876507,216.3687986995512,13160000
2026-01-23,217.7237548828125,218.78201786558222,215.44899653785455,217.38749032599776,6950600
2026-01-26,219.05894470214844,219.59301105490832,217.58529341839787,217.79299511138254,6856700
2026-01-27,221.9765625,223.0249255892691,218.27760708174557,219.56334137834915,8154100
2026-01-28,225.22056579589844,226.0612423044947,223.5985669004937,223.91504676014566,9026500
2026-01-29,224.79527282714844,227.47553468029685,224.58758622487807,226.29859362973275,9645300
2026-01-30,224.75572204589844,225.9920021451608,222.8567976243886,225.7546309332309,11045500
2026-02-02,228.21730041503906,228.65247341332187,224.75571622672862,225.8139792081263,8187500
2026-02-03,230.54151916503906,232.61846067897852,227.9502658124434,228.95907459996246,9346600
2026-02-04,231.89646911621094,233.2415424215143,230.3832635341583,232.42065065293195,8641400
2026-02-05,235.18002319335938,236.95038470140014,232.41076791481981,232.4206527224898,10267500
2026-02-06,237.35589599609375,238.29546586018128,235.36794792342116,236.3372023941143,8274000
2026-02-09,236.0207061767578,238.09766278417874,234.43826161002661,237.61303555143124,9378500
2026-02-10,235.73388671875,237.86028237497558,235.26904421116984,237.3459856469766,6723300
2026-02-11,238.21633911132812,238.61194270447737,234.79430917447928,236.7130182930035,6803900
2026-02-12,241.8658447265625,243.64609111049592,237.04928713623855,237.84050942813226,10254300
2026-02-13,240.7779083251953,242.26144443944952,239.9471317231273,241.90539516837612,13268500
2026-02-17,240.6592254638672,241.80649699124882,239.21524370129245,241.450447727279,12703000
2026-02-18,242.30101013183594,242.3801338676713,240.15482973047114,240.5702180251247,8129700
2026-02-19,244.19992065429688,244.24937487280008,241.58889788520008,241.93504723210512,7553900
2026-02-20,239.8284454345703,244.170260376332,237.6426956610537,243.76475689710122,13565800
2026-02-23,243.14166259765625,244.10101710886994,239.93723441623308,240.95592795431625,9622700
2026-02-24,244.87173461914062,245.83618923451164,243.14167872556501,243.94705977412517,7246300
2026-02-25,243.76808166503906,245.83618975331572,242.32637600311875,243.4598567160501,7698200
2026-02-26,242.0778045654297,244.0663682763732,240.6360989093031,243.70842620154187,7172600
2026-02-27,247.00942993164062,247.51652337921405,241.11334590987298,242.63459590951953,16428600
2026-03-02,247.13868713378906,250.27068397455253,245.45834842794568,247.76508953624906,9042400
2026-03-03,245.3390350341797,246.46257832712044,242.96270213047706,245.0506999866165,6178700
2026-03-04,243.8973388671875,245.1600810545075,241.78945104558642,244.34476266176227,5768000
2026-03-05,238.259765625,241.61049061943945,234.58091062648668,241.24261118820294,9375400
2026-03-06,239.0253448486328,239.41311415382512,234.08376296078876,236.75838349957985,7179800
2026-03-09,241.20281982421875,242.6942425341329,238.66739818305737,239.49265390312758,7844000
2026-03-10,242.31643676757812,243.59905368087047,239.44296282285708,240.91449571542952,7214100
2026-03-11,241.6005401611328,242.2965343871637,239.97985597145382,241.4812160284302,6933200
2026-03-12,240.6559600830078,243.00246573676242,238.92591946160707,240.07928999023173,7710200
2026-03-13,240.13894653320312,244.1856656028509,240.11905664901153,242.81356702435843,6415300
2026-03-16,241.7993927001953,243.65869480615754,240.28808012034816,242.52521416415624,7571500
2026-03-17,236.74844360351562,242.7439617349266,235.86353339492615,242.1871663459089,7281800
2026-03-18,235.92318725585938,237.74272479331552,234.07382247775118,236.50980988406457,6811500
2026-03-19,236.24136352539062,237.8918597954365,234.9587314976836,236.97712235314108,7511500
2026-03-20,234.02410888671875,236.92741000247076,233.1590885516746,235.47576703036307,17156600
2026-03-23,234.07382202148438,236.94729584714173,232.9105141237134,236.04249575836326,7313700
2026-03-24,233.9246826171875,234.65050408093313,230.9120099861425,232.8011393317389,9046200
2026-03-25,238.5580291748047,240.07929431329362,234.38204857588565,235.44593740287846,6456400
2026-03-26,237.8719940185547,240.26820173422362,237.5637539025668,238.62764275887116,5171400
2026-03-27,239.07505798339844,241.2923021698431,237.7626138844777,239.8108319839459,7617600
2026-03-30,241.10340881347656,242.8135747917876,239.13471984701397,242.09769065335334,7241300
2026-03-31,243.04225158691406,243.92716180378,241.2624786251546,241.6204206888047,7554200
2026-04-01,242.7240753173828,245.78646517225613,242.34625853888824,244.1956233482748,6314600
2026-04-02,241.65025329589844,245.7964219467219,240.48694535608743,243.70842400047428,6878700
2026-04-06,239.5920867919922,242.12750841875737,239.12477313181626,241.26247293527413,4442400
2026-04-07,237.04673767089844,239.4031807823271,234.66045214638598,239.4031807823271,6241100
2026-04-08,239.9202117919922,239.95003903356442,232.56251704958862,235.28685476163636,8771100
2026-04-09,239.93014526367188,242.80361913705298,239.164544008795,239.92020790715435,6216500
2026-04-10,237.09645080566406,240.87470960567668,236.54959276728223,240.61620179277648,7354500
2026-04-13,236.59930419921875,237.02683809159646,233.83518683278206,236.35073374880298,7663600
2026-04-14,238.72706604003906,240.8051113590548,231.9162296473752,233.66616015209323,10318700
2026-04-15,237.30523681640625,239.0452299768987,235.3962175694789,238.56797895805093,6463500
2026-04-16,233.1988525390625,236.7782731773554,230.79269234336317,236.06238904969683,8668900
2026-04-17,232.84091186523438,234.19313576204675,230.71314935408492,233.01989048398582,8946300
2026-04-20,229.37088012695312,233.91474024714643,228.2175095512339,233.46731645339545,7810500
2026-04-21,224.8667755126953,228.3765890527153,223.41511740932572,228.03853688190875,11681200
2026-04-22,224.80712890625,226.179227521564,222.50038776728556,224.88665810207786,9003400
2026-04-23,229.3311004638672,230.06687448765834,225.73180505581692,225.95054827447007,7097600
2026-04-24,226.19911193847656,228.67487910891896,225.72186091736185,227.72036189515308,6067500
2026-04-27,224.0514678955078,226.60677952616038,223.0671385761741,224.47901697917217,7897800
2026-04-28,226.48745727539062,229.70893595019464,225.0755788606257,226.42780279148377,7179800
2026-04-29,226.0499725341797,227.4021963844683,223.57420539879897,224.2304350257485,7071100
2026-04-30,228.5356903076172,229.83819710946466,226.5073468285346,226.64654568129225,8157200
2026-05-01,225.89088439941406,228.4561332620675,225.72185831412563,227.75018650912293,6863600
2026-05-04,222.91798400878906,225.7715831872257,222.30153412698715,224.22049078306688,8215200
2026-05-05,224.26026916503906,225.23466110768987,223.61397687442042,224.10118043151417,5556700
2026-05-06,223.33558654785156,225.0457525608476,221.67513766216507,223.9619889745702,7982300
2026-05-07,221.23764038085938,223.49466434064516,219.36840089217355,223.49466434064516,7269700
2026-05-08,220.05445861816406,222.09272420205565,219.65673678916983,221.6651903038654,5550600
2026-05-11,220.163818359375,222.003245813697,219.1098820469021,220.05446192273791,6223200
2026-05-12,222.97763061523438,226.34824530446224,220.38255451492364,221.7248410111843,8632500
2026-05-13,229.1024169921875,229.4802489417275,224.15089773666944,224.52872968620946,7464500
2026-05-14,229.48025512695312,230.43475721152035,227.84963349190846,229.67910846360988,6974400
2026-05-15,225.41363525390625,230.81257818629632,225.14517491785094,229.4504169649123,12167000
2026-05-18,227.61099243164062,228.38653103757844,224.5684924896482,225.41363810532903,10141600
2026-05-19,228.684814453125,229.52996005341413,226.73601544578764,227.6308781704825,9677900
2026-05-20,228.0087127685547,230.67338074656544,227.8595613935984,230.36515581180683,7353800
2026-05-21,230.40492248535156,230.5640112181241,226.04997841934332,228.00871482343763,5239000
2026-05-22,233.0,234.15337056198368,231.3892682930641,231.667665991262,5462300
2026-05-26,230.17999267578125,233.24000549316406,229.0800018310547,233.0,6619600
2026-05-27,231.2899932861328,232.88999938964844,229.02000427246094,229.97999572753906,5835500
2026-05-28,230.8000030517578,231.8699951171875,229.72999572753906,230.02999877929688,7193400
2026-05-29,225.3300018310547,231.5,224.58999633789062,231.22999572753906,13897700
2026-06-01,223.50999450683594,224.44000244140625,220.83999633789062,223.1999969482422,8041000
2026-06-02,222.88999938964844,225.5,221.1699981689453,222.5800018310547,5669000
2026-06-03,223.24000549316406,224.92999267578125,222.0,222.4499969482422,6507200
2026-06-04,228.1699981689453,228.6699981689453,225.89999389648438,227.08999633789062,7274800
2026-06-05,232.77000427246094,235.22000122070312,229.0,230.0,8034900
2026-06-08,232.16000366210938,234.9499969482422,230.55999755859375,232.77000427246094,7559800
2026-06-09,237.0,237.7100067138672,230.41000366210938,232.3800048828125,8354500
2026-06-10,238.49000549316406,240.92999267578125,237.0500030517578,238.85000610351562,8350800
2026-06-11,238.3300018310547,241.60000610351562,238.13999938964844,240.0,7399000
2026-06-12,240.8699951171875,240.91000366210938,237.52000427246094,240.0,6459400
2026-06-15,235.66000366210938,239.5,233.5800018310547,239.0,7732000
2026-06-16,235.17999267578125,236.3699951171875,231.02000427246094,236.3699951171875,7718100
2026-06-17,234.1999969482422,235.42999267578125,230.6999969482422,234.02999877929688,8548000
2026-06-18,228.38999938964844,232.75,227.60000610351562,231.77999877929688,18989800
2026-06-22,231.2899932861328,231.4499969482422,227.5,228.9499969482422,8518300
2026-06-23,239.0800018310547,239.8000030517578,234.35000610351562,235.63999938964844,11802000
2026-06-24,241.0,243.0399932861328,238.75,239.88999938964844,8139200
2026-06-25,244.8800048828125,248.19000244140625,240.88999938964844,241.27000427246094,10130400
2026-06-26,254.66000366210938,255.11000061035156,247.8699951171875,248.27000427246094,16316800
2026-06-29,258.510009765625,258.5799865722656,252.02999877929688,253.19000244140625,8608400
2026-06-30,253.97000122070312,259.8999938964844,253.1699981689453,259.0,8469500
2026-07-01,253.97999572753906,254.1999969482422,251.0800018310547,253.25,6516500
2026-07-02,263.0400085449219,263.1000061035156,254.0,255.77999877929688,7998700
2026-07-06,259.3299865722656,261.3800048828125,255.92999267578125,260.2300109863281,6803700
2026-07-07,267.239990234375,269.42999267578125,264.04998779296875,264.8900146484375,9089700
2026-07-08,263.3999938964844,268.6000061035156,263.1300048828125,268.6000061035156,6769400
2026-07-09,259.1000061035156,263.45001220703125,258.1300048828125,260.6300048828125,6426100
2026-07-10,256.9800109863281,261.29998779296875,255.52000427246094,260.19000244140625,6534700
2026-07-13,257.7699890136719,259.5299987792969,256.1499938964844,257.95001220703125,5272200
2026-07-14,253.85000610351562,256.3900146484375,252.13999938964844,255.52999877929688,8770600
2026-07-15,247.02000427246094,256.8299865722656,246.0500030517578,250.08999633789062,10547300
2026-07-16,249.97000122070312,253.5500030517578,246.3000030517578,248.89999389648438,11097600
2026-07-17,253.0399932861328,255.66000366210938,251.9499969482422,252.58999633789062,10167700
2026-07-20,248.82000732421875,254.17999267578125,248.6300048828125,252.00999450683594,8114700
2026-07-21,250.61000061035156,251.33999633789062,245.49000549316406,247.4499969482422,7793100
2026-07-22,255.6300048828125,256.2900085449219,251.2100067138672,252.75999450683594,9100200
2026-07-23,259.2699890136719,260.20001220703125,254.4199981689453,255.24000549316406,8063300
2026-07-24,263.3999938964844,263.7099914550781,259.6099853515625,261.42999267578125,6351800
2026-07-27,265.95001220703125,268.79998779296875,261.3500061035156,262.54998779296875,9647900
2026-07-28,266.7300109863281,274.8999938964844,266.17999267578125,270.0,10491000
2026-07-29,265.5299987792969,269.3399963378906,264.7900085449219,268.5,6105600
2026-07-30,255.82000732421875,260.5199890136719,254.55999755859375,259.0299987792969,8216500
2026-07-31,256.3500061035156,258.4800109863281,253.2899932861328,256.010009765625,6782100
2026-08-03,254.41000366210938,257.75,250.91000366210938,254.97000122070312,8136300
2026-08-04,254.92999267578125,255.52000427246094,250.44000244140625,254.41000366210938,7362400
2026-08-05,257.5899963378906,259.32000732421875,254.47000122070312,255.25,6472600
2026-08-06,256.9800109863281,262.1099853515625,255.27999877929688,261.7099914550781,6931800
2026-08-07,259.239990234375,259.6000061035156,255.1199951171875,255.88999938964844,6532100
2026-08-10,261.80999755859375,262.0,258.54998779296875,259.05999755859375,8985100
2026-08-11,259.79998779296875,264.1499938964844,258.3599853515625,261.2300109863281,5945900
2026-08-12,260.8599853515625,261.4100036621094,255.25999450683594,256.0,4629300
2026-08-13,262.0799865722656,262.5799865722656,259.6499938964844,261.7250061035156,3326704
