Date,Close,High,Low,Open,Volume
2021-08-25,141.99684143066406,142.7557115008101,139.24373767127554,139.87023869794103,11335000
2021-08-26,142.729248046875,144.564655139812,142.19979877343872,143.17927050417782,11027500
2021-08-27,143.87635803222656,143.97342326928566,142.29684312594244,142.72922708456065,8780200
2021-08-30,141.57327270507812,144.2646146848037,141.07912731820102,144.01754199136514,7937600
2021-08-31,141.14089965820312,142.39391511867103,140.61146390185988,141.57328363733515,12340800
2021-09-01,140.9379425048828,141.85563917935198,140.27613774611248,141.37914567739637,8729900
2021-09-02,141.59092712402344,142.60568902840595,140.68203620727675,141.2026661804312,8813300
2021-09-03,140.73497009277344,141.97033339057103,140.4349417509225,141.5291302892933,7959700
2021-09-07,140.48789978027344,142.4027196560747,140.2672982259491,141.17617555260935,9285600
2021-09-08,139.8614501953125,140.81445096695225,139.45553722306616,140.20558824081104,7852700
2021-09-09,140.47027587890625,141.9174218250843,139.4908042439383,139.65846361294814,7904300
2021-09-10,138.85548400878906,141.82037031541444,138.73194764036526,141.67918204737174,8311600
2021-09-13,141.0614776611328,141.22913701958183,139.481976241257,139.887875616442,10052800
2021-09-14,138.59957885742188,142.3674444678126,137.88481836768284,141.58210331522693,11685600
2021-09-15,139.56138610839844,140.02906037851577,138.0701172807047,138.29071885960727,11691500
2021-09-16,139.4996337890625,141.9350842317079,138.73194447881332,140.66441677718925,10880900
2021-09-17,139.13784790039062,140.31145013956012,138.53781795435447,138.87313672681844,25581600
2021-09-20,134.97288513183594,136.3847272540793,132.79334030701713,135.79351659818047,15819900
2021-09-21,134.99050903320312,136.3758933566516,134.63755190675133,135.47583518041282,8999900
2021-09-22,137.57598876953125,138.75841014598367,136.86124172054812,136.9494742842582,11236200
2021-09-23,142.22625732421875,142.6939451042889,139.1290157023009,139.42021143051676,12336100
2021-09-24,143.86752319335938,144.3528493713746,141.90859351342442,142.45568113348585,10102400
2021-09-27,147.3441925048828,147.71480151578345,145.25289399178246,145.5970318922224,13220900
2021-09-28,146.550048828125,149.39139836399926,146.17943977533085,147.97954281239566,13387900
2021-09-29,146.43536376953125,147.2736472962202,145.632370580359,146.66479808898353,7777100
2021-09-30,144.4410858154297,147.35302922602833,143.6469120864748,147.2912543236252,13161200
2021-10-01,147.47659301757812,148.50900693938615,144.36169935326012,144.71465654441621,11285000
2021-10-04,147.31776428222656,150.39736785206077,146.24122726191567,147.33541618248955,14120000
2021-10-05,149.72348022460938,151.03730748793987,147.9569052119613,148.43628358822832,12292900
2021-10-06,150.04306030273438,150.11407982266005,147.36213099429037,149.1287059952723,8692600
2021-10-07,150.99290466308594,152.25347055621103,150.50465397141386,151.9782784060651,10195400
2021-10-08,151.10833740234375,152.10258366508177,150.29163318001045,150.930795361939,8190100
2021-10-11,147.9302520751953,152.05816117129785,147.77046833781213,151.6231853002527,12154700
2021-10-12,146.79397583007812,147.97464984992072,146.2702221541923,147.14018749412315,13032600
2021-10-13,142.9235076904297,146.83837223897822,142.56842364856442,145.64882579858283,22753500
2021-10-14,145.11618041992188,145.59554521193775,142.08903964199308,143.5892947185567,15176800
2021-10-15,147.90365600585938,148.40077914352787,145.7109772378225,146.7851289461052,14267400
2021-10-18,147.8503875732422,149.6790962604667,147.28224493696283,147.7882404112545,12672900
2021-10-19,149.64358520507812,149.71459117839504,147.8770102294829,148.60493659348077,8053900
2021-10-20,151.65872192382812,151.68535255263262,148.65822486527424,149.40390956297952,8185600
2021-10-21,150.4691925048828,152.0937287750967,149.74125244633836,151.58771967894884,8415200
2021-10-22,152.4932098388672,152.76840207945457,150.64674250889723,150.93969302017817,8817900
2021-10-25,151.7475128173828,153.5407187367024,151.3391538978106,153.3187877804457,10159200
2021-10-26,152.15582275390625,153.12345179247123,151.39237990036722,151.8007387248317,8015100
2021-10-27,148.98667907714844,151.53444191342504,148.551689561808,151.1971160983183,9847000
2021-10-28,151.23260498046875,151.3657581127488,149.10207359045828,149.40389638735192,7212900
2021-10-29,150.81536865234375,152.9015246245037,150.37150683235976,151.9605261878439,8140100
2021-11-01,150.7355194091797,152.98145976988548,150.03420994971995,152.72401225595004,7435500
2021-11-02,151.33026123046875,152.41328523532852,149.95428677718738,150.73548797297835,7173800
2021-11-03,151.38352966308594,151.91616933012273,150.15846655625495,151.028445582121,8402700
2021-11-04,149.39503479003906,151.09059052676537,147.79714276032698,150.91304847297408,9574200
2021-11-05,149.18194580078125,150.99289588896477,148.61380326864656,149.93650269353003,7975600
2021-11-08,150.07855224609375,151.72971871249374,149.7944877328828,150.06967988635157,6413700
2021-11-09,148.94229125976562,149.5548228210101,147.89478372561797,148.56057654512898,7990300
2021-11-10,148.8002166748047,149.98089061827108,148.32972427834792,148.64930529722292,6999200
2021-11-11,148.79135131835938,149.74120851503892,148.1610616100084,148.71145944627725,5815300
2021-11-12,148.1256103515625,148.90681171739104,147.1136056483718,148.82690627181915,8113400
2021-11-15,147.8592529296875,148.95114925561447,147.3621298396911,148.43628144496697,6492500
2021-11-16,146.79397583007812,148.31198915432927,146.58091728851684,148.30310324910553,9706100
2021-11-17,146.00392150878906,146.97153711395157,145.04517826442645,146.6608419388863,9909600
2021-11-18,144.7433624267578,146.34126791104748,144.30837290599322,145.93290901955524,8122500
2021-11-19,142.85250854492188,143.90890200666547,141.54755350930802,143.1898479147129,12193600
2021-11-22,145.89736938476562,147.34434954562852,144.69006482715585,145.72869974467815,14549900
2021-11-23,149.38612365722656,149.6346851771418,146.80284477640728,146.91825317693468,12354400
2021-11-24,148.21432495117188,150.4158754893731,147.75270492772154,149.54591023199765,9629800
2021-11-26,143.74908447265625,144.38824658577076,140.98827691858202,143.93551239964296,13619300
2021-11-29,143.12770080566406,146.27912292385244,141.87602057445622,144.97416788771696,12104400
2021-11-30,140.99716186523438,142.59506729066257,140.51778346481132,141.29011232202862,18922600
2021-12-01,140.16270446777344,144.93866264967122,140.0828125800053,142.9235259138965,12253400
2021-12-02,143.10995483398438,144.92090536361414,140.97053729865502,141.88489169754703,12969900
2021-12-03,140.5177764892578,143.6603259275297,139.54128856067402,143.367375485278,12681800
2021-12-06,142.1778106689453,144.35273071316283,141.55640687710985,142.93236757846455,11186500
2021-12-07,144.31724548339844,145.0451718589263,143.06555184084783,143.7047139755295,9851600
2021-12-08,142.6660919189453,144.93866258504497,142.18671350137106,144.3971505477642,11705700
2021-12-09,142.44415283203125,142.8613705148597,140.8373615345152,141.72508524679222,11189600
2021-12-10,141.8759765625,143.54488753492038,141.2634451789516,143.20756181522762,10405400
2021-12-13,140.18930053710938,141.84933923091603,139.62115801039147,141.5919053630412,12069000
2021-12-14,141.2634735107422,142.82586231088433,139.6389375511274,139.77209068487107,12563600
2021-12-15,140.2070770263672,141.90263246789226,139.68332331791328,141.90263246789226,14014200
2021-12-16,142.39976501464844,143.65145870937027,140.88175149511085,142.38200674750365,19542800
2021-12-17,139.1595458984375,141.48539092871525,137.75694099263876,141.43212968030053,28082000
2021-12-20,136.6561737060547,137.33083876838214,134.79194872025192,137.16216911640348,15148000
2021-12-21,138.56478881835938,139.53240439857666,137.67706512004878,137.96114320539073,11291300
2021-12-22,139.1063232421875,139.42590436692416,137.8102540192378,138.26298830195188,7273000
2021-12-23,139.6033935546875,141.25455981622252,139.559018215895,139.91410219974924,8055200
2021-12-27,140.4023895263672,140.43789251579588,138.7867258227818,139.9052664008299,6188100
2021-12-28,140.82846069335938,142.16891835139822,140.33133768231414,140.43786017165635,6342300
2021-12-29,140.7574462890625,141.7073170054263,140.3934763764977,141.01489370842265,6398900
2021-12-30,140.68641662597656,142.24881865669215,140.58876649905685,141.2456867661155,6948200
2021-12-31,140.571044921875,141.40549377176825,140.2248332413656,140.65980915922302,5805900
2022-01-03,143.54490661621094,144.37936898613825,141.60078972150527,141.9114984066782,13120900
2022-01-04,148.98667907714844,149.65247189183447,145.79086814841963,145.86188767412355,20195800
2022-01-05,146.2628631591797,150.35300961220935,146.21820819782113,149.87077145916754,17539400
2022-01-06,147.81678771972656,149.46891251987,146.3432555378449,149.0581195189452,14047500
2022-01-07,149.2813720703125,149.61179428581275,147.40597253919904,147.9507304123867,13913300
2022-01-10,149.42425537109375,151.20140571744204,147.82569762411396,150.9870836967746,12922500
2022-01-11,149.57606506347656,150.49590003496505,148.52226520791496,150.26369968661737,11854100
2022-01-12,150.42446899414062,151.45146506821953,149.29922381974978,150.442333705723,12568000
2022-01-13,150.2368927001953,151.64790483588317,149.93326079963424,150.33512815352736,13623400
2022-01-14,141.00286865234375,143.80702929088048,140.11874923339806,143.56590333538898,40158400
2022-01-18,135.0908966064453,139.11852392455683,134.4389640627138,139.11852392455683,32324800
2022-01-19,133.00115966796875,135.94821032516654,132.66181189960528,135.3588110951531,22380000
2022-01-20,131.8669891357422,134.50146838453384,131.59907298928616,133.054740271165,14860800
2022-01-21,129.56292724609375,131.7330193351979,128.83956321639238,131.7240937938021,20705400
2022-01-24,129.4468536376953,129.92016633763484,124.64228141213015,127.0624254247593,28471400
2022-01-25,130.85789489746094,131.1436758648252,125.73181121635305,128.28592069832854,18915900
2022-01-26,132.0991973876953,134.46577450245326,130.34883704894756,132.813636019071,20709100
2022-01-27,129.76834106445312,134.29608485842846,128.71455471405014,133.43875583246762,17536800
2022-01-28,130.92930603027344,131.06325730708755,126.96418471517951,128.76813912804664,14117000
2022-01-31,132.7064666748047,132.8761337453502,129.19679342056898,130.063047992457,13985700
2022-02-01,134.98367309570312,135.26945388157705,132.4385044020558,132.78679121810345,14584900
2022-02-02,133.9031219482422,134.7961666312351,132.2331327516152,134.40322479043334,12441100
2022-02-03,132.7957763671875,135.43025614568413,132.42962468096954,133.95673748407293,12474900
2022-02-04,136.242919921875,137.0823842598427,132.85828594147185,133.15299237672326,16654400
2022-02-07,136.6983642578125,137.18952796110642,134.71580385407722,136.87697047962678,12572300
2022-02-08,139.2703399658203,141.52974231914467,138.24334385132119,138.4219500938276,20411400
2022-02-09,139.850830078125,140.59204531797832,139.154256179702,139.84189090841247,9131100
2022-02-10,139.2703399658203,142.02091970612452,138.61842104861955,139.90440779751842,16455600
2022-02-11,137.4574737548828,141.27077941494915,136.60908379819318,138.96672186428253,16830000
2022-02-14,136.180419921875,137.24313189244884,134.24251414948705,136.3947419739245,17026500
2022-02-15,138.1719207763672,139.2614367451113,137.39497600219812,137.98437533426517,9500000
2022-02-16,138.42193603515625,139.4042907093441,137.29670455754405,137.29670455754405,9076500
2022-02-17,135.2337646484375,137.28777037013128,134.55505552050664,136.63585149548837,11367500
2022-02-18,135.8678436279297,137.65393333705288,134.96587323046438,135.85891808502598,11733300
2022-02-22,135.62669372558594,136.8501742262607,134.32285609941718,134.492536772073,11333500
2022-02-23,132.78684997558594,136.90378755970724,132.14385654962632,136.74303238982537,11799000
2022-02-24,129.08961486816406,129.4825567187557,124.82978780865857,127.65181234765235,25655100
2022-02-25,132.1438446044922,134.07282470800104,129.41112960457934,129.71476157639572,18367700
2022-02-28,126.63375854492188,129.54507976037877,125.81215894350672,128.1965869841619,31315300
2022-03-01,121.8559799194336,125.45494995467381,119.2929452899676,125.06200799891224,36840400
2022-03-02,124.38329315185547,125.06200237332357,121.99886489314265,122.6061288870693,19405600
2022-03-03,123.49917602539062,125.90146904114475,122.40073458898442,124.88339837713274,16640800
2022-03-04,120.02521514892578,120.93612465647561,118.23912555666925,120.50746696983305,21016000
2022-03-07,115.39034271240234,118.49813528862029,115.15814230682167,118.03374810424333,27560100
2022-03-08,114.57766723632812,117.69438532066783,113.65782523524322,115.77434417201607,19207800
2022-03-09,119.16791534423828,120.775398912634,118.27487043143888,118.6856634603276,17536200
2022-03-10,117.75688171386719,119.17681960117045,116.38159878958473,117.75688171386719,15604200
2022-03-11,115.10456085205078,119.73946623391174,114.68482864346093,118.31952806108274,20061800
2022-03-14,116.24764251708984,118.70351577067235,115.40817820648917,115.61358832625403,15786900
2022-03-15,118.3105697631836,119.26613422771946,117.10496747479614,117.70330584786821,15096600
2022-03-16,123.5973892211914,123.67777360587253,120.05200043706434,120.44494231139302,20354900
2022-03-17,125.16020202636719,125.19593144330103,121.3826269790183,122.2220911288247,17050500
2022-03-18,125.11557006835938,125.78535360485641,123.65097728029042,125.19594082231158,23656500
2022-03-21,124.71370697021484,125.70498729177903,123.8921073492365,125.33884926222225,12676100
2022-03-22,127.36603546142578,128.5359218813849,126.56230065242858,127.05347798094074,13548600
2022-03-23,124.82980346679688,126.44621240575664,124.31183583757078,125.90145452215526,12093200
2022-03-24,125.64252471923828,125.66038943779361,124.231511742695,125.2942376547413,10017600
2022-03-25,126.7409439086914,127.86617569544812,125.74073787601876,125.99971492848394,8383500
2022-03-28,125.80321502685547,125.8925249564406,123.15087091420524,125.02627042123662,10818100
2022-03-29,126.08006286621094,128.2412433516535,125.24061217045993,128.0179821436087,11316500
2022-03-30,125.5085220336914,126.9195345859865,124.94591302284023,126.72306362131354,8771000
2022-03-31,121.73988342285156,125.33885316482775,121.68628928406396,124.87446601615179,17353900
2022-04-01,120.83790588378906,122.71330566555402,119.48941296091346,122.70436649521675,15721300
2022-04-04,121.37368774414062,122.29352253809758,118.67668939468186,119.77513037281696,17416400
2022-04-05,119.96125030517578,121.81455681141192,119.66435939964433,120.61801521489215,12110300
2022-04-06,118.29688262939453,119.25951644558293,117.82006157251607,118.37784913464786,12914700
2022-04-07,117.93701171875,118.68373487391258,115.81380302689927,117.81105924244488,12994200
2022-04-08,120.09620666503906,120.46505863888925,118.29687785055057,118.4588108545156,13126900
2022-04-11,119.65534210205078,121.36469864096541,119.26849307406596,119.65534210205078,10466400
2022-04-12,118.34184265136719,121.07682996506871,117.58612789144514,118.88164675290497,12989900
2022-04-13,114.52727508544922,116.28161783135096,113.36670724435488,114.20339536868362,30838000
2022-04-14,113.46568298339844,115.42695176030934,112.47604659659865,113.80755300363244,18835200
2022-04-18,115.57088470458984,116.27262177667819,112.94385967096716,113.06081356168386,11834400
2022-04-19,117.96400451660156,118.14394839833008,115.36397466799782,115.56190195566656,15015400
2022-04-20,118.37785339355469,120.1141992428093,118.16192897732081,119.2235401973993,13430200
2022-04-21,117.46018981933594,119.48443485637263,116.92039937946697,118.95363611910822,12174200
2022-04-22,114.08644104003906,117.42420202394086,113.9784857042953,117.20827762466395,14318800
2022-04-25,114.05046081542969,114.36534886821212,110.75769245408728,113.3667207663873,17149000
2022-04-26,110.67668914794922,113.72655716367177,110.54174500627884,112.13414765302868,17209500
2022-04-27,109.23724365234375,111.16252481086943,109.05731352802881,110.0559415049335,17215200
2022-04-28,110.9646224975586,111.24352317599842,108.98536322963464,110.48780138344301,13015600
2022-04-29,107.38396453857422,111.20753899362796,106.97011965651826,110.70372902658525,14874800
2022-05-02,108.36457061767578,108.59848527575916,106.35832291641712,107.85176220134701,18545000
2022-05-03,110.68571472167969,111.71133163200636,108.66146973594628,109.33621806452409,15720900
2022-05-04,114.34735107421875,114.6172531567878,110.42481349388046,110.47879802873133,17128500
2022-05-05,111.48639678955078,113.44766520962307,109.90299258655013,112.68295193850777,15055400
2022-05-06,111.30647277832031,111.81928117542357,109.02132454059345,111.37844757255442,14417900
2022-05-09,109.63309478759766,110.95560243867295,108.40955076101739,109.8580108680147,14312300
2022-05-10,106.96109008789062,111.36044804845142,105.76453489907055,110.75767460345868,16382400
2022-05-11,106.28634643554688,110.55975212521275,106.10641630996078,107.32996038285035,14630300
2022-05-12,106.19636535644531,106.44827023983183,103.79426353628972,105.26071374394307,16318800
2022-05-13,107.14103698730469,108.18465105304739,106.12441862096851,107.42893620314689,10443200
2022-05-16,106.39432525634766,107.47391990636999,105.46767192336434,106.64623021709318,10269000
2022-05-17,109.92096710205078,110.63170261055767,108.68842473455511,108.8953505110137,11160200
2022-05-18,108.04067993164062,109.73205316844519,107.53687013202756,109.12927974906616,12664900
2022-05-19,106.43930053710938,107.64485448806897,105.82752842704669,106.33134519432458,12765800
2022-05-20,105.56661224365234,107.66283184057187,103.4793912121837,107.47390314946973,13150100
2022-05-23,112.09819030761719,113.87053039147749,108.364581427024,108.37357999351177,24376700
2022-05-24,113.68158721923828,114.69820545840763,110.75767809706423,111.88225852866964,19324900
2022-05-25,114.47329711914062,115.03109152196792,112.61099207292516,113.6096201128851,12780400
2022-05-26,116.45256805419922,117.12731638851099,115.34598462970914,115.48992050790858,15990900
2022-05-27,118.09893798828125,118.09893798828125,116.18264861231768,117.10031005362546,11177800
2022-05-31,118.96260070800781,119.79029017606052,116.69545666725837,117.11828623794638,17015000
2022-06-01,116.87541198730469,119.53841107158583,115.75982312736578,119.53841107158583,10768000
2022-06-02,118.7557144165039,118.76470611953074,115.75982997366175,116.86641346876135,8374800
2022-06-03,117.1003189086914,118.54877910852959,116.94737761153944,118.04496925254918,8596000
2022-06-06,116.71345520019531,119.10656572570545,116.47055570362924,117.93699929590217,11323500
2022-06-07,117.01935577392578,117.24427187522622,115.7148314041518,115.90376696947148,6722200
2022-06-08,115.15704345703125,116.46155409438506,114.16741398760132,116.0567078590393,8422100
2022-06-09,112.7369613647461,115.24703312010699,112.70097395946144,114.5902749854795,13560100
2022-06-10,107.55489349365234,111.01860043856597,107.34796763897491,110.28986752765447,12945200
2022-06-13,104.35206604003906,106.11540734246348,103.51537791993975,105.13477649558172,16805600
2022-06-14,102.61571502685547,105.5486227715406,101.86000025675558,103.9562198694619,13357900
2022-06-15,103.83029174804688,105.2157691513519,101.81503816090215,104.0192204848612,14083500
2022-06-16,102.04893493652344,102.79565804880956,100.64546064462745,102.43579090978898,16724900
2022-06-17,101.68904876708984,103.12851018989197,100.9063452648846,102.14787945507142,30919900
2022-06-21,104.2081298828125,105.28772442537145,103.49739417780154,104.24411728275042,11680500
2022-06-22,103.62333679199219,104.54099137951715,102.91260115456578,103.35343475007033,9842700
2022-06-23,102.4897689819336,103.62334807194982,100.29459246666248,103.47040676802952,11851500
2022-06-24,105.54862213134766,105.99845431002949,101.50913108867529,101.8689982043996,14841100
2022-06-27,104.70293426513672,106.61022515236665,104.03718457004187,106.21437064311846,11280500
2022-06-28,104.19912719726562,107.32096366353588,104.0011999373796,105.86350491119775,11590900
2022-06-29,103.73128509521484,105.09877166028382,103.21847677532733,104.36104729020191,9338400
2022-06-30,101.31120300292969,102.63371069565692,99.79976662036917,101.8150128424851,15172600
2022-07-01,102.60672760009766,102.93959903531713,100.006698032334,101.34719606689474,10573600
2022-07-05,102.2164306640625,102.29811335104233,99.20312476515984,100.53732379142626,12514200
2022-07-06,101.55388641357422,102.55226983215822,100.55550299499022,101.40867040658897,10656200
2022-07-07,104.1224594116211,104.28583174661338,102.92439792988112,103.01515879940784,10347400
2022-07-08,103.79571533203125,104.966549252034,103.11499841979317,104.52181614159608,8807800
2022-07-11,102.43428039550781,103.67772576789007,101.85340252400628,103.0605421638434,7939500
2022-07-12,102.53412628173828,104.53997139779834,101.88971506636604,102.18015402152832,11250900
2022-07-13,101.57203674316406,102.08938128834953,100.18336850908824,101.42681382014564,12979900
2022-07-14,98.02322387695312,98.23198008574157,96.26243412106608,98.01414571362936,26204800
2022-07-15,102.51595306396484,103.36004222032456,97.72370763093286,99.07607006855429,18863900
2022-07-18,101.463134765625,105.13900226695833,101.0093234500571,104.16784632862746,13977900
2022-07-19,103.97723388671875,104.32213487677055,102.26182787440001,102.6793334034956,11862300
2022-07-20,103.95909118652344,104.14061293275311,102.99701346720677,103.55973503528523,11667500
2022-07-21,104.66702270507812,104.8576225923545,102.89716166279044,103.86831742630905,11595900
2022-07-22,104.15875244140625,105.51110792887272,103.16944038777078,104.5944073318473,7645500
2022-07-25,104.5762710571289,105.70172107742037,104.16783675588512,105.13899260496939,9394000
2022-07-26,102.94253540039062,104.90300319303206,102.5885632030431,103.99538075375946,10675100
2022-07-27,104.59442138671875,105.048232664598,102.83363833728244,103.47804952091771,9337400
2022-07-28,104.20413970947266,105.26606332469507,103.04238398730452,104.60349583569682,10384800
2022-07-29,104.70333099365234,105.73802007821718,104.18598645136994,104.91208028855732,12944500
2022-08-01,103.65955352783203,104.47641507318562,102.62486454525394,103.92276485492427,14740400
2022-08-02,102.04399871826172,103.83201616462607,101.89877579335833,103.39635431452609,14942900
2022-08-03,103.11499786376953,103.55973097180934,101.39051364380984,102.96977493279545,14394500
2022-08-04,101.98045349121094,102.85177016488359,100.76423587354057,102.42518652863971,18033900
2022-08-05,105.0663833618164,105.45666131685763,101.69910469139563,102.13475961702619,14174600
2022-08-08,103.78663635253906,105.91954794254511,103.63234218221672,105.51112056825411,10332500
2022-08-09,104.72148132324219,105.2751316009744,103.80478758600896,104.14968164237897,10233800
2022-08-10,107.45342254638672,108.34289560451963,106.64563911049727,107.06314461138093,12847300
2022-08-11,109.0417709350586,110.00384860746668,108.28844256817547,108.82394346528157,11684900
2022-08-12,110.84794616699219,110.95686337236488,108.40644607023346,109.52281799570703,9906700
2022-08-15,111.1474609375,111.38344474851088,109.45928237528908,109.94939940218362,8456200
2022-08-16,112.2093734741211,112.76302378413506,110.61196277026787,110.99316257973668,9555000
2022-08-17,111.26543426513672,111.7827857159737,110.44857958922745,111.00222984487874,8149300
2022-08-18,110.40318298339844,111.15651120183219,109.41387793779504,110.94775501283391,9531800
2022-08-19,107.6712646484375,109.81325450067376,107.1993039515802,109.47743857634038,13464500
2022-08-22,105.8923110961914,106.33705108878003,104.83039447638889,105.96492255513769,8967600
2022-08-23,104.84854888916016,106.4550446032187,104.72148229223701,105.91047248431808,7607000
2022-08-24,105.10269165039062,105.65634194716718,103.87739569629183,104.6398022216113,9771300
2022-08-25,107.5986557006836,107.77109927585279,104.99377649832141,105.4294383676452,10758900
2022-08-26,104.07706451416016,108.90561566350064,104.01353121974553,108.42457687370283,11276200
2022-08-29,103.82293701171875,104.24952069379636,102.97884781143607,103.46896479140118,8117300
2022-08-30,103.84110260009766,104.90301935575293,102.88809612218502,104.376596597961,10745400
2022-08-31,103.22393035888672,104.40383568715573,102.86995114333335,103.90464736833052,10738300
2022-09-01,103.93185424804688,104.0407645161226,101.57203713673447,102.82455369187618,9979800
2022-09-02,103.20574951171875,106.60025558691288,102.73378887744438,105.16621735703507,10666600
2022-09-06,103.23299407958984,104.14969485775177,101.7172659775536,103.76849502213983,9751900
2022-09-07,105.19344329833984,105.38404318181134,102.34350936043518,102.67932523505219,10647900
2022-09-08,107.64404296875,107.81649348502353,104.04078000512858,104.63073610193857,11435000
2022-09-09,108.16136932373047,108.96008153820604,107.70755808354569,108.13414175725697,9299700
2022-09-12,109.44112396240234,110.32151890539954,108.72410134825628,109.4774296937704,8614600
2022-09-13,105.63816833496094,107.93445185017829,105.08451812876909,107.16297421151057,12904600
2022-09-14,105.39312744140625,106.95423232841526,104.26767055303281,105.91954322994398,9345700
2022-09-15,106.98146057128906,108.35196548374964,105.06637664966534,105.39312128531932,10821400
2022-09-16,106.26444244384766,106.55488136271414,104.71240882197272,106.54580319895298,14844100
2022-09-19,107.24467468261719,107.76201921499737,104.8394737453862,105.28420681805444,8201300
2022-09-20,105.1299057006836,106.81808394188472,104.04983281394483,106.5639507743249,9619000
2022-09-21,102.09845733642578,105.82878652068666,102.03492403576533,105.77433138429497,12606300
2022-09-22,100.93670654296875,103.10592396061821,100.80963993542022,102.90624588458174,11684500
2022-09-23,99.05792236328125,100.1470666293607,97.26083363178914,99.88386218933628,18138600
2022-09-26,96.92501831054688,99.48451376623828,96.26245076554312,98.02324082588356,15753600
2022-09-27,96.07183837890625,98.17752226112906,94.98269416984998,97.79632248042036,12793600
2022-09-28,98.01414489746094,98.6857904856329,95.88123355837669,96.16259429758328,12762600
2022-09-29,96.35320281982422,97.36973553422631,94.75578536555122,97.07021846318578,12713900
2022-09-30,94.8465576171875,97.67834250014899,94.75579674601661,96.26244659636295,15973400
2022-10-03,97.7781753540039,98.3499750383792,94.8102458896218,95.8630913175498,12248100
2022-10-04,102.35260772705078,102.55228582683269,99.71142929936613,100.39214631701631,16013600
2022-10-05,101.08885955810547,101.60167335343623,99.66030285021894,100.50278465299489,10943500
2022-10-06,99.02843475341797,100.90571045714559,98.8452889715457,100.23721507884069,11521400
2022-10-07,97.05045318603516,98.63468477736758,96.40026946115013,98.46069135916748,11681100
2022-10-10,96.14383697509766,98.26836004377017,95.71343673068569,97.7372345165245,8931700
2022-10-11,93.3691635131836,95.73178233420262,93.26843121555032,95.57610768752039,12739700
2022-10-12,94.88011932373047,95.90575385333776,92.74643675976287,93.22262696465911,13181000
2022-10-13,100.15481567382812,100.64015835202872,93.18601079802045,93.38747537838252,22398700
2022-10-14,101.82146453857422,105.53021942862705,101.39106421861624,102.52658356155584,33387100
2022-10-17,106.09796905517578,107.15107474880033,104.68772420259666,105.68588755994007,22276300
2022-10-18,108.82688903808594,110.01735767004864,107.10529480386943,109.57780496566174,21539700
2022-10-19,106.69322967529297,108.81775337066692,105.92400184449335,108.04852553986728,17072000
2022-10-20,106.3452377319336,108.70785647438998,105.90568498102753,107.28845894082309,12207400
2022-10-21,111.93126678466797,112.07778202749257,106.52838184082461,106.64742591227989,20593300
2022-10-24,112.0686264038086,112.7279624850652,111.10710044077992,111.7847483080427,12624200
2022-10-25,112.36164855957031,112.88362172160647,110.70415618279235,111.5832685090341,11289100
2022-10-26,113.6528549194336,114.65101135359498,112.52648804820234,112.63637971430619,11667000
2022-10-27,114.1015853881836,115.56677290625414,113.74444614898407,114.65102983413941,10727600
2022-10-28,115.45687866210938,115.6400244667623,113.59792149728024,114.7334408565705,11859500
2022-10-31,115.27371978759766,116.69312415172827,115.00815349427032,115.10888577748291,13295200
2022-11-01,117.35245513916016,117.4715061957716,115.68581021224358,116.18031225073543,13386900
2022-11-02,116.27188110351562,119.37624908165756,115.96968425941513,116.89458657625418,16546100
2022-11-03,116.48249816894531,117.37992232993088,115.30119593470816,115.66748751829829,12474400
2022-11-04,119.6692886352539,119.80665846924897,117.63635202879402,118.57956620175044,14953200
2022-11-07,120.30113220214844,121.14361393665178,119.48612163494533,119.96231182336089,12011200
2022-11-08,120.37439727783203,120.93300098657986,119.17477635571635,120.1820991003853,9884100
2022-11-09,118.80850982666016,120.35610386313091,118.33231952221442,120.25538554057319,9494000
2022-11-10,123.69853973388672,123.85421433390835,121.36339278730976,121.45497265702897,16351600
2022-11-11,123.90000915527344,124.69670095537147,122.50807612477733,123.79927688386003,10704700
2022-11-14,122.62713623046875,124.29378105790795,122.62713623046875,123.44214686010653,11085600
2022-11-15,121.73889923095703,124.27551172382255,120.51180673695607,123.3322834036314,14038300
2022-11-16,121.90369415283203,122.30662327701408,120.90553771446262,121.793809472829,7893400
2022-11-17,121.37255096435547,121.69306655050822,120.21872000583411,120.87805597445403,8820200
2022-11-18,122.56304168701172,123.3231100656975,121.13448482032692,123.23154414814023,9468500
2022-11-21,121.83961486816406,123.22238183506421,121.56488916018174,122.47147980458445,7800500
2022-11-22,123.66193389892578,123.8725648586524,122.42568917954846,122.70956728607665,9185700
2022-11-23,124.98057556152344,124.99889433031097,123.49707667164108,123.5703377736648,7316200
2022-11-25,125.21871185302734,125.58500349011048,124.5959993022297,124.98060971310606,3220500
2022-11-28,123.03008270263672,125.19123683050562,122.88356046305546,124.60516184531049,9906900
2022-11-29,125.05386352539062,125.12712464315098,123.0850216381753,123.31395739125288,7925300
2022-11-30,126.53736114501953,126.53736114501953,121.96781251377331,124.6234616268747,14761200
2022-12-01,124.76081848144531,126.97691463608298,124.01905499052846,126.53734798077052,8858500
2022-12-02,123.77180480957031,123.94579818374828,122.10514614442009,123.15825878750316,8931900
2022-12-05,120.30113220214844,123.23152046335792,119.59602027727311,122.92932364992845,10154500
2022-12-06,120.50260925292969,123.72602829098362,118.92753028962653,122.15094932768046,13966700
2022-12-07,120.42019653320312,121.8670720542558,119.34877897086182,120.24620313901356,11739400
2022-12-08,121.68392944335938,121.77549535581866,120.35609096797697,121.18026801888281,8907300
2022-12-09,121.02458953857422,122.4897698494312,120.87806731555004,121.06121310776614,7957800
2022-12-12,122.90188598632812,123.30480120761078,120.5117959677682,121.24437925964982,8841600
2022-12-13,122.78280639648438,125.53918742079996,121.86706352118821,125.35604164036621,10025400
2022-12-14,122.16928100585938,124.27549276983027,121.57403965238406,122.50810145561336,9966100
2022-12-15,119.1381607055664,120.95132779332344,118.17662783505968,120.09967960294495,12087800
2022-12-16,118.39639282226562,118.9549965474988,117.6088533731357,118.26818937580855,21133700
2022-12-19,119.10153198242188,120.26452950136444,118.21326015727045,118.72607400001165,9017200
2022-12-20,119.67842864990234,120.92383941560155,119.22970964801857,119.93483551579986,8549900
2022-12-21,121.02458953857422,121.77549147859867,120.66745035315796,121.04289433660604,8051700
2022-12-22,119.65098571777344,120.2370606885674,117.5905639336046,120.05391488015606,8648200
2022-12-23,120.21873474121094,120.36525696844745,118.71691684485835,119.57771746346202,5091900
2022-12-27,120.63997650146484,121.07952918763898,119.550240198278,120.484301882885,5411000
2022-12-28,121.29932403564453,122.16927709178944,119.9714855059647,120.74072024622446,8827700
2022-12-29,121.99526977539062,122.04105971483582,121.1619403861219,121.729696510485,6585200
2022-12-30,122.80113220214844,123.01174916305784,121.2809955885126,121.61981600038357,9292500
2023-01-03,123.73519897460938,125.21871224767116,122.60883891255513,123.8450976445849,11054800
2023-01-04,124.8890380859375,126.07949283864728,124.14728847218983,124.53189886549863,11687600
2023-01-05,124.86134338378906,125.19344650754586,123.3391982014281,125.14731833662435,8381300
2023-01-06,127.25064849853516,127.65655392856925,124.06800139681229,125.58091267835742,10029100
2023-01-09,126.72481536865234,128.1178103133668,126.27279582879109,127.85950941163367,8482300
2023-01-10,127.8595199584961,127.97021633227186,126.66947763502837,127.11227720647598,9048700
2023-01-11,128.80967712402344,128.92037347696242,127.39824231868354,128.13623677339942,8703700
2023-01-12,128.6805419921875,129.94437242636852,128.43146109210693,129.15101562447867,11001700
2023-01-13,131.92774963378906,132.37056322485412,124.35397340286053,125.09198197829284,20200000
2023-01-17,129.88905334472656,130.5716998571132,128.44070987407977,130.23037660091987,14292900
2023-01-18,125.98682403564453,129.82444356300687,125.83921949480727,128.1547076642737,13392600
2023-01-19,124.30785369873047,125.36873142072389,123.23774189524636,124.83368959532557,13303400
2023-01-20,124.61226654052734,124.99049784740329,123.20083173812868,124.68606880111352,13092500
2023-01-23,126.632568359375,127.26910058498841,124.3724285154748,124.64916941674768,10487100
2023-01-24,127.72112274169922,129.41853266077536,124.5384756243457,125.84843419730726,6945000
2023-01-25,128.3391876220703,128.3391876220703,126.61410379069925,127.35211231112285,8967000
2023-01-26,129.132568359375,129.20637063279165,127.63811103263491,128.61596652180285,7487600
2023-01-27,129.4462127685547,130.31335768367455,128.92037692534547,129.7137336540936,7489900
2023-01-30,128.34840393066406,129.23400277147582,128.14545126374057,128.44064618523123,6729300
2023-01-31,129.11410522460938,129.21558157284034,127.53661182508125,129.04030296441033,9188700
2023-02-01,128.7727813720703,129.962823586279,127.4166946124427,127.49973096149544,8841800
2023-02-02,128.17311096191406,129.57532539154803,127.3059522235396,129.15096602388076,11822100
2023-02-03,130.15652465820312,131.3004385410896,127.42591149773286,127.47202559211956,11501200
2023-02-06,130.92222595214844,131.21743502591008,129.17868782973096,129.36318646266028,8406200
2023-02-07,132.5181427001953,133.15467486781688,130.23954897835594,130.42406166418485,10447900
2023-02-08,131.58641052246094,132.87791481564662,131.25430740759305,131.59563052586188,6958000
2023-02-09,129.53846740722656,132.23218690992869,129.03108560033974,132.02923418717396,6443100
2023-02-10,130.1104278564453,130.33183468351544,127.85028770927389,128.94807368610296,6582900
2023-02-13,131.5218505859375,131.66944103130464,129.83366081928747,130.35026256892732,7134600
2023-02-14,132.10304260253906,132.6657726188391,130.62703936769975,131.45729030752534,9249400
2023-02-15,132.65655517578125,132.73957745609866,130.35028688022297,130.63626189665706,6728300
2023-02-16,130.82998657226562,132.27831565300778,130.70082204237585,131.8355161088989,8165300
2023-02-17,131.2174530029297,131.76172897135817,129.21561370488698,130.05508471117597,7948800
2023-02-21,128.80967712402344,130.3871564587718,127.99786633222567,129.7875324452297,9996300
2023-02-22,127.82257080078125,128.6251474060241,126.78936743988562,128.15467389197485,11107500
2023-02-23,128.8465576171875,129.30781114087313,127.25062436661048,127.97939874044401,8068000
2023-02-24,130.0089569091797,130.40564239801506,128.1639421690133,128.33000081532785,9126900
2023-02-27,131.14361572265625,132.20449328145548,130.7377103371305,131.09748755132986,10014700
2023-02-28,132.2414093017578,132.61962654587361,130.90376263556865,131.8631779812996,11019800
2023-03-01,131.50338745117188,132.3428722747317,130.81150713916256,131.08826207923448,7139200
2023-03-02,130.13809204101562,131.39268826747863,128.72664313356037,131.2174237309055,11106800
2023-03-03,132.52740478515625,132.60120705981493,130.14733421370593,130.5440056041087,9513100
2023-03-06,131.7525177001953,132.877963812771,131.6049131333064,132.324467801457,9261300
2023-03-07,127.87794494628906,131.28199880341774,127.1307163584009,131.00524382514803,11747600
2023-03-08,127.12149810791016,127.85027262027845,126.28201315690055,127.30599673718818,10002500
2023-03-09,120.23957061767578,126.70635432127048,119.2063671822897,126.16206444067002,25888100
2023-03-10,123.2930908203125,124.77832808584189,117.91487879327784,118.96654355462098,37599700
2023-03-13,121.07906341552734,123.50526172401649,119.38165363815746,121.04216932312453,42901100
2023-03-14,124.18790435791016,125.02738921791932,121.11595395004771,124.79676243723604,29648100
2023-03-15,118.3207778930664,120.83923288599676,116.90934992815797,120.82999880439688,34280600
2023-03-16,120.6178207397461,121.72482660430684,116.25435842995631,118.09014585331869,24558500
2023-03-17,116.06062316894531,118.52371558895283,115.72852002937451,118.4314733190589,38396000
2023-03-20,117.28754425048828,119.43698733822983,116.24511383126978,117.14916678715163,22875500
2023-03-21,120.43331146240234,121.52186314469817,120.1012083247568,120.47020555487761,17807800
2023-03-22,117.32447052001953,120.53479879711034,117.23222120408215,120.44254244300132,17250200
2023-03-23,117.01081085205078,119.49235749309963,116.25435522322675,117.98867327821704,16677600
2023-03-24,115.23037719726562,115.94070464118424,113.56986142967864,115.89457646612907,22311100
2023-03-27,118.532958984375,119.35398985556544,116.5034388565988,116.96469247134272,18853900
2023-03-28,118.89274597167969,119.31709144922273,117.84108116887145,118.73592141899253,10820500
2023-03-29,119.13257598876953,120.12888542669916,117.86873862557152,120.01818907015445,14595300
2023-03-30,118.77279663085938,120.03662693329807,117.75804016436587,119.87980240554847,12134700
2023-03-31,120.21192932128906,120.23960341540405,118.86507648654305,119.61230518033767,13105200
2023-04-03,120.07354736328125,121.25435552036943,119.3816669239088,119.84292055015709,11775400
2023-04-04,118.4683837890625,120.4702229073124,117.53665649917986,120.38720063002806,11579900
2023-04-05,118.64503479003906,119.14709201057964,117.57582414515304,117.89194186582034,9614700
2023-04-06,118.5148696899414,119.08201601577716,117.94772336410566,118.0778873969131,8760200
2023-04-10,118.90535736083984,119.22146797348508,117.35268138916051,117.65020018070031,9477300
2023-04-11,119.49110412597656,119.88159621491059,118.5799488250562,119.28655862413275,10516300
2023-04-12,119.47249603271484,121.26690103116188,119.06340506045575,120.10471721761407,11821000
2023-04-13,119.9280776977539,119.9745537010394,117.919820654687,119.43531289368853,12450200
2023-04-14,128.9838104248047,129.3464112241228,125.42287735108336,125.65531412466714,43931300
2023-04-17,130.00653076171875,130.22036860936103,127.98898138025827,130.11809586712968,16050500
2023-04-18,131.46624755859375,131.8195560320996,129.26275124856613,130.41564287639508,13760100
2023-04-19,131.29888916015625,131.55921721829318,130.53648971360158,131.30818152408432,9158100
2023-04-20,130.9176788330078,131.49411745979074,130.01582306650377,130.0809121691736,10586200
2023-04-21,130.66665649414062,131.19661917231718,129.03030663899233,129.92287013341033,11842500
2023-04-24,130.84332275390625,131.18733887353952,130.20179489998168,130.5923012181402,7567500
2023-04-25,127.99828338623047,130.1274122203145,127.96109974389691,129.79270269205225,10629300
2023-04-26,125.72970581054688,128.12845521125487,124.5861207639031,127.95180097908714,14416100
2023-04-27,127.42182159423828,128.2214045340633,126.1294739087224,126.44558446505003,9041100
2023-04-28,128.5282440185547,128.60262548886095,126.13878716546598,126.96626151575278,9887300
2023-05-01,131.28030395507812,133.29785370973943,130.9363020252192,132.26583373334603,20415800
2023-05-02,129.1604461669922,132.4052681693228,128.7048650486828,131.4662146588088,14113400
2023-05-03,126.42700958251953,128.92803160871594,126.22246408088758,128.71419374312444,12930900
2023-05-04,124.69766998291016,126.18527093974366,122.54995656425722,125.47866828799553,17089200
2023-05-05,127.13361358642578,128.1935246297932,126.36192185155446,126.85468664094724,11261400
2023-05-08,127.44046783447266,128.27723472064378,126.89190615145786,127.83095999380703,7484900
2023-05-09,126.8267822265625,127.32883932696265,125.7110887470415,126.38049348530426,7343600
2023-05-10,126.89187622070312,128.36087829464017,125.39498286959376,128.2586055494036,8133400
2023-05-11,126.49209594726562,127.19869863687757,125.42287826886732,125.51585865370714,7057300
2023-05-12,124.67908477783203,127.36605317835334,123.77722900657062,127.20799788265374,9988600
2023-05-15,125.72970581054688,126.13879683518456,124.54893711930691,124.83715647207913,7639500
2023-05-16,124.88363647460938,126.38982222709488,124.54892695329985,125.9435475942871,6477200
2023-05-17,128.72348022460938,128.85364424817092,125.94354553851306,126.35262233626756,12711500
2023-05-18,129.69970703125,129.91354486981814,128.08194213737082,128.55612218887362,10999600
2023-05-19,129.4022216796875,130.62020255279398,128.4259983696086,129.96936809698425,13492200
2023-05-22,128.33297729492188,131.689364532914,127.9889754446489,131.09432702029443,11402500
2023-05-23,126.9941635131836,129.2627488951612,126.87330602719749,127.877420494051,9514900
2023-05-24,125.83195495605469,126.77100850099497,125.59022584449683,125.88773750589009,8578000
2023-05-25,126.1387710571289,126.69662491977871,125.12535025390105,125.34849463632358,8472500
2023-05-26,127.31953430175781,127.93317061984663,126.10156821352174,126.54784272358141,8579900
2023-05-30,127.80304718017578,128.04477632756996,126.46420903839032,127.18941066738822,7399900
2023-05-31,126.17597198486328,127.2265764509332,124.9579914943427,127.1243037131586,14219900
2023-06-01,127.91461181640625,128.5189417760317,125.93424589021166,126.92908212873873,12248100
2023-06-02,130.6015625,131.54060186472486,129.55094384800705,129.7554893233829,12922500
2023-06-05,129.31854248046875,130.26688865425152,128.4259930589933,130.26688865425152,8511900
2023-06-06,129.55093383789062,130.2575505843406,128.50032945388895,128.9372974591774,9329500
2023-06-07,130.80609130859375,131.3453462034374,129.07676153782333,129.7461804288836,9281400
2023-06-08,130.84332275390625,130.99208571446027,129.68113872485935,130.78754019040267,7368100
2023-06-09,131.10360717773438,131.8381151840833,130.3598209963139,130.48998499674371,7249100
2023-06-12,131.09434509277344,131.3918709835064,129.94145354640617,131.15943420142702,7596600
2023-06-13,132.04266357421875,132.8329399562422,130.29473479805242,130.6108453508618,7701600
2023-06-14,131.54989624023438,133.52095516219686,130.81538823204582,132.9538089760155,9068700
2023-06-15,133.03750610351562,133.32572542805949,130.1924823122168,130.71313840646567,9343100
2023-06-16,133.19557189941406,133.85569861958822,132.48896917108857,133.0003329420945,13813500
2023-06-20,132.51683044433594,132.95381264180995,131.1315023941723,132.59121190207753,8428600
2023-06-21,132.32162475585938,133.90219211599842,131.73587949582742,132.86086563296203,9926500
2023-06-22,129.77410888671875,132.58194925175235,129.18836364249506,132.312314633662,10075200
2023-06-23,129.09536743164062,129.40217143539687,127.9517684885725,128.80713396524297,9919500
2023-06-26,129.41148376464844,130.1738689072679,128.0168633016688,129.11395792287587,8429700
2023-06-27,129.42079162597656,130.0158291939676,128.80715514394416,129.2348450460071,8154000
2023-06-28,128.85365295410156,129.43010582894865,128.26792190190724,129.3836156345039,7558600
2023-06-29,133.35362243652344,133.4744941017453,130.02514023569887,130.22968573677505,15423200
2023-06-30,135.222412109375,135.74306818320116,133.5674635089359,134.4414279986358,14212800
2023-07-03,136.3102264404297,137.11910189866717,135.74308012722005,135.9197343507007,8021600
2023-07-05,135.40216064453125,136.14169879641477,135.14004477164264,135.68300316098157,8934900
2023-07-06,134.0635223388672,134.23201930820707,132.4065640524601,133.88565490395533,9709500
2023-07-07,135.121337890625,136.52553639400776,133.86692398915542,134.71880784275996,8981500
2023-07-10,135.8795928955078,136.66595485612726,135.2711126354132,135.2711126354132,9100100
2023-07-11,138.00462341308594,138.37908490759793,136.40384516231424,136.99359880427176,11260900
2023-07-12,138.68795776367188,140.29810603554432,137.61141161777365,138.03266818424507,11323200
2023-07-13,139.36199951171875,139.83006562336877,138.31353599258082,139.20285874786703,11234900
2023-07-14,140.20449829101562,143.12522565695673,138.93135815740828,141.87081216355804,27028400
2023-07-17,143.583984375,143.9303487734473,140.7475044980093,140.7475044980093,17262400
2023-07-18,143.84608459472656,144.5388133160355,143.05973693495963,143.58396870813758,13491700
2023-07-19,144.3983917236328,145.2970849199136,142.49804450203536,142.99419342486166,12510000
2023-07-20,146.1770477294922,146.58894821231368,144.5481867273733,144.6605180284174,9935900
2023-07-21,145.0537109375,146.16771076680183,144.81032165848947,145.84942918250036,10636400
2023-07-24,147.90890502929688,148.64844326937535,144.84774837498787,145.07242527179113,14381400
2023-07-25,146.80426025390625,147.6467735305015,145.99918598070113,147.25359971580744,9944700
2023-07-26,147.68421936035156,148.14292930748638,146.29874762297274,146.70129192030421,8728600
2023-07-27,146.05535888671875,148.63907877636402,145.61537558273733,147.69359033815113,10778400
2023-07-28,146.88851928710938,147.53445284492707,146.4485359733566,147.234883659289,9103800
2023-07-31,147.8714599609375,149.20076607298495,147.11318082189925,147.14126364731788,8892700
2023-08-01,147.14126586914062,147.90890120016138,146.17705075722094,147.37529894065986,6853900
2023-08-02,145.4749298095703,145.74641613115145,144.1081848752588,145.62471438118453,8299400
2023-08-03,146.36428833007812,146.897876304198,144.4920237619121,145.10050403286803,6084000
2023-08-04,146.05535888671875,147.7216731631504,145.75578970773367,146.4110794314577,6209400
2023-08-07,146.74810791015625,147.62807463981366,146.59833758419595,146.59833758419595,7251800
2023-08-08,145.92431640625,146.01792107141907,142.84443295199063,144.46395221454787,8623400
2023-08-09,143.9677734375,145.58729252584976,143.66821854323672,145.40006893140463,6277800
2023-08-10,143.75245666503906,145.51238975141104,143.31247339344608,144.520091916497,5995100
2023-08-11,144.58560180664062,144.65113791090116,142.88184879101806,143.2562959220307,5180700
2023-08-14,144.88519287109375,145.02560699541831,143.15334248845306,143.7992760288352,5044300
2023-08-15,141.19683837890625,143.48100350640703,140.6351532778257,143.08782964934886,10300300
2023-08-16,140.59768676757812,141.31851250663752,140.12025023977912,140.98150436876168,6978200
2023-08-17,139.13734436035156,141.599362526,138.9220236528226,141.24364197541,9953900
2023-08-18,139.4556121826172,139.9517610959369,138.02333108805377,138.2199108469386,8517500
2023-08-21,139.9330291748047,140.5134408185697,138.56628424091537,140.09216992550452,8327000
2023-08-22,137.03103637695312,140.08282221486544,136.534887452353,139.72708740694694,9673300
2023-08-23,137.95777893066406,138.16372912931953,136.1697775285071,137.00293450152532,7858000
2023-08-24,137.82675170898438,139.86752750903037,137.60208910349877,138.0795114244007,6534000
2023-08-25,137.65826416015625,139.12798451368934,136.53490820324166,137.87357059987212,6695500
2023-08-28,138.13565063476562,139.11859219835208,137.73312068749019,138.14502109769722,5094100
2023-08-29,139.259033203125,139.3432959645767,137.7799424826576,138.27610573389072,6337000
2023-08-30,138.69735717773438,139.62411896057506,137.78930775518225,139.127970012283,6277300
2023-08-31,136.98422241210938,138.87521339871287,136.637858079505,138.79095064722685,10933900
2023-09-01,137.44296264648438,138.62248430088263,136.39448466943944,136.75957572562794,7903500
2023-09-05,135.9263916015625,138.74415864513009,135.74852419936798,137.76121698537963,7854700
2023-09-06,135.70172119140625,136.2446652620402,134.90600315934276,135.45831769328464,8629200
2023-09-07,134.54090881347656,135.99191644968522,134.2319835011811,134.92472640913843,8373700
2023-09-08,134.64390563964844,134.91537771193597,133.53926213708527,134.21327851187928,7107900
2023-09-11,135.23367309570312,135.78598770305322,134.5128472530841,135.5051451671015,6854200
2023-09-12,136.99359130859375,137.9110112067669,134.84985472125945,135.2711113808214,8363200
2023-09-13,137.05914306640625,138.26674753287986,136.50682839895887,137.9297393099169,8325900
2023-09-14,139.71771240234375,140.32619253830543,138.0982079097636,138.39776274640508,10034900
2023-09-15,139.3058319091797,140.16707182842225,138.83776580409716,139.4088070236676,19863400
2023-09-18,139.59603881835938,139.61476546325227,138.31354218596897,138.6973598429271,6512400
2023-09-19,139.41818237304688,140.15773491994022,137.80804789167848,139.95178466264682,7943400
2023-09-20,138.82843017578125,140.65388539898544,138.67864557176296,140.09220027603982,7332000
2023-09-21,137.74246215820312,139.3432541661695,137.26503997966475,138.15436252442794,8052400
2023-09-22,136.4225616455078,138.0888760647545,135.9170564679509,137.88292580761203,7071700
2023-09-25,137.09658813476562,137.1621242596877,134.52222401576978,136.06685105771544,7044700
2023-09-26,135.67367553710938,136.52555953510836,135.01838564797487,135.364764384141,7468400
2023-09-27,136.46934509277344,136.7595437767897,135.28045325041472,135.91703054679127,6717800
2023-09-28,138.16375732421875,139.36200547860716,136.68466663396703,136.9374263446685,8868100
2023-09-29,135.75790405273438,139.25902955568586,135.60811946323787,139.109259250434,11917800
2023-10-02,134.5877227783203,136.31955867978297,133.520532702074,135.58002056869492,9170600
2023-10-03,133.59542846679688,134.41921506435102,133.25842031372002,134.0541240888714,9431100
2023-10-04,134.1945343017578,134.30686557614808,132.86521422834636,134.04474974640985,8128700
2023-10-05,134.7603759765625,134.9489954403181,132.8082911555661,133.94936120720567,8576200
2023-10-06,136.83505249023438,137.57062223122574,134.04364892699462,134.76979345220388,10270600
2023-10-09,136.5238800048828,137.11798531189535,135.32621539355333,135.47710521963256,6964900
2023-10-10,137.35374450683594,138.40995889388373,137.004824376904,137.13684937657925,11288800
2023-10-11,137.82525634765625,138.84374102392985,136.75963119469503,138.16475123974746,8698200
2023-10-12,137.50462341308594,138.58912775754237,136.86336329119763,137.96671807007812,10484400
2023-10-13,139.56988525390625,144.38881902981274,139.41899543795483,140.0414051365208,29427000
2023-10-16,139.42843627929688,141.00331097441395,138.36279673046786,140.93729128323395,12663500
2023-10-17,139.12667846679688,140.80528837588392,138.4288237446185,139.16440812185908,11482700
2023-10-18,137.59893798828125,139.07950296279404,137.0896884480104,138.24019813274663,9620300
2023-10-19,137.0142364501953,138.64570554852048,136.62760109586821,137.1934163017745,11143600
2023-10-20,134.8075408935547,136.87280042471613,134.02481610747344,136.33527520394097,13332900
2023-10-23,132.96861267089844,135.49595244442185,132.71398789413,134.7981121972243,10133400
2023-10-24,133.12890625,133.6570061539827,132.36504643247912,133.14777107218316,8881400
2023-10-25,132.4027862548828,133.13835617043748,131.5634813825373,132.5631156887243,8242600
2023-10-26,132.7422637939453,133.60043337964612,131.48801925860812,131.79922408824612,9109400
2023-10-27,127.96109008789062,131.1768596947608,127.4895701240556,131.03539507182188,17434700
2023-10-30,129.59249877929688,130.1771787206291,128.2910995399268,128.66832400985257,9855500
2023-10-31,131.13909912109375,131.3088537506683,129.63966944313077,129.86600415268222,9672500
2023-11-01,131.02593994140625,132.52536963058716,130.5827101254128,131.3182799499032,9432000
2023-11-02,133.3646697998047,133.42124987825363,131.29941059855653,132.1104252988265,10186200
2023-11-03,134.85470581054688,135.58085056324327,133.77021568051663,134.0908457932642,9538700
2023-11-06,135.87318420410156,135.9769191638664,134.65665473143704,135.01501448146942,7625100
2023-11-07,135.80715942382812,136.04291937904668,134.68495412429016,135.33563951339102,6297900
2023-11-08,136.47671508789062,136.58987525429612,135.4393655970245,135.90146025925483,7618200
2023-11-09,136.0712127685547,137.35374753206762,135.51482271407195,137.15571722301596,7992500
2023-11-10,138.08929443359375,138.13644929586334,135.87315980335984,136.68417450960825,7983300
2023-11-13,137.476318359375,137.91954814389777,136.89163838389518,137.40087346098358,6676300
2023-11-14,139.98483276367188,140.74869271323962,138.174198041455,138.32507347607216,9927700
2023-11-15,141.2107696533203,141.6068445999882,140.00367999024377,140.00367999024377,8365300
2023-11-16,142.82337951660156,142.89882442983355,141.5408447709493,141.5408447709493,8126200
2023-11-17,144.1153564453125,144.15307170777956,142.90825220167514,143.53066195472735,7812400
2023-11-20,144.55857849121094,144.99238317230925,143.2666184458422,143.41750828184567,7019000
2023-11-21,144.25682067871094,144.87923049221965,143.87961045881642,144.4737158356679,7083500
2023-11-22,144.59628295898438,145.11495768637337,144.19076839406415,144.67172786384498,5174500
2023-11-24,144.79432678222656,145.6430712490366,144.54914161073685,144.84148165087916,3496900
2023-11-27,144.46424865722656,144.78487868997536,144.01159364689627,144.69056896757002,6259100
2023-11-28,144.79432678222656,145.10553164775902,144.02104161697716,144.492561524212,6582700
2023-11-29,145.52992248535156,146.76530243681577,145.22814281403222,145.3884578683031,9126100
2023-11-30,147.1896514892578,147.2368063564752,145.5864867313831,146.08629666666795,9869800
2023-12-01,147.90635681152344,148.86826142383205,146.94446658886,146.94446658886,8916000
2023-12-04,148.99085998535156,149.04744006979425,147.0010454744615,147.1330704680428,9607500
2023-12-05,148.9719696044922,149.4717794508536,148.02892998650574,148.30240514427905,9135600
2023-12-06,147.40655517578125,150.15080456532945,147.11421512755064,149.79244482122945,9366000
2023-12-07,147.8592071533203,148.34959188917585,147.25566224366952,147.7649118050395,8130900
2023-12-08,149.4906768798828,149.73586205376884,148.038387493204,148.30243749266455,7369400
2023-12-11,150.0376434326172,150.22624852159782,149.14174407807883,149.4906786018212,8093900
2023-12-12,151.37672424316406,151.49930960914043,149.83013983774387,150.16019507185587,10223000
2023-12-13,151.885986328125,152.80073607591623,150.66947133004385,151.376751172791,12379100
2023-12-14,154.64907836914062,155.4506534429621,152.49894910461222,152.61210925864745,13643000
2023-12-15,155.81845092773438,155.8656057922749,153.14022154170772,153.79092125929148,20309300
2023-12-18,156.76148986816406,157.61023425667324,156.19567466546889,156.46914985499157,8469600
2023-12-19,158.8550567626953,158.87392158842906,156.12024700678276,156.54461205309389,10345700
2023-12-20,157.06329345703125,159.760388064777,156.9689837140342,158.42127317416848,10734700
2023-12-21,157.9591827392578,158.51557282494355,156.2428432197769,157.33677295375506,7601700
2023-12-22,157.86485290527344,158.64757764689784,157.70453786994963,157.95916263882626,6576300
2023-12-26,158.79844665527344,159.15680632823958,157.6573623432536,157.9214266846687,4683600
2023-12-27,159.7509307861328,159.8169504768574,158.03460589267718,158.27979105184372,6428600
2023-12-28,160.59967041015625,160.93916529174086,159.373715871676,159.70378553614376,6320100
2023-12-29,160.4110565185547,160.96744648038407,159.96782671448216,160.31674679399487,6435100
2024-01-02,162.2783203125,162.36319045657115,159.28888532426006,159.4586256124024,9977400
2024-01-03,161.5709991455078,162.24054929758722,160.6656746705868,162.07080905271448,9852300
2024-01-04,162.64320373535156,164.48398435248927,161.81769021916986,161.91258148993217,11972500
2024-01-05,163.45924377441406,164.5124733318374,162.70015693042274,162.70015693042274,10066000
2024-01-08,163.22201538085938,163.54462255510825,160.8214137681895,163.22201538085938,11229900
2024-01-09,161.9315948486328,163.00379113396048,161.4002383747752,162.84248752428073,9923600
2024-01-10,162.2731475830078,162.33007655293576,160.30901125024462,161.3053116591082,9670200
2024-01-11,161.58999633789062,161.6469253167498,160.01489369036094,161.6184608273202,11919500
2024-01-12,160.40391540527344,167.29259640908697,160.26157849064393,164.9109759460637,19436500
2024-01-16,159.3981170654297,159.49299385483397,155.8968406686566,156.43768035554754,17206400
2024-01-17,158.54417419433594,160.42291746804034,157.9748698967347,158.78138793793093,11107500
2024-01-18,158.85728454589844,158.9616591633274,156.788787827513,158.57262518214884,9382300
2024-01-19,161.59947204589844,161.84618358047715,158.53467484219206,158.98063779337124,13115700
2024-01-22,161.40969848632812,163.1840524158629,161.03016233915122,161.7418034738899,12837500
2024-01-23,160.34698486328125,161.06810933054288,159.8251118048267,160.99219920582442,8360800
2024-01-24,161.7797393798828,162.26365010364287,160.2236181256864,160.6980455138972,9967100
2024-01-25,164.094970703125,164.142416344373,162.1687963911467,163.49718747582935,8873500
2024-01-26,163.46871948242188,164.20882513921873,162.9942920368661,163.78184333389387,7443000
2024-01-29,163.8957061767578,164.00008079702863,162.5388505916141,163.43077653240536,6971200
2024-01-30,167.254638671875,167.71956825499603,163.9905758624225,163.9905758624225,10822100
2024-01-31,165.4423370361328,169.18082757038678,165.42335588463555,167.18822653609234,11521800
2024-02-01,164.84454345703125,165.89777288401743,162.6621744802231,164.7591499982318,9354800
2024-02-02,165.7934112548828,166.82767409091414,164.39859340512308,164.4365557087008,8607600
2024-02-05,165.57518005371094,166.13500096991308,164.07598757427212,164.9679134968324,7820200
2024-02-06,166.1444854736328,166.87509326368186,164.87300900590824,165.6795413976579,6764800
2024-02-07,166.4575958251953,166.87509426680478,165.0627925456374,166.70430734707855,7225500
2024-02-08,165.85984802246094,166.34375883435635,164.69276048884402,166.04961611663302,6060300
2024-02-09,166.05909729003906,166.14450523792445,164.78763514943896,166.04961395288615,6296700
2024-02-12,166.7991943359375,167.76703037532326,164.81609109548293,165.84085611158963,8539300
2024-02-13,165.34747314453125,167.21671872127277,163.791351466665,166.35327164321185,8397600
2024-02-14,167.02691650390625,167.09334329239704,165.49925963075256,166.11602396443158,7056700
2024-02-15,170.6705322265625,170.9931539074644,167.1407907162721,167.1407907162721,8723400
2024-02-16,169.8734893798828,170.77489862748652,169.04799026069725,170.42382695213206,8152600
2024-02-20,170.53770446777344,171.2303790396539,169.28522340114444,170.02532914014753,9668000
2024-02-21,171.64784240722656,171.73325035019496,169.38957763277347,170.7464331647667,7024000
2024-02-22,173.7069091796875,174.0389997758875,171.97050261854773,172.5208403110166,9296500
2024-02-23,174.57981872558594,175.72792504973566,173.82073190790015,174.40901731437765,7105800
2024-02-26,173.98204040527344,175.02578661879247,173.1470434344582,174.3520932485434,7145400
2024-02-27,174.0674285888672,174.15282205509578,172.91932226723353,173.93458948194154,5717100
2024-02-28,174.9498748779297,175.7279283839972,173.60250262820136,174.04845112073724,6131600
2024-02-29,176.54393005371094,176.89500171310078,174.4469689552258,176.16439390725577,9643000
2024-03-01,175.81332397460938,176.90451583340356,175.6330536993716,176.20235797152844,6311800
2024-03-04,177.13223266601562,177.99569413338153,174.84550327171607,175.26300176048102,7063600
2024-03-05,178.90658569335938,179.61822683416162,176.82859124567665,176.82859124567665,6617800
2024-03-06,179.8364715576172,180.3488613215342,178.03365300369188,179.57079333868876,7572900
2024-03-07,178.2613525390625,180.75684537868307,177.0847818143066,180.1970245029766,7618300
2024-03-08,178.59349060058594,180.718931028777,178.30883120277076,178.80223986042517,6172200
2024-03-11,178.6598358154297,178.80217270006293,176.69571421717296,177.70149783040685,5762600
2024-03-12,180.13058471679688,180.43422519054923,178.29930197399256,179.28610455693834,5708400
2024-03-13,181.5918426513672,181.92393315603576,180.1305981000231,180.6240066673423,7795500
2024-03-14,178.35626220703125,181.8290747228508,177.5307630516754,181.25975597395745,10310900
2024-03-15,180.56710815429688,181.17437477098684,176.94247512959424,176.94247512959424,17214200
2024-03-18,182.80636596679688,182.84431378763173,180.1780341639533,180.88019191558524,9013800
2024-03-19,183.8785858154297,184.01142492310007,182.54071140188407,182.85383525818784,8478700
2024-03-20,186.28868103027344,186.50691359955096,183.70779458867116,184.25813215855158,9367000
2024-03-21,188.87904357910156,189.23011523950757,186.2886739000261,186.46895863754574,11203800
2024-03-22,186.56382751464844,190.22640764871292,186.48791739268526,188.83158992418737,8108800
2024-03-25,184.85592651367188,186.86749435505874,184.41944687042397,186.54488715000187,8620000
2024-03-26,185.71939086914062,186.60183357532804,184.13480470728916,184.6376967146513,5961500
2024-03-27,189.31552124023438,189.39143136464278,186.33611762948894,186.4499755769137,8725800
2024-03-28,190.05563354492188,190.45415085331146,188.38563970590695,189.28706341600085,8628300
2024-04-01,188.7652130126953,190.6629229824968,188.414141301363,189.76151364251672,7309000
2024-04-02,188.6892547607422,189.56219938684464,187.94914921951673,188.2432918732891,7014700
2024-04-03,188.1579132080078,189.35346506585586,187.5885945261513,188.86005650680525,9353400
2024-04-04,186.72633361816406,190.5725228336972,186.63090338860295,190.06669747224808,9243800
2024-04-05,188.44422912597656,189.08366842916283,186.21096089165496,187.21307291356746,6532300
2024-04-08,189.42726135253906,189.90445619693176,188.60648563767035,188.60648563767035,8001000
2024-04-09,188.1579132080078,189.80901778367087,186.02008971749524,189.03596449913155,7351500
2024-04-10,186.55455017089844,188.0815794697576,185.32337934002095,186.63090309212447,7681400
2024-04-11,186.51638793945312,187.60440627028007,184.42628655151975,187.0603971048666,10137700
2024-04-12,174.45289611816406,180.31284860479283,174.2142986804954,179.73068483719993,31532300
2024-04-15,174.54832458496094,178.90989232756837,173.88979338856458,176.0848925222756,14766600
2024-04-16,172.5536651611328,174.80602549423577,171.45610823988386,174.55787484556882,16451800
2024-04-17,171.86648559570312,174.09975382543902,171.02661806472688,173.0976418055842,9017100
2024-04-18,172.98312377929688,174.99688652001322,171.7615061943233,172.83997115716338,9557700
2024-04-19,177.32562255859375,177.40197548789726,173.13585204182792,174.08068859594022,13402300
2024-04-22,180.77096557617188,181.45812735942548,177.49740116944542,177.5069543871332,11529700
2024-04-23,183.37644958496094,183.46234116906865,181.8303428196935,182.41252116114381,9144400
2024-04-24,184.2735595703125,184.41671219594375,181.49628213042132,181.83986299476692,6964900
2024-04-25,184.55032348632812,185.0943325814848,182.46020780549338,183.48141172959566,9802300
2024-04-26,184.6648712158203,185.9819191199223,184.25447606565834,184.74122414056745,6413700
2024-04-29,184.46441650390625,185.39971421292185,183.653179537329,184.65529150697463,5387800
2024-04-30,182.9946746826172,186.09644101035263,182.89922989355478,184.0158640239999,8153700
2024-05-01,183.1092071533203,185.59062618122607,182.08800319125083,183.50051042268325,7445300
2024-05-02,182.9183349609375,184.67440852887157,180.87594156798932,184.26402794452196,6501700
2024-05-03,181.82077026367188,183.74864146909349,179.86428309609008,183.2428161104816,8922800
2024-05-06,183.24281311035156,183.43368812810877,181.16225065998637,182.98512382682264,7911100
2024-05-07,183.00421142578125,184.13038419824304,182.90876663771533,182.9564890317483,7688800
2024-05-08,186.72633361816406,187.6807232907595,182.28842746572758,182.28842746572758,9227600
2024-05-09,188.4919891357422,188.57788072431907,186.2014593966942,186.26825911130967,7977300
2024-05-10,189.70404052734375,190.24803507157247,189.22684568795714,189.48452041598773,7529800
2024-05-13,189.66586303710938,190.73478941529618,189.00733180699527,189.73267730698475,7049200
2024-05-14,192.31906127929688,192.385875547787,189.121864553999,189.9235483988948,8596200
2024-05-15,192.89169311523438,193.44524086083933,190.65842482501571,192.79624832491854,8370000
2024-05-16,193.23526000976562,195.15357782872618,192.77715708757773,192.99666261404684,8497900
2024-05-17,195.44943237304688,195.69758297985828,193.55974511421746,194.51413467806674,9260500
2024-05-20,186.65951538085938,196.4897309451442,186.48771768417754,195.06768523154884,17373300
2024-05-21,190.4198455810547,190.78250378063117,187.6330292793257,188.0147793513531,14420800
2024-05-22,189.26502990722656,191.77507962196466,188.6733129194728,189.92356116796256,9425300
2024-05-23,187.9384307861328,189.25549332200828,187.12720822353947,188.78783709451415,8069400
2024-05-24,191.5555419921875,191.60324982166694,188.5492060306778,188.73054238375408,7356200
2024-05-28,190.40074157714844,191.26923968293062,189.59905773927144,190.74432244521444,6910200
2024-05-29,189.07412719726562,189.91399471851386,187.90977070201868,188.9691437571096,6120000
2024-05-30,190.23849487304688,190.7347815795727,189.35090490632123,189.5036107487647,6829100
2024-05-31,193.38800048828125,194.0274398758393,189.3032135067126,190.20988086032972,14417900
2024-06-03,192.61492919921875,193.18755426057615,190.10487971991847,193.0825708149027,6444300
2024-06-04,190.0762481689453,192.7676194373073,189.2363806080914,191.0306378288864,6848300
2024-06-05,188.2628936767578,190.70614336889636,187.93840469676562,190.6488677581653,8351600
2024-06-06,187.92889404296875,188.98826727546506,186.42095645130888,188.2629217264352,7640300
2024-06-07,190.83023071289062,191.7559899505188,188.02432247206556,188.42516442606455,6964500
2024-06-10,190.5057373046875,191.67963261173603,189.38910305220256,190.15261775965763,6070800
2024-06-11,185.4951629638672,188.9118794743479,184.76983211155977,188.88324895141668,9235300
2024-06-12,182.7942352294922,187.74751948346045,182.58426835670835,187.06035782031864,12751300
2024-06-13,184.8271026611328,185.7051393894414,182.17390060566132,183.54822402834617,8587800
2024-06-14,184.941650390625,185.97239310049383,182.68928992746697,182.7179204558384,6874000
2024-06-17,186.08688354492188,186.65952314056108,183.85361533502265,184.6552991186537,8725400
2024-06-18,188.0147705078125,188.930991025547,185.27567673463204,185.72424105772285,9023000
2024-06-20,189.60858154296875,190.35300427166862,187.1653464782276,187.4325744032568,8731100
2024-06-21,187.34669494628906,188.17700929825324,185.36156268713378,187.73799820567726,20972100
2024-06-24,189.80902099609375,190.14304864072443,188.1102085595612,188.78781706567207,9785900
2024-06-25,189.03594970703125,190.94472885295818,188.7209994004138,189.0550270132535,6862500
2024-06-26,188.42515563964844,188.91190371760356,187.3276132855566,188.44424751166255,7758600
2024-06-27,190.0857696533203,190.74430078925033,187.919301243349,188.4346797683504,7913500
2024-06-28,193.0348663330078,193.3593699170051,190.2098808173549,190.88748938726886,15307600
2024-07-01,196.07936096191406,197.6445594874765,193.416620106431,193.58840326228037,10205800
2024-07-02,199.30519104003906,199.33382156432344,195.43037141669657,195.92664354617938,7802900
2024-07-03,199.17156982421875,200.78449059341636,198.1789964757142,199.99234547043878,5560900
2024-07-05,196.53244018554688,199.00841104429824,196.27333768337488,198.64374338228916,8093100
2024-07-08,196.89715576171875,198.55739478921961,195.74554496023563,196.77239292168676,8707000
2024-07-09,199.25794982910156,201.30205403205485,197.1658441534367,197.33859380980596,9058900
2024-07-10,199.4210968017578,199.58424030901233,197.29061041180532,197.8280277635907,8328500
2024-07-11,199.085205078125,199.70900458588088,197.09867916383936,197.89521368869632,10658100
2024-07-12,196.67642211914062,199.08520875553353,193.95093996868792,195.77432240821722,15443400
2024-07-15,201.5803680419922,203.07746338803915,198.3846385255346,198.83568835973134,10719700
2024-07-16,205.0064239501953,205.12159527581198,199.68981390311083,201.5323940342005,11557000
2024-07-17,208.12538146972656,208.78756169090065,204.6705491521375,205.1791773653675,11572500
2024-07-18,201.51319885253906,207.90465837072435,200.80304644620205,206.93538878296755,12415100
2024-07-19,201.32125854492188,203.787638142558,200.49593484279177,202.68399960778325,8095900
2024-07-22,201.80108642578125,203.61487723988253,201.25407758649305,201.97383607849395,7663200
2024-07-23,201.8490753173828,202.95269915898984,200.9085949784075,202.5112554797567,5557300
2024-07-24,200.1792449951172,203.4805398970385,199.6802229423339,201.10054238495405,7119000
2024-07-25,200.25601196289062,201.71472666285024,199.66101627259542,200.23681430218042,6403800
2024-07-26,203.6820831298828,204.56498521561846,200.20803848586095,200.8030488593653,8027800
2024-07-29,202.34812927246094,204.99683550482567,202.06022291940437,204.07553810374966,6533600
2024-07-30,206.51312255859375,207.08892060425245,204.37304460068856,204.63214713164874,8850700
2024-07-31,204.219482421875,207.6647229458713,204.09471959527943,206.11964077185962,9071600
2024-08-01,199.5746612548828,205.20796693510616,198.05836812142135,204.6033650548551,10918600
2024-08-02,191.1102752685547,196.41729340747878,188.95099978059565,195.6591542348571,18041700
2024-08-05,187.041259765625,188.2600550784406,183.20254728490596,186.22554214958782,13927000
2024-08-06,192.2618865966797,194.4307682439227,186.1775316040648,187.52107494379788,10605800
2024-08-07,192.31948852539062,197.4537723017031,192.1275558309593,195.30408805090468,9204400
2024-08-08,195.8319091796875,196.6476414155857,193.6534358098913,194.30602452731497,7761200
2024-08-09,197.50177001953125,198.14475263524707,194.71869454457462,195.2657181295499,5540200
2024-08-12,197.87599182128906,198.78768291268443,195.44800786555734,198.08712213426773,6936000
2024-08-13,199.55545043945312,199.6993962854889,197.11786006073427,199.35391161147854,6387800
2024-08-14,201.7626953125,202.26171729780307,198.76849018306535,199.36350046327019,6999800
2024-08-15,203.0198974609375,205.26554061728052,202.58804526064463,204.41142772567014,7001000
2024-08-16,205.34230041503906,205.45745708775618,203.0582621159896,203.15423577226989,7931200
2024-08-19,206.7626190185547,206.83939501460688,205.1983538600032,205.37108886847773,6090800
2024-08-20,205.87013244628906,207.290451812223,205.0639917823852,206.33077379457382,5640000
2024-08-21,205.9468994140625,206.33076474687974,204.25785680520957,205.7837412719152,5202300
2024-08-22,207.89505004882812,208.05819355178016,205.6973792260983,205.92770721801395,5247100
2024-08-23,209.50732421875,210.35184563489813,207.77030919614816,208.82596096633335,7214000
2024-08-26,210.33265686035156,210.82208744164993,209.25782202603688,210.17910484301336,5105200
2024-08-27,211.30189514160156,211.53222313341251,210.3518232928703,210.65891263842738,5185200
2024-08-28,212.36712646484375,213.25004306245233,210.35181156210248,210.4093898959632,6506400
2024-08-29,213.2500457763672,213.98898726168142,210.11189474931135,213.19245279825017,6416100
2024-08-30,215.73562622070312,216.38820025870874,212.981340289583,213.5283638010213,8574100
2024-09-03,211.4170684814453,215.06384784728323,210.39981213405102,213.336424500989,8956100
2024-09-04,210.48619079589844,213.1157139537024,208.45167799328414,212.12723207920712,7389500
2024-09-05,208.854736328125,211.8969139547451,207.31924560820755,211.27311444323652,8067900
2024-09-06,203.89320373535156,209.91998068208017,202.57843485706223,208.82594829731795,7777000
2024-09-09,208.0677947998047,209.35375986693387,205.54383685302398,206.51312105129102,8935100
2024-09-10,197.2714385986328,209.82403058506446,192.52103467454134,209.78564990213292,28406900
2024-09-11,198.87408447265625,199.32513434186177,193.69182869664772,196.97392597392317,13658700
2024-09-12,198.2694854736328,200.36157653556083,196.6284296106188,199.27713568329062,9054400
2024-09-13,196.0814208984375,199.46908315177689,194.83383653849526,198.51899663631963,10226700
2024-09-16,199.4786834716797,199.81457665233654,197.30021016072058,197.5305381683303,8634900
2024-09-17,200.81265258789062,201.4652267000243,199.28676784611358,199.3539377018796,7573300
2024-09-18,199.1619873046875,202.81835838288768,198.36545275492742,200.58230673818105,8259900
2024-09-19,201.9930419921875,203.36538928713296,198.97965334983056,201.32127025220836,11635200
2024-09-20,202.5784149169922,202.89511039766174,201.05253049119437,201.46518498073377,20885000
2024-09-23,202.91432189941406,203.25980657066546,201.52279170592422,202.4920612297152,7223500
2024-09-24,203.0582733154297,204.3634360377964,201.88746493315114,202.63601263414566,7323200
2024-09-25,201.71473693847656,203.68207992104146,200.19844382266885,203.1446478984502,8976500
2024-09-26,201.32125854492188,203.16383862893971,200.582302352154,202.61682975945425,7807500
2024-09-27,202.01222229003906,203.87399998332447,200.88940076897532,202.15616813497374,7032500
2024-09-30,202.35772705078125,202.4537007192819,196.9835237723132,197.99118871746668,8663800
2024-10-01,198.6917266845703,200.6590695133516,197.87600917065313,200.47672835038065,8540100
2024-10-02,198.93165588378906,200.52472495596922,197.39617979497947,198.73013169432915,5810900
2024-10-03,196.95474243164062,198.16394627131464,196.1006294647172,197.85684223472236,7251300
2024-10-04,203.94537353515625,204.37987213930614,199.78381659479555,202.09150201972523,10211700
2024-10-07,203.66534423828125,205.98269458084312,202.46806055788844,203.76190602752735,6718900
2024-10-08,203.49156188964844,204.0515878849043,201.20319174460775,203.32741862551052,6021800
2024-10-09,206.06961059570312,206.86137608833337,202.16875851799102,202.47772975256393,7024000
2024-10-10,205.50955200195312,207.41170420678253,204.18674102834692,207.41170420678253,7927100
2024-10-11,214.63409423828125,216.89351339672228,207.74966888805528,208.24209865254014,18320700
2024-10-14,213.8520050048828,215.99554718168815,211.34156042358927,215.51276767760157,9048900
2024-10-15,214.73065185546875,217.68525985149523,214.18029092153253,215.95691583331498,9235800
2024-10-16,215.93763732910156,215.9762532106081,213.42717776656056,214.6727572607701,6382500
2024-10-17,216.6907501220703,218.0715071604394,215.6189790372494,216.54592216463283,6470200
2024-10-18,217.60801696777344,218.13907733966104,215.4162087479307,217.2507648690765,7000500
2024-10-21,215.31967163085938,217.9266781613519,215.22310983099362,217.46321393517286,5870000
2024-10-22,216.4010772705078,217.52112924082374,213.48509971320877,215.33897121583806,9586800
2024-10-23,215.7155303955078,217.05765675812557,214.86583379761672,215.95692013506684,6180500
2024-10-24,217.2314453125,217.30869179537711,214.0257973060313,214.18994055717258,6002200
2024-10-25,214.65341186523438,217.84940969268465,213.2726696126605,217.25076784703845,6369700
2024-10-28,217.7335662841797,217.86874396216535,215.2713877542694,215.65762021512975,6843000
2024-10-29,215.22311401367188,218.94052238181695,215.1362172320612,217.45356787451635,6580000
2024-10-30,216.68112182617188,218.5156782284479,213.94858779686743,214.87551628506026,7110900
2024-10-31,214.27685546875,217.91701709128074,214.18030840692387,216.96110835965536,7829900
2024-11-01,215.26171875,218.36115478761525,215.0299792936343,215.86036059570225,6923500
2024-11-04,212.21054077148438,216.0534611932713,211.6215492339804,214.98169019005127,8229600
2024-11-05,213.86167907714844,214.31549300886095,212.42299079009578,212.45195638290622,5600700
2024-11-06,238.55099487304688,239.45862265494782,226.68428170878914,226.90635614480942,23987800
2024-11-07,228.23883056640625,236.14676076756385,227.11877864228583,236.07916456872846,16451100
2024-11-08,228.8181610107422,231.09688077350958,227.65949319123993,231.09688077350958,9502100
2024-11-11,231.04859924316406,233.76183232238978,230.7685936247478,231.734152593889,9017100
2024-11-12,231.30931091308594,233.14388184693877,230.53686076900374,232.26521962387952,6861000
2024-11-13,232.85421752929688,235.68329839480197,232.0334864664189,232.29419152794952,11472600
2024-11-14,233.5397491455078,235.87640014281013,232.7479984317867,234.07080953881766,10172200
2024-11-15,236.8612823486328,237.93305345699474,233.14388893789499,233.14388893789499,11518800
2024-11-18,236.5908966064453,239.3910115292734,234.3218272931725,239.2268682839051,9051400
2024-11-19,234.7177276611328,236.70677679200912,233.2307733224933,233.90666165823853,6792700
2024-11-20,232.48727416992188,236.1853665791003,230.4209786829753,235.9825927244949,9015300
2024-11-21,236.33021545410156,237.03508413180523,233.771489998293,234.8529113632746,8783500
2024-11-22,239.9897003173828,240.56902689654652,234.65981033615955,235.21983634263424,7997300
2024-11-25,241.66973876953125,245.55128980408418,240.48210540768852,240.99385046333052,10295400
2024-11-26,241.3607940673828,242.3553186985206,239.78692811975665,241.86288889278865,6212100
2024-11-27,241.1869659423828,242.53875732525523,240.20210641192003,240.76213237626226,5472300
2024-11-29,241.119384765625,243.09878358106323,240.8586797210085,241.25456243074825,5494800
2024-12-02,237.76890563964844,241.63114167034325,236.59092247162565,240.9552533116239,8899700
2024-12-03,236.38815307617188,240.4627983571973,236.20469451535047,239.68069795223073,6657700
2024-12-04,235.0170440673828,236.89989581875426,233.8873418565162,236.2722736572103,7346300
2024-12-05,237.02542114257812,238.66686850941545,236.19503980642355,236.93852436784667,6572500
2024-12-06,238.84068298339844,239.20760013056864,236.40747009501496,237.2378514526948,5519700
2024-12-09,235.41293334960938,239.3331004642951,235.36465245379455,238.61859624597477,7076500
2024-12-10,234.4956512451172,239.42000786865495,233.87769409575165,235.49017580217017,9108300
2024-12-11,235.14256286621094,235.85708177176627,233.8390524294808,235.59637673776825,7884400
2024-12-12,233.2114715576172,235.6929653390277,232.73834232849595,234.63084451171937,6113800
2024-12-13,231.6762237548828,234.3604765375674,230.9037736251097,233.7328690945859,10392700
2024-12-16,231.32862854003906,232.3810843211176,229.33957934401576,232.3231531380507,9032000
2024-12-17,230.15065002441406,230.78792251755053,228.4802370347638,230.43065565931622,8083600
2024-12-18,222.43580627441406,230.8361807627836,221.62474030815744,230.7685845656322,11322400
2024-12-19,224.9366455078125,228.2195404244562,224.2704073978834,224.2704073978834,11790800
2024-12-20,229.41680908203125,230.97135955828864,223.61379044750802,223.93242666437249,32348400
2024-12-23,230.17959594726562,230.40167037895355,226.79048935961865,227.93950685968346,8611500
2024-12-24,233.964599609375,234.13840789117347,230.8361978696138,231.18378496668848,3729100
2024-12-26,234.76602172851562,234.88188409735528,232.49695211699543,233.11490930624282,4451800
2024-12-27,232.86387634277344,235.0074186310496,231.7727898921543,234.36049582992294,5730200
2024-12-30,231.07757568359375,232.54521468407714,228.94368391501692,230.54651531283838,5723800
2024-12-31,231.45416259765625,233.1245756017034,230.7975747930278,231.78244913333967,4871000
2025-01-02,231.73416137695312,234.9011937371106,231.20310097714537,232.6224738942401,9220900
2025-01-03,234.9011688232422,236.4460689618726,231.9851768098756,235.49016034360332,9491100
2025-01-06,233.7559356689453,238.4533732605044,233.49388418568068,236.52198200348707,9917800
2025-01-07,236.00758361816406,238.03602046971054,233.80444084898824,235.00792278474734,8753400
2025-01-08,235.9687957763672,237.05580229045634,233.41625568415455,235.59998364793563,8675300
2025-01-10,232.8048095703125,236.628762281155,231.70810291840846,235.92996814062778,10256800
2025-01-13,237.01699829101562,237.33726537542867,231.96044811515128,232.61071202939766,10005300
2025-01-14,240.1809539794922,240.42359041299397,235.05647368868276,235.51263136841433,12407400
2025-01-15,244.917236328125,246.19834907161936,236.50259128635952,243.02466018784034,18448500
2025-01-16,246.7806854248047,249.46910144518222,244.89782419787434,246.51863391142942,15292300
2025-01-17,251.5266571044922,252.9436457019137,244.71342133292043,246.65451296396108,17678100
2025-01-21,255.28265380859375,256.46672083789156,251.85662841034198,252.4098466101375,13712100
2025-01-22,255.09825134277344,255.62235436148842,252.5845413063042,255.1564817205521,9021900
2025-01-23,258.11663818359375,258.99980869731013,256.03965618936724,256.8937411358266,10749700
2025-01-24,257.0393371582031,259.2327800677332,255.26325143834285,255.92321545084891,7666300
2025-01-27,258.0195617675781,258.1360225042347,254.5353065086594,256.389052216982,7522300
2025-01-28,259.2715759277344,259.45595234973075,257.02958825496063,258.0195637615963,7375400
2025-01-29,258.7280578613281,262.7073011271936,257.78662735417487,259.3395063870375,7684900
2025-01-30,260.3294677734375,261.75617104949805,258.766873890751,260.71768010583645,8753500
2025-01-31,259.4268798828125,262.8432200467561,259.0968978658329,261.3000557826277,7193800
2025-02-03,258.9513244628906,260.2712821624786,253.99184960482245,254.11799568005065,8381400
2025-02-04,260.0480651855469,261.8920964318822,258.97074385814113,261.8920964318822,5626000
2025-02-05,262.46466064453125,262.6684965624178,260.4265087965908,260.9894418764152,5704400
2025-02-06,268.74407958984375,268.8217398268807,263.2022723240967,264.4251692984596,7264400
2025-02-07,267.6764831542969,270.3454837389774,266.61859193134063,269.10318646976515,6857900
2025-02-10,263.0567321777344,268.0453220031556,261.64942897239877,268.01620681498275,8627400
2025-02-11,266.8904113769531,268.08419351374835,261.71741468826207,262.29974816032586,7196400
2025-02-12,267.33685302734375,268.3073988294126,265.2016404153094,266.0071803987953,6683900
2025-02-13,268.1811828613281,268.812031614192,265.74510378599365,267.3853283146615,8398700
2025-02-14,268.4432373046875,271.0054922240324,268.30737630553097,269.20026178200214,5688600
2025-02-18,271.70428466796875,271.72368491952835,267.89001749911944,268.6082414686908,7919800
2025-02-19,271.0249328613281,271.99547872654324,269.0547259396898,270.18056269758443,7007200
2025-02-20,258.94158935546875,270.52990776080935,257.9128132494212,270.47167738640707,13846700
2025-02-21,256.4570007324219,261.27092900098586,255.0982425996441,260.4168439978953,12835600
2025-02-24,253.64244079589844,259.1357336859581,250.9928400471611,257.67020002120825,10372800
2025-02-25,249.8184814453125,255.2535438153115,245.88778282719832,254.50623421668564,9608400
2025-02-26,251.1675262451172,253.2250783593955,249.36229586835162,249.58553203875115,5943600
2025-02-27,251.41986083984375,255.87469182858476,250.2649090455339,252.51658225954176,8204400
2025-02-28,256.8549499511719,257.0102408394051,250.2940802308907,253.05042685493686,10467100
2025-03-03,252.94363403320312,258.47575677394605,250.22611772259287,256.2240834773225,9058300
2025-03-04,242.8790740966797,249.6534940988536,238.70572440707394,247.76091803763094,13465600
2025-03-05,244.1213836669922,245.59661742826808,240.53036717213234,243.8496320279879,7861400
2025-03-06,239.27833557128906,242.015281613365,236.66758002130527,240.80209946195242,9983200
2025-03-07,235.14381408691406,239.4530394207747,232.36805275623323,238.00692097749285,20498700
2025-03-10,225.38011169433594,230.51429165912617,221.96378686477144,229.25259416347373,18887200
2025-03-11,222.390869140625,226.44775837890697,220.0130348377413,224.92399432932947,18143000
2025-03-12,221.18734741210938,227.41826350891142,220.56619878932352,227.1076817928428,16054000
2025-03-13,218.5572052001953,222.74025511632564,217.62547474110963,222.54614892341084,16467900
2025-03-14,225.59364318847656,226.27302221151962,220.87679052941755,221.40087868737876,11962100
2025-03-17,227.03976440429688,228.72851937201781,223.67198421387434,224.37076354224342,9586000
2025-03-18,228.04913330078125,229.2137852248078,226.6418449421928,227.4182844946614,10344900
2025-03-19,232.0671844482422,235.19234280757902,227.97148038251137,228.79645015668714,10120600
2025-03-20,231.9701385498047,234.6391394103261,229.24290731273203,229.5923043813926,8328500
2025-03-21,234.5129852294922,235.16324913514356,229.5340805612011,230.8054931833966,19326900
2025-03-24,240.75357055664062,241.36501910335522,237.21108457850144,238.2495608050386,9422700
2025-03-25,243.73316955566406,244.40284852183765,240.32654434675553,241.96676910521467,9287700
2025-03-26,243.6361083984375,247.16889448049588,242.4229261613384,245.1598723967236,12779300
2025-03-27,240.8118133544922,243.25759285817858,239.89949795497841,242.18028645376282,8022500
2025-03-28,235.69703674316406,242.16086005777964,234.00828183952703,239.6665652294854,11978400
2025-03-31,238.07489013671875,238.6183934207807,230.3687540364097,232.35837590862877,13603000
2025-04-01,236.48316955566406,238.45337614807622,233.78505368597595,235.47379373127083,8054700
2025-04-02,238.57957458496094,239.9674479641913,234.34799432373393,234.48387014274496,7758800
2025-04-03,221.9541015625,228.21411845193424,220.6050436132751,227.36974842028587,17188500
2025-04-04,205.34344482421875,212.58925038559218,204.02513159690807,210.25535885692955,27170700
2025-04-07,209.40577697753906,216.83712407913987,197.41406528016333,200.9393169780438,22914400
2025-04-08,211.77870178222656,222.49116855668552,208.24369056058796,218.27259368729497,19485700
2025-04-09,228.83859252929688,231.9048767833682,206.04652973562588,207.5113154920403,24022400
2025-04-10,221.77833557128906,224.9422782580252,214.9329086419956,224.60048894505405,18896400
2025-04-11,230.6549072265625,232.97903852434644,219.71784418502205,220.99708791596365,20284500
2025-04-14,229.20965576171875,234.1508635519738,228.14524845049638,231.53378705459363,13017800
2025-04-15,227.65701293945312,233.04741393456666,227.3542929260278,230.5572900044825,10912900
2025-04-16,224.21963500976562,228.09643576900157,222.5790672431111,226.55352634462056,9322300
2025-04-17,226.5144805908203,228.83859723978307,225.13757837531108,225.38170933973876,9557900
2025-04-21,223.61419677734375,226.36798622449223,221.02639969234494,225.21569525952322,8716200
2025-04-22,230.0592498779297,230.44986835764868,225.9383180454656,226.53399818903708,10701400
2025-04-23,235.22506713867188,240.99631170351697,234.36572139205154,234.58055782870665,14126800
2025-04-24,238.8968048095703,239.7073214295824,232.0025485026731,234.11184368965115,9055200
2025-04-25,237.83236694335938,239.85376339709086,236.07462117887317,238.90653414902246,8588600
2025-04-28,237.51014709472656,241.04515888837096,235.18601541572858,238.81868556081264,7394300
2025-04-29,238.8772430419922,239.49245779349746,236.01603550992368,236.50429740144966,7216800
2025-04-30,238.8772430419922,239.46316327205153,232.83255844080918,235.54730826621847,12991700
2025-05-01,241.09396362304688,242.6173383874093,236.48477003311547,237.1390391998316,8689600
2025-05-02,246.58203125,247.66597331622904,243.60364543700763,245.36137644120922,7165000
2025-05-05,246.630859375,249.16982732673011,244.7071062124704,245.28325170363556,5450700
2025-05-06,243.3985595703125,246.71873456309945,243.1544286178849,244.13095242759528,6369900
2025-05-07,243.5352783203125,246.5234388677099,242.98842735746476,243.98448584012095,8724100
2025-05-08,247.51950073242188,249.87292678022158,245.64457673393773,245.66411138304096,8320100
2025-05-09,247.138671875,249.51161781388714,246.4160388204813,248.52533403320697,5087600
2025-05-12,253.94500732421875,257.4116847639064,252.62672400889193,256.7281061698435,9603900
2025-05-13,256.8355712890625,257.480080666336,254.2770833315241,254.90204315724205,8589000
2025-05-14,259.4037780761719,260.3803018066779,256.1324176187488,256.8257411230891,8643100
2025-05-15,261.2103576660156,263.19269990894253,258.5444666020599,260.7025759874391,9214600
2025-05-16,261.2786865234375,262.1575519192299,258.49558793581224,261.22009748379395,8932900
2025-05-19,258.66162109375,262.02086524830315,255.78086405036862,259.31587533133506,12145000
2025-05-20,259.44287109375,260.3998752754938,256.14221543550514,256.35705189258454,8436300
2025-05-21,254.91180419921875,259.41356502066975,254.60908417787425,258.1440958860731,7464000
2025-05-22,254.5504913330078,256.1422002145729,252.79273047922572,253.34935623964725,6514100
2025-05-23,254.58953857421875,255.83948797883488,249.99011933238478,250.78110131024334,6671800
2025-05-27,259.06201171875,259.0717566921421,255.83946524243134,255.8883093139594,7506600
2025-05-28,257.30426025390625,260.45844302460614,256.7281147573034,259.9897008471859,5535400
2025-05-29,258.16363525390625,259.17922851944735,256.3668347386543,258.58353340559717,5081200
2025-05-30,257.80230712890625,259.10107079095377,256.56213251620557,257.265230909512,10977700
2025-06-02,258.44677734375,258.8080863604011,255.75156227727646,256.84526410102234,6011200
2025-06-03,260.01898193359375,260.32170192801004,256.70858174263634,257.53863293425644,6998400
2025-06-04,258.0171203613281,260.8490334291481,257.9780510648975,259.67722274650265,5915700
2025-06-05,255.80043029785156,258.5249103385397,254.1989169051607,258.5249103385397,8173800
2025-06-06,259.4916687011719,260.3900538690605,258.0561775861971,258.1245116003273,7738100
2025-06-09,260.4779357910156,261.61070691825,257.1675357719009,259.75531775168025,8285000
2025-06-10,262.2943115234375,262.58725675736963,259.6088709415357,259.63816546492893,7538100
2025-06-11,261.8548583984375,263.2903496169879,259.5502764699578,262.37241483499554,7434100
2025-06-12,261.9427490234375,261.9915930968164,258.91554891738133,260.5951413369258,6618000
2025-06-13,258.7300109863281,260.75139274608847,256.5425772552077,258.85693405632503,7098300
2025-06-16,264.012939453125,265.3508019866292,260.58536145007355,260.73183404829985,8566000
2025-06-17,263.1927185058594,264.2376062617283,261.51309615663433,261.8744350431756,6739300
2025-06-18,267.5284423828125,271.200181276507,263.3879911545291,263.6614166167527,9586400
2025-06-20,268.5440368652344,270.79002961674195,267.3819711943445,269.1006625666469,13969700
2025-06-23,271.7373046875,272.0107301972778,265.72191367124316,268.60267120020006,8094600
2025-06-24,274.6571044921875,276.0730461780452,272.94818777394573,273.6317365805569,9267900
2025-06-25,277.391357421875,277.60619385702887,274.3153133103271,274.8914587952529,6826900
2025-06-26,281.9712219238281,282.6157311500764,277.79170162727115,278.01631280950784,8942100
2025-06-27,280.3697204589844,281.92241945147737,278.34833893885445,279.10025150036057,17868600
2025-06-30,283.1040344238281,285.77970025058426,282.13728534359143,283.5825215764878,12689200
2025-07-01,283.5922546386719,284.29535290301186,279.86192690839204,284.06099674861144,9338300
2025-07-02,285.1449890136719,285.945745792629,282.8989958836799,285.1840583153917,8158700
2025-07-03,290.443603515625,290.8360888827844,285.74351114178125,286.66586822419856,6541600
2025-07-07,286.4892578125,290.4828645965253,284.6347217587213,289.7076857742013,8825700
2025-07-08,277.47174072265625,284.26185381377417,275.04810559551106,283.83990288185674,15440900
2025-07-09,277.8446350097656,281.8088060970764,277.1774068900867,281.7891623646238,11273800
2025-07-10,282.78021240234375,282.89795501811136,277.687634657396,277.687634657396,8410900
2025-07-11,281.4751281738281,281.9853860406829,278.3253938002881,280.16028588065166,7384700
2025-07-14,283.2806701660156,283.8693832899546,279.9052418467557,281.6812629749765,9079900
2025-07-15,281.1709899902344,286.46964738040805,280.121098345475,282.5937831680985,12526100
2025-07-16,280.4547119140625,285.2725470105113,277.6974624718264,282.9862680414337,9979800
2025-07-17,284.4580993652344,284.85058472552134,278.11937245969557,278.11937245969557,8509500
2025-07-18,285.8023681640625,287.009289803847,282.819455566978,284.08521856694546,12217000
2025-07-21,285.50799560546875,288.65773001934355,285.125302200427,285.5374312562634,7898100
2025-07-22,285.9593811035156,288.11809552877634,283.75161723688194,286.0280742772089,6717500
2025-07-23,291.1893615722656,291.4150249489527,287.0583682777473,287.3429329100002,7083500
2025-07-24,290.9832763671875,293.9662191525474,290.6398703754944,291.83697024730424,7001200
2025-07-25,293.014404296875,293.2891470363467,290.4043332995373,291.1304626389869,5918500
2025-07-28,292.6808166503906,293.809223362686,291.24823151855605,292.0724598113122,5840400
2025-07-29,291.4640808105469,295.63430134586406,290.63985258046154,294.36850837533046,7635700
2025-07-30,294.0054626464844,294.9670472888904,291.79769880383014,291.83695632333047,8061700
2025-07-31,290.6790771484375,295.33011989507037,289.9529777509294,293.5246633224064,14749700
2025-08-01,283.9380798339844,286.32245784834123,278.9043729516421,284.9487439683445,12007100
2025-08-04,288.7362365722656,288.7951078721262,284.8113235431083,284.8113235431083,6649500
2025-08-05,285.9005126953125,290.2375553774225,281.84803463230764,289.15819815384634,7182300
2025-08-06,285.8808898925781,287.784475314663,284.71322574362773,286.8130388717205,6330200
2025-08-07,281.5537109375,287.95131003993225,281.0336610252057,287.4410819950435,8057100
2025-08-08,283.3395080566406,285.7631432800269,279.365515270513,283.55537949152693,6634100
2025-08-11,284.1244812011719,285.8514526951056,283.3591242790355,283.9674810703858,5510100
2025-08-12,287.35272216796875,289.21705000432985,284.88982947960193,286.02805793473163,8570900
2025-08-13,285.0762939453125,289.0208214451698,281.7695589346143,288.43210834423235,8420400
2025-08-14,288.6381530761719,288.67741059714604,284.20301143696577,285.1253385944976,6322400
2025-08-15,285.03704833984375,289.9530125511936,284.37964203474183,289.30539816837313,7340500
2025-08-18,286.0574951171875,286.4205448097455,282.9960675051489,284.5562169634104,5386900
2025-08-19,285.2038269042969,286.98966963229896,284.0950341122438,285.3706189495528,6031500
2025-08-20,286.754150390625,287.8236856501562,281.8774445149503,285.35100110061984,7374200
2025-08-21,285.9986572265625,287.27424223237057,284.0362003285711,286.45983579537915,6624000
2025-08-22,290.6790771484375,291.5818204071259,284.6837862966605,287.6961645212777,8552800
2025-08-25,289.3642272949219,291.76824867106194,288.61851412970407,290.6790696581532,5856300
2025-08-26,292.96539306640625,293.1321851381712,287.9905575097444,288.6381718968291,6714700
2025-08-27,293.6620178222656,295.41842494390727,291.46407591230917,291.6701254801894,6056500
2025-08-28,295.4184265136719,295.5852185641284,293.0929201153854,294.38811877937053,6410500
2025-08-29,295.7618713378906,297.2631495608047,294.10359298088383,296.37022814205386,6796400
2025-09-02,294.0741882324219,294.81990151683937,288.97178814468,294.6236737871366,7221900
2025-09-03,293.8876953125,294.9277949064193,290.8164459674565,294.9277949064193,6316900
2025-09-04,298.1167907714844,298.71532566399185,292.68077757800086,294.3684914601609,6605800
2025-09-05,288.85400390625,299.4218223620716,288.78531073562726,297.9499798501053,9837700
2025-09-08,287.4115905761719,290.89493913151904,285.9691837491296,289.3544334283243,8188500
2025-09-09,292.2588806152344,293.3872872696363,286.8228669749493,287.1074315912692,7848200
2025-09-10,294.8984069824219,295.8796354332035,289.8548783719408,291.1304933247864,7787300
2025-09-11,299.8241271972656,299.9909491896388,295.1436788264331,295.5852136096933,7942500
2025-09-12,301.1488037109375,301.7767742987404,297.9990690164523,299.27465392414524,6846700
2025-09-15,303.1014404296875,304.13174819496044,301.40393449781925,301.40393449781925,7122000
2025-09-16,303.3860168457031,305.06390905534744,301.3646887009418,304.18080946841434,10525600
2025-09-17,305.8979187011719,307.03614710830897,302.9738476236277,304.56346260331446,8657800
2025-09-18,307.3501892089844,307.556238792954,303.7981171700278,305.9372178866198,8050700
2025-09-19,308.8710632324219,309.8719053836384,303.31730709863126,307.7132209495945,23568600
2025-09-22,306.5749816894531,307.8113389670314,303.74903930910966,303.9845245259009,7520200
2025-09-23,306.8693542480469,310.37234675445063,304.74989735202223,305.9666409066948,8584400
2025-09-24,307.5365905761719,310.6372456892681,305.8194410309901,308.15473925887954,7310500
2025-09-25,307.5660400390625,309.72472445454315,305.94698929656073,308.2234462682717,7083200
2025-09-26,310.1270446777344,311.8441943720275,307.8113600348933,308.9888161441515,7258100
2025-09-29,309.7640075683594,312.0404647281687,307.7721150397051,311.10828573544467,6462400
2025-09-30,309.50885009765625,311.45169300349573,304.28870810842403,310.31346452838187,11823300
2025-10-01,304.8774719238281,308.68464295873514,301.6394301376976,308.07628613361976,9235200
2025-10-02,301.77679443359375,304.73030161726365,300.39328868596704,304.1808160870063,7600000
2025-10-03,304.2102355957031,305.80964265751953,302.4243927447969,302.718779227698,6029900
2025-10-06,304.8511047363281,307.38512889871987,300.8578215934895,305.8371035459471,7214500
2025-10-07,303.3819885253906,305.66951307877287,300.43386159315816,305.01875022701944,8454200
2025-10-08,299.7732238769531,304.4567183318842,299.2999336047902,303.8946917756213,6489900
2025-10-09,301.25225830078125,303.72712529673134,299.1422361925597,300.7789679717848,7060300
2025-10-10,296.6772155761719,306.1230715472904,296.5983188157025,301.3804193716138,8597400
2025-10-13,303.6580505371094,305.1271791148808,301.17334440263704,301.321238204041,10788700
2025-10-14,297.85052490234375,302.70165257420854,290.0907186231138,301.5578902761218,16178800
2025-10-15,301.40997314453125,307.7499381556482,301.1634734465224,302.1001843350741,11354800
2025-10-16,294.360107421875,304.3581201926382,292.9106878973514,301.0747572360179,10549400
2025-10-17,293.3938293457031,295.3559575215809,290.08088749555986,294.97143359875633,10153500
2025-10-20,298.1266174316406,299.43801283887467,293.9854400437148,294.3206760639065,6894900
2025-10-21,292.9303894042969,299.7929328501146,292.8416531202475,297.436411288458,7372700
2025-10-22,289.9920959472656,293.8868032880077,286.4721030595595,293.6008552074487,8054100
2025-10-23,290.4161071777344,292.2204718178062,288.4145307332595,290.25834375227123,5438800
2025-10-24,296.2334899902344,298.36325106738366,291.31336547241364,291.93451945757295,7228300
2025-10-27,299.8915710449219,300.26625545589764,296.7955500258321,297.9294427867379,5642200
2025-10-28,301.0845947265625,303.6580673748709,298.915415308335,300.59159530101573,6336000
2025-10-29,301.2325134277344,303.93414060421026,298.7675163425421,299.2605157595805,7520300
2025-10-30,305.10748291015625,308.2330823767899,300.82825156305904,301.50859316866377,7514600
2025-10-31,306.7639465332031,308.4894444595929,302.9481359332913,304.22008283002725,7721300
2025-11-03,305.01873779296875,307.94715546133403,301.92268708722753,306.64562981088375,7770000
2025-11-04,304.920166015625,307.84858401169095,300.82827651560933,302.415720333495,7085200
2025-11-05,307.3161315917969,308.7162632770978,301.35085025066564,305.27510663609064,6865200
2025-11-06,309.0317687988281,310.4318702971036,305.9160088624015,306.6357687557767,7206100
2025-11-07,309.8106689453125,310.02758988101914,303.3326798145578,307.5231746391179,7302300
2025-11-10,312.4531555175781,315.08575530581015,309.81065602274725,310.5896034535161,5794100
2025-11-11,311.2009582519531,314.58292715130625,310.86572224729366,313.05464094031504,5030200
2025-11-12,315.92388916015625,317.7381233989844,311.782682032414,311.83200002815875,10578300
2025-11-13,305.1469421386719,316.14082355780937,304.7722577523736,314.7604311532612,8973300
2025-11-14,299.3591003417969,303.3327046462357,297.0124483237873,303.20451997960254,10327000
2025-11-17,296.1644592285156,301.31137424610444,293.5022804823602,299.74363974118836,8344000
2025-11-18,295.2179260253906,298.70837045931603,292.8613742767781,295.3066623130797,8077300
2025-11-19,299.02386474609375,300.1873662746028,295.0798692888629,295.5432899586994,5546600
2025-11-20,294.2023620605469,305.58079800315744,293.98544109490615,302.05090502503106,7501600
2025-11-21,293.84735107421875,297.456110287291,288.71030575970536,297.0715864028587,11766800
2025-11-24,293.8276672363281,295.6221924256846,290.386540762355,294.0642973394352,10940200
2025-11-25,298.7576599121094,300.236658228506,291.42182585555855,295.848951187077,8877200
2025-11-26,303.33270263671875,304.21022597199055,298.95486530692773,300.7296512123902,7910900
2025-11-28,308.6965026855469,309.3275563846455,303.9242719247256,304.7722465716023,4322400
2025-12-01,304.59478759765625,309.6430970545817,304.2201032083801,308.5683618849884,7727300
2025-12-02,303.5693054199219,306.13290823405146,302.79035796814105,304.41724991681934,7249000
2025-12-03,307.75982666015625,307.98658713845214,302.50443592551073,302.89885953876745,8535300
2025-12-04,311.6742248535156,314.03074632461573,308.6176225735461,308.87399188892334,9627800
2025-12-05,310.6290588378906,314.0208969911127,310.2740836361238,311.2206641139725,6518900
2025-12-08,310.79669189453125,312.0390600856641,308.96274846028484,310.64879808375287,7417200
2025-12-09,296.30255126953125,314.336450228146,295.8193913272319,310.5403783790639,18049200
2025-12-10,305.7680969238281,306.8329925602339,294.2812160390869,296.2926621709551,18874100
2025-12-11,312.9363098144531,313.5476242674454,304.9102649889192,304.9102649889192,9721900
2025-12-12,314.06036376953125,315.7858618718594,312.16726270211575,315.2041261224818,8982900
2025-12-15,315.5393371582031,318.3593094805321,313.9321843288561,315.1153648797306,10864100
2025-12-16,311.1319274902344,315.0463441586525,309.9980348220149,314.6223718715413,8331300
2025-12-17,310.5699157714844,314.8984348971578,310.254388930852,313.97159360923496,8718700
2025-12-18,308.6176452636719,313.2518519730792,307.84856735129125,311.57564186364317,11444900
2025-12-19,312.7686767578125,314.099781180705,308.8049723403709,309.39657764946713,24494400
2025-12-22,318.56634521484375,318.7043994886834,313.0644852104395,313.0644852104395,8354600
2025-12-23,321.3666076660156,323.1907116116738,318.56637445826755,319.07908304324746,6668300
2025-12-24,324.561279296875,325.3697755465356,320.94265000334224,321.67227957875514,4289300
2025-12-26,323.3188781738281,326.2275566521161,321.96806459862194,324.502058709128,4158300
2025-12-29,319.2171325683594,323.1808371734579,319.0002116144308,322.4216288798564,8635300
2025-12-30,318.89178466796875,320.39049219725354,317.97478280166575,320.2623075229155,7904300
2025-12-31,317.70855712890625,320.3313177342217,317.5310845539587,319.79886991908165,5048500
2026-01-02,320.92291259765625,321.1694123071354,316.2492576445291,317.9846252281575,8054000
2026-01-05,329.3630676269531,332.5281155423397,320.63697169770103,320.942628937084,10752600
2026-01-06,331.41326904296875,332.6612412306879,327.49110960074296,329.44229029813283,7660800
2026-01-07,323.8660583496094,328.9767653957764,321.49890717343806,327.9764350864437,9815200
2026-01-08,326.63934326171875,328.2339475379842,322.53888044956136,323.27183137637843,11737100
2026-01-09,326.0450744628906,328.7291759216584,325.0348299492433,326.1936353875406,6738100
2026-01-12,321.3899841308594,322.90536610933975,318.16114900395775,318.8049332018166,12805100
2026-01-13,307.9298095703125,323.73732718365267,307.6029755260753,321.20178657189985,19371200
2026-01-14,304.9287414550781,308.78159262538577,303.19546018048277,305.2556057077196,25951500
2026-01-15,306.30548095703125,309.95031666446005,304.8098971346673,305.5230197927318,14751400
2026-01-16,309.48480224609375,314.17950872864606,307.0383983149945,307.38506061636195,14652500
2026-01-20,299.8477478027344,308.1774060521912,298.9761500928895,303.2845981841295,12900600
2026-01-21,299.15447998046875,302.4823658305288,298.2729680555718,300.53118494697816,10270100
2026-01-22,300.729248046875,305.2555953909441,300.0062112868251,301.9474777854751,10535800
2026-01-23,294.875732421875,299.4813025896872,293.67730062328087,299.11484222180513,11107900
2026-01-26,298.1640319824219,298.8969527426069,294.60833256531976,294.96487880777863,11752700
2026-01-27,297.44097900390625,299.08512378237486,295.3016109870806,298.45122352878457,11527400
2026-01-28,297.89654541015625,299.03558292254246,295.2025300603667,297.4013222225187,9556700
2026-01-29,303.49261474609375,303.898671192008,299.3327275624257,299.51100066931883,11580000
2026-01-30,302.9676818847656,304.98817089860455,299.66947824936375,302.333781642444,11953200
2026-02-02,305.1961669921875,306.3450582127215,298.49082554616626,301.55130128288636,9839400
2026-02-03,311.8420715332031,313.22869052113475,306.14700443281885,306.77099053389486,12688000
2026-02-04,314.23895263671875,316.25947197584406,311.40629013300924,311.40629013300924,9848800
2026-02-05,307.1968688964844,312.9909865673853,302.6210112179966,311.99062599899656,9388000
2026-02-06,319.3199462890625,321.15227836348157,311.7034102684662,311.7034102684662,17797400
2026-02-09,319.0228271484375,323.2817350541263,317.05181803840316,318.27007812796035,11477500
2026-02-10,315.2392883300781,323.01429884581904,312.1094739861534,319.4684837021083,9902200
2026-02-11,307.8505554199219,322.1724018130651,305.78052608370194,320.1518827061323,8703500
2026-02-12,299.7487487792969,310.6238322045743,297.1537535117247,309.2966374972976,13443400
2026-02-13,299.6595764160156,301.3829738793206,293.6871852314235,295.66807823097014,9114500
2026-02-17,304.1958312988281,305.29521237973853,299.6100592744303,299.8675850307636,8896800
2026-02-18,305.8300476074219,309.2966101142475,304.2849535938903,305.51309749540866,7209600
2026-02-19,305.10699462890625,306.2262038721237,302.2049939958365,304.2354272061944,6737700
2026-02-20,307.82086181640625,308.0288471084009,302.75966472033866,305.4536802835111,7792700
2026-02-23,294.8262023925781,308.02884001734253,292.2807478108573,305.84984577889935,12955400
2026-02-24,294.459716796875,296.886322684036,288.5962907533433,293.98432184665864,13554100
2026-02-25,300.40240478515625,300.75898123488724,294.1725181992404,295.7869507950724,8095500
2026-02-26,303.20538330078125,306.05787397622345,300.73918125790124,301.67017313360896,7007800
2026-02-27,297.4310607910156,300.0557680991628,291.636973162459,297.13393894248406,18620800
2026-03-02,294.7172546386719,297.11414843979566,290.4088063693875,291.9935267958635,8508900
2026-03-03,297.3914489746094,299.5011046657454,286.73423592223537,289.4975898716125,10278200
2026-03-04,296.52978515625,298.12438947518206,292.99388398032096,297.12402886142485,8055700
2026-03-05,290.74554443359375,298.3620800816865,289.63624924146006,295.1332451958745,12732500
2026-03-06,286.7144470214844,287.21955415339994,280.99955170429564,283.6044306839189,13496500
2026-03-09,287.1502685546875,288.31898819476027,277.77073879547015,282.7724816341387,12241100
2026-03-10,285.97161865234375,289.9532025593205,284.43640849634494,286.52626625452876,8344900
2026-03-11,284.77313232421875,287.70487537204474,282.13854132603683,286.05081661783123,10205000
2026-03-12,280.1874084472656,281.167940752382,276.4336079693154,280.1279538528093,13760500
2026-03-13,280.7321472167969,284.4463214441296,280.2468381234208,281.9504072447318,9091200
2026-03-16,283.4261474609375,286.506421278288,281.89093739443587,283.6044205599556,8149000
2026-03-17,284.1492004394531,288.97266988082987,283.2181783456238,286.23902796907333,8961200
2026-03-18,284.9910583496094,286.6451172582804,282.3960934275981,284.08974843243266,10057000
2026-03-19,285.2188415527344,286.7441374214082,281.9008401776293,284.1392586396808,9846700
2026-03-20,283.8223571777344,287.9327042603992,282.54467268192724,285.32782503235495,22436500
2026-03-23,287.14031982421875,292.9245231806114,285.2188513876401,291.4982779446762,11470800
2026-03-24,289.6065368652344,292.6571288676103,282.64369950840546,283.4360748065673,11092300
2026-03-25,292.59771728515625,294.7965097163498,289.6461758443202,291.3398308899875,12188200
2026-03-26,288.8736267089844,292.1718002190451,287.95251872814185,289.78482055260446,8669200
2026-03-27,280.13787841796875,287.3384134369941,279.05829538327214,286.3777093696089,9873300
2026-03-30,281.0589904785156,284.50575515603197,279.6327451103039,282.01972478590784,11734400
2026-03-31,291.3497314453125,292.25104134220237,282.22772810140145,285.71408872506316,12956900
2026-04-01,292.5580749511719,295.8661624411999,290.1116710297465,292.567989087923,11267200
2026-04-02,291.7855224609375,292.7957669317203,285.9616926535428,289.1212191631598,6669300
2026-04-06,294.125,295.4987855589938,291.88509063240025,292.7412191857173,7142600
2026-04-07,296.0662536621094,296.8427544058445,291.38734983011653,291.8253790066561,7849100
2026-04-08,306.5888366699219,309.8640903908154,303.96066179364243,306.5888366699219,10590200
2026-04-09,308.938232421875,309.8640846884941,304.73715687535,305.5734164156603,6586600
2026-04-10,308.4803161621094,308.9581744354404,305.344449093958,308.6097380099313,6069700
2026-04-13,312.2732238769531,312.33295236293975,304.0900871089203,306.0910825316173,8318200
2026-04-14,309.7247009277344,312.91036189245165,307.4847916064935,308.4305432499699,11455500
2026-04-15,304.5579833984375,312.8307129741003,302.8954898881459,312.54203541599225,9885800
2026-04-16,308.5599670410156,308.5599670410156,303.8312695552229,303.98059076810495,8208600
2026-04-17,308.8984375,313.4877482505245,308.69932229637936,311.068653468178,11082400
2026-04-20,315.5683898925781,315.70777661938337,308.9780833700189,309.45594165814435,10772000
2026-04-21,311.5962829589844,318.8038038717339,311.3474041387296,316.0661368489313,7084300
2026-04-22,311.6161804199219,313.73663281642627,310.5410372905177,313.43799038623484,5545900
2026-04-23,310.29217529296875,313.57736372602733,307.5047445243564,312.11395497732667,6969700
2026-04-24,306.8974609375,309.7545850384977,306.5092257615542,309.7545850384977,5215300
2026-04-27,310.232421875,311.1781431330245,305.50372444273444,305.50372444273444,7925300
2026-04-28,310.0532531738281,314.03531438457196,309.7745101043047,313.78643555890045,7398600
2026-04-29,307.86309814453125,310.65052875636707,305.91189671624613,309.1771855961317,8031800
2026-04-30,311.82525634765625,312.6913497643884,305.1951210592971,305.6928786901284,8865400
2026-05-01,311.06866455078125,314.6624601726697,310.43152018106696,312.54203812020876,6135400
2026-05-04,306.270263671875,309.2568094519629,305.13539207341324,309.22694520939064,7338200
2026-05-05,308.0124206542969,309.5753869306937,305.42407485773,306.32999740556414,6316800
2026-05-06,313.4877624511719,314.84167905955115,309.95369528217543,310.0532528884956,8629500
2026-05-07,304.8964538574219,314.8814709002291,304.76706239082745,313.23887676443206,8359600
2026-05-08,300.74517822265625,307.60426284206056,299.1523476664256,306.86759124184925,9464300
2026-05-11,298.6545715332031,301.83026757429667,297.5395993270601,300.74515961007836,9512000
2026-05-12,303.5126953125,304.6873960201211,294.2245209852311,298.67447538308426,9498200
2026-05-13,298.9034729003906,301.6411400127173,298.72428743531935,300.91440289675086,7709500
2026-05-14,298.56500244140625,302.38777761395096,297.4699295162906,300.8945046380796,7364300
2026-05-15,296.4743957519531,299.44104214981957,295.1205095874812,298.86362628854243,8699300
2026-05-18,299.3813171386719,299.908939014877,295.8870488301784,296.6635495230975,7546300
2026-05-19,294.3738708496094,300.436555061437,293.935841710235,299.7396822358739,8066900
2026-05-20,300.625732421875,301.57145376364997,292.35300240137923,295.3694126574367,9327000
2026-05-21,301.6411437988281,302.6167597554335,298.8636475324957,299.8790926087445,7874400
2026-05-22,305.0059814453125,306.07119010408854,302.4773640852478,303.31359328873907,5973900
2026-05-26,305.3643493652344,308.54004556072954,304.0701916446211,307.1065011172144,7725400
2026-05-27,297.93780517578125,304.52811132231307,294.42363753054383,303.63215366632585,11779200
2026-05-28,295.3992614746094,299.7197941661088,294.4236455581874,296.23549066837876,9757700
2026-05-29,297.9676818847656,298.53513289689414,293.87612858626386,295.070728717322,13969000
2026-06-01,295.2499084472656,298.20659004481905,293.94578586060317,296.3549462063085,7930000
2026-06-02,299.6102600097656,300.7152977310929,293.9457758280521,295.17027051801705,8296200
2026-06-03,299.50079345703125,300.60580089187994,295.23002417973413,298.5749714904202,7003900
2026-06-04,309.4957580566406,311.5066879726736,303.0746723882986,304.36883009196185,10345200
2026-06-05,310.9691162109375,313.58732636819616,308.211549706599,312.8805189963161,9118800
2026-06-08,309.7147521972656,314.88147906470095,309.3862455138746,311.84516953437026,6827000
2026-06-09,311.2976379394531,315.0009559692908,307.62418415256917,312.1040028799189,11594600
2026-06-10,307.75360107421875,313.3384270822022,307.64407859799763,311.1582462393224,7446200
2026-06-11,312.0840759277344,313.30857066124145,307.4947650619962,308.1717081621576,9116600
2026-06-12,319.28167724609375,319.85906276888113,314.1348496322589,314.5529794375797,7426200
2026-06-15,317.96759033203125,324.4583697274161,317.41010417767774,322.4673390673774,7988900
2026-06-16,329.6549377441406,330.26218746993305,322.56684357389287,322.8455866314347,11094900
2026-06-17,331.9645080566406,336.25517637046335,330.01330666560995,330.69024974688585,12246400
2026-06-18,323.761474609375,336.57375116590936,322.70623086248213,335.4388795655989,20111000
2026-06-22,329.993408203125,331.2776010100568,325.28461010223134,328.22139226156105,10182500
2026-06-23,332.6414794921875,333.86594380335947,325.7425357353925,327.9924099173137,7582200
2026-06-24,331.95458984375,333.02973300317086,328.291070440402,331.57628916780243,7907400
2026-06-25,333.6170654296875,341.90972446819404,333.2586945227413,333.4577793441399,10043100
2026-06-26,327.57427978515625,334.8913229247855,326.03124330500606,334.49312290223526,17640900
2026-06-29,327.91278076171875,330.8993264933345,325.73259994718205,326.80774304304947,7981800
2026-06-30,325.86199951171875,328.95806779511634,325.2149206632551,327.41503128103255,8080100
2026-07-01,332.5718078613281,334.13477419390347,323.5524415571975,326.89735842569155,15210200
2026-07-02,332.9700012207031,338.4751995750331,330.2820977776739,336.5040683580973,8413900
2026-07-06,337.7200012207031,339.7200012207031,334.1099853515625,335.0,8673500
2026-07-07,339.2200012207031,341.3999938964844,337.0899963378906,340.9800109863281,7115800
2026-07-08,330.6199951171875,336.5299987792969,330.1300048828125,336.5299987792969,18505200
2026-07-09,335.4700012207031,337.0,330.80999755859375,331.4599914550781,15570600
2026-07-10,336.4700012207031,338.5899963378906,335.7699890136719,337.4700012207031,6299000
2026-07-13,334.5299987792969,338.3500061035156,332.5,338.3399963378906,7120300
2026-07-14,342.8900146484375,344.7300109863281,325.75,327.0,14537900
2026-07-15,346.9100036621094,351.239990234375,344.04998779296875,345.8500061035156,10750000
2026-07-16,343.1499938964844,349.3399963378906,341.1099853515625,349.2799987792969,12432400
2026-07-17,341.1000061035156,346.1300048828125,335.04998779296875,339.0299987792969,9250900
2026-07-20,338.8699951171875,344.260009765625,337.3699951171875,341.79998779296875,7723300
2026-07-21,345.2300109863281,345.739990234375,337.29998779296875,340.1199951171875,6015300
2026-07-22,348.2099914550781,349.07000732421875,344.25,345.07000732421875,8040200
2026-07-23,349.8999938964844,349.9200134277344,345.4200134277344,346.5799865722656,10913000
2026-07-24,353.2099914550781,353.3699951171875,347.5,350.6400146484375,7520800
2026-07-27,356.20001220703125,359.04998779296875,352.5799865722656,357.8900146484375,7884900
2026-07-28,357.30999755859375,359.29998779296875,354.1499938964844,357.29998779296875,6533800
2026-07-29,344.7099914550781,357.3699951171875,343.7799987792969,356.5,8265300
2026-07-30,350.8500061035156,352.2799987792969,345.3699951171875,347.5400085449219,7606500
2026-07-31,351.7900085449219,354.4700012207031,349.70001220703125,353.29998779296875,6603400
2026-08-03,352.6400146484375,355.6199951171875,350.8399963378906,353.75,6436600
2026-08-04,357.5199890136719,363.0,353.8699951171875,355.0,8477200
2026-08-05,359.239990234375,362.1700134277344,358.20001220703125,358.9700012207031,5269500
2026-08-06,356.29998779296875,362.80999755859375,354.95001220703125,362.80999755859375,5820100
2026-08-07,357.5199890136719,358.8500061035156,353.3299865722656,355.760009765625,4566200
2026-08-10,359.7900085449219,359.989990234375,356.5,357.9599914550781,5327500
2026-08-11,362.0400085449219,363.1199951171875,358.6000061035156,360.04998779296875,4576500
2026-08-12,365.17999267578125,366.0899963378906,361.29998779296875,362.9700012207031,4366800
2026-08-13,363.1099853515625,366.5,361.5199890136719,366.5,5102700
2026-08-14,362.8399963378906,365.8999938964844,361.45001220703125,363.0,5058600
2026-08-17,360.9599914550781,365.75,360.9599914550781,361.94000244140625,5282600
2026-08-18,363.25,363.57000732421875,359.2699890136719,362.3399963378906,5525100
2026-08-19,357.260009765625,363.04998779296875,355.6499938964844,363.010009765625,6696200
2026-08-20,351.54998779296875,357.95001220703125,351.54998779296875,357.6000061035156,6799700
2026-08-21,351.5799865722656,356.8599853515625,350.3699951171875,354.07000732421875,8112100
2026-08-24,356.3900146484375,358.2799987792969,352.82000732421875,353.29998779296875,4394400
2026-08-25,356.69000244140625,357.1549987792969,353.0736999511719,357.0,4149294
