Date,Close,High,Low,Open,Volume
2021-08-24,139.12899780273438,139.90551964474028,138.42307007949734,138.53778720555314,7670900
2021-08-25,141.996826171875,142.75569616047386,139.24372270833126,139.87022366767383,11335000
2021-08-26,142.729248046875,144.564655139812,142.19979877343872,143.17927050417782,11027500
2021-08-27,143.8763427734375,143.97340800020234,142.29682803466864,142.7292119474304,8780200
2021-08-30,141.5732879638672,144.264630233666,141.079142523731,144.01755751359792,7937600
2021-08-31,141.14089965820312,142.39391511867103,140.61146390185988,141.57328363733515,12340800
2021-09-01,140.93795776367188,141.8556545374964,140.27615293325061,141.37916098395274,8729900
2021-09-02,141.5909423828125,142.60570439655254,140.6820513681176,141.20268139737863,8813300
2021-09-03,140.73501586914062,141.9703795687605,140.43498742970053,141.52917632397418,7959700
2021-09-07,140.48794555664062,142.40276605636393,140.2673439304358,141.1762215532433,9285600
2021-09-08,139.86143493652344,140.81443560419146,139.45552200856193,140.20557294447673,7852700
2021-09-09,140.47027587890625,141.9174218250843,139.4908042439383,139.65846361294814,7904300
2021-09-10,138.85546875,141.82035473081487,138.73193239515157,141.6791664782873,8311600
2021-09-13,141.06150817871094,141.22916757343177,139.482006417122,139.88790588012023,10052800
2021-09-14,138.599609375,142.367475815019,137.88484872788126,141.58213448951287,11685600
2021-09-15,139.56138610839844,140.02906037851577,138.0701172807047,138.29071885960727,11691500
2021-09-16,139.49961853027344,141.93506870652368,138.73192930399588,140.66440139099356,10880900
2021-09-17,139.1378173828125,140.31141936457183,138.53778756838295,138.8731062673003,25581600
2021-09-20,134.97288513183594,136.3847272540793,132.79334030701713,135.79351659818047,15819900
2021-09-21,134.9905242919922,136.37590877203897,134.63756712564353,135.4758504940612,8999900
2021-09-22,137.5759735107422,138.75839475605022,136.8612265410329,136.94945909495695,11236200
2021-09-23,142.22622680664062,142.6939144863587,139.12898584929988,139.42018151503368,12336100
2021-09-24,143.86752319335938,144.3528493713746,141.90859351342442,142.45568113348585,10102400
2021-09-27,147.34417724609375,147.71478621861456,145.25287894956577,145.5970168143672,13220900
2021-09-28,146.550048828125,149.39139836399926,146.17943977533085,147.97954281239566,13387900
2021-09-29,146.43536376953125,147.2736472962202,145.632370580359,146.66479808898353,7777100
2021-09-30,144.4410858154297,147.35302922602833,143.6469120864748,147.2912543236252,13161200
2021-10-01,147.47657775878906,148.5089915737775,144.3616844167561,144.7146415713932,11285000
2021-10-04,147.31773376464844,150.39733669652807,146.24119696734735,147.33538566125475,14120000
2021-10-05,149.72349548339844,151.0373228806252,147.95692029071319,148.43629871583514,12292900
2021-10-06,150.04307556152344,150.11409508867152,147.36214598043946,149.1287211610751,8692600
2021-10-07,150.99290466308594,152.25347055621103,150.50465397141386,151.9782784060651,10195400
2021-10-08,151.1082763671875,152.10252222833302,150.29157247473455,150.93073439849493,8190100
2021-10-11,147.9302978515625,152.0582082250284,147.77051406473495,151.62323221938186,12154700
2021-10-12,146.7939910888672,147.97466523143729,146.27023735853876,147.14020278889987,13032600
2021-10-13,142.9235076904297,146.83837223897822,142.56842364856442,145.64882579858283,22753500
2021-10-14,145.11619567871094,145.59556052113143,142.089054582482,143.5893098167956,15176800
2021-10-15,147.90365600585938,148.40077914352787,145.7109772378225,146.7851289461052,14267400
2021-10-18,147.85035705566406,149.67906536542753,147.28221453665418,147.78820990650408,12672900
2021-10-19,149.64356994628906,149.71457591236566,147.87699515082716,148.60492144060018,8053900
2021-10-20,151.65872192382812,151.68535255263262,148.65822486527424,149.40390956297952,8185600
2021-10-21,150.4691619873047,152.09369792803645,149.74122207639823,151.58768893451537,8415200
2021-10-22,152.4931640625,152.76835622047847,150.64669728681417,150.93964771015538,8817900
2021-10-25,151.74749755859375,153.54070329759966,151.33913868008358,153.31877236365895,10159200
2021-10-26,152.15579223632812,153.12342108081776,151.39234953591125,151.80070827847203,8015100
2021-10-27,148.98663330078125,151.53439535425414,148.55164391909196,151.19706964279123,9847000
2021-10-28,151.23260498046875,151.3657581127488,149.10207359045828,149.40389638735192,7212900
2021-10-29,150.81536865234375,152.9015246245037,150.37150683235976,151.9605261878439,8140100
2021-11-01,150.73545837402344,152.98139782531302,150.0341491985348,152.7239504156221,7435500
2021-11-02,151.3302459716797,152.413269867337,149.95427165713926,150.73547277416088,7173800
2021-11-03,151.38351440429688,151.91615401764597,150.15845142094682,151.02843035912286,8402700
2021-11-04,149.39500427246094,151.09055966282864,147.79711256915726,150.91301764530465,9574200
2021-11-05,149.18197631835938,150.992926777002,148.61383367000195,149.93653336546495,7975600
2021-11-08,150.0785369873047,151.72970328582724,149.79447250297517,150.06966462846458,6413700
2021-11-09,148.9423065185547,149.55483814255157,147.8947988770923,148.56059176481224,7990300
2021-11-10,148.8002471923828,149.98092137799472,148.3297546994323,148.6493357838505,6999200
2021-11-11,148.7913360595703,149.7411931588405,148.16104641585653,148.71144419568122,5815300
2021-11-12,148.12554931640625,148.90675036034077,147.11354503021204,148.8268449476939,8113400
2021-11-15,147.8592071533203,148.9511031412025,147.36208421723035,148.43623548995512,6492500
2021-11-16,146.7939910888672,148.31200457091123,146.58093252515914,148.30311866476382,9706100
2021-11-17,146.00390625,146.97152175403755,145.04516310583514,146.66082661144287,9909600
2021-11-18,144.74331665039062,146.34122162932857,144.30832726719532,145.93286286698344,8122500
2021-11-19,142.8524932861328,143.90888663503773,141.54753838990771,143.18983261989092,12193600
2021-11-22,145.89739990234375,147.34438036587372,144.6900950922002,145.7287302269754,14549900
2021-11-23,149.38613891601562,149.63470046131974,146.80285977133175,146.91826818364734,12354400
2021-11-24,148.21438598632812,150.41593743113523,147.75276577278112,149.5459718155052,9629800
2021-11-26,143.74903869628906,144.38820060586474,140.98823202138385,143.93546656390848,13619300
2021-11-29,143.12770080566406,146.27912292385244,141.87602057445622,144.97416788771696,12104400
2021-11-30,140.99717712402344,142.5950827223778,140.5177986717218,141.29012761252096,18922600
2021-12-01,140.16270446777344,144.93866264967122,140.0828125800053,142.9235259138965,12253400
2021-12-02,143.10992431640625,144.92087445985865,140.97050723729842,141.8848614412083,12969900
2021-12-03,140.5177764892578,143.6603259275297,139.54128856067402,143.367375485278,12681800
2021-12-06,142.17784118652344,144.35276169757395,141.55643726130754,142.9323982580036,11186500
2021-12-07,144.3172607421875,145.04518719467964,143.06556696729422,143.70472916955504,9851600
2021-12-08,142.66607666015625,144.9386470831941,142.1866982938537,144.39713510383055,11705700
2021-12-09,142.44415283203125,142.8613705148597,140.8373615345152,141.72508524679222,11189600
2021-12-10,141.87600708007812,143.5449184114819,141.26347556477396,143.20759261923024,10405400
2021-12-13,140.18931579589844,141.84935467039065,139.62117320734154,141.59192077449563,12069000
2021-12-14,141.26345825195312,142.82584688333145,139.63892246781506,139.772075587176,12563600
2021-12-15,140.2071075439453,141.90266335452628,139.6833537214908,141.90266335452628,14014200
2021-12-16,142.39976501464844,143.65145870937027,140.88175149511085,142.38200674750365,19542800
2021-12-17,139.15956115722656,141.4854064425323,137.75695609763275,141.4321451882775,28082000
2021-12-20,136.6561737060547,137.33083876838214,134.79194872025192,137.16216911640348,15148000
2021-12-21,138.56478881835938,139.53240439857666,137.67706512004878,137.96114320539073,11291300
2021-12-22,139.10630798339844,139.42588907307973,137.8102389026166,138.26297313566954,7273000
2021-12-23,139.60345458984375,141.2546215732752,139.55907923165017,139.91416337074853,8055200
2021-12-27,140.4023895263672,140.43789251579588,138.7867258227818,139.9052664008299,6188100
2021-12-28,140.8284912109375,142.16894915945403,140.33136809216552,140.43789060459122,6342300
2021-12-29,140.75746154785156,141.70733236718596,140.39349159583065,141.01490899512024,6398900
2021-12-30,140.68646240234375,142.24886494143172,140.58881224365075,141.2457327244573,6948200
2021-12-31,140.57102966308594,141.40547842240093,140.2248180201573,140.6597938907987,5805900
2022-01-03,143.54490661621094,144.37936898613825,141.60078972150527,141.9114984066782,13120900
2022-01-04,148.98663330078125,149.6524259109015,145.79082335396987,145.86184285785293,20195800
2022-01-05,146.2628631591797,150.35300961220935,146.21820819782113,149.87077145916754,17539400
2022-01-06,147.8167724609375,149.4688970905359,146.3432404311652,149.0581041320163,14047500
2022-01-07,149.2813720703125,149.61179428581275,147.40597253919904,147.9507304123867,13913300
2022-01-10,149.4242706298828,151.20142115770875,147.82571271966276,150.98709911515533,12922500
2022-01-11,149.57611083984375,150.4959460928392,148.5223106617765,150.2637456734288,11854100
2022-01-12,150.42446899414062,151.45146506821953,149.29922381974978,150.442333705723,12568000
2022-01-13,150.2369384765625,151.6479510421781,149.93330648348643,150.33517395982636,13623400
2022-01-14,141.0028839111328,143.807044853125,140.1187643965111,143.5659188715398,40158400
2022-01-18,135.0908966064453,139.11852392455683,134.4389640627138,139.11852392455683,32324800
2022-01-19,133.00112915039062,135.9481791313774,132.66178145989167,135.35878003660366,22380000
2022-01-20,131.8670196533203,134.5014995118015,131.59910344486124,133.05477106362076,14860800
2022-01-21,129.5629425048828,131.73303484956145,128.83957838998995,131.72410930711447,20705400
2022-01-24,129.44683837890625,129.92015102305317,124.64226671968898,127.06241044703916,28471400
2022-01-25,130.85784912109375,131.14362998848688,125.73176723317908,128.28587582168265,18915900
2022-01-26,132.09915161132812,134.46572790599552,130.34879187913316,132.8135899951292,20709100
2022-01-27,129.76832580566406,134.29606906724538,128.71453957917038,133.43874014209345,17536800
2022-01-28,130.92929077148438,131.06324203268753,126.96416991849439,128.7681241211247,14117000
2022-01-31,132.70645141601562,132.87611846705255,129.1967785653274,130.06303303761217,13985700
2022-02-01,134.9837188720703,135.26949975485968,132.4385493152921,132.7868362494526,14584900
2022-02-02,133.90313720703125,134.79618199179012,132.23314782010237,134.4032401062111,12441100
2022-02-03,132.79576110839844,135.43024058418234,132.42960946425285,133.9567220918846,12474900
2022-02-04,136.242919921875,137.0823842598427,132.85828594147185,133.15299237672326,16654400
2022-02-07,136.69839477539062,137.18955858833567,134.71583392905356,136.87700103707832,12572300
2022-02-08,139.2703399658203,141.52974231914467,138.24334385132119,138.4219500938276,20411400
2022-02-09,139.850830078125,140.59204531797832,139.154256179702,139.84189090841247,9131100
2022-02-10,139.2703399658203,142.02091970612452,138.61842104861955,139.90440779751842,16455600
2022-02-11,137.45748901367188,141.27079509704313,136.60909896280472,138.96673729060922,16830000
2022-02-14,136.180419921875,137.24313189244884,134.24251414948705,136.3947419739245,17026500
2022-02-15,138.17190551757812,139.26142136600333,137.39496082920968,137.98436009618737,9500000
2022-02-16,138.4219207763672,139.4042753422663,137.29668942279363,137.29668942279363,9076500
2022-02-17,135.23374938964844,137.28775487958325,134.55504033829814,136.63583607849807,11367500
2022-02-18,135.86782836914062,137.65391787767504,134.9658580729721,135.85890282723932,11733300
2022-02-22,135.626708984375,136.8501896226984,134.32287121151697,134.49255190326284,11333500
2022-02-23,132.78680419921875,136.9037403640847,132.14381099492192,136.7429852496209,11799000
2022-02-24,129.08966064453125,129.4826026344637,124.82983207445183,127.65185761416151,25655100
2022-02-25,132.14385986328125,134.07284018953146,129.4111445478189,129.71477655469602,18367700
2022-02-28,126.63378143310547,129.5451031747637,125.81218168319182,128.19661015481606,31315300
2022-03-01,121.85596466064453,125.4549342452222,119.29293035212139,125.06199233866478,36840400
2022-03-02,124.38324737548828,125.0619563471733,121.9988199943086,122.60608376474592,19405600
2022-03-03,123.49916076660156,125.90145348554331,122.40071946591193,124.88338294731777,16640800
2022-03-04,120.02523040771484,120.93614003106849,118.239140588393,120.50748228993073,21016000
2022-03-07,115.39033508300781,118.4981274537443,115.15813469277981,118.03374030007176,27560100
2022-03-08,114.57765197753906,117.69436964681233,113.65781009895336,115.7743287538605,19207800
2022-03-09,119.16792297363281,120.7754066449432,118.27487800365869,118.68567105884728,17536200
2022-03-10,117.75691986083984,119.17685820812753,116.38163649103879,117.75691986083984,15604200
2022-03-11,115.10455322265625,119.73945829730503,114.68482104188722,118.3195202185928,20061800
2022-03-14,116.24764251708984,118.70351577067235,115.40817820648917,115.61358832625403,15786900
2022-03-15,118.31056213378906,119.26612653670423,117.10495992314627,117.70329825763379,15096600
2022-03-16,123.597412109375,123.67779650894197,120.05202266870081,120.44496461579581,20354900
2022-03-17,125.16022491455078,125.1959543380185,121.38264917639259,122.22211347971272,17050500
2022-03-18,125.11563110351562,125.78541496675332,123.65103760097405,125.19600189667513,23656500
2022-03-21,124.71369934082031,125.70497960174266,123.89209977010354,125.33884159458447,12676100
2022-03-22,127.36605834960938,128.53594497980174,126.56232339617782,127.0535008129565,13548600
2022-03-23,124.82978057861328,126.44618922119618,124.3118130443592,125.90143143747896,12093200
2022-03-24,125.64246368408203,125.66032839395895,124.23145139298659,125.29417678877739,10017600
2022-03-25,126.74091339111328,127.86614490692875,125.7407075992773,125.99968458938415,8383500
2022-03-28,125.80322265625,125.89253259125137,123.15087838274712,125.02627800351297,10818100
2022-03-29,126.08007049560547,128.24125111182605,125.24061974905737,128.0179898902712,11316500
2022-03-30,125.50850677490234,126.91951915565257,124.94589783245077,126.72304821486571,8771000
2022-03-31,121.7398681640625,125.33883745494641,121.68627403199235,124.87445036447642,17353900
2022-04-01,120.8379135131836,122.71331341335646,119.48942050516762,122.70437424245479,15721300
2022-04-04,121.37371826171875,122.29355328695425,118.67671923414053,119.775160488462,17416400
2022-04-05,119.96124267578125,121.81454906414928,119.6643517891317,120.61800754372815,12110300
2022-04-06,118.296875,119.25950875410467,117.82005397387346,118.37784150003151,12914700
2022-04-07,117.93698120117188,118.68370416311113,115.81377305872617,117.81102875745843,12994200
2022-04-08,120.0962142944336,120.46506629171597,118.2968853656385,118.45881837989072,13126900
2022-04-11,119.6553726196289,121.36472959450755,119.26852349297991,119.6553726196289,10466400
2022-04-12,118.34185028076172,121.07683777078546,117.58613547211941,118.8816544171002,12989900
2022-04-13,114.52728271484375,116.28162557761347,113.36671479643655,114.20340297650245,30838000
2022-04-14,113.4656753540039,115.42694399903974,112.47603903374693,113.80754535125067,18835200
2022-04-18,115.57089233398438,116.2726294523978,112.94386712693903,113.06082102537643,11834400
2022-04-19,117.96399688720703,118.14394075729756,115.36396720676183,115.56189448162948,15015400
2022-04-20,118.3778305053711,120.11417601890581,118.16190613088588,119.22351714570341,13430200
2022-04-21,117.46017456054688,119.48441933462189,116.92038419079994,118.95362066631145,12174200
2022-04-22,114.08644104003906,117.42420202394086,113.9784857042953,117.20827762466395,14318800
2022-04-25,114.05045318603516,114.36534121775318,110.75768504496217,113.36671318273149,17149000
2022-04-26,110.67671966552734,113.72658852220916,110.54177548664798,112.13417857248098,17209500
2022-04-27,109.23726654052734,111.16254810245196,109.05733637851213,110.05596456465663,17215200
2022-04-28,110.96460723876953,111.24350787885761,108.98534824301431,110.48778619022181,13015600
2022-04-29,107.3839340209961,111.20750738942361,106.97008925655122,110.70369756555927,14874800
2022-05-02,108.36456298828125,108.59847762989591,106.35831542827223,107.85175460805671,18545000
2022-05-03,110.68569946289062,111.71131623182893,108.66145475621335,109.33620299177244,15720900
2022-05-04,114.34733581542969,114.61723786198235,110.42479875852437,110.4787832861714,17128500
2022-05-05,111.48641204833984,113.44768073684472,109.90300762862368,112.68296736106554,15055400
2022-05-06,111.30647277832031,111.81928117542357,109.02132454059345,111.37844757255442,14417900
2022-05-09,109.63311767578125,110.95562560295745,108.40957339376078,109.8580338031542,14312300
2022-05-10,106.96111297607422,111.36047187803634,105.764557531208,110.7576983040585,16382400
2022-05-11,106.28632354736328,110.55972831677461,106.10639346052415,107.3299372699302,14630300
2022-05-12,106.19638061523438,106.44828553481575,103.79427844993359,105.26072886829334,16318800
2022-05-13,107.14102172851562,108.18463564562913,106.12440350696399,107.42892090335586,10443200
2022-05-16,106.39432525634766,107.47391990636999,105.46767192336434,106.64623021709318,10269000
2022-05-17,109.92098999023438,110.63172564673346,108.6884473660938,108.8953731856393,11160200
2022-05-18,108.04070281982422,109.73207641494254,107.53689291348013,109.12930286786727,12664900
2022-05-19,106.4393081665039,107.64486220387563,105.8275360125904,106.33135281598105,12765800
2022-05-20,105.56661224365234,107.66283184057187,103.4793912121837,107.47390314946973,13150100
2022-05-23,112.09819030761719,113.87053039147749,108.364581427024,108.37357999351177,24376700
2022-05-24,113.68158721923828,114.69820545840763,110.75767809706423,111.88225852866964,19324900
2022-05-25,114.47329711914062,115.03109152196792,112.61099207292516,113.6096201128851,12780400
2022-05-26,116.45257568359375,117.12732406211168,115.34599218660581,115.48992807423521,15990900
2022-05-27,118.09893035888672,118.09893035888672,116.18264110671873,117.10030248874402,11177800
2022-05-31,118.9626235961914,119.79031322349003,116.69547911924765,117.11830877128729,17015000
2022-06-01,116.87539672851562,119.5383954651262,115.75980801422358,119.5383954651262,10768000
2022-06-02,118.75569152832031,118.76468322961414,115.75980766288491,116.86639094470901,8374800
2022-06-03,117.1003189086914,118.54877910852959,116.94737761153944,118.04496925254918,8596000
2022-06-06,116.71344757080078,119.10655793987664,116.47054809011271,117.93699158652628,11323500
2022-06-07,117.01936340332031,117.24427951928476,115.71483894849432,115.90377452613217,6722200
2022-06-08,115.15705108642578,116.46156181020615,114.16742155143083,116.05671554803848,8422100
2022-06-09,112.7369384765625,115.24700972232138,112.70095107858411,114.59025172103082,13560100
2022-06-10,107.55488586425781,111.01859256347376,107.34796002425864,110.28985970425487,12945200
2022-06-13,104.3520736694336,106.11541510077954,103.5153854881623,105.13478418220184,16805600
2022-06-14,102.61573791503906,105.54864631390207,101.86002297637884,103.95624305664181,13357900
2022-06-15,103.83028411865234,105.21576142015323,101.81503067958737,104.01921284158428,14083500
2022-06-16,102.04894256591797,102.79566573403068,100.64546816909525,102.43579856810567,16724900
2022-06-17,101.6890640258789,103.12852566467713,100.90636040622633,102.14789478270957,30919900
2022-06-21,104.2081298828125,105.28772442537145,103.49739417780154,104.24411728275042,11680500
2022-06-22,103.62333679199219,104.54099137951715,102.91260115456578,103.35343475007033,9842700
2022-06-23,102.4897689819336,103.62334807194982,100.29459246666248,103.47040676802952,11851500
2022-06-24,105.54862976074219,105.99846197193934,101.50913842608239,101.86900556781907,14841100
2022-06-27,104.70292663574219,106.61021738399344,104.03717698915855,106.21436290359,11280500
2022-06-28,104.19914245605469,107.32097937948275,104.00121516718443,105.86352041371619,11590900
2022-06-29,103.7313232421875,105.09881031014693,103.21851473371575,104.36108566876835,9338400
2022-06-30,101.31121063232422,102.63371842464491,99.79977413594268,101.8150205098198,15172600
2022-07-01,102.60674285888672,102.93961434360797,100.00671290446905,101.34721113837712,10573600
2022-07-05,102.21644592285156,102.29812862202492,99.20313957412496,100.53733879955958,12514200
2022-07-06,101.55387878417969,102.55226212775857,100.55549544060081,101.40866278810402,10656200
2022-07-07,104.1224594116211,104.28583174661338,102.92439792988112,103.01515879940784,10347400
2022-07-08,103.79571533203125,104.966549252034,103.11499841979317,104.52181614159608,8807800
2022-07-11,102.43427276611328,103.67771804588263,101.85339493787605,103.06053448780433,7939500
2022-07-12,102.53411865234375,104.53996361915219,101.88970748492108,102.18014641847229,11250900
2022-07-13,101.57203674316406,102.08938128834953,100.18336850908824,101.42681382014564,12979900
2022-07-14,98.02323150634766,98.23198773138412,96.26244161341391,98.01415334231731,26204800
2022-07-15,102.51595306396484,103.36004222032456,97.72370763093286,99.07607006855429,18863900
2022-07-18,101.46312713623047,105.13899436116151,101.00931585478635,104.1678384958555,13977900
2022-07-19,103.97721862792969,104.32211956736683,102.26181286734892,102.67931833517505,11862300
2022-07-20,103.95906829833984,104.14059000460475,102.9969907908393,103.55971223502601,11667500
2022-07-21,104.6670150756836,104.85761494906674,102.8971541624047,103.86830985513377,11595900
2022-07-22,104.15876007080078,105.51111565732424,103.16944794470042,104.59441499315257,7645500
2022-07-25,104.57626342773438,105.70171336591828,104.16782915628804,105.13898493452133,9394000
2022-07-26,102.94255828857422,104.90302651710492,102.5885860125247,103.99540387603209,10675100
2022-07-27,104.59441375732422,105.04822500210126,102.83363083632409,103.4780419729543,9337400
2022-07-28,104.20413208007812,105.26605561755089,103.04237644296892,104.60348817706308,10384800
2022-07-29,104.7033462524414,105.73803548779516,104.18600163476454,104.91209557776817,12944500
2022-08-01,103.65956115722656,104.47642276270157,102.62487209849485,103.92277250369129,14740400
2022-08-02,102.04399871826172,103.83201616462607,101.89877579335833,103.39635431452609,14942900
2022-08-03,103.11498260498047,103.55971564720942,101.39049864020714,102.96975969549624,14394500
2022-08-04,101.98047637939453,102.85179324862285,100.76425848875998,102.42520951663785,18033900
2022-08-05,105.06637573242188,105.45665365912308,101.69909730651602,102.1347522005115,14174600
2022-08-08,103.7866439819336,105.91955572873077,103.63234980026904,105.51112832441613,10332500
2022-08-09,104.72147369384766,105.27512393124417,103.80478002339936,104.14967405464242,10233800
2022-08-10,107.45341491699219,108.34288791197083,106.64563153845688,107.06313700969687,12847300
2022-08-11,109.04175567626953,110.00383321404902,108.2884274148036,108.82392823697425,11684900
2022-08-12,110.8479232788086,110.95684046169175,108.4064236861774,109.52279538113947,9906700
2022-08-15,111.14745330810547,111.38343710291792,109.45927486177466,109.94939185502653,8456200
2022-08-16,112.20936584472656,112.76301611709646,110.61195524948526,110.99315503303534,9555000
2022-08-17,111.26544952392578,111.78280104571164,110.44859473599418,111.00224506757232,8149300
2022-08-18,110.4031982421875,111.15652656473851,109.41389305985257,110.9477703468881,9531800
2022-08-19,107.67125701904297,109.81324671950163,107.19929635562796,109.47743081896355,13464500
2022-08-22,105.89232635498047,106.3370664116549,104.83040958215871,105.96493782438986,8967600
2022-08-23,104.84854125976562,106.45503685692613,104.72147467208859,105.91046477765177,7607000
2022-08-24,105.10269165039062,105.65634194716718,103.87739569629183,104.6398022216113,9771300
2022-08-25,107.59864044189453,107.77108399260915,104.99376160893569,105.42942341647736,10758900
2022-08-26,104.07706451416016,108.90561566350064,104.01353121974553,108.42457687370283,11276200
2022-08-29,103.82292938232422,104.24951303305447,102.97884024406916,103.4689571880182,8117300
2022-08-30,103.84109497070312,104.90301164833747,102.88808856280961,104.37658892922275,10745400
2022-08-31,103.22390747070312,104.40381253734783,102.86992833363875,103.90462432920928,10738300
2022-09-01,103.9318618774414,104.04077215351198,101.57204459290033,102.82456123998635,9979800
2022-09-02,103.20574188232422,106.60024770658246,102.73378128293912,105.16620958271466,10666600
2022-09-06,103.23298645019531,104.14968716060882,101.71725846017837,103.76848735316932,9751900
2022-09-07,105.1934585571289,105.38405846824777,102.34352420582832,102.67934012915696,10647900
2022-09-08,107.6440200805664,107.81647056017205,104.04075788310112,104.63071385446968,11435000
2022-09-09,108.16136932373047,108.96008153820604,107.70755808354569,108.13414175725697,9299700
2022-09-12,109.44111633300781,110.32151121463062,108.72409376884706,109.4774220618449,8614600
2022-09-13,105.63819122314453,107.93447523588812,105.08454089699559,107.16299743006753,12904600
2022-09-14,105.39311981201172,106.95422458601256,104.26766300510995,105.91953556244229,9345700
2022-09-15,106.9814682006836,108.35197321088188,105.06638414248548,105.39312880144128,10821400
2022-09-16,106.26445007324219,106.55488901296111,104.71241633993696,106.54581084854817,14844100
2022-09-19,107.24468231201172,107.76202688119582,104.83948120367455,105.28421430798113,8201300
2022-09-20,105.12992095947266,106.81809944569974,104.0498479159697,106.56396624125445,9619000
2022-09-21,102.09844970703125,105.82877861254009,102.03491641111837,105.77432348021759,12606300
2022-09-22,100.93669128417969,103.10590837390453,100.80962469584004,102.90623032805375,11684500
2022-09-23,99.05790710449219,100.14705120280087,97.26081864982193,99.88384680332022,18138600
2022-09-26,96.92499542236328,99.48449027364725,96.26242803382036,98.02321767836219,15753600
2022-09-27,96.07183837890625,98.17752226112906,94.98269416984998,97.79632248042036,12793600
2022-09-28,98.01416015625,98.68580584898338,95.88124848511528,96.16260926812394,12762600
2022-09-29,96.35320281982422,97.36973553422631,94.75578536555122,97.07021846318578,12713900
2022-09-30,94.84656524658203,97.67835035733043,94.7558043681104,96.26245433965065,15973400
2022-10-03,97.77816772460938,98.34996736436851,94.81023849180761,95.86308383758465,12248100
2022-10-04,102.35259246826172,102.5522705382755,99.71141443432558,100.39213135049404,16013600
2022-10-05,101.0888671875,101.60168102153392,99.66031037179722,100.5027922381571,10943500
2022-10-06,99.02845764160156,100.905733779219,98.84531181739928,100.23723824640652,11521400
2022-10-07,97.05046081542969,98.63469253130278,96.40027703943198,98.4606990994246,11681100
2022-10-10,96.14385223388672,98.26837563973788,95.71345192116682,97.73725002819839,8931700
2022-10-11,93.36915588378906,95.73177451175344,93.26842359438685,95.57609987779172,12739700
2022-10-12,94.88011169433594,95.90574614147104,92.74642930193964,93.222619468545,13181000
2022-10-13,100.15481567382812,100.64015835202872,93.18601079802045,93.38747537838252,22398700
2022-10-14,101.82146453857422,105.53021942862705,101.39106421861624,102.52658356155584,33387100
2022-10-17,106.09798431396484,107.15109015904487,104.68773925856723,105.68590275946444,22276300
2022-10-18,108.82689666748047,110.0173653829019,107.10530231257025,109.57781264769982,21539700
2022-10-19,106.6932373046875,108.81776115198139,105.92400941888211,108.048533266176,17072000
2022-10-20,106.3452377319336,108.70785647438998,105.90568498102753,107.28845894082309,12207400
2022-10-21,111.93125915527344,112.07777438811135,106.52837457969841,106.64741864303946,20593300
2022-10-24,112.06863403320312,112.72797015934596,111.1071080047158,111.78475591811141,12624200
2022-10-25,112.36166381835938,112.88363705127985,110.7041712164928,111.58328366211862,11289100
2022-10-26,113.65286254882812,114.65101904999469,112.52649560198506,112.63638727546582,11667000
2022-10-27,114.10157775878906,115.56676517888995,113.74443854346963,114.6510221680063,10727600
2022-10-28,115.45687103271484,115.64001682526549,113.59791399072567,114.73343327498077,11859500
2022-10-31,115.2737045288086,116.69310870505257,115.00813827063428,115.10887054051292,13295200
2022-11-01,117.35246276855469,117.47151383290596,115.68581773328512,116.18031980392584,13386900
2022-11-02,116.27189636230469,119.37626474784432,115.96969947854578,116.8946019167632,16546100
2022-11-03,116.48250579833984,117.37993001810507,115.3012034867295,115.66749509431108,12474400
2022-11-04,119.66926574707031,119.80663555479175,117.63632952943388,118.5795435219893,14953200
2022-11-07,120.30113983154297,121.1436216194758,119.4861292126526,119.96231943126773,12011200
2022-11-08,120.3743896484375,120.93299332178073,119.17476880235444,120.18209148317874,9884100
2022-11-09,118.80850219726562,120.35609613435625,118.33231192339889,120.25537781826624,9494000
2022-11-10,123.69854736328125,123.85422197290447,121.36340027267869,121.4549801480463,16351600
2022-11-11,123.90005493164062,124.69674702608614,122.50812138687792,123.79932262301045,10704700
2022-11-14,122.62714385986328,124.2937887909948,122.62714385986328,123.44215454020792,11085600
2022-11-15,121.7388687133789,124.27548057036492,120.51177652698621,123.33225248662279,14038300
2022-11-16,121.90369415283203,122.30662327701408,120.90553771446262,121.793809472829,7893400
2022-11-17,121.37254333496094,121.69305890096629,120.2187124489686,120.8780483761431,8820200
2022-11-18,122.56304168701172,123.3231100656975,121.13448482032692,123.23154414814023,9468500
2022-11-21,121.83961486816406,123.22238183506421,121.56488916018174,122.47147980458445,7800500
2022-11-22,123.66191101074219,123.87254193148381,122.42566652017736,122.70954457416349,9185700
2022-11-23,124.98058319091797,124.99890196082377,123.49708421047596,123.57034531697187,7316200
2022-11-25,125.21868133544922,125.58497288326187,124.59596893641546,124.9805792535568,3220500
2022-11-28,123.03006744384766,125.19122130367973,122.88354522243881,124.60514639117245,9906900
2022-11-29,125.05384826660156,125.12710937542276,123.08500661961988,123.31394234476323,7925300
2022-11-30,126.53736114501953,126.53736114501953,121.96781251377331,124.6234616268747,14761200
2022-12-01,124.76080322265625,126.97689910625576,124.01903982246029,126.5373325047042,8858500
2022-12-02,123.77180480957031,123.94579818374828,122.10514614442009,123.15825878750316,8931900
2022-12-05,120.30113983154297,123.23152827859518,119.59602786195005,122.92933144600063,10154500
2022-12-06,120.50261688232422,123.72603612446282,118.92753781929792,122.15095706143653,13966700
2022-12-07,120.42019653320312,121.8670720542558,119.34877897086182,120.24620313901356,11739400
2022-12-08,121.68394470214844,121.77551062608981,120.3561060602592,121.18028321451429,8907300
2022-12-09,121.02458953857422,122.4897698494312,120.87806731555004,121.06121310776614,7957800
2022-12-12,122.90185546875,123.3047705899854,120.51176604366965,121.24434915364465,8841600
2022-12-13,122.78282928466797,125.53921082280596,121.86708623866639,125.35606500823162,10025400
2022-12-14,122.1692886352539,124.2755005307564,121.57404724460615,122.50810910616701,9966100
2022-12-15,119.1381607055664,120.95132779332344,118.17662783505968,120.09967960294495,12087800
2022-12-16,118.39640808105469,118.95501187828005,117.6088685304276,118.2682046180749,21133700
2022-12-19,119.10152435302734,120.2645217974707,118.21325258477675,118.72606639466815,9017200
2022-12-20,119.67845153808594,120.92386254196667,119.22973245038584,119.9348584530206,8549900
2022-12-21,121.02458953857422,121.77549147859867,120.66745035315796,121.04289433660604,8051700
2022-12-22,119.65100860595703,120.23708368886199,117.59058642764758,120.05393784541647,8648200
2022-12-23,120.21871948242188,120.36524169106103,118.71690177668786,119.57770228603422,5091900
2022-12-27,120.63998413085938,121.07953684483128,119.5502477587565,120.48430950243451,5411000
2022-12-28,121.29933166503906,122.16928477590163,119.97149305184182,120.74072784048434,8827700
2022-12-29,121.99528503417969,122.04107497935217,121.16195554068072,121.729711736057,6585200
2022-12-30,122.80113983154297,123.01175680553759,121.281003123464,121.61982355638521,9292500
2023-01-03,123.73516082763672,125.21867364333842,122.6088011128339,123.84505946373099,11054800
2023-01-04,124.88900756835938,126.07946203017256,124.14725813586382,124.53186843519018,11687600
2023-01-05,124.86134338378906,125.19344650754586,123.3391982014281,125.14731833662435,8381300
2023-01-06,127.25064849853516,127.65655392856925,124.06800139681229,125.58091267835742,10029100
2023-01-09,126.72479248046875,128.11778717358982,126.27277302224822,127.85948631850927,8482300
2023-01-10,127.85950469970703,127.97020106027225,126.66946251825927,127.11226203686306,9048700
2023-01-11,128.8096923828125,128.92038874886458,127.3982574102741,128.13625195241275,8703700
2023-01-12,128.68051147460938,129.94434160906331,128.43143063360026,129.15098499532414,11001700
2023-01-13,131.92771911621094,132.37053260484416,124.35394463725125,125.09195304196713,20200000
2023-01-17,129.88900756835938,130.57165384016318,128.44066460814747,130.23033070426126,14292900
2023-01-18,125.9867935180664,129.82441211584856,125.83918901298316,128.15467662157275,13392600
2023-01-19,124.30785369873047,125.36873142072389,123.23774189524636,124.83368959532557,13303400
2023-01-20,124.6122817993164,124.99051315250682,123.20084682408736,124.68608406893968,13092500
2023-01-23,126.63255310058594,127.2690852494994,124.37241352902481,124.64915439695137,10487100
2023-01-24,127.72112274169922,129.41853266077536,124.5384756243457,125.84843419730726,6945000
2023-01-25,128.33920288085938,128.33920288085938,126.61411884438579,127.35212745255436,8967000
2023-01-26,129.13255310058594,129.2063553652818,127.63809595043652,128.6159513240574,7487600
2023-01-27,129.4462127685547,130.31335768367455,128.92037692534547,129.7137336540936,7489900
2023-01-30,128.3484344482422,129.23403349962402,128.14548173306235,128.44067672474193,6729300
2023-01-31,129.11412048339844,129.21559684362194,127.53662689744111,129.0403182144774,9188700
2023-02-01,128.7727813720703,129.962823586279,127.4166946124427,127.49973096149544,8841800
2023-02-02,128.1731719970703,129.57538709442917,127.30601284576082,129.15102752468488,11822100
2023-02-03,130.15652465820312,131.3004385410896,127.42591149773286,127.47202559211956,11501200
2023-02-06,130.92221069335938,131.21741973271486,129.17867277414865,129.36317138557496,8406200
2023-02-07,132.5181427001953,133.15467486781688,130.23954897835594,130.42406166418485,10447900
2023-02-08,131.58642578125,132.8779302241988,131.25432262787135,131.5956457857201,6958000
2023-02-09,129.53846740722656,132.23218690992869,129.03108560033974,132.02923418717396,6443100
2023-02-10,130.11041259765625,130.33181939876073,127.8502727155443,128.9480585636298,6582900
2023-02-13,131.52186584472656,131.6694563072167,129.83367588221756,130.3502776917921,7134600
2023-02-14,132.10304260253906,132.6657726188391,130.62703936769975,131.45729030752534,9249400
2023-02-15,132.65652465820312,132.7395469194213,130.35025689320076,130.63623184384645,6728300
2023-02-16,130.82998657226562,132.27831565300778,130.70082204237585,131.8355161088989,8165300
2023-02-17,131.21742248535156,131.76169832719637,129.21558365288175,130.05505446393278,7948800
2023-02-21,128.8096923828125,130.387171904429,127.99788149484765,129.78754781985546,9996300
2023-02-22,127.82260131835938,128.625178115217,126.78939771078694,128.15470448884244,11107500
2023-02-23,128.8465576171875,129.30781114087313,127.25062436661048,127.97939874044401,8068000
2023-02-24,130.00892639160156,130.4056117873212,128.16391208452364,128.32997069185853,9126900
2023-02-27,131.1436309814453,132.2045086636795,130.73772554869174,131.09750280475183,10014700
2023-02-28,132.24142456054688,132.6196418483036,130.90377774001217,131.8631931964461,11019800
2023-03-01,131.50340270996094,132.34288763092906,130.81152231767038,131.0882772898551,7139200
2023-03-02,130.1381072998047,131.39270367337005,128.726658226856,131.217439116247,11106800
2023-03-03,132.5273895263672,132.6011917925285,130.14731922895072,130.54399057368198,9513100
2023-03-06,131.75247192382812,132.87791764537647,131.60486740822327,132.32442182637027,9261300
2023-03-07,127.87796020507812,131.28201446838895,127.13073152802835,131.005259457096,11747600
2023-03-08,127.12149047851562,127.85026494714538,126.28200557788901,127.30598909672068,10002500
2023-03-09,120.23957824707031,126.70636236099287,119.2063747461258,126.16207244585634,25888100
2023-03-10,123.29307556152344,124.77831264323943,117.91486420009788,118.96652883128668,37599700
2023-03-13,121.07905578613281,123.50525394174315,119.38164611571956,121.04216169605475,42901100
2023-03-14,124.18791198730469,125.027396898887,121.11596139071918,124.79677010403532,29648100
2023-03-15,118.32078552246094,120.83924067778277,116.90935746654276,120.83000659558746,34280600
2023-03-16,120.61781311035156,121.72481890489128,116.25435107656224,118.09013838380625,24558500
2023-03-17,116.06061553955078,118.52370779764375,115.72851242181122,118.43146553381348,38396000
2023-03-20,117.28756713867188,119.43701064586844,116.24513651602736,117.14918964833143,22875500
2023-03-21,120.4333267211914,121.52187854140573,120.1012235414687,120.47022081834112,17807800
2023-03-22,117.32447052001953,120.53479879711034,117.23222120408215,120.44254244300132,17250200
2023-03-23,117.01081085205078,119.49235749309963,116.25435522322675,117.98867327821704,16677600
2023-03-24,115.23039245605469,115.94071999403475,113.56987646858245,115.8945918128713,22311100
2023-03-27,118.532958984375,119.35398985556544,116.5034388565988,116.96469247134272,18853900
2023-03-28,118.8927230834961,119.31706847934788,117.84105848314509,118.73589856099942,10820500
2023-03-29,119.13257598876953,120.12888542669916,117.86873862557152,120.01818907015445,14595300
2023-03-30,118.7728042602539,120.03663464387499,117.7580477285773,119.87981010605174,12134700
2023-03-31,120.21192169189453,120.23959578425315,118.86506894262816,119.61229758899901,13105200
2023-04-03,120.07353210449219,121.2543401115248,119.38165175304299,119.84290532067578,11775400
2023-04-04,118.4683837890625,120.4702229073124,117.53665649917986,120.38720063002806,11579900
2023-04-05,118.64502716064453,119.14708434890063,117.57581658451342,117.89193428485298,9614700
2023-04-06,118.51485443115234,119.082000683968,117.94770817833668,118.0778721943855,8760200
2023-04-10,118.90536499023438,119.2214756231624,117.35268891892979,117.65020772955945,9477300
2023-04-11,119.49109649658203,119.88158856058351,118.5799412538381,119.28655100779827,10516300
2023-04-12,119.47249603271484,121.26690103116188,119.06340506045575,120.10471721761407,11821000
2023-04-13,119.9280776977539,119.9745537010394,117.919820654687,119.43531289368853,12450200
2023-04-14,128.9838104248047,129.3464112241228,125.42287735108336,125.65531412466714,43931300
2023-04-17,130.00653076171875,130.22036860936103,127.98898138025827,130.11809586712968,16050500
2023-04-18,131.4662322998047,131.81954073230335,129.26273624552854,130.41562773954573,13760100
2023-04-19,131.2988739013672,131.55920192925032,130.53647454341413,131.30816626421534,9158100
2023-04-20,130.91766357421875,131.4941021338163,130.0158079128283,130.08089700791183,10586200
2023-04-21,130.66664123535156,131.19660385164096,129.0302915712904,129.922854961478,11842500
2023-04-24,130.84329223632812,131.18730827572392,130.20176453203194,130.5922707591097,7567500
2023-04-25,127.99832153320312,130.12745100182553,127.96113787978784,129.7927413738107,10629300
2023-04-26,125.72972106933594,128.12847076116057,124.58613588390456,127.95181650755377,14416100
2023-04-27,127.42183685302734,128.22141988860258,126.12948901275256,126.4455996069345,9041100
2023-04-28,128.52825927734375,128.60264075648055,126.13880214058031,126.96627658910431,9887300
2023-05-01,131.28028869628906,133.29783821644935,130.93628680641368,132.26581836000824,20415800
2023-05-02,129.16046142578125,132.40528381144946,128.70488025365032,131.46623018999736,14113400
2023-05-03,126.42699432373047,128.92801604807235,126.22244884678562,128.71417820828944,12930900
2023-05-04,124.69768524169922,126.18528638056492,122.54997156023859,125.47868364235244,17089200
2023-05-05,127.13363647460938,128.19354770879522,126.36194460080846,126.85470947891491,11261400
2023-05-08,127.44046020507812,128.27722704115507,126.89189855490372,127.83095234103517,7484900
2023-05-09,126.82679748535156,127.32885464615522,125.7111038715992,126.38050869039941,7343600
2023-05-10,126.89189910888672,128.36090144779573,125.3950054877745,128.25862868411167,8133400
2023-05-11,126.49208068847656,127.19868329285076,125.42286313905839,125.51584351268195,7057300
2023-05-12,124.6790771484375,127.36604538453714,123.77722143236268,127.2079900985093,9988600
2023-05-15,125.72972106933594,126.13881214362168,124.5489522347957,124.83717162254675,7639500
2023-05-16,124.88365173339844,126.3898376699158,124.54894217119273,125.94356298258039,6477200
2023-05-17,128.7234649658203,128.8536289739523,125.94353060925548,126.3526073585183,12711500
2023-05-18,129.69970703125,129.91354486981814,128.08194213737082,128.55612218887362,10999600
2023-05-19,129.4021759033203,130.62015634556295,128.4259529385829,129.96932211998757,13492200
2023-05-22,128.33297729492188,131.689364532914,127.9889754446489,131.09432702029443,11402500
2023-05-23,126.99417877197266,129.26276442652866,126.8733212714651,127.87743585896644,9514900
2023-05-24,125.83197784423828,126.77103155998755,125.59024868871114,125.88776040422024,8578000
2023-05-25,126.13876342773438,126.69661725664287,125.12534268580241,125.34848705472824,8472500
2023-05-26,127.31957244873047,127.93320895067457,126.10160599557224,126.54788063934289,8579900
2023-05-30,127.80301666259766,128.0447457522703,126.464178840508,127.1893802963379,7399900
2023-05-31,126.17598724365234,127.2265918367746,124.95800660583822,127.1243190866319,14219900
2023-06-01,127.91461944580078,128.51894944147116,125.93425340148839,126.92908969935189,12248100
2023-06-02,130.60157775878906,131.54061723322627,129.55095898404744,129.7555044833213,12922500
2023-06-05,129.3185272216797,130.26687328356348,128.42597790551955,130.26687328356348,8511900
2023-06-06,129.5509796142578,130.25759661038836,128.5003748590288,128.93734301871834,9329500
2023-06-07,130.80612182617188,131.34537684682581,129.076791651942,129.74621069918032,9281400
2023-06-08,130.84329223632812,130.99205516218504,129.6811084783462,130.78750968583515,7368100
2023-06-09,131.1035919189453,131.8380998398069,130.3598058240921,130.48996980937244,7249100
2023-06-12,131.09432983398438,131.39185569008666,129.94143842180847,131.15941893506186,7596600
2023-06-13,132.0426788330078,132.83295530635525,130.29474985485163,130.61086044419062,7701600
2023-06-14,131.54994201660156,133.52100162444762,130.81543375282095,132.9538552409123,9068700
2023-06-15,133.03750610351562,133.32572542805949,130.1924823122168,130.71313840646567,9343100
2023-06-16,133.19557189941406,133.85569861958822,132.48896917108857,133.0003329420945,13813500
2023-06-20,132.51687622070312,132.95385856912745,131.1315476919943,132.59125770413888,8428600
2023-06-21,132.3216094970703,133.90217667494477,131.7358643045841,132.8608503119899,9926500
2023-06-22,129.7740936279297,132.58193366281853,129.18834845257769,132.31229907643169,10075200
2023-06-23,129.09536743164062,129.40217143539687,127.9517684885725,128.80713396524297,9919500
2023-06-26,129.41152954101562,130.17391495331148,128.0169085847207,129.11400359400008,8429700
2023-06-27,129.4208221435547,130.0158598518563,128.80718551682608,129.2348755197388,8154000
2023-06-28,128.85362243652344,129.43007517484398,128.2678915230531,129.38358499140992,7558600
2023-06-29,133.3536376953125,133.47450937436494,130.02515511363134,130.22970063811232,15423200
2023-06-30,135.22239685058594,135.74305286566013,133.5674484368948,134.44141282797466,14212800
2023-07-03,136.3102264404297,137.11910189866717,135.74308012722005,135.9197343507007,8021600
2023-07-05,135.4021759033203,136.14171413854416,135.14006000089324,135.68301845141943,8934900
2023-07-06,134.06350708007812,134.2320040302401,132.40654898226205,133.8856396654107,9709500
2023-07-07,135.121337890625,136.52553639400776,133.86692398915542,134.71880784275996,8981500
2023-07-10,135.87960815429688,136.66597020322195,135.27112782587213,135.27112782587213,9100100
2023-07-11,138.00466918945312,138.37913080817464,136.40389040770057,136.99364424528036,11260900
2023-07-12,138.68798828125,140.29813690742736,137.61144189846328,138.03269855763006,11323200
2023-07-13,139.36199951171875,139.83006562336877,138.31353599258082,139.20285874786703,11234900
2023-07-14,140.20452880859375,143.12525681027427,138.93138839786866,141.870843043834,27028400
2023-07-17,143.583984375,143.9303487734473,140.7475044980093,140.7475044980093,17262400
2023-07-18,143.84609985351562,144.53882864830726,143.05975211033515,143.58398393912213,13491700
2023-07-19,144.39840698242188,145.2971002736689,142.49805956001194,142.99420853526703,12510000
2023-07-20,146.1770477294922,146.58894821231368,144.5481867273733,144.6605180284174,9935900
2023-07-21,145.0537109375,146.16771076680183,144.81032165848947,145.84942918250036,10636400
2023-07-24,147.9088897705078,148.64842793429298,144.84773343199822,145.07241030562304,14381400
2023-07-25,146.8042755126953,147.64678887686114,145.99920115581102,147.25361502130073,9944700
2023-07-26,147.6842041015625,148.14291400130324,146.29873250733112,146.70127676307158,8728600
2023-07-27,146.0553741455078,148.6390943050811,145.6153907955602,147.69360576809055,10778400
2023-07-28,146.88851928710938,147.53445284492707,146.4485359733566,147.234883659289,9103800
2023-07-31,147.8714599609375,149.20076607298495,147.11318082189925,147.14126364731788,8892700
2023-08-01,147.14126586914062,147.90890120016138,146.17705075722094,147.37529894065986,6853900
2023-08-02,145.47494506835938,145.74643141841656,144.1081999906907,145.6247296556844,8299400
2023-08-03,146.36427307128906,146.89786098978126,144.4920086983106,145.10048890583116,6084000
2023-08-04,146.0553741455078,147.7216885960237,145.75580493522597,146.41109472740982,6209400
2023-08-07,146.7480926513672,147.62805928952613,146.59832234097993,146.59832234097993,7251800
2023-08-08,145.92433166503906,146.01793633999603,142.8444478887272,144.46396732063184,8623400
2023-08-09,143.96775817871094,145.58727709541188,143.66820331619675,145.4000535208101,6277800
2023-08-10,143.75244140625,145.5123743058116,143.3124581813596,144.5200765762263,5995100
2023-08-11,144.58563232421875,144.65116844231196,142.8818789489863,143.2563261590332,5180700
2023-08-14,144.88519287109375,145.02560699541831,143.15334248845306,143.7992760288352,5044300
2023-08-15,141.19680786132812,143.4809724951409,140.6351228816474,143.08779872306133,10300300
2023-08-16,140.59768676757812,141.31851250663752,140.12025023977912,140.98150436876168,6978200
2023-08-17,139.13735961914062,141.59937805479146,138.92203888799807,141.2436574651906,9953900
2023-08-18,139.45562744140625,139.95177640901298,138.0233461901272,138.21992597052116,8517500
2023-08-21,139.93304443359375,140.5134561406489,138.56629935066977,140.09218520164686,8327000
2023-08-22,137.03102111816406,140.0828066162515,136.5348722488115,139.72707184794504,9673300
2023-08-23,137.9578094482422,138.16375969245578,136.16980765056223,137.00296480788273,7858000
2023-08-24,137.8267364501953,139.8675120243072,137.60207386958209,138.07949613762864,6534000
2023-08-25,137.6582489013672,139.1279690919885,136.53489306897146,137.8735553172173,6695500
2023-08-28,138.1356964111328,139.11863830045337,137.73316633046414,138.14506687716968,5094100
2023-08-29,139.25901794433594,139.34328069655484,137.77992738593437,138.27609058280225,6337000
2023-08-30,138.69735717773438,139.62411896057506,137.78930775518225,139.127970012283,6277300
2023-08-31,136.98423767089844,138.87522886814105,136.63787329971225,138.79096610726893,10933900
2023-09-01,137.4429168701172,138.62243813166728,136.39443924227538,136.75953017686766,7903500
2023-09-05,135.92640686035156,138.7441742202353,135.74853943819002,137.76123245014202,7854700
2023-09-06,135.7017364501953,136.24468058187983,134.9060183286584,135.45833292470454,8629200
2023-09-07,134.54092407226562,135.9919318730385,134.2319987249338,134.92474171145767,8373700
2023-09-08,134.6439208984375,134.91539300149014,133.53927727068842,134.21329372186668,7107900
2023-09-11,135.2336883544922,135.78600302416146,134.51286243054037,135.50516045652148,6854200
2023-09-12,136.9936065673828,137.91102656774117,134.84986974127222,135.27112644775508,8363200
2023-09-13,137.05911254882812,138.26671674641662,136.5067980043591,137.92970859849189,8325900
2023-09-14,139.7177276611328,140.32620786354758,138.09822299168405,138.39777786104037,10034900
2023-09-15,139.3058319091797,140.16707182842225,138.83776580409716,139.4088070236676,19863400
2023-09-18,139.5960235595703,139.61475020241627,138.31352706736544,138.69734468236973,6512400
2023-09-19,139.41815185546875,140.1577042404797,137.80801772654655,139.95175402826723,7943400
2023-09-20,138.8284149169922,140.65386993955852,138.67863032943688,140.09218487834835,7332000
2023-09-21,137.7425079345703,139.3433004745327,137.2650855973688,138.15440843768323,8052400
2023-09-22,136.4225311279297,138.08884517442365,135.91702606345376,137.88289496335204,7071700
2023-09-25,137.09657287597656,137.16210899360448,134.52220904350628,136.06683591353567,7044700
2023-09-26,135.6736297607422,136.5255134713151,135.01834009270283,135.36471871200064,7468400
2023-09-27,136.46934509277344,136.7595437767897,135.28045325041472,135.91703054679127,6717800
2023-09-28,138.1637725830078,139.3620208697306,136.68468172940547,136.9374414680217,8868100
2023-09-29,135.75790405273438,139.25902955568586,135.60811946323787,139.109259250434,11917800
2023-10-02,134.58773803710938,136.31957413491773,133.52054783987114,135.58003593998507,9170600
2023-10-03,133.59544372558594,134.41923041723004,133.25843553401722,134.054139400051,9431100
2023-10-04,134.19456481933594,134.3068961192718,132.86524444361987,134.044780229925,8128700
2023-10-05,134.7603759765625,134.9489954403181,132.8082911555661,133.94936120720567,8576200
2023-10-06,136.83505249023438,137.57062223122574,134.04364892699462,134.76979345220388,10270600
2023-10-09,136.52389526367188,137.11800063708546,135.32623051848367,135.47712036142732,6964900
2023-10-10,137.3537139892578,138.4099281416334,137.00479393684975,137.13681890719138,11288800
2023-10-11,137.82525634765625,138.84374102392985,136.75963119469503,138.16475123974746,8698200
2023-10-12,137.50462341308594,138.58912775754237,136.86336329119763,137.96671807007812,10484400
2023-10-13,139.5698699951172,144.38880324418298,139.41898019566213,140.04138982618178,29427000
2023-10-16,139.42843627929688,141.00331097441395,138.36279673046786,140.93729128323395,12663500
2023-10-17,139.12664794921875,140.80525749010098,138.42879338011554,139.1643775960049,11482700
2023-10-18,137.5989532470703,139.07951838576773,137.08970365032715,138.24021346264712,9620300
2023-10-19,137.01422119140625,138.6456901080405,136.62758588013736,137.19340102303082,11143600
2023-10-20,134.8075408935547,136.87280042471613,134.02481610747344,136.33527520394097,13332900
2023-10-23,132.96861267089844,135.49595244442185,132.71398789413,134.7981121972243,10133400
2023-10-24,133.12893676757812,133.6570367926189,132.36507677495513,133.1478015940857,8881400
2023-10-25,132.4027557373047,133.13832548331752,131.56345105841095,132.5630851341918,8242600
2023-10-26,132.74227905273438,133.6004487370822,131.48803437322115,131.7992392386323,9109400
2023-10-27,127.96107482910156,131.17684405250557,127.48955492149321,131.03537944643568,17434700
2023-10-30,129.59251403808594,130.17719404826093,128.29111464548342,128.66833915982525,9855500
2023-10-31,131.13909912109375,131.3088537506683,129.63966944313077,129.86600415268222,9672500
2023-11-01,131.0259552001953,132.52538506399418,130.58272533258497,131.3182952427371,9432000
2023-11-02,133.3646697998047,133.42124987825363,131.29941059855653,132.1104252988265,10186200
2023-11-03,134.8546905517578,135.58083522229103,133.77020054443747,134.0908306209058,9538700
2023-11-06,135.8731689453125,135.9769038934277,134.6566396092663,135.01499931905428,7625100
2023-11-07,135.80715942382812,136.04291937904668,134.68495412429016,135.33563951339102,6297900
2023-11-08,136.47671508789062,136.58987525429612,135.4393655970245,135.90146025925483,7618200
2023-11-09,136.07119750976562,137.3537321294573,135.5148075176755,137.15570184261244,7992500
2023-11-10,138.0892791748047,138.1364340318637,135.8731447894524,136.68415940608418,7983300
2023-11-13,137.47633361816406,137.91956345188186,136.89165357778936,137.40088871139884,6676300
2023-11-14,139.98483276367188,140.74869271323962,138.174198041455,138.32507347607216,9927700
2023-11-15,141.21078491210938,141.60685990157586,140.00369511859856,140.00369511859856,8365300
2023-11-16,142.82337951660156,142.89882442983355,141.5408447709493,141.5408447709493,8126200
2023-11-17,144.1153564453125,144.15307170777956,142.90825220167514,143.53066195472735,7812400
2023-11-20,144.55857849121094,144.99238317230925,143.2666184458422,143.41750828184567,7019000
2023-11-21,144.2567901611328,144.87919984297054,143.87958002103724,144.47368527220556,7083500
2023-11-22,144.59628295898438,145.11495768637337,144.19076839406415,144.67172786384498,5174500
2023-11-24,144.7943115234375,145.64305590080474,144.54912637778605,144.84146638712082,3496900
2023-11-27,144.46426391601562,144.78489398263042,144.01160885787445,144.69058425026378,6259100
2023-11-28,144.7943115234375,145.1055163561744,144.02102643967882,144.4925462972237,6582700
2023-11-29,145.52992248535156,146.76530243681577,145.22814281403222,145.3884578683031,9126100
2023-11-30,147.18963623046875,147.23679109279772,145.5864716387902,146.08628152226098,9869800
2023-12-01,147.90635681152344,148.86826142383205,146.94446658886,146.94446658886,8916000
2023-12-04,148.99087524414062,149.04745533437793,147.0010605294652,147.13308553656773,9607500
2023-12-05,148.9720001220703,149.47181007082003,148.02896031089793,148.3024355246939,9135600
2023-12-06,147.4065399169922,150.1507890224694,147.11419989902313,149.79242931546503,9366000
2023-12-07,147.8591766357422,148.34956127038419,147.25563185066076,147.7648813069236,8130900
2023-12-08,149.49066162109375,149.73584676995327,148.0383723826528,148.3024223551613,7369400
2023-12-11,150.0376434326172,150.22624852159782,149.14174407807883,149.4906786018212,8093900
2023-12-12,151.3767547607422,151.4993401514318,149.83017004353027,150.16022534418147,10223000
2023-12-13,151.88597106933594,152.80072072522947,150.66945619346848,151.37673596516078,12379100
2023-12-14,154.6490936279297,155.45066878084032,152.49896415125406,152.6121243164545,13643000
2023-12-15,155.81846618652344,155.8656210556817,153.14023653822656,153.79093631953123,20309300
2023-12-18,156.76148986816406,157.61023425667324,156.19567466546889,156.46914985499157,8469600
2023-12-19,158.8550262451172,158.87389106722682,156.12021701458775,156.54458197937433,10345700
2023-12-20,157.0632781982422,159.76037254396365,156.9689684644074,158.42125778345093,10734700
2023-12-21,157.95916748046875,158.5155575124074,156.24282812678547,157.3367577550905,7601700
2023-12-22,157.8648681640625,158.64759298134297,157.7045531132431,157.95917790673107,6576300
2023-12-26,158.79847717285156,159.15683691468658,157.65739264154033,157.9214570337028,4683600
2023-12-27,159.7509307861328,159.8169504768574,158.03460589267718,158.27979105184372,6428600
2023-12-28,160.5996551513672,160.93915000069595,159.37370072936653,159.70377036247393,6320100
2023-12-29,160.4110870361328,160.96747710381322,159.96785714773753,160.31677729363093,6435100
2024-01-02,162.2782745361328,162.36314465626333,159.28884039116926,159.4585806314303,9977400
2024-01-03,161.57098388671875,162.2405339755657,160.6656594972967,162.07079374672327,9852300
2024-01-04,162.64321899414062,164.4839997839759,161.81770540051127,161.91259668017605,11972500
2024-01-05,163.45924377441406,164.5124733318374,162.70015693042274,162.70015693042274,10066000
2024-01-08,163.22201538085938,163.54462255510825,160.8214137681895,163.22201538085938,11229900
2024-01-09,161.93157958984375,163.00377577413855,161.40022316605578,162.8424721796584,9923600
2024-01-10,162.2731475830078,162.33007655293576,160.30901125024462,161.3053116591082,9670200
2024-01-11,161.5899658203125,161.64689478842016,160.0148634702537,161.61843030436634,11919500
2024-01-12,160.40391540527344,167.29259640908697,160.26157849064393,164.9109759460637,19436500
2024-01-16,159.3981475830078,159.49302439057672,155.8968705158976,156.43771030633505,17206400
2024-01-17,158.54415893554688,160.42290202843512,157.97485469273727,158.78137265631167,11107500
2024-01-18,158.8572998046875,158.96167443214202,156.78880288761584,158.57264041359542,9382300
2024-01-19,161.59947204589844,161.84618358047715,158.53467484219206,158.98063779337124,13115700
2024-01-22,161.40968322753906,163.18403698933614,161.0301471162414,161.74178818370544,12837500
2024-01-23,160.3470001220703,161.0681246579549,159.82512701395376,160.99221452601276,8360800
2024-01-24,161.77975463867188,162.26366540807356,160.22363323770475,160.69806067066273,9967100
2024-01-25,164.094970703125,164.142416344373,162.1687963911467,163.49718747582935,8873500
2024-01-26,163.46871948242188,164.20882513921873,162.9942920368661,163.78184333389387,7443000
2024-01-29,163.89569091796875,164.00006552852224,162.5388354591491,163.4307613169015,6971200
2024-01-30,167.254638671875,167.71956825499603,163.9905758624225,163.9905758624225,10822100
2024-01-31,165.44232177734375,169.1808119667958,165.42334062759713,167.18821111627943,11521800
2024-02-01,164.84454345703125,165.89777288401743,162.6621744802231,164.7591499982318,9354800
2024-02-02,165.79342651367188,166.82768944489155,164.39860853554015,164.43657084261173,8607600
2024-02-05,165.57518005371094,166.13500096991308,164.07598757427212,164.9679134968324,7820200
2024-02-06,166.14451599121094,166.87512391545872,164.87303928994038,165.67957182983469,6764800
2024-02-07,166.4575958251953,166.87509426680478,165.0627925456374,166.70430734707855,7225500
2024-02-08,165.85984802246094,166.34375883435635,164.69276048884402,166.04961611663302,6060300
2024-02-09,166.05906677246094,166.14447470465046,164.7876048655243,166.04958343705084,6296700
2024-02-12,166.7991943359375,167.76703037532326,164.81609109548293,165.84085611158963,8539300
2024-02-13,165.34744262695312,167.21668785869483,163.79132123629455,166.35324093999716,8397600
2024-02-14,167.0269317626953,167.09335855725456,165.49927474998213,166.11603914000582,7056700
2024-02-15,170.67051696777344,170.99313861983137,167.1407757730594,167.1407757730594,8723400
2024-02-16,169.87350463867188,170.77491396724417,169.04800544533634,170.42384226035486,8152600
2024-02-20,170.5376739501953,171.23034839812226,169.28519310769673,170.02529871425853,9668000
2024-02-21,171.64785766601562,171.73326561657646,169.38959269081207,170.7464483434242,7024000
2024-02-22,173.70687866210938,174.0389691999663,171.970472406029,172.52081000181218,9296500
2024-02-23,174.57981872558594,175.72792504973566,173.82073190790015,174.40901731437765,7105800
2024-02-26,173.98204040527344,175.02578661879247,173.1470434344582,174.3520932485434,7145400
2024-02-27,174.06741333007812,174.15280678882112,172.91930710908773,173.9345742347972,5717100
2024-02-28,174.94989013671875,175.7279437106466,173.60251776947524,174.0484663009059,6131600
2024-02-29,176.5439453125,176.89501700223315,174.44698403277337,176.1644091332413,9643000
2024-03-01,175.81332397460938,176.90451583340356,175.6330536993716,176.20235797152844,6311800
2024-03-04,177.13221740722656,177.99567880021087,174.84548820991387,175.26298666271404,7063600
2024-03-05,178.90660095214844,179.61824215364595,176.82860632723535,176.82860632723535,6617800
2024-03-06,179.8364715576172,180.3488613215342,178.03365300369188,179.57079333868876,7572900
2024-03-07,178.2613525390625,180.75684537868307,177.0847818143066,180.1970245029766,7618300
2024-03-08,178.59347534179688,180.71891558839314,178.3088159683026,178.80222458380084,6172200
2024-03-11,178.65988159179688,178.8022185128998,176.69575949029132,177.70154336122792,5762600
2024-03-12,180.13059997558594,180.43424047505954,178.2993170776544,179.28611974419184,5708400
2024-03-13,181.59185791015625,181.92394844272968,180.1306132360268,180.62402184480607,7795500
2024-03-14,178.3562469482422,181.82905916695464,177.53074786350967,181.25974046676782,10310900
2024-03-15,180.56707763671875,181.17434415077483,176.94244522461395,176.94244522461395,17214200
2024-03-18,182.80638122558594,182.84432904958828,180.17804920335632,180.88020701359716,9013800
2024-03-19,183.8785858154297,184.01142492310007,182.54071140188407,182.85383525818784,8478700
2024-03-20,186.28868103027344,186.50691359955096,183.70779458867116,184.25813215855158,9367000
2024-03-21,188.87904357910156,189.23011523950757,186.2886739000261,186.46895863754574,11203800
2024-03-22,186.56382751464844,190.22640764871292,186.48791739268526,188.83158992418737,8108800
2024-03-25,184.85592651367188,186.86749435505874,184.41944687042397,186.54488715000187,8620000
2024-03-26,185.71934509277344,186.6017875814552,184.1347593214929,184.63765120490154,5961500
2024-03-27,189.3155517578125,189.3914618944576,186.33614766678855,186.45000563256713,8725800
2024-03-28,190.05563354492188,190.45415085331146,188.38563970590695,189.28706341600085,8628300
2024-04-01,188.76519775390625,190.66290757030683,188.41412607095276,189.76149830319193,7309000
2024-04-02,188.6892852783203,189.56223004560812,187.9491796173942,188.24332231873962,7014700
2024-04-03,188.15794372558594,189.3534957773421,187.58862495139087,188.8600871382649,9353400
2024-04-04,186.726318359375,190.57250726060758,186.63088813761217,190.06668194049317,9243800
2024-04-05,188.44424438476562,189.08368373972885,186.21097596961084,187.21308807266684,6532300
2024-04-08,189.42724609375,189.90444089970362,188.60647044499663,188.60647044499663,8001000
2024-04-09,188.1579132080078,189.80901778367087,186.02008971749524,189.03596449913155,7351500
2024-04-10,186.55455017089844,188.0815794697576,185.32337934002095,186.63090309212447,7681400
2024-04-11,186.51634216308594,187.6043602268826,184.42624128812224,187.06035119498426,10137700
2024-04-12,174.45289611816406,180.31284860479283,174.2142986804954,179.73068483719993,31532300
2024-04-15,174.54832458496094,178.90989232756837,173.88979338856458,176.0848925222756,14766600
2024-04-16,172.55368041992188,174.80604095219934,171.4561234016168,174.5578902815886,16451800
2024-04-17,171.8665008544922,174.0997692825039,171.02663324895016,173.09765717367875,9017100
2024-04-18,172.9831085205078,174.99687108359075,171.76149104329275,172.83995591100177,9557700
2024-04-19,177.3256072998047,177.40196022253804,173.1358371435667,174.08067361637623,13402300
2024-04-22,180.77093505859375,181.45809672584136,177.49737120450726,177.50692442058224,11529700
2024-04-23,183.3764190673828,183.46231063719642,181.83031255941904,182.41249080398302,9144400
2024-04-24,184.2735595703125,184.41671219594375,181.49628213042132,181.83986299476692,6964900
2024-04-25,184.55030822753906,185.09431727771656,182.46019271951698,183.4813965591852,9802300
2024-04-26,184.66485595703125,185.98190375230607,184.25446084078007,184.74120887546937,6413700
2024-04-29,184.46444702148438,185.39974488523453,183.65320992069704,184.6553220561309,5387800
2024-04-30,182.99465942382812,186.09642549292656,182.89921464272427,184.01584868006023,8153700
2024-05-01,183.10919189453125,185.5906107156563,182.08798801756038,183.50049513128624,7445300
2024-05-02,182.91831970214844,184.67439312359332,180.87592647957385,184.2640125734771,6501700
2024-05-03,181.82080078125,183.74867231025377,179.864313285283,183.242846866742,8922800
2024-05-06,183.24281311035156,183.43368812810877,181.16225065998637,182.98512382682264,7911100
2024-05-07,183.00421142578125,184.13038419824304,182.90876663771533,182.9564890317483,7688800
2024-05-08,186.726318359375,187.6807079539802,182.28841256959262,182.28841256959262,9227600
2024-05-09,188.49197387695312,188.57786545857692,186.2014443233279,186.26824403253585,7977300
2024-05-10,189.7040252685547,190.24801976902737,189.2268304675511,189.4845051748557,7529800
2024-05-13,189.66587829589844,190.7348047600813,189.0073470128049,189.73269257114907,7049200
2024-05-14,192.3190460205078,192.38586028369684,189.12184954887874,189.92353333016814,8596200
2024-05-15,192.89169311523438,193.44524086083933,190.65842482501571,192.79624832491854,8370000
2024-05-16,193.23529052734375,195.1536086492636,192.77718753280783,192.99669309394335,8497900
2024-05-17,195.44943237304688,195.69758297985828,193.55974511421746,194.51413467806674,9260500
2024-05-20,186.65953063964844,196.48974700752038,186.48773292892272,195.06770117767758,17373300
2024-05-21,190.4198455810547,190.78250378063117,187.6330292793257,188.0147793513531,14420800
2024-05-22,189.26504516601562,191.77509508311715,188.67332813055688,189.92357647984326,9425300
2024-05-23,187.93841552734375,189.25547795628643,187.12719303061385,188.78782176676148,8069400
2024-05-24,191.55555725097656,191.6032650842563,188.54922104999036,188.73055741751145,7356200
2024-05-28,190.40074157714844,191.26923968293062,189.59905773927144,190.74432244521444,6910200
2024-05-29,189.07412719726562,189.91399471851386,187.90977070201868,188.9691437571096,6120000
2024-05-30,190.23849487304688,190.7347815795727,189.35090490632123,189.5036107487647,6829100
2024-05-31,193.38796997070312,194.02740925735446,189.30318363373397,190.2098508442745,14417900
2024-06-03,192.6149139404297,193.18753895642425,190.1048646599734,193.0825555190675,6444300
2024-06-04,190.0762481689453,192.7676194373073,189.2363806080914,191.0306378288864,6848300
2024-06-05,188.26290893554688,190.70615882571187,187.9384199292547,190.6488832103386,8351600
2024-06-06,187.9288787841797,188.98825193066074,186.42094131495605,188.26290644052494,7640300
2024-06-07,190.8302001953125,191.75595928489324,188.0242924032084,188.42513429310472,6964500
2024-06-10,190.5057373046875,191.67963261173603,189.38910305220256,190.15261775965763,6070800
2024-06-11,185.49517822265625,188.9118950141953,184.7698473106833,188.8832644889089,9235300
2024-06-12,182.79425048828125,187.747535155726,182.58428359797037,187.06037343522323,12751300
2024-06-13,184.82711791992188,185.70515472071864,182.17391564540972,183.54823918155475,8587800
2024-06-14,184.94161987304688,185.97236241283088,182.6892597815552,182.71789030520225,6874000
2024-06-17,186.0869140625,186.65955375205004,183.85364548635286,184.65532940145712,8725400
2024-06-18,188.01480102539062,188.9310216918413,185.27570680761474,185.72427120351418,9023000
2024-06-20,189.6085968017578,190.35301959036525,187.16536154039684,187.43258948693125,8731100
2024-06-21,187.34671020507812,188.17702462466875,185.36157778424015,187.73801349633672,20972100
2024-06-24,189.8090362548828,190.14306392636604,188.11022368178232,188.7878322423663,9785900
2024-06-25,189.0359649658203,190.94474426582192,188.72101463378038,189.05504227358247,6862500
2024-06-26,188.42515563964844,188.91190371760356,187.3276132855566,188.44424751166255,7758600
2024-06-27,190.0857696533203,190.74430078925033,187.919301243349,188.4346797683504,7913500
2024-06-28,193.0348663330078,193.3593699170051,190.2098808173549,190.88748938726886,15307600
2024-07-01,196.07936096191406,197.6445594874765,193.416620106431,193.58840326228037,10205800
2024-07-02,199.30519104003906,199.33382156432344,195.43037141669657,195.92664354617938,7802900
2024-07-03,199.1715850830078,200.78450597577336,198.17901165846095,199.9923607921085,5560900
2024-07-05,196.532470703125,199.0084419463454,196.27336816071954,198.64377422771068,8093100
2024-07-08,196.89715576171875,198.55739478921961,195.74554496023563,196.77239292168676,8707000
2024-07-09,199.25794982910156,201.30205403205485,197.1658441534367,197.33859380980596,9058900
2024-07-10,199.42112731933594,199.58427085155645,197.29064060335332,197.82805803738015,8328500
2024-07-11,199.085205078125,199.70900458588088,197.09867916383936,197.89521368869632,10658100
2024-07-12,196.67642211914062,199.08520875553353,193.95093996868792,195.77432240821722,15443400
2024-07-15,201.5803680419922,203.07746338803915,198.3846385255346,198.83568835973134,10719700
2024-07-16,205.00640869140625,205.12158000845062,199.6897990400412,201.5323790339862,11557000
2024-07-17,208.12538146972656,208.78756169090065,204.6705491521375,205.1791773653675,11572500
2024-07-18,201.51318359375,207.90464262796732,200.80303124118646,206.93537311360464,12415100
2024-07-19,201.3212432861328,203.78762269683403,200.49591964655664,202.68398424570762,8095900
2024-07-22,201.8011016845703,203.6148926358178,201.25409280392114,201.97385135034514,7663200
2024-07-23,201.84910583496094,202.95272984342498,200.90862535379435,202.5112860974499,5557300
2024-07-24,200.17922973632812,203.48052438660613,199.68020772158312,201.1005270559385,7119000
2024-07-25,200.25601196289062,201.71472666285024,199.66101627259542,200.23681430218042,6403800
2024-07-26,203.6820526123047,204.56495456575558,200.2080084887971,200.80301877315134,8027800
2024-07-29,202.34811401367188,204.99682004630137,202.0602076823259,204.0755227146991,6533600
2024-07-30,206.5131072998047,207.08890530291896,204.37302950002504,204.63213201184072,8850700
2024-07-31,204.21949768066406,207.66473846208044,204.09473484474648,206.11965617262393,9071600
2024-08-01,199.5746612548828,205.20796693510616,198.05836812142135,204.6033650548551,10918600
2024-08-02,191.11029052734375,196.4173090899953,188.951014866982,195.65916985684163,18041700
2024-08-05,187.04124450683594,188.26003972022244,183.2025323392783,186.2255269573448,13927000
2024-08-06,192.2618865966797,194.4307682439227,186.1775316040648,187.52107494379788,10605800
2024-08-07,192.31947326660156,197.4537566355557,192.12754058739833,195.30407255531497,9204400
2024-08-08,195.83189392089844,196.64762609323657,193.65342072084405,194.30600938741946,7761200
2024-08-09,197.5017547607422,198.14473732678184,194.71867950080318,195.26570304351597,5540200
2024-08-12,197.8760223388672,198.78771357086882,195.44803800867777,198.08715268440758,6936000
2024-08-13,199.55545043945312,199.6993962854889,197.11786006073427,199.35391161147854,6387800
2024-08-14,201.7627410888672,202.26176318738948,198.76853528010065,199.36354569530272,6999800
2024-08-15,203.01991271972656,205.26555604485006,202.58806048697608,204.41144308904532,7001000
2024-08-16,205.34231567382812,205.45747235510242,203.05827720505397,203.15425086846594,7931200
2024-08-19,206.7626495361328,206.83942554351694,205.19838414670022,205.37111918066995,6090800
2024-08-20,205.87013244628906,207.290451812223,205.0639917823852,206.33077379457382,5640000
2024-08-21,205.9468994140625,206.33076474687974,204.25785680520957,205.7837412719152,5202300
2024-08-22,207.8950653076172,208.05820882254338,205.6973943235858,205.92772233240674,5247100
2024-08-23,209.50730895996094,210.3518303146011,207.770294063869,208.82594575716917,7214000
2024-08-26,210.33262634277344,210.82205685305937,209.25779166440867,210.17907434771442,5105200
2024-08-27,211.30191040039062,211.5322384088343,210.3518384830516,210.6589278507846,5185200
2024-08-28,212.3671417236328,213.25005838467985,210.35182667608916,210.40940501408693,6506400
2024-08-29,213.2500762939453,213.98901788500726,210.11192481779804,213.19248330758634,6416100
2024-08-30,215.7356414794922,216.38821556365377,212.98135535356386,213.52837890369267,8574100
2024-09-03,211.41708374023438,215.0638633692745,210.39982731942075,213.33643989830546,8956100
2024-09-04,210.48617553710938,213.11569850429112,208.4516628819831,212.12721670145393,7389500
2024-09-05,208.854736328125,211.8969139547451,207.31924560820755,211.27311444323652,8067900
2024-09-06,203.89321899414062,209.91999639189612,202.57845001745773,208.82596392525963,7777000
2024-09-09,208.06777954101562,209.3537445138377,205.54382177933104,206.513105906515,8935100
2024-09-10,197.27142333984375,209.82401435534237,192.52101978319223,209.78563367537953,28406900
2024-09-11,198.87408447265625,199.32513434186177,193.69182869664772,196.97392597392317,13658700
2024-09-12,198.2694854736328,200.36157653556083,196.6284296106188,199.27713568329062,9054400
2024-09-13,196.08143615722656,199.4690986741892,194.833851700199,198.5190120847975,10226700
2024-09-16,199.47869873046875,199.8145919368192,197.30022525287094,197.53055327809923,8634900
2024-09-17,200.8126220703125,201.4651960832742,199.28673756042474,199.35390740598294,7573300
2024-09-18,199.1619873046875,202.81835838288768,198.36545275492742,200.58230673818105,8259900
2024-09-19,201.9930419921875,203.36538928713296,198.97965334983056,201.32127025220836,11635200
2024-09-20,202.5784149169922,202.89511039766174,201.05253049119437,201.46518498073377,20885000
2024-09-23,202.91433715820312,203.25982185543435,201.52280686007273,202.49207645675105,7223500
2024-09-24,203.0582733154297,204.3634360377964,201.88746493315114,202.63601263414566,7323200
2024-09-25,201.7147216796875,203.68206451343198,200.19842867858037,203.14463253149498,8976500
2024-09-26,201.3212432861328,203.16382323049552,200.58228714937277,202.61681440246963,7807500
2024-09-27,202.01223754882812,203.87401538274102,200.88941594295318,202.1561834046356,7032500
2024-09-30,202.3577117919922,202.45368545325593,196.98350891876606,197.99117378793656,8663800
2024-10-01,198.6917266845703,200.6590695133516,197.87600917065313,200.47672835038065,8540100
2024-10-02,198.931640625,200.5247095749859,197.39616465396708,198.73011645099774,5810900
2024-10-03,196.9547119140625,198.16391556637382,196.10059907948147,197.85681157736644,7251300
2024-10-04,203.94537353515625,204.37987213930614,199.78381659479555,202.09150201972523,10211700
2024-10-07,203.66534423828125,205.98269458084312,202.46806055788844,203.76190602752735,6718900
2024-10-08,203.49156188964844,204.0515878849043,201.20319174460775,203.32741862551052,6021800
2024-10-09,206.06961059570312,206.86137608833337,202.16875851799102,202.47772975256393,7024000
2024-10-10,205.5095672607422,207.41171960680364,204.18675618891916,207.41171960680364,7927100
2024-10-11,214.6341094970703,216.89352881613823,207.74968365741609,208.2421134569088,18320700
2024-10-14,213.8519744873047,215.99551635821757,211.34153026426213,215.51273692302564,9048900
2024-10-15,214.7306671142578,217.68527532023913,214.1803061412129,215.95693117924253,9235800
2024-10-16,215.9376220703125,215.97623794909032,213.42716268516796,214.67274209136121,6382500
2024-10-17,216.6907501220703,218.0715071604394,215.6189790372494,216.54592216463283,6470200
2024-10-18,217.60800170898438,218.13906204363374,215.4161936428324,217.25074963533817,7000500
2024-10-21,215.3196563720703,217.92666271781536,215.22309457904748,217.46319852448005,5870000
2024-10-22,216.40106201171875,217.521113903058,213.48508466002997,215.3389560319398,9586800
2024-10-23,215.7155303955078,217.05765675812557,214.86583379761672,215.95692013506684,6180500
2024-10-24,217.23147583007812,217.30872232380713,214.02582737326665,214.18997064746745,6002200
2024-10-25,214.65342712402344,217.84942517866347,213.27268477329852,217.25078329046238,6369700
2024-10-28,217.73355102539062,217.868728693903,215.27137266803004,215.65760510182318,6843000
2024-10-29,215.22308349609375,218.9404913371286,215.1361867268046,217.45353704067085,6580000
2024-10-30,216.6811065673828,218.5156628404685,213.94857273050474,214.87550115342282,7110900
2024-10-31,214.27684020996094,217.91700157327347,214.18029315501,216.96109290971893,7829900
2024-11-01,215.26170349121094,218.36113930912322,215.02996405127206,215.86034529447858,6923500
2024-11-04,212.21055603027344,216.05347672838175,211.62156445041862,214.9817056480971,8229600
2024-11-05,213.86167907714844,214.31549300886095,212.42299079009578,212.45195638290622,5600700
2024-11-06,238.55101013183594,239.4586379717928,226.68429620853013,226.90637065875526,23987800
2024-11-07,228.23883056640625,236.14676076756385,227.11877864228583,236.07916456872846,16451100
2024-11-08,228.8181610107422,231.09688077350958,227.65949319123993,231.09688077350958,9502100
2024-11-11,231.048583984375,233.76181688441483,230.76857838445073,231.734137289825,9017100
2024-11-12,231.30931091308594,233.14388184693877,230.53686076900374,232.26521962387952,6861000
2024-11-13,232.85421752929688,235.68329839480197,232.0334864664189,232.29419152794952,11472600
2024-11-14,233.53973388671875,235.87638473135124,232.74798322472824,234.0707942453307,10172200
2024-11-15,236.8612823486328,237.93305345699474,233.14388893789499,233.14388893789499,11518800
2024-11-18,236.59091186523438,239.3910269686542,234.32184240561926,239.22688371269956,9051400
2024-11-19,234.71774291992188,236.7067921801045,233.23078848461677,233.9066768643009,6792700
2024-11-20,232.48728942871094,236.1853820806055,230.42099380614764,235.9826082126915,9015300
2024-11-21,236.3302001953125,237.0350688275059,233.77147490470944,234.85289619986844,8783500
2024-11-22,239.9897003173828,240.56902689654652,234.65981033615955,235.21983634263424,7997300
2024-11-25,241.6697540283203,245.55130530795057,240.4821205914916,240.99386567944467,10295400
2024-11-26,241.36077880859375,242.35530337685785,239.78691296046713,241.86287360225722,6212100
2024-11-27,241.1869659423828,242.53875732525523,240.20210641192003,240.76213237626226,5472300
2024-11-29,241.11940002441406,243.09879896511487,240.85869496329937,241.25457769809182,5494800
2024-12-02,237.7688751220703,241.6311106570481,236.59089210524135,240.95522238507886,8899700
2024-12-03,236.38816833496094,240.46281387900356,236.20470976229734,239.68071342355267,6657700
2024-12-04,235.0170440673828,236.89989581875426,233.8873418565162,236.2722736572103,7346300
2024-12-05,237.02542114257812,238.66686850941545,236.19503980642355,236.93852436784667,6572500
2024-12-06,238.84066772460938,239.20758484833834,236.4074549916763,237.23783629630563,5519700
2024-12-09,235.41293334960938,239.3331004642951,235.36465245379455,238.61859624597477,7076500
2024-12-10,234.4956512451172,239.42000786865495,233.87769409575165,235.49017580217017,9108300
2024-12-11,235.14256286621094,235.85708177176627,233.8390524294808,235.59637673776825,7884400
2024-12-12,233.2114715576172,235.6929653390277,232.73834232849595,234.63084451171937,6113800
2024-12-13,231.67620849609375,234.36046110198654,230.90375841719614,233.7328537003409,10392700
2024-12-16,231.32861328125,232.38106899290696,229.33956421642742,232.32313781366128,9032000
2024-12-17,230.15065002441406,230.78792251755053,228.4802370347638,230.43065565931622,8083600
2024-12-18,222.43580627441406,230.8361807627836,221.62474030815744,230.7685845656322,11322400
2024-12-19,224.93663024902344,228.21952494296886,224.27039218428922,224.27039218428922,11790800
2024-12-20,229.4168243408203,230.97137492047273,223.61380532033132,223.93244155838863,32348400
2024-12-23,230.17959594726562,230.40167037895355,226.79048935961865,227.93950685968346,8611500
2024-12-24,233.964599609375,234.13840789117347,230.8361978696138,231.18378496668848,3729100
2024-12-26,234.76600646972656,234.88186883103566,232.4969370056862,233.11489415476902,4451800
2024-12-27,232.86387634277344,235.0074186310496,231.7727898921543,234.36049582992294,5730200
2024-12-30,231.0775909423828,232.54523003977909,228.9436990328983,230.54653053655986,5723800
2024-12-31,231.45416259765625,233.1245756017034,230.7975747930278,231.78244913333967,4871000
2025-01-02,231.73414611816406,234.90117826978482,231.20308575332456,232.62245857695913,9220900
2025-01-03,234.90118408203125,236.4460843210158,231.9851918792467,235.4901756406523,9491100
2025-01-06,233.75592041015625,238.45335769508264,233.49386894399746,236.52196656413992,9917800
2025-01-07,236.00759887695312,238.03603585964578,233.8044559653357,235.00793797890452,8753400
2025-01-08,235.96876525878906,237.05577163229688,233.41622549669356,235.59995317805556,8675300
2025-01-10,232.80477905273438,236.62873126230812,231.70807254459382,235.92993721338343,10256800
2025-01-13,237.01698303222656,237.3372500960213,231.96043318189513,232.61069705427852,10005300
2025-01-14,240.18092346191406,240.42355986458628,235.05644382222508,235.51260144399689,12407400
2025-01-15,244.917236328125,246.19834907161936,236.50259128635952,243.02466018784034,18448500
2025-01-16,246.78067016601562,249.46908602016472,244.8978090555052,246.51861866884337,15292300
2025-01-17,251.52664184570312,252.94363035716344,244.71340648745428,246.65449800073918,17678100
2025-01-21,255.2826385498047,256.4667055083283,251.85661335633378,252.40983152306225,13712100
2025-01-22,255.0982208251953,255.62232378121152,252.58451108944297,255.15645119600785,9021900
2025-01-23,258.11663818359375,258.99980869731013,256.03965618936724,256.8937411358266,10749700
2025-01-24,257.0393371582031,259.2327800677332,255.26325143834285,255.92321545084891,7666300
2025-01-27,258.01959228515625,258.13605303558734,254.535336614133,256.3890825417096,7522300
2025-01-28,259.2716064453125,259.4559828890109,257.02961850864546,258.0195941318063,7375400
2025-01-29,258.7280578613281,262.7073011271936,257.78662735417487,259.3395063870375,7684900
2025-01-30,260.3294677734375,261.75617104949805,258.766873890751,260.71768010583645,8753500
2025-01-31,259.4268493652344,262.8431891272981,259.09686738707205,261.3000250446993,7193800
2025-02-03,258.9513244628906,260.2712821624786,253.99184960482245,254.11799568005065,8381400
2025-02-04,260.04803466796875,261.8920656979003,258.97071346699056,261.8920656979003,5626000
2025-02-05,262.4646301269531,262.668466021139,260.42647851599486,260.9894115303653,5704400
2025-02-06,268.74407958984375,268.8217398268807,263.2022723240967,264.4251692984596,7264400
2025-02-07,267.6764831542969,270.3454837389774,266.61859193134063,269.10318646976515,6857900
2025-02-10,263.0567321777344,268.0453220031556,261.64942897239877,268.01620681498275,8627400
2025-02-11,266.890380859375,268.08416285966723,261.71738476219014,262.299718167667,7196400
2025-02-12,267.33685302734375,268.3073988294126,265.2016404153094,266.0071803987953,6683900
2025-02-13,268.18121337890625,268.81206220355733,265.74513402635904,267.38535874167565,8398700
2025-02-14,268.4432373046875,271.0054922240324,268.30737630553097,269.20026178200214,5688600
2025-02-18,271.70428466796875,271.72368491952835,267.89001749911944,268.6082414686908,7919800
2025-02-19,271.02490234375,271.9954480996811,269.0546956439582,270.18053227508295,7007200
2025-02-20,258.94158935546875,270.52990776080935,257.9128132494212,270.47167738640707,13846700
2025-02-21,256.45703125,261.2709600914064,255.09827295553427,260.41687498668233,12835600
2025-02-24,253.64247131347656,259.1357648644745,250.9928702459464,257.6702310233956,10372800
2025-02-25,249.8184814453125,255.2535438153115,245.88778282719832,254.50623421668564,9608400
2025-02-26,251.1675262451172,253.2250783593955,249.36229586835162,249.58553203875115,5943600
2025-02-27,251.4198455810547,255.87467629942992,250.2648938568394,252.51656693419218,8204400
2025-02-28,256.8549499511719,257.0102408394051,250.2940802308907,253.05042685493686,10467100
2025-03-03,252.94363403320312,258.47575677394605,250.22611772259287,256.2240834773225,9058300
2025-03-04,242.87908935546875,249.65350978324315,238.70573940367385,247.7609336031201,13465600
2025-03-05,244.12136840820312,245.59660207726964,240.5303521377995,243.84961678618464,7861400
2025-03-06,239.27833557128906,242.015281613365,236.66758002130527,240.80209946195242,9983200
2025-03-07,235.14381408691406,239.4530394207747,232.36805275623323,238.00692097749285,20498700
2025-03-10,225.38014221191406,230.5143228718976,221.96381691976234,229.25262520540508,18887200
2025-03-11,222.39085388183594,226.44774284176466,220.01301974210133,224.9239788967364,18143000
2025-03-12,221.1873779296875,227.41829488617915,220.56622922120076,227.1077131272591,16054000
2025-03-13,218.5572052001953,222.74025511632564,217.62547474110963,222.54614892341084,16467900
2025-03-14,225.59364318847656,226.27302221151962,220.87679052941755,221.40087868737876,11962100
2025-03-17,227.0397491455078,228.72850399973166,223.67196918142557,224.37074846283141,9586000
2025-03-18,228.04913330078125,229.2137852248078,226.6418449421928,227.4182844946614,10344900
2025-03-19,232.06719970703125,235.19235827185224,227.9714953720013,228.79646520042016,10120600
2025-03-20,231.9701385498047,234.6391394103261,229.24290731273203,229.5923043813926,8328500
2025-03-21,234.51295471191406,235.16321853294548,229.5340506915364,230.80546314828078,19326900
2025-03-24,240.75357055664062,241.36501910335522,237.21108457850144,238.2495608050386,9422700
2025-03-25,243.733154296875,244.4028332211237,240.32652930123646,241.96675395701018,9287700
2025-03-26,243.6361083984375,247.16889448049588,242.4229261613384,245.1598723967236,12779300
2025-03-27,240.8118133544922,243.25759285817858,239.89949795497841,242.18028645376282,8022500
2025-03-28,235.69703674316406,242.16086005777964,234.00828183952703,239.6665652294854,11978400
2025-03-31,238.0748748779297,238.61837812715723,230.36873927152533,232.35836101622476,13603000
2025-04-01,236.48316955566406,238.45337614807622,233.78505368597595,235.47379373127083,8054700
2025-04-02,238.57957458496094,239.9674479641913,234.34799432373393,234.48387014274496,7758800
2025-04-03,221.95411682128906,228.2141341410838,220.60505877931982,227.36976405138714,17188500
2025-04-04,205.3434295654297,212.58923458837728,204.02511643608108,210.2553432331429,27170700
2025-04-07,209.40577697753906,216.83712407913987,197.41406528016333,200.9393169780438,22914400
2025-04-08,211.77871704101562,222.4911845873146,208.24370556467724,218.27260941397304,19485700
2025-04-09,228.83859252929688,231.9048767833682,206.04652973562588,207.5113154920403,24022400
2025-04-10,221.7783203125,224.9422627815506,214.93289385418547,224.60047349209523,18896400
2025-04-11,230.6549072265625,232.97903852434644,219.71784418502205,220.99708791596365,20284500
2025-04-14,229.2096710205078,234.15087913970558,228.14526363842643,231.53380246810318,13017800
2025-04-15,227.65699768066406,233.04739831448416,227.35427768752865,230.55727455130136,10912900
2025-04-16,224.21963500976562,228.09643576900157,222.5790672431111,226.55352634462056,9322300
2025-04-17,226.5144805908203,228.83859723978307,225.13757837531108,225.38170933973876,9557900
2025-04-21,223.6142120361328,226.36800167119193,221.02641477455015,225.21571062759392,8716200
2025-04-22,230.0592498779297,230.44986835764868,225.9383180454656,226.53399818903708,10701400
2025-04-23,235.22508239746094,240.99632733668028,234.36573659509583,234.5805730456871,14126800
2025-04-24,238.89678955078125,239.7073061190241,232.00253368423319,234.1118287364866,9055200
2025-04-25,237.83238220214844,239.85377878556818,236.07463632488924,238.9065494767277,8588600
2025-04-28,237.5101318359375,241.04514340247584,235.18600030625285,238.81867021795682,7394300
2025-04-29,238.87725830078125,239.49247309158469,236.01605058594708,236.50431250866183,7216800
2025-04-30,238.87725830078125,239.4631785682675,232.83257331348125,235.5473233123009,12991700
2025-05-01,241.09396362304688,242.6173383874093,236.48477003311547,237.1390391998316,8689600
2025-05-02,246.58203125,247.66597331622904,243.60364543700763,245.36137644120922,7165000
2025-05-05,246.630859375,249.16982732673011,244.7071062124704,245.28325170363556,5450700
2025-05-06,243.3985595703125,246.71873456309945,243.1544286178849,244.13095242759528,6369900
2025-05-07,243.53526306152344,246.52342342169658,242.98841213293886,243.98447055318667,8724100
2025-05-08,247.51950073242188,249.87292678022158,245.64457673393773,245.66411138304096,8320100
2025-05-09,247.13865661621094,249.51160240858812,246.41602360630893,248.52531868880288,5087600
2025-05-12,253.9450225830078,257.41170023099767,252.62673918846934,256.7281215958606,9603900
2025-05-13,256.8355407714844,257.4800500721763,254.27705311794927,254.90201286940857,8589000
2025-05-14,259.4038391113281,260.3803630716006,256.13247788418613,256.8258015516586,8643100
2025-05-15,261.2103576660156,263.19269990894253,258.5444666020599,260.7025759874391,9214600
2025-05-16,261.2786865234375,262.1575519192299,258.49558793581224,261.22009748379395,8932900
2025-05-19,258.66162109375,262.02086524830315,255.78086405036862,259.31587533133506,12145000
2025-05-20,259.44287109375,260.3998752754938,256.14221543550514,256.35705189258454,8436300
2025-05-21,254.91180419921875,259.41356502066975,254.60908417787425,258.1440958860731,7464000
2025-05-22,254.55047607421875,256.1421848603704,252.792715325804,253.3493410528591,6514100
2025-05-23,254.58953857421875,255.83948797883488,249.99011933238478,250.78110131024334,6671800
2025-05-27,259.06201171875,259.0717566921421,255.83946524243134,255.8883093139594,7506600
2025-05-28,257.3042907714844,260.4584739162862,256.72814520654777,259.98973168327075,5535400
2025-05-29,258.16363525390625,259.17922851944735,256.3668347386543,258.58353340559717,5081200
2025-05-30,257.8022766113281,259.10104011963335,256.56210214543427,257.26520045551075,10977700
2025-06-02,258.4468078613281,258.8081169206428,255.75159247660167,256.84529442949264,6011200
2025-06-03,260.01898193359375,260.32170192801004,256.70858174263634,257.53863293425644,6998400
2025-06-04,258.0171203613281,260.8490334291481,257.9780510648975,259.67722274650265,5915700
2025-06-05,255.8004150390625,258.5248949172323,254.19890174190374,258.5248949172323,8173800
2025-06-06,259.4917297363281,260.3901151155264,258.05623828371085,258.1245723139139,7738100
2025-06-09,260.4779357910156,261.61070691825,257.1675357719009,259.75531775168025,8285000
2025-06-10,262.2943115234375,262.58725675736963,259.6088709415357,259.63816546492893,7538100
2025-06-11,261.8548889160156,263.2903803018637,259.550306718951,262.3724454128917,7434100
2025-06-12,261.9427490234375,261.9915930968164,258.91554891738133,260.5951413369258,6618000
2025-06-13,258.7300109863281,260.75139274608847,256.5425772552077,258.85693405632503,7098300
2025-06-16,264.0129699707031,265.3508326588525,260.5853915714537,260.731864186611,8566000
2025-06-17,263.1926574707031,264.23754498425956,261.5130355109874,261.87437431373314,6739300
2025-06-18,267.5284729003906,271.20021221292876,263.3880211997966,263.66144669321045,9586400
2025-06-20,268.5440368652344,270.79002961674195,267.3819711943445,269.1006625666469,13969700
2025-06-23,271.7372741699219,272.0106996489925,265.7218838292262,268.60264103465835,8094600
2025-06-24,274.6571044921875,276.0730461780452,272.94818777394573,273.6317365805569,9267900
2025-06-25,277.3913879394531,277.60622439824255,274.31534348949015,274.89148903780136,6826900
2025-06-26,281.97125244140625,282.61576173740934,277.79173169250225,278.0163428990485,8942100
2025-06-27,280.3697814941406,281.9224808246488,278.34839953396556,279.10031225915947,17868600
2025-06-30,283.1040344238281,285.77970025058426,282.13728534359143,283.5825215764878,12689200
2025-07-01,283.59228515625,284.2953834962509,279.86195702454677,284.0610273166312,9338300
2025-07-02,285.14495849609375,285.9457151893501,282.89896560647867,285.18402779363225,8158700
2025-07-03,290.4435729980469,290.83605832396694,285.74348111805267,286.66583810355576,6541600
2025-07-07,286.4892272949219,290.4828336535378,284.63469143869315,289.70765491378785,8825700
2025-07-08,277.4717712402344,284.2618850781592,275.048135846527,283.83993409983367,15440900
2025-07-09,277.8446350097656,281.8088060970764,277.1774068900867,281.7891623646238,11273800
2025-07-10,282.7801818847656,282.89792448782646,277.68760468940775,277.68760468940775,8410900
2025-07-11,281.47515869140625,281.98541661358325,278.3254239763715,280.16031625567433,7384700
2025-07-14,283.2806396484375,283.8693527089549,279.90521169280953,281.6812326297011,9079900
2025-07-15,281.1709899902344,286.46964738040805,280.121098345475,282.5937831680985,12526100
2025-07-16,280.4546813964844,285.2725159686822,277.6974322542774,282.98623724838524,9979800
2025-07-17,284.4580993652344,284.85058472552134,278.11937245969557,278.11937245969557,8509500
2025-07-18,285.8023986816406,287.0093204502985,282.8194857660448,284.08524890116877,12217000
2025-07-21,285.50799560546875,288.65773001934355,285.125302200427,285.5374312562634,7898100
2025-07-22,285.9593505859375,288.11806478082025,283.7515869549163,286.0280437522998,6717500
2025-07-23,291.1893005371094,291.41496386649595,287.05830810847374,287.34287268108,7083500
2025-07-24,290.9832458496094,293.96618832212596,290.6398398939318,291.8369396401929,7001200
2025-07-25,293.0144348144531,293.2891775825394,290.40436354527543,291.13049296035166,5918500
2025-07-28,292.6807861328125,293.8091927274499,291.2482011503524,292.0724293571669,5840400
2025-07-29,291.4640808105469,295.63430134586406,290.63985258046154,294.36850837533046,7635700
2025-07-30,294.0054626464844,294.9670472888904,291.79769880383014,291.83695632333047,8061700
2025-07-31,290.6790771484375,295.33011989507037,289.9529777509294,293.5246633224064,14749700
2025-08-01,283.93804931640625,286.32242707449086,278.9043429750852,284.9487133421405,12007100
2025-08-04,288.73626708984375,288.79513839592664,284.81135364584816,284.81135364584816,6649500
2025-08-05,285.9004821777344,290.23752439689997,281.8480045472989,289.1581672885365,7182300
2025-08-06,285.880859375,287.7844445938785,284.7131953506969,286.81300825463615,6330200
2025-08-07,281.55364990234375,287.9512476179058,281.0336001027858,287.4410196836242,8057100
2025-08-08,283.33953857421875,285.7631740586469,279.36554536006525,283.55541003235584,6634100
2025-08-11,284.12451171875,285.8514833981763,283.3591547144072,283.96751157110066,5510100
2025-08-12,287.3527526855469,289.2170807199043,284.88985973561466,286.02808831162713,8570900
2025-08-13,285.0762634277344,289.0207905053278,281.769528771024,288.43207746741234,8420400
2025-08-14,288.6381530761719,288.67741059714604,284.20301143696577,285.1253385944976,6322400
2025-08-15,285.0370178222656,289.95298150728627,284.3796115875491,289.30536719380285,7340500
2025-08-18,286.0575256347656,286.42057536605495,282.9960976961236,284.55624732082714,5386900
2025-08-19,285.203857421875,286.9897003409671,284.0950645111781,285.3706494849781,6031500
2025-08-20,286.7541809082031,287.82371628155875,281.87747451352897,285.35103146886894,7374200
2025-08-21,285.9986572265625,287.27424223237057,284.0362003285711,286.45983579537915,6624000
2025-08-22,290.6790771484375,291.5818204071259,284.6837862966605,287.6961645212777,8552800
2025-08-25,289.3642272949219,291.76824867106194,288.61851412970407,290.6790696581532,5856300
2025-08-26,292.9653625488281,293.13215460321874,287.99052751038425,288.63814183000835,6714700
2025-08-27,293.66204833984375,295.4184556440125,291.4641062014755,291.6701557907686,6056500
2025-08-28,295.4184265136719,295.5852185641284,293.0929201153854,294.38811877937053,6410500
2025-08-29,295.7618713378906,297.2631495608047,294.10359298088383,296.37022814205386,6796400
2025-09-02,294.0741271972656,294.8198403269102,288.97172816852793,294.62361263793457,7221900
2025-09-03,293.8877258300781,294.9278255320024,290.8164761661132,294.9278255320024,6316900
2025-09-04,298.1168518066406,298.7153868216896,292.68083750021106,294.3685517279064,6605800
2025-09-05,288.8540344238281,299.42185399614533,288.7853412459479,297.9500113286781,9837700
2025-09-08,287.41162109375,290.8949700189617,285.9692141135519,289.3544641521949,8188500
2025-09-09,292.2588806152344,293.3872872696363,286.8228669749493,287.1074315912692,7848200
2025-09-10,294.89837646484375,295.8796048140829,289.8548483762926,291.13046319713106,7787300
2025-09-11,299.8241271972656,299.9909491896388,295.1436788264331,295.5852136096933,7942500
2025-09-12,301.1488037109375,301.7767742987404,297.9990690164523,299.27465392414524,6846700
2025-09-15,303.1014404296875,304.13174819496044,301.40393449781925,301.40393449781925,7122000
2025-09-16,303.385986328125,305.06387836899023,301.3646583866889,304.1807788708881,10525600
2025-09-17,305.89794921875,307.03617773944126,302.973877849489,304.563492987762,8657800
2025-09-18,307.3501892089844,307.556238792954,303.7981171700278,305.9372178866198,8050700
2025-09-19,308.8710632324219,309.8719053836384,303.31730709863126,307.7132209495945,23568600
2025-09-22,306.5749816894531,307.8113389670314,303.74903930910966,303.9845245259009,7520200
2025-09-23,306.8693542480469,310.37234675445063,304.74989735202223,305.9666409066948,8584400
2025-09-24,307.53662109375,310.63727651453155,305.81947137817144,308.15476983779797,7310500
2025-09-25,307.5660705566406,309.7247551863121,305.947019653492,308.22347685107957,7083200
2025-09-26,310.12701416015625,311.8441636854759,307.8113297451866,308.988785738579,7258100
2025-09-29,309.7640075683594,312.0404647281687,307.7721150397051,311.10828573544467,6462400
2025-09-30,309.50885009765625,311.45169300349573,304.28870810842403,310.31346452838187,11823300
2025-10-01,304.87750244140625,308.6846738574029,301.63946033115474,308.0763169713923,9235200
2025-10-02,301.77679443359375,304.73030161726365,300.39328868596704,304.1808160870063,7600000
2025-10-03,304.21026611328125,305.809673335546,302.42442308322387,302.7188095956571,6029900
2025-10-06,304.8511047363281,307.38512889871987,300.8578215934895,305.8371035459471,7214500
2025-10-07,303.3819885253906,305.66951307877287,300.43386159315816,305.01875022701944,8454200
2025-10-08,299.77325439453125,304.4567493262524,299.2999640741864,303.894722712774,6489900
2025-10-09,301.2522277832031,303.7270945284432,299.1422058887319,300.77893750215213,7060300
2025-10-10,296.6772155761719,306.1230715472904,296.5983188157025,301.3804193716138,8597400
2025-10-13,303.6580505371094,305.1271791148808,301.17334440263704,301.321238204041,10788700
2025-10-14,297.85052490234375,302.70165257420854,290.0907186231138,301.5578902761218,16178800
2025-10-15,301.40997314453125,307.7499381556482,301.1634734465224,302.1001843350741,11354800
2025-10-16,294.360107421875,304.3581201926382,292.9106878973514,301.0747572360179,10549400
2025-10-17,293.3938293457031,295.3559575215809,290.08088749555986,294.97143359875633,10153500
2025-10-20,298.1265869140625,299.43798218705626,293.9854099500461,294.32064593592156,6894900
2025-10-21,292.9303894042969,299.7929328501146,292.8416531202475,297.436411288458,7372700
2025-10-22,289.9920959472656,293.8868032880077,286.4721030595595,293.6008552074487,8054100
2025-10-23,290.4161071777344,292.2204718178062,288.4145307332595,290.25834375227123,5438800
2025-10-24,296.2334899902344,298.36325106738366,291.31336547241364,291.93451945757295,7228300
2025-10-27,299.89154052734375,300.2662249001909,296.7955198233114,297.92941246883,5642200
2025-10-28,301.0845947265625,303.6580673748709,298.915415308335,300.59159530101573,6336000
2025-10-29,301.2325134277344,303.93414060421026,298.7675163425421,299.2605157595805,7520300
2025-10-30,305.10748291015625,308.2330823767899,300.82825156305904,301.50859316866377,7514600
2025-10-31,306.7639465332031,308.4894444595929,302.9481359332913,304.22008283002725,7721300
2025-11-03,305.0187683105469,307.9471862719047,301.9227172950412,306.6456604912348,7770000
2025-11-04,304.920166015625,307.84858401169095,300.82827651560933,302.415720333495,7085200
2025-11-05,307.3161315917969,308.7162632770978,301.35085025066564,305.27510663609064,6865200
2025-11-06,309.0317687988281,310.4318702971036,305.9160088624015,306.6357687557767,7206100
2025-11-07,309.8106994628906,310.0276204199649,303.3327096940284,307.5232049313688,7302300
2025-11-10,312.45318603515625,315.08578608051664,309.8106862822301,310.5896337890794,5794100
2025-11-11,311.200927734375,314.58289630207906,310.86569176259013,313.0546102409576,5030200
2025-11-12,315.92388916015625,317.7381233989844,311.782682032414,311.83200002815875,10578300
2025-11-13,305.14697265625,316.14085517487956,304.77228823247975,314.7604626322791,8973300
2025-11-14,299.35906982421875,303.3326737235763,297.012418045434,303.20448907001065,10327000
2025-11-17,296.1644592285156,301.31137424610444,293.5022804823602,299.74363974118836,8344000
2025-11-18,295.2179260253906,298.70837045931603,292.8613742767781,295.3066623130797,8077300
2025-11-19,299.0238342285156,300.18733563828084,295.0798391737984,295.54325979633944,5546600
2025-11-20,294.20233154296875,305.5807663052954,293.9854105998292,302.05087369332443,7501600
2025-11-21,293.84735107421875,297.456110287291,288.71030575970536,297.0715864028587,11766800
2025-11-24,293.8276672363281,295.6221924256846,290.386540762355,294.0642973394352,10940200
2025-11-25,298.7576599121094,300.236658228506,291.42182585555855,295.848951187077,8877200
2025-11-26,303.33270263671875,304.21022597199055,298.95486530692773,300.7296512123902,7910900
2025-11-28,308.6965026855469,309.3275563846455,303.9242719247256,304.7722465716023,4322400
2025-12-01,304.5947570800781,309.6430660312097,304.2200727283419,308.5683309692949,7727300
2025-12-02,303.5693359375,306.1329390093465,302.7903884074122,304.4172805196406,7249000
2025-12-03,307.75982666015625,307.98658713845214,302.50443592551073,302.89885953876745,8535300
2025-12-04,311.67425537109375,314.0307770729326,308.61765279183703,308.8740221323167,9627800
2025-12-05,310.62908935546875,314.02092784192007,310.2741141188276,311.22069468967254,6518900
2025-12-08,310.79669189453125,312.0390600856641,308.96274846028484,310.64879808375287,7417200
2025-12-09,296.30255126953125,314.336450228146,295.8193913272319,310.5403783790639,18049200
2025-12-10,305.76806640625,306.8329619363725,294.2811866679717,296.292632599085,18874100
2025-12-11,312.9363098144531,313.5476242674454,304.9102649889192,304.9102649889192,9721900
2025-12-12,314.06036376953125,315.7858618718594,312.16726270211575,315.2041261224818,8982900
2025-12-15,315.53936767578125,318.35934027084556,313.9322146909975,315.11539535630396,10864100
2025-12-16,311.1319580078125,315.0463750601788,309.99806522837446,314.62240273148194,8331300
2025-12-17,310.5699157714844,314.8984348971578,310.254388930852,313.97159360923496,8718700
2025-12-18,308.61767578125,313.2518829489097,307.8485977928193,311.575672673722,11444900
2025-12-19,312.7686767578125,314.099781180705,308.8049723403709,309.39657764946713,24494400
2025-12-22,318.56634521484375,318.7043994886834,313.0644852104395,313.0644852104395,8354600
2025-12-23,321.3666076660156,323.1907116116738,318.56637445826755,319.07908304324746,6668300
2025-12-24,324.5612487792969,325.36974495293686,320.9426198260136,321.6722493328215,4289300
2025-12-26,323.3188781738281,326.2275566521161,321.96806459862194,324.502058709128,4158300
2025-12-29,319.2171325683594,323.1808371734579,319.0002116144308,322.4216288798564,8635300
2025-12-30,318.89178466796875,320.39049219725354,317.97478280166575,320.2623075229155,7904300
2025-12-31,317.70855712890625,320.3313177342217,317.5310845539587,319.79886991908165,5048500
2026-01-02,320.92291259765625,321.1694123071354,316.2492576445291,317.9846252281575,8054000
2026-01-05,329.36309814453125,332.52814635317964,320.63700140675104,320.94265867445506,10752600
2026-01-06,331.41326904296875,332.6612412306879,327.49110960074296,329.44229029813283,7660800
2026-01-07,323.8660583496094,328.9767653957764,321.49890717343806,327.9764350864437,9815200
2026-01-08,326.63934326171875,328.2339475379842,322.53888044956136,323.27183137637843,11737100
2026-01-09,326.0450744628906,328.7291759216584,325.0348299492433,326.1936353875406,6738100
2026-01-12,321.3899841308594,322.90536610933975,318.16114900395775,318.8049332018166,12805100
2026-01-13,307.9298095703125,323.73732718365267,307.6029755260753,321.20178657189985,19371200
2026-01-14,304.9287414550781,308.78159262538577,303.19546018048277,305.2556057077196,25951500
2026-01-15,306.30548095703125,309.95031666446005,304.8098971346673,305.5230197927318,14751400
2026-01-16,309.48480224609375,314.17950872864606,307.0383983149945,307.38506061636195,14652500
2026-01-20,299.8477478027344,308.1774060521912,298.9761500928895,303.2845981841295,12900600
2026-01-21,299.15447998046875,302.4823658305288,298.2729680555718,300.53118494697816,10270100
2026-01-22,300.729248046875,305.2555953909441,300.0062112868251,301.9474777854751,10535800
2026-01-23,294.875732421875,299.4813025896872,293.67730062328087,299.11484222180513,11107900
2026-01-26,298.1640319824219,298.8969527426069,294.60833256531976,294.96487880777863,11752700
2026-01-27,297.44097900390625,299.08512378237486,295.3016109870806,298.45122352878457,11527400
2026-01-28,297.89654541015625,299.03558292254246,295.2025300603667,297.4013222225187,9556700
2026-01-29,303.49261474609375,303.898671192008,299.3327275624257,299.51100066931883,11580000
2026-01-30,302.9676818847656,304.98817089860455,299.66947824936375,302.333781642444,11953200
2026-02-02,305.1961669921875,306.3450582127215,298.49082554616626,301.55130128288636,9839400
2026-02-03,311.8420715332031,313.22869052113475,306.14700443281885,306.77099053389486,12688000
2026-02-04,314.23895263671875,316.25947197584406,311.40629013300924,311.40629013300924,9848800
2026-02-05,307.1968688964844,312.9909865673853,302.6210112179966,311.99062599899656,9388000
2026-02-06,319.3199462890625,321.15227836348157,311.7034102684662,311.7034102684662,17797400
2026-02-09,319.0228271484375,323.2817350541263,317.05181803840316,318.27007812796035,11477500
2026-02-10,315.2392883300781,323.01429884581904,312.1094739861534,319.4684837021083,9902200
2026-02-11,307.8505554199219,322.1724018130651,305.78052608370194,320.1518827061323,8703500
2026-02-12,299.7487487792969,310.6238322045743,297.1537535117247,309.2966374972976,13443400
2026-02-13,299.6595764160156,301.3829738793206,293.6871852314235,295.66807823097014,9114500
2026-02-17,304.1958312988281,305.29521237973853,299.6100592744303,299.8675850307636,8896800
2026-02-18,305.8300476074219,309.2966101142475,304.2849535938903,305.51309749540866,7209600
2026-02-19,305.10699462890625,306.2262038721237,302.2049939958365,304.2354272061944,6737700
2026-02-20,307.82086181640625,308.0288471084009,302.75966472033866,305.4536802835111,7792700
2026-02-23,294.8262023925781,308.02884001734253,292.2807478108573,305.84984577889935,12955400
2026-02-24,294.459716796875,296.886322684036,288.5962907533433,293.98432184665864,13554100
2026-02-25,300.40240478515625,300.75898123488724,294.1725181992404,295.7869507950724,8095500
2026-02-26,303.20538330078125,306.05787397622345,300.73918125790124,301.67017313360896,7007800
2026-02-27,297.4310607910156,300.0557680991628,291.636973162459,297.13393894248406,18620800
2026-03-02,294.7172546386719,297.11414843979566,290.4088063693875,291.9935267958635,8508900
2026-03-03,297.3914489746094,299.5011046657454,286.73423592223537,289.4975898716125,10278200
2026-03-04,296.52978515625,298.12438947518206,292.99388398032096,297.12402886142485,8055700
2026-03-05,290.74554443359375,298.3620800816865,289.63624924146006,295.1332451958745,12732500
2026-03-06,286.7144470214844,287.21955415339994,280.99955170429564,283.6044306839189,13496500
2026-03-09,287.1502685546875,288.31898819476027,277.77073879547015,282.7724816341387,12241100
2026-03-10,285.97161865234375,289.9532025593205,284.43640849634494,286.52626625452876,8344900
2026-03-11,284.77313232421875,287.70487537204474,282.13854132603683,286.05081661783123,10205000
2026-03-12,280.1874084472656,281.167940752382,276.4336079693154,280.1279538528093,13760500
2026-03-13,280.7321472167969,284.4463214441296,280.2468381234208,281.9504072447318,9091200
2026-03-16,283.4261474609375,286.506421278288,281.89093739443587,283.6044205599556,8149000
2026-03-17,284.1492004394531,288.97266988082987,283.2181783456238,286.23902796907333,8961200
2026-03-18,284.9910583496094,286.6451172582804,282.3960934275981,284.08974843243266,10057000
2026-03-19,285.2188415527344,286.7441374214082,281.9008401776293,284.1392586396808,9846700
2026-03-20,283.8223571777344,287.9327042603992,282.54467268192724,285.32782503235495,22436500
2026-03-23,287.14031982421875,292.9245231806114,285.2188513876401,291.4982779446762,11470800
2026-03-24,289.6065368652344,292.6571288676103,282.64369950840546,283.4360748065673,11092300
2026-03-25,292.59771728515625,294.7965097163498,289.6461758443202,291.3398308899875,12188200
2026-03-26,288.8736267089844,292.1718002190451,287.95251872814185,289.78482055260446,8669200
2026-03-27,280.13787841796875,287.3384134369941,279.05829538327214,286.3777093696089,9873300
2026-03-30,281.0589904785156,284.50575515603197,279.6327451103039,282.01972478590784,11734400
2026-03-31,291.3497314453125,292.25104134220237,282.22772810140145,285.71408872506316,12956900
2026-04-01,292.5580749511719,295.8661624411999,290.1116710297465,292.567989087923,11267200
2026-04-02,291.7855224609375,292.7957669317203,285.9616926535428,289.1212191631598,6669300
2026-04-06,294.125,295.4987855589938,291.88509063240025,292.7412191857173,7142600
2026-04-07,296.0662536621094,296.8427544058445,291.38734983011653,291.8253790066561,7849100
2026-04-08,306.5888366699219,309.8640903908154,303.96066179364243,306.5888366699219,10590200
2026-04-09,308.938232421875,309.8640846884941,304.73715687535,305.5734164156603,6586600
2026-04-10,308.4803161621094,308.9581744354404,305.344449093958,308.6097380099313,6069700
2026-04-13,312.2732238769531,312.33295236293975,304.0900871089203,306.0910825316173,8318200
2026-04-14,309.7247009277344,312.91036189245165,307.4847916064935,308.4305432499699,11455500
2026-04-15,304.5579833984375,312.8307129741003,302.8954898881459,312.54203541599225,9885800
2026-04-16,308.5599670410156,308.5599670410156,303.8312695552229,303.98059076810495,8208600
2026-04-17,308.8984375,313.4877482505245,308.69932229637936,311.068653468178,11082400
2026-04-20,315.5683898925781,315.70777661938337,308.9780833700189,309.45594165814435,10772000
2026-04-21,311.5962829589844,318.8038038717339,311.3474041387296,316.0661368489313,7084300
2026-04-22,311.6161804199219,313.73663281642627,310.5410372905177,313.43799038623484,5545900
2026-04-23,310.29217529296875,313.57736372602733,307.5047445243564,312.11395497732667,6969700
2026-04-24,306.8974609375,309.7545850384977,306.5092257615542,309.7545850384977,5215300
2026-04-27,310.232421875,311.1781431330245,305.50372444273444,305.50372444273444,7925300
2026-04-28,310.0532531738281,314.03531438457196,309.7745101043047,313.78643555890045,7398600
2026-04-29,307.86309814453125,310.65052875636707,305.91189671624613,309.1771855961317,8031800
2026-04-30,311.82525634765625,312.6913497643884,305.1951210592971,305.6928786901284,8865400
2026-05-01,311.06866455078125,314.6624601726697,310.43152018106696,312.54203812020876,6135400
2026-05-04,306.270263671875,309.2568094519629,305.13539207341324,309.22694520939064,7338200
2026-05-05,308.0124206542969,309.5753869306937,305.42407485773,306.32999740556414,6316800
2026-05-06,313.4877624511719,314.84167905955115,309.95369528217543,310.0532528884956,8629500
2026-05-07,304.8964538574219,314.8814709002291,304.76706239082745,313.23887676443206,8359600
2026-05-08,300.74517822265625,307.60426284206056,299.1523476664256,306.86759124184925,9464300
2026-05-11,298.6545715332031,301.83026757429667,297.5395993270601,300.74515961007836,9512000
2026-05-12,303.5126953125,304.6873960201211,294.2245209852311,298.67447538308426,9498200
2026-05-13,298.9034729003906,301.6411400127173,298.72428743531935,300.91440289675086,7709500
2026-05-14,298.56500244140625,302.38777761395096,297.4699295162906,300.8945046380796,7364300
2026-05-15,296.4743957519531,299.44104214981957,295.1205095874812,298.86362628854243,8699300
2026-05-18,299.3813171386719,299.908939014877,295.8870488301784,296.6635495230975,7546300
2026-05-19,294.3738708496094,300.436555061437,293.935841710235,299.7396822358739,8066900
2026-05-20,300.625732421875,301.57145376364997,292.35300240137923,295.3694126574367,9327000
2026-05-21,301.6411437988281,302.6167597554335,298.8636475324957,299.8790926087445,7874400
2026-05-22,305.0059814453125,306.07119010408854,302.4773640852478,303.31359328873907,5973900
2026-05-26,305.3643493652344,308.54004556072954,304.0701916446211,307.1065011172144,7725400
2026-05-27,297.93780517578125,304.52811132231307,294.42363753054383,303.63215366632585,11779200
2026-05-28,295.3992614746094,299.7197941661088,294.4236455581874,296.23549066837876,9757700
2026-05-29,297.9676818847656,298.53513289689414,293.87612858626386,295.070728717322,13969000
2026-06-01,295.2499084472656,298.20659004481905,293.94578586060317,296.3549462063085,7930000
2026-06-02,299.6102600097656,300.7152977310929,293.9457758280521,295.17027051801705,8296200
2026-06-03,299.50079345703125,300.60580089187994,295.23002417973413,298.5749714904202,7003900
2026-06-04,309.4957580566406,311.5066879726736,303.0746723882986,304.36883009196185,10345200
2026-06-05,310.9691162109375,313.58732636819616,308.211549706599,312.8805189963161,9118800
2026-06-08,309.7147521972656,314.88147906470095,309.3862455138746,311.84516953437026,6827000
2026-06-09,311.2976379394531,315.0009559692908,307.62418415256917,312.1040028799189,11594600
2026-06-10,307.75360107421875,313.3384270822022,307.64407859799763,311.1582462393224,7446200
2026-06-11,312.0840759277344,313.30857066124145,307.4947650619962,308.1717081621576,9116600
2026-06-12,319.28167724609375,319.85906276888113,314.1348496322589,314.5529794375797,7426200
2026-06-15,317.96759033203125,324.4583697274161,317.41010417767774,322.4673390673774,7988900
2026-06-16,329.6549377441406,330.26218746993305,322.56684357389287,322.8455866314347,11094900
2026-06-17,331.9645080566406,336.25517637046335,330.01330666560995,330.69024974688585,12246400
2026-06-18,323.761474609375,336.57375116590936,322.70623086248213,335.4388795655989,20111000
2026-06-22,329.993408203125,331.2776010100568,325.28461010223134,328.22139226156105,10182500
2026-06-23,332.6414794921875,333.86594380335947,325.7425357353925,327.9924099173137,7582200
2026-06-24,331.95458984375,333.02973300317086,328.291070440402,331.57628916780243,7907400
2026-06-25,333.6170654296875,341.90972446819404,333.2586945227413,333.4577793441399,10043100
2026-06-26,327.57427978515625,334.8913229247855,326.03124330500606,334.49312290223526,17640900
2026-06-29,327.91278076171875,330.8993264933345,325.73259994718205,326.80774304304947,7981800
2026-06-30,325.86199951171875,328.95806779511634,325.2149206632551,327.41503128103255,8080100
2026-07-01,332.5718078613281,334.13477419390347,323.5524415571975,326.89735842569155,15210200
2026-07-02,332.9700012207031,338.4751995750331,330.2820977776739,336.5040683580973,8413900
2026-07-06,337.7200012207031,339.7200012207031,334.1099853515625,335.0,8673500
2026-07-07,339.2200012207031,341.3999938964844,337.0899963378906,340.9800109863281,7115800
2026-07-08,330.6199951171875,336.5299987792969,330.1300048828125,336.5299987792969,18505200
2026-07-09,335.4700012207031,337.0,330.80999755859375,331.4599914550781,15570600
2026-07-10,336.4700012207031,338.5899963378906,335.7699890136719,337.4700012207031,6299000
2026-07-13,334.5299987792969,338.3500061035156,332.5,338.3399963378906,7120300
2026-07-14,342.8900146484375,344.7300109863281,325.75,327.0,14537900
2026-07-15,346.9100036621094,351.239990234375,344.04998779296875,345.8500061035156,10750000
2026-07-16,343.1499938964844,349.3399963378906,341.1099853515625,349.2799987792969,12432400
2026-07-17,341.1000061035156,346.1300048828125,335.04998779296875,339.0299987792969,9250900
2026-07-20,338.8699951171875,344.260009765625,337.3699951171875,341.79998779296875,7723300
2026-07-21,345.2300109863281,345.739990234375,337.29998779296875,340.1199951171875,6015300
2026-07-22,348.2099914550781,349.07000732421875,344.25,345.07000732421875,8040200
2026-07-23,349.8999938964844,349.9200134277344,345.4200134277344,346.5799865722656,10913000
2026-07-24,353.2099914550781,353.3699951171875,347.5,350.6400146484375,7520800
2026-07-27,356.20001220703125,359.04998779296875,352.5799865722656,357.8900146484375,7884900
2026-07-28,357.30999755859375,359.29998779296875,354.1499938964844,357.29998779296875,6533800
2026-07-29,344.7099914550781,357.3699951171875,343.7799987792969,356.5,8265300
2026-07-30,350.8500061035156,352.2799987792969,345.3699951171875,347.5400085449219,7606500
2026-07-31,351.7900085449219,354.4700012207031,349.70001220703125,353.29998779296875,6603400
2026-08-03,352.6400146484375,355.6199951171875,350.8399963378906,353.75,6436600
2026-08-04,357.5199890136719,363.0,353.8699951171875,355.0,8477200
2026-08-05,359.239990234375,362.1700134277344,358.20001220703125,358.9700012207031,5269500
2026-08-06,356.29998779296875,362.80999755859375,354.95001220703125,362.80999755859375,5820100
2026-08-07,357.5199890136719,358.8500061035156,353.3299865722656,355.760009765625,4566200
2026-08-10,359.7900085449219,359.989990234375,356.5,357.9599914550781,5327500
2026-08-11,362.0400085449219,363.1199951171875,358.6000061035156,360.04998779296875,4576500
2026-08-12,365.17999267578125,366.0899963378906,361.29998779296875,362.9700012207031,4366800
2026-08-13,363.1099853515625,366.5,361.5199890136719,366.5,5102700
2026-08-14,362.8399963378906,365.8999938964844,361.45001220703125,363.0,5058600
2026-08-17,360.9599914550781,365.75,360.9599914550781,361.94000244140625,5282600
2026-08-18,363.25,363.57000732421875,359.2699890136719,362.3399963378906,5525100
2026-08-19,357.260009765625,363.04998779296875,355.6499938964844,363.010009765625,6696200
2026-08-20,351.54998779296875,357.95001220703125,351.54998779296875,357.6000061035156,6799700
2026-08-21,351.5799865722656,356.8599853515625,350.3699951171875,354.07000732421875,8073400
2026-08-24,356.31500244140625,358.2799987792969,352.81500244140625,353.29998779296875,2230414
