Date,Close,High,Low,Open,Volume
2021-08-16,140.24082946777344,140.32907548523525,138.34366127241137,140.24966214819074,8755800
2021-08-17,138.546630859375,140.17908816578048,137.0112522647953,139.04078977792128,9347200
2021-08-18,137.28475952148438,139.42900014500523,137.07297718426187,137.92891228358383,8065500
2021-08-19,136.13766479492188,137.2671439635282,135.0170048435322,135.14937388850475,9517700
2021-08-20,136.52589416503906,136.6847208248782,135.14934258863053,136.19940816573595,6974100
2021-08-23,138.27308654785156,138.61722452110422,136.98478068468157,137.06419403286594,7934600
2021-08-24,139.1289825439453,139.90550430078721,138.42305489812995,138.53777201160432,7670900
2021-08-25,141.99684143066406,142.7557115008101,139.24373767127554,139.87023869794103,11335000
2021-08-26,142.72923278808594,144.56463968480463,142.1997835712516,143.1792551972781,11027500
2021-08-27,143.8763885498047,143.97345380745224,142.29687330849004,142.72925735882112,8780200
2021-08-30,141.57327270507812,144.2646146848037,141.07912731820102,144.01754199136514,7937600
2021-08-31,141.14093017578125,142.39394590717697,140.61149430496306,141.57331424840362,12340800
2021-09-01,140.9379425048828,141.85563917935198,140.27613774611248,141.37914567739637,8729900
2021-09-02,141.5909423828125,142.60570439655254,140.6820513681176,141.20268139737863,8813300
2021-09-03,140.7349853515625,141.97034878330086,140.43495697718183,141.52914563418693,7959700
2021-09-07,140.48793029785156,142.40275058960086,140.2673286956069,141.17620621969866,9285600
2021-09-08,139.86141967773438,140.81442024143067,139.4555067940577,140.20555764814247,7852700
2021-09-09,140.47027587890625,141.9174218250843,139.4908042439383,139.65846361294814,7904300
2021-09-10,138.85545349121094,141.8203391462153,138.73191714993789,141.6791509092029,8311600
2021-09-13,141.06149291992188,141.22915229650678,139.48199132918947,139.8878907482811,10052800
2021-09-14,138.59957885742188,142.3674444678126,137.88481836768284,141.58210331522693,11685600
2021-09-15,139.5614013671875,140.02907568843747,138.07013237644753,138.29073397946934,11691500
2021-09-16,139.49964904785156,141.9350997568921,138.73195965363078,140.66443216338496,10880900
2021-09-17,139.13783264160156,140.311434752066,138.5378027613687,138.87312149705937,25581600
2021-09-20,134.97288513183594,136.3847272540793,132.79334030701713,135.79351659818047,15819900
2021-09-21,134.99053955078125,136.37592418742636,134.63758234453573,135.4758658077096,8999900
2021-09-22,137.5760040283203,138.75842553591713,136.86125690006335,136.94948947355948,11236200
2021-09-23,142.2262420654297,142.6939297953238,139.1290007758004,139.42019647277522,12336100
2021-09-24,143.8675537109375,144.35287999190146,141.90862361546894,142.4557113515801,10102400
2021-09-27,147.34422302246094,147.71483211012122,145.2529240762158,145.59706204793278,13220900
2021-09-28,146.550048828125,149.39139836399926,146.17943977533085,147.97954281239566,13387900
2021-09-29,146.4353790283203,147.27366264235965,145.63238575547496,146.66481337168,7777100
2021-09-30,144.44110107421875,147.35304479243578,143.64692726136718,147.29126988350671,13161200
2021-10-01,147.4765625,148.5089762081689,144.36166948025215,144.71462659837022,11285000
2021-10-04,147.31776428222656,150.39736785206077,146.24122726191567,147.33541618248955,14120000
2021-10-05,149.72349548339844,151.0373228806252,147.95692029071319,148.43629871583514,12292900
2021-10-06,150.04306030273438,150.11407982266005,147.36213099429037,149.1287059952723,8692600
2021-10-07,150.992919921875,152.25348594238827,150.50466918086212,151.97829376443244,10195400
2021-10-08,151.10830688476562,152.1025529467074,150.2916028273725,150.93076488021697,8190100
2021-10-11,147.93028259277344,152.05819254045156,147.77049882242736,151.62321657967215,12154700
2021-10-12,146.7940216064453,147.97469599447038,146.27026776723167,147.1402333784533,13032600
2021-10-13,142.9235076904297,146.83837223897822,142.56842364856442,145.64882579858283,22753500
2021-10-14,145.11619567871094,145.59556052113143,142.089054582482,143.5893098167956,15176800
2021-10-15,147.90362548828125,148.40074852337628,145.71094717266894,146.78509865931744,14267400
2021-10-18,147.85037231445312,149.67908081294712,147.28222973680852,147.7882251588793,12672900
2021-10-19,149.6436004638672,149.7146064444244,147.87702530813863,148.6049517463614,8053900
2021-10-20,151.65870666503906,151.68533729116422,148.6582099083732,149.40389453105317,8185600
2021-10-21,150.46917724609375,152.09371335156658,149.7412372613683,151.58770430673212,8415200
2021-10-22,152.4931640625,152.76835622047847,150.64669728681417,150.93964771015538,8817900
2021-10-25,151.74749755859375,153.54070329759966,151.33913868008358,153.31877236365895,10159200
2021-10-26,152.15585327148438,153.1234825041247,151.39241026482318,151.80076917119132,8015100
2021-10-27,148.98667907714844,151.53444191342504,148.551689561808,151.1971160983183,9847000
2021-10-28,151.2326202392578,151.36577338497253,149.1020886342849,149.4039114616313,7212900
2021-10-29,150.81536865234375,152.9015246245037,150.37150683235976,151.9605261878439,8140100
2021-11-01,150.73545837402344,152.98139782531302,150.0341491985348,152.7239504156221,7435500
2021-11-02,151.33021545410156,152.41323913135398,149.95424141704302,150.735442376526,7173800
2021-11-03,151.38351440429688,151.91615401764597,150.15845142094682,151.02843035912286,8402700
2021-11-04,149.3949737548828,151.0905287988919,147.79708237798752,150.91298681763521,9574200
2021-11-05,149.18197631835938,150.992926777002,148.61383367000195,149.93653336546495,7975600
2021-11-08,150.07855224609375,151.72971871249374,149.7944877328828,150.06967988635157,6413700
2021-11-09,148.94224548339844,149.55477685638564,147.89473827119485,148.5605308860791,7990300
2021-11-10,148.8002471923828,149.98092137799472,148.3297546994323,148.6493357838505,6999200
2021-11-11,148.79135131835938,149.74120851503892,148.1610616100084,148.71145944627725,5815300
2021-11-12,148.12554931640625,148.90675036034077,147.11354503021204,148.8268449476939,8113400
2021-11-15,147.85923767089844,148.95113388414381,147.3621146322042,148.4362661266297,6492500
2021-11-16,146.7940216064453,148.31203540407512,146.58096299844368,148.30314949608038,9706100
2021-11-17,146.00389099121094,146.9715063941235,145.04514794724378,146.6608112839994,9909600
2021-11-18,144.7433624267578,146.34126791104748,144.30837290599322,145.93290901955524,8122500
2021-11-19,142.85247802734375,143.90887126341005,141.5475232705074,143.189817325069,12193600
2021-11-22,145.89735412597656,147.34433413550593,144.69004969463367,145.72868450352954,14549900
2021-11-23,149.3861541748047,149.63471574549772,146.80287476625622,146.91828319036003,12354400
2021-11-24,148.21435546875,150.41590646025415,147.75273535025133,149.54594102375142,9629800
2021-11-26,143.7490692138672,144.38823125913544,140.9882619528493,143.9354971210648,13619300
2021-11-29,143.12771606445312,146.27913851861342,141.87603569980413,144.97418334335717,12104400
2021-11-30,140.9971466064453,142.5950518589473,140.51776825790085,141.2900970315363,18922600
2021-12-01,140.1626739501953,144.93863109222534,140.08278207982204,142.92349479520567,12253400
2021-12-02,143.10995483398438,144.92090536361414,140.97053729865502,141.88489169754703,12969900
2021-12-03,140.5177764892578,143.6603259275297,139.54128856067402,143.367375485278,12681800
2021-12-06,142.1778106689453,144.35273071316283,141.55640687710985,142.93236757846455,11186500
2021-12-07,144.31724548339844,145.0451718589263,143.06555184084783,143.7047139755295,9851600
2021-12-08,142.6660614013672,144.93863158134326,142.18668308633636,144.39711965989687,11705700
2021-12-09,142.4441375732422,142.86135521137777,140.83734644784752,141.72507006503054,11189600
2021-12-10,141.87600708007812,143.5449184114819,141.26347556477396,143.20759261923024,10405400
2021-12-13,140.18931579589844,141.84935467039065,139.62117320734154,141.59192077449563,12069000
2021-12-14,141.2634735107422,142.82586231088433,139.6389375511274,139.77209068487107,12563600
2021-12-15,140.20706176757812,141.90261702457528,139.68330811612452,141.90261702457528,14014200
2021-12-16,142.3997802734375,143.65147410228406,140.88176659123778,142.38202200438985,19542800
2021-12-17,139.15957641601562,141.48542195634934,137.75697120262674,141.43216069625447,28082000
2021-12-20,136.65615844726562,137.33082343426116,134.79193366961897,137.16215380111586,15148000
2021-12-21,138.5648193359375,139.53243512926292,137.6770954421142,137.96117359002164,11291300
2021-12-22,139.10630798339844,139.42588907307973,137.8102389026166,138.26297313566954,7273000
2021-12-23,139.60340881347656,141.2545752554857,139.5590334698338,139.91411749249906,8055200
2021-12-27,140.4023895263672,140.43789251579588,138.7867258227818,139.9052664008299,6188100
2021-12-28,140.8284912109375,142.16894915945403,140.33136809216552,140.43789060459122,6342300
2021-12-29,140.75747680664062,141.7073477289456,140.3935068151636,141.01492428181785,6398900
2021-12-30,140.6864471435547,142.2488495131852,140.58879699545278,141.24571740501003,6948200
2021-12-31,140.571044921875,141.40549377176825,140.2248332413656,140.65980915922302,5805900
2022-01-03,143.54490661621094,144.37936898613825,141.60078972150527,141.9114984066782,13120900
2022-01-04,148.98667907714844,149.65247189183447,145.79086814841963,145.86188767412355,20195800
2022-01-05,146.2628936767578,150.35304098319185,146.21823870608205,149.8708027295316,17539400
2022-01-06,147.81674194335938,149.46886623186762,146.3432102178058,149.05807335815848,14047500
2022-01-07,149.28138732910156,149.61180957837593,147.40598760629422,147.95074553516426,13913300
2022-01-10,149.42425537109375,151.20140571744204,147.82569762411396,150.9870836967746,12922500
2022-01-11,149.5760498046875,150.49588468234035,148.5222500566278,150.26368435768026,11854100
2022-01-12,150.4244842529297,151.45148043118525,149.299238964396,150.44234896632423,12568000
2022-01-13,150.2369384765625,151.6479510421781,149.93330648348643,150.33517395982636,13623400
2022-01-14,141.00283813476562,143.80699816639134,140.11871890717197,143.5658722630873,40158400
2022-01-18,135.0908966064453,139.11852392455683,134.4389640627138,139.11852392455683,32324800
2022-01-19,133.0011444091797,135.948194728272,132.6617966797485,135.3587955658784,22380000
2022-01-20,131.86703491210938,134.50151507543535,131.59911867264879,133.05478645984866,14860800
2022-01-21,129.56292724609375,131.7330193351979,128.83956321639238,131.7240937938021,20705400
2022-01-24,129.44683837890625,129.92015102305317,124.64226671968898,127.06241044703916,28471400
2022-01-25,130.85787963867188,131.14366057271243,125.73179655529506,128.28590573944658,18915900
2022-01-26,132.0991973876953,134.46577450245326,130.34883704894756,132.813636019071,20709100
2022-01-27,129.7683563232422,134.29610064961153,128.7145698489299,133.4387715228418,17536800
2022-01-28,130.92930603027344,131.06325730708755,126.96418471517951,128.76813912804664,14117000
2022-01-31,132.70643615722656,132.8761031887549,129.19676371008586,130.06301808276737,13985700
2022-02-01,134.98373413085938,135.2695150459539,132.43856428637088,132.7868512599023,14584900
2022-02-02,133.90313720703125,134.79618199179012,132.23314782010237,134.4032401062111,12441100
2022-02-03,132.79576110839844,135.43024058418234,132.42960946425285,133.9567220918846,12474900
2022-02-04,136.24288940429688,137.0823535542297,132.858256182031,133.15296255126995,16654400
2022-02-07,136.69837951660156,137.18954327472105,134.7158188915654,136.87698575835253,12572300
2022-02-08,139.2703399658203,141.52974231914467,138.24334385132119,138.4219500938276,20411400
2022-02-09,139.850830078125,140.59204531797832,139.154256179702,139.84189090841247,9131100
2022-02-10,139.2703399658203,142.02091970612452,138.61842104861955,139.90440779751842,16455600
2022-02-11,137.4574432373047,141.27074805076114,136.6090534689701,138.96669101162917,16830000
2022-02-14,136.18040466308594,137.24311651458467,134.2424991078371,136.394726691121,17026500
2022-02-15,138.17189025878906,139.26140598689534,137.39494565622124,137.98434485810958,9500000
2022-02-16,138.42196655273438,139.4043214434998,137.29673482704487,137.29673482704487,9076500
2022-02-17,135.23374938964844,137.28775487958325,134.55504033829814,136.63583607849807,11367500
2022-02-18,135.86782836914062,137.65391787767504,134.9658580729721,135.85890282723932,11733300
2022-02-22,135.626708984375,136.8501896226984,134.32287121151697,134.49255190326284,11333500
2022-02-23,132.78683471679688,136.90377182783305,132.14384136472486,136.74301667642388,11799000
2022-02-24,129.0896453857422,129.4825873292277,124.8298173191874,127.65184252532512,25655100
2022-02-25,132.14381408691406,134.07279374494018,129.4110997181002,129.71473161979517,18367700
2022-02-28,126.63378143310547,129.5451031747637,125.81218168319182,128.19661015481606,31315300
2022-03-01,121.8559799194336,125.45494995467381,119.2929452899676,125.06200799891224,36840400
2022-03-02,124.38327026367188,125.06197936024843,121.99884244372564,122.6061063259076,19405600
2022-03-03,123.49918365478516,125.90147681894545,122.40074215052066,124.8834060920402,16640800
2022-03-04,120.02522277832031,120.93613234377204,118.23913307253112,120.5074746298819,21016000
2022-03-07,115.39032745361328,118.49811961886832,115.15812707873793,118.03373249590018,27560100
2022-03-08,114.57763671875,117.69435397295685,113.65779496266353,115.77431333570496,19207800
2022-03-09,119.16788482666016,120.7753679833972,118.27484014255963,118.68563306624881,17536200
2022-03-10,117.75688934326172,119.17682732256186,116.38160632987554,117.75688934326172,15604200
2022-03-11,115.10456848144531,119.73947417051845,114.68483624503466,118.31953590357269,20061800
2022-03-14,116.24763488769531,118.70350798009756,115.40817063218913,115.6135807384728,15786900
2022-03-15,118.31059265136719,119.2661573007651,117.10499012974574,117.70332861857143,15096600
2022-03-16,123.59741973876953,123.67780414329846,120.05203007924631,120.44497205059673,20354900
2022-03-17,125.16022491455078,125.1959543380185,121.38264917639259,122.22211347971272,17050500
2022-03-18,125.11558532714844,125.78536894533065,123.65099236046133,125.19595609090248,23656500
2022-03-21,124.71369171142578,125.7049719117063,123.8920921909706,125.3388339269467,12676100
2022-03-22,127.36602020263672,128.53590648244034,126.56228548992907,127.05346275959688,13548600
2022-03-23,124.82979583740234,126.44620467756982,124.31182823983359,125.90144682726317,12093200
2022-03-24,125.64249420166016,125.66035891587627,124.23148156784079,125.29420722175935,10017600
2022-03-25,126.74092102050781,127.86615260405861,125.74071516846267,125.99969217415911,8383500
2022-03-28,125.80321502685547,125.8925249564406,123.15087091420524,125.02627042123662,10818100
2022-03-29,126.08006286621094,128.2412433516535,125.24061217045993,128.0179821436087,11316500
2022-03-30,125.50852966308594,126.91954230115346,124.94592061803496,126.72307132453744,8771000
2022-03-31,121.73988342285156,125.33885316482775,121.68628928406396,124.87446601615179,17353900
2022-04-01,120.83787536621094,122.71327467434422,119.48938278389681,122.70433550626453,15721300
2022-04-04,121.37374114990234,122.29357634859676,118.67674161373455,119.77518307519581,17416400
2022-04-05,119.96125793457031,121.81456455867456,119.66436701015694,120.61802288605615,12110300
2022-04-06,118.29686737060547,119.2595010626264,117.82004637523085,118.37783386541516,12914700
2022-04-07,117.93700408935547,118.68372719621222,115.813795534856,117.81105162119827,12994200
2022-04-08,120.0962142944336,120.46506629171597,118.2968853656385,118.45881837989072,13126900
2022-04-11,119.65536499023438,121.36472185612202,119.26851588825143,119.65536499023438,10466400
2022-04-12,118.34185791015625,121.07684557650222,117.58614305279367,118.88166208129542,12989900
2022-04-13,114.52728271484375,116.28162557761347,113.36671479643655,114.20340297650245,30838000
2022-04-14,113.4656753540039,115.42694399903974,112.47603903374693,113.80754535125067,18835200
2022-04-18,115.57090759277344,116.272644803837,112.94388203888276,113.06083595276155,11834400
2022-04-19,117.9639892578125,118.14393311626505,115.36395974552582,115.5618870075924,15015400
2022-04-20,118.37784576416016,120.11419150150813,118.1619213618425,119.22353251350066,13430200
2022-04-21,117.4601821899414,119.48442709549727,116.92039178513346,118.95362839270985,12174200
2022-04-22,114.08643341064453,117.42419417133756,113.97847808212015,117.20826978650032,14318800
2022-04-25,114.05046081542969,114.36534886821212,110.75769245408728,113.3667207663873,17149000
2022-04-26,110.67670440673828,113.72657284294047,110.54176024646341,112.13416311275483,17209500
2022-04-27,109.23725891113281,111.16254033859113,109.05732876168437,110.05595687808226,17215200
2022-04-28,110.96461486816406,111.24351552742803,108.98535573632448,110.48779378683241,13015600
2022-04-29,107.38392639160156,111.20749948837253,106.97008165655947,110.70368970030277,14874800
2022-05-02,108.36457061767578,108.59848527575916,106.35832291641712,107.85176220134701,18545000
2022-05-03,110.68572235107422,111.71133933209506,108.66147722581275,109.3362256008999,15720900
2022-05-04,114.34733581542969,114.61723786198235,110.42479875852437,110.4787832861714,17128500
2022-05-05,111.48640441894531,113.44767297323389,109.9030001075869,112.68295964978665,15055400
2022-05-06,111.30648803710938,111.81929650451255,109.02133948611598,111.37846284121036,14417900
2022-05-09,109.63309478759766,110.95560243867295,108.40955076101739,109.8580108680147,14312300
2022-05-10,106.96109771728516,111.36045599164639,105.76454244311635,110.75768250365861,16382400
2022-05-11,106.28633880615234,110.5597441890667,106.1064086934819,107.32995267854362,14630300
2022-05-12,106.1963882446289,106.44829318230772,103.79428590675552,105.26073643046848,16318800
2022-05-13,107.14103698730469,108.18465105304739,106.12441862096851,107.42893620314689,10443200
2022-05-16,106.39431762695312,107.47391219955917,105.46766436041887,106.64622256963487,10269000
2022-05-17,109.9209976196289,110.63173332545871,108.68845490994003,108.89538074384784,11160200
2022-05-18,108.04067993164062,109.73205316844519,107.53687013202756,109.12927974906616,12664900
2022-05-19,106.43929290771484,107.64484677226233,105.82752084150299,106.33133757266812,12765800
2022-05-20,105.56661224365234,107.66283184057187,103.4793912121837,107.47390314946973,13150100
2022-05-23,112.09819030761719,113.87053039147749,108.364581427024,108.37357999351177,24376700
2022-05-24,113.68159484863281,114.69821315602941,110.7576855302295,111.88226603730769,19324900
2022-05-25,114.47328186035156,115.03107618882731,112.61097706237321,113.60960496922038,12780400
2022-05-26,116.45256042480469,117.1273087149103,115.34597707281246,115.48991294158193,15990900
2022-05-27,118.09896087646484,118.09896087646484,116.1826711291145,117.1003327482698,11177800
2022-05-31,118.9626235961914,119.79031322349003,116.69547911924765,117.11830877128729,17015000
2022-06-01,116.87541198730469,119.53841107158583,115.75982312736578,119.53841107158583,10768000
2022-06-02,118.75572204589844,118.76471374950293,115.75983741058735,116.8664209767788,8374800
2022-06-03,117.10033416748047,118.54879455606064,116.94739285039942,118.04498463443115,8596000
2022-06-06,116.71344757080078,119.10655793987664,116.47054809011271,117.93699158652628,11323500
2022-06-07,117.01934814453125,117.24426423116766,115.71482385980927,115.90375941281079,6722200
2022-06-08,115.15704345703125,116.46155409438506,114.16741398760132,116.0567078590393,8422100
2022-06-09,112.73695373535156,115.24702532084513,112.70096633250233,114.59026723066327,13560100
2022-06-10,107.55489349365234,111.01860043856597,107.34796763897491,110.28986752765447,12945200
2022-06-13,104.35206604003906,106.11540734246348,103.51537791993975,105.13477649558172,16805600
2022-06-14,102.61572265625,105.54863061899442,101.86000782996334,103.95622759852188,13357900
2022-06-15,103.83027648925781,105.21575368895456,101.8150231982726,104.01920519830738,14083500
2022-06-16,102.04891967773438,102.79564267836729,100.6454455956918,102.43577559315557,16724900
2022-06-17,101.68907928466797,103.1285411394623,100.90637554756806,102.14791011034775,30919900
2022-06-21,104.20811462402344,105.28770900850158,103.49737902308273,104.24410201869186,11680500
2022-06-22,103.62335968017578,104.54101447039106,102.91262388576305,103.35345757863834,9842700
2022-06-23,102.4897689819336,103.62334807194982,100.29459246666248,103.47040676802952,11851500
2022-06-24,105.54864501953125,105.99847729575903,101.50915310089658,101.86902029465797,14841100
2022-06-27,104.70293426513672,106.61022515236665,104.03718457004187,106.21437064311846,11280500
2022-06-28,104.1991195678711,107.32095580556243,104.00119232247715,105.86349715993853,11590900
2022-06-29,103.73131561279297,105.0988025801743,103.21850714203806,104.36107799305506,9338400
2022-06-30,101.31120300292969,102.63371069565692,99.79976662036917,101.8150128424851,15172600
2022-07-01,102.60672760009766,102.93959903531713,100.006698032334,101.34719606689474,10573600
2022-07-05,102.2164535522461,102.29813625751622,99.20314697860752,100.53734630362622,12514200
2022-07-06,101.55388641357422,102.55226983215822,100.55550299499022,101.40867040658897,10656200
2022-07-07,104.1224594116211,104.28583174661338,102.92439792988112,103.01515879940784,10347400
2022-07-08,103.79572296142578,104.96655696748945,103.11500599915232,104.52182382436187,8807800
2022-07-11,102.43428039550781,103.67772576789007,101.85340252400628,103.0605421638434,7939500
2022-07-12,102.53412628173828,104.53997139779834,101.88971506636604,102.18015402152832,11250900
2022-07-13,101.57203674316406,102.08938128834953,100.18336850908824,101.42681382014564,12979900
2022-07-14,98.02324676513672,98.23200302266923,96.26245659810957,98.01416859969322,26204800
2022-07-15,102.51595306396484,103.36004222032456,97.72370763093286,99.07607006855429,18863900
2022-07-18,101.46311950683594,105.13898645536467,101.00930825951559,104.16783066308354,13977900
2022-07-19,103.97723388671875,104.32213487677055,102.26182787440001,102.6793334034956,11862300
2022-07-20,103.9590835571289,104.140605290037,102.99700590841762,103.55972743519882,11667500
2022-07-21,104.66703796386719,104.85763787893,102.89717666356188,103.86833256865957,11595900
2022-07-22,104.15874481201172,105.5111002004212,103.16943283084113,104.59439967054203,7645500
2022-07-25,104.5762710571289,105.70172107742037,104.16783675588512,105.13899260496939,9394000
2022-07-26,102.94254302978516,104.903010967723,102.58857080620362,103.99538846118368,10675100
2022-07-27,104.59442138671875,105.048232664598,102.83363833728244,103.47804952091771,9337400
2022-07-28,104.20413970947266,105.26606332469507,103.04238398730452,104.60349583569682,10384800
2022-07-29,104.70333099365234,105.73802007821718,104.18598645136994,104.91208028855732,12944500
2022-08-01,103.6595687866211,104.47643045221751,102.62487965173575,103.92278015245829,14740400
2022-08-02,102.04400634765625,103.83202392770305,101.89878341189517,103.3963620450305,14942900
2022-08-03,103.11499786376953,103.55973097180934,101.39051364380984,102.96977493279545,14394500
2022-08-04,101.98046875,102.8517855540431,100.76425095035351,102.42520185397181,18033900
2022-08-05,105.06639099121094,105.45666897459219,101.69911207627526,102.1347670335409,14174600
2022-08-08,103.78662872314453,105.91954015635945,103.63233456416441,105.51111281209211,10332500
2022-08-09,104.72147369384766,105.27512393124417,103.80478002339936,104.14967405464242,10233800
2022-08-10,107.45343780517578,108.3429109896172,106.64565425457806,107.06315981474907,12847300
2022-08-11,109.04177856445312,110.0038563041755,108.28845014486139,108.82395107943522,11684900
2022-08-12,110.84793090820312,110.9568480985828,108.40643114752942,109.52280291932867,9906700
2022-08-15,111.14744567871094,111.38342945732497,109.45926734826024,109.94938430786945,8456200
2022-08-16,112.2093734741211,112.76302378413506,110.61196277026787,110.99316257973668,9555000
2022-08-17,111.26544952392578,111.78280104571164,110.44859473599418,111.00224506757232,8149300
2022-08-18,110.40321350097656,111.15654192764482,109.4139081819101,110.9477856809423,9531800
2022-08-19,107.67125701904297,109.81324671950163,107.19929635562796,109.47743081896355,13464500
2022-08-22,105.89231872558594,106.33705875021747,104.8304020292738,105.96493018976378,8967600
2022-08-23,104.84854888916016,106.4550446032187,104.72148229223701,105.91047248431808,7607000
2022-08-24,105.10269165039062,105.65634194716718,103.87739569629183,104.6398022216113,9771300
2022-08-25,107.59866333007812,107.77110691747461,104.99378394301428,105.42944584322913,10758900
2022-08-26,104.07707214355469,108.9056236468533,104.01353884448274,108.42458482179282,11276200
2022-08-29,103.82293701171875,104.24952069379636,102.97884781143607,103.46896479140118,8117300
2022-08-30,103.84109497070312,104.90301164833747,102.88808856280961,104.37658892922275,10745400
2022-08-31,103.22391510009766,104.40382025395047,102.86993593687029,103.90463200891637,10738300
2022-09-01,103.9318618774414,104.04077215351198,101.57204459290033,102.82456123998635,9979800
2022-09-02,103.20575714111328,106.6002634672433,102.73379647194963,105.16622513135546,10666600
2022-09-06,103.23298645019531,104.14968716060882,101.71725846017837,103.76848735316932,9751900
2022-09-07,105.1934585571289,105.38405846824777,102.34352420582832,102.67934012915696,10647900
2022-09-08,107.64402770996094,107.81647820178921,104.04076525711028,104.63072127029264,11435000
2022-09-09,108.16136932373047,108.96008153820604,107.70755808354569,108.13414175725697,9299700
2022-09-12,109.44112396240234,110.32151890539954,108.72410134825628,109.4774296937704,8614600
2022-09-13,105.63817596435547,107.9344596454149,105.08452571817793,107.16298195102956,12904600
2022-09-14,105.39311218261719,106.95421684360984,104.26765545718709,105.91952789494057,9345700
2022-09-15,106.98145294189453,108.3519577566174,105.06636915684524,105.3931137691974,10821400
2022-09-16,106.26444244384766,106.55488136271414,104.71240882197272,106.54580319895298,14844100
2022-09-19,107.24466705322266,107.76201154879891,104.83946628709785,105.28419932812776,8201300
2022-09-20,105.1299057006836,106.81808394188472,104.04983281394483,106.5639507743249,9619000
2022-09-21,102.09845733642578,105.82878652068666,102.03492403576533,105.77433138429497,12606300
2022-09-22,100.93670654296875,103.10592396061821,100.80963993542022,102.90624588458174,11684500
2022-09-23,99.05792236328125,100.1470666293607,97.26083363178914,99.88386218933628,18138600
2022-09-26,96.92501068115234,99.48450593537461,96.2624431883022,98.0232331100431,15753600
2022-09-27,96.07183837890625,98.17752226112906,94.98269416984998,97.79632248042036,12793600
2022-09-28,98.01416015625,98.68580584898338,95.88124848511528,96.16260926812394,12762600
2022-09-29,96.35321807861328,97.36975095399661,94.75580037136835,97.07023383552365,12713900
2022-09-30,94.8465576171875,97.67834250014899,94.75579674601661,96.26244659636295,15973400
2022-10-03,97.7781753540039,98.3499750383792,94.8102458896218,95.8630913175498,12248100
2022-10-04,102.35259246826172,102.5522705382755,99.71141443432558,100.39213135049404,16013600
2022-10-05,101.08887481689453,101.60168868963162,99.66031789337549,100.5027998233193,10943500
2022-10-06,99.0284423828125,100.90571823117006,98.84529658683022,100.23722280136262,11521400
2022-10-07,97.0504379272461,98.6346692694972,96.40025430458641,98.46067587865328,11681100
2022-10-10,96.14386749267578,98.26839123570561,95.71346711164796,97.73726553987227,8931700
2022-10-11,93.36915588378906,95.73177451175344,93.26842359438685,95.57609987779172,12739700
2022-10-12,94.88013458251953,95.90576927707119,92.74645167540932,93.22264195688732,13181000
2022-10-13,100.15480041503906,100.64014301929672,93.18599660094291,93.38746115061146,22398700
2022-10-14,101.82145690917969,105.53021152133871,101.39105662147124,102.52657587932734,33387100
2022-10-17,106.09797668457031,107.1510824539226,104.68773173058194,105.68589515970226,22276300
2022-10-18,108.82688903808594,110.01735767004864,107.10529480386943,109.57780496566174,21539700
2022-10-19,106.6932144165039,108.81773780803796,105.92398669571581,108.04851008724987,17072000
2022-10-20,106.34523010253906,108.70784867549702,105.90567738316727,107.2884512437602,12207400
2022-10-21,111.9312515258789,112.07776674873014,106.52836731857221,106.64741137379906,20593300
2022-10-24,112.06861114501953,112.72794713650374,111.10708531290815,111.78473308790528,12624200
2022-10-25,112.36166381835938,112.88363705127985,110.7041712164928,111.58328366211862,11289100
2022-10-26,113.65287017822266,114.6510267463944,112.5265031557678,112.63639483662547,11667000
2022-10-27,114.10157012939453,115.56675745152576,113.74443093795517,114.6510145018732,10727600
2022-10-28,115.45687866210938,115.6400244667623,113.59792149728024,114.7334408565705,11859500
2022-10-31,115.27371978759766,116.69312415172827,115.00815349427032,115.10888577748291,13295200
2022-11-01,117.35244750976562,117.47149855863724,115.68580269120207,116.18030469754501,13386900
2022-11-02,116.2718734741211,119.37624124856418,115.96967664984979,116.89457890599967,16546100
2022-11-03,116.48250579833984,117.37993001810507,115.3012034867295,115.66749509431108,12474400
2022-11-04,119.66928100585938,119.80665083109656,117.6363445290073,118.57955864183005,14953200
2022-11-07,120.30115509033203,121.14363698512378,119.4861443680671,119.96233464708139,12011200
2022-11-08,120.37442016601562,120.93302398097727,119.17479901580207,120.182121952005,9884100
2022-11-09,118.8084945678711,120.35608840558159,118.33230432458333,120.2553700959593,9494000
2022-11-10,123.69857788085938,123.85425252888896,121.36343021415439,121.4550101121156,16351600
2022-11-11,123.90001678466797,124.69670863382392,122.50808366846077,123.79928450705177,10704700
2022-11-14,122.62715148925781,124.29379652408163,122.62715148925781,123.44216222030933,11085600
2022-11-15,121.7388687133789,124.27548057036492,120.51177652698621,123.33225248662279,14038300
2022-11-16,121.90370178222656,122.3066309316261,120.9055452813871,121.79381709534634,7893400
2022-11-17,121.37256622314453,121.69308184959206,120.21873511956515,120.87807117107586,8820200
2022-11-18,122.56301879882812,123.32308703557402,121.13446219892091,123.23152113511634,9468500
2022-11-21,121.839599609375,123.222366403102,121.5648739357984,122.47146446666271,7800500
2022-11-22,123.66194915771484,123.87258014343146,122.42570428579585,122.7095824273521,9185700
2022-11-23,124.9805908203125,124.99890959133656,123.49709174931083,123.57035286027893,7316200
2022-11-25,125.21871185302734,125.58500349011048,124.5959993022297,124.98060971310606,3220500
2022-11-28,123.03008270263672,125.19123683050562,122.88356046305546,124.60516184531049,9906900
2022-11-29,125.05384826660156,125.12710937542276,123.08500661961988,123.31394234476323,7925300
2022-11-30,126.5373306274414,126.5373306274414,121.96778309825355,124.62343157088023,14761200
2022-12-01,124.76083374023438,126.97693016591022,124.01907015859663,126.53736345683684,8858500
2022-12-02,123.7718276977539,123.94582110410714,122.1051687244011,123.15828156222832,8931900
2022-12-05,120.30115509033203,123.23154390906964,119.59604303130392,122.92934703814497,10154500
2022-12-06,120.5025863647461,123.726004790546,118.92750770061237,122.15092612641227,13966700
2022-12-07,120.4201889038086,121.86706433319239,119.34877140934849,120.24619552064263,11739400
2022-12-08,121.6839370727539,121.77550299095422,120.35609851411807,121.18027561669854,8907300
2022-12-09,121.02458953857422,122.4897698494312,120.87806731555004,121.06121310776614,7957800
2022-12-12,122.9018783569336,123.30479355320443,120.51178848674357,121.24437173314853,8841600
2022-12-13,122.78282928466797,125.53921082280596,121.86708623866639,125.35606500823162,10025400
2022-12-14,122.16924285888672,124.27545396519963,121.57400169127364,122.50806320284508,9966100
2022-12-15,119.13817596435547,120.95134328433645,118.17664297069904,120.0996949848819,12087800
2022-12-16,118.39641571044922,118.95501954367069,117.60887610907355,118.26821223920808,21133700
2022-12-19,119.10153198242188,120.26452950136444,118.21326015727045,118.72607400001165,9017200
2022-12-20,119.6784439086914,120.9238548331783,119.22972484959675,119.93485080728036,8549900
2022-12-21,121.02458953857422,121.77549147859867,120.66745035315796,121.04289433660604,8051700
2022-12-22,119.65098571777344,120.2370606885674,117.5905639336046,120.05391488015606,8648200
2022-12-23,120.21873474121094,120.36525696844745,118.71691684485835,119.57771746346202,5091900
2022-12-27,120.63997650146484,121.07952918763898,119.550240198278,120.484301882885,5411000
2022-12-28,121.29932403564453,122.16927709178944,119.9714855059647,120.74072024622446,8827700
2022-12-29,121.9952621459961,122.04105208257766,121.1619328088425,121.729688897699,6585200
2022-12-30,122.80115509033203,123.01177209049708,121.28101819336682,121.61983866838854,9292500
2023-01-03,123.73518371582031,125.21869680593807,122.60882379266664,123.84508237224334,11054800
2023-01-04,124.88903045654297,126.0794851365286,124.14728088810833,124.53189125792152,11687600
2023-01-05,124.8613510131836,125.19345415723286,123.33920573781509,125.14732598349279,8381300
2023-01-06,127.25060272216797,127.65650800618414,124.06795676535104,125.58086750265075,10029100
2023-01-09,126.72480773925781,128.1178026001078,126.27278822661013,127.85950171392554,8482300
2023-01-10,127.8595199584961,127.97021633227186,126.66947763502837,127.11227720647598,9048700
2023-01-11,128.80967712402344,128.92037347696242,127.39824231868354,128.13623677339942,8703700
2023-01-12,128.68055725097656,129.94438783502113,128.43147632136026,129.15103093905597,11001700
2023-01-13,131.92776489257812,132.37057853485908,124.35398778566517,125.0919964464557,20200000
2023-01-17,129.8890380859375,130.57168451812987,128.44069478543568,130.23036130203369,14292900
2023-01-18,125.98682403564453,129.82444356300687,125.83921949480727,128.1547076642737,13392600
2023-01-19,124.30785369873047,125.36873142072389,123.23774189524636,124.83368959532557,13303400
2023-01-20,124.61226654052734,124.99049784740329,123.20083173812868,124.68606880111352,13092500
2023-01-23,126.63258361816406,127.26911592047743,124.37244350192479,124.649184436544,10487100
2023-01-24,127.72110748291016,129.41851719919742,124.53846074578614,125.84841916224751,6945000
2023-01-25,128.33921813964844,128.33921813964844,126.61413389807234,127.35214259398586,8967000
2023-01-26,129.13255310058594,129.2063553652818,127.63809595043652,128.6159513240574,7487600
2023-01-27,129.44622802734375,130.31337304468045,128.92039212215033,129.71374894441735,7489900
2023-01-30,128.3484344482422,129.23403349962402,128.14548173306235,128.44067672474193,6729300
2023-01-31,129.11410522460938,129.21558157284034,127.53661182508125,129.04030296441033,9188700
2023-02-01,128.7727508544922,129.9627927866754,127.4166644162406,127.49970074561475,8841800
2023-02-02,128.17318725585938,129.57540252014945,127.30602800131611,129.1510428998859,11822100
2023-02-03,130.15655517578125,131.30046932687927,127.42594137506877,127.47205548026778,11501200
2023-02-06,130.9221954345703,131.2174044395196,129.17865771856634,129.36315630848958,8406200
2023-02-07,132.5181427001953,133.15467486781688,130.23954897835594,130.42406166418485,10447900
2023-02-08,131.58645629882812,132.87796104130317,131.25435306842797,131.59567630543654,6958000
2023-02-09,129.5384521484375,132.232171333837,129.03107040131695,132.02921863498875,6443100
2023-02-10,130.11041259765625,130.33181939876073,127.8502727155443,128.9480585636298,6582900
2023-02-13,131.52186584472656,131.6694563072167,129.83367588221756,130.3502776917921,7134600
2023-02-14,132.10304260253906,132.6657726188391,130.62703936769975,131.45729030752534,9249400
2023-02-15,132.65655517578125,132.73957745609866,130.35028688022297,130.63626189665706,6728300
2023-02-16,130.8299560546875,132.27828479759046,130.7007915549268,131.8354853567696,8165300
2023-02-17,131.21743774414062,131.76171364927728,129.21559867888436,130.05506958755439,7948800
2023-02-21,128.80967712402344,130.3871564587718,127.99786633222567,129.7875324452297,9996300
2023-02-22,127.82261657714844,128.62519346981344,126.78941284623758,128.1547197872762,11107500
2023-02-23,128.84657287597656,129.30782645428664,127.25063943639948,127.97941389653887,8068000
2023-02-24,130.0089569091797,130.40564239801506,128.1639421690133,128.33000081532785,9126900
2023-02-27,131.14364624023438,132.20452404590353,130.73774076025302,131.0975180581738,10014700
2023-02-28,132.24142456054688,132.6196418483036,130.90377774001217,131.8631931964461,11019800
2023-03-01,131.50340270996094,132.34288763092906,130.81152231767038,131.0882772898551,7139200
2023-03-02,130.13809204101562,131.39268826747863,128.72664313356037,131.2174237309055,11106800
2023-03-03,132.52737426757812,132.6011765252421,130.1473042441955,130.54397554325527,9513100
2023-03-06,131.75250244140625,132.87794842363948,131.60489789161204,132.3244524764281,9261300
2023-03-07,127.87796783447266,131.2820223008746,127.13073911284208,131.00526727307,11747600
2023-03-08,127.12151336669922,127.85028796654457,126.28202831492362,127.30601201812318,10002500
2023-03-09,120.23959350585938,126.70637844043762,119.20638987379802,126.16208845622894,25888100
2023-03-10,123.29308319091797,124.77832036454066,117.91487149668787,118.96653619295384,37599700
2023-03-13,121.0790786743164,123.50527728856319,119.38166868303325,121.04218457726407,42901100
2023-03-14,124.18791198730469,125.027396898887,121.11596139071918,124.79677010403532,29648100
2023-03-15,118.32076263427734,120.83921730242474,116.90933485138834,120.82998322201568,34280600
2023-03-16,120.61781311035156,121.72481890489128,116.25435107656224,118.09013838380625,24558500
2023-03-17,116.06062316894531,118.52371558895283,115.72852002937451,118.4314733190589,38396000
2023-03-20,117.2875747680664,119.43701841508131,116.24514407761322,117.14919726872469,22875500
2023-03-21,120.43331146240234,121.52186314469817,120.1012083247568,120.47020555487761,17807800
2023-03-22,117.32447814941406,120.53480663526662,117.23222882747788,120.44255027515833,17250200
2023-03-23,117.01081085205078,119.49235749309963,116.25435522322675,117.98867327821704,16677600
2023-03-24,115.23037719726562,115.94070464118424,113.56986142967864,115.89457646612907,22311100
2023-03-27,118.532958984375,119.35398985556544,116.5034388565988,116.96469247134272,18853900
2023-03-28,118.89275360107422,119.31709910584767,117.84108873078023,118.73592903832356,10820500
2023-03-29,119.13258361816406,120.12889311989855,117.86874617402837,120.0181967562647,14595300
2023-03-30,118.7728042602539,120.03663464387499,117.7580477285773,119.87981010605174,12134700
2023-03-31,120.21190643310547,120.23958052195135,118.86505385479836,119.61228240632168,13105200
2023-04-03,120.07352447509766,121.25433240710251,119.38164416761009,119.84289770593514,11775400
2023-04-04,118.46837615966797,120.47021514899892,117.53664892978881,120.38719287706124,11579900
2023-04-05,118.64502716064453,119.14708434890063,117.57581658451342,117.89193428485298,9614700
2023-04-06,118.5148696899414,119.08201601577716,117.94772336410566,118.0778873969131,8760200
2023-04-10,118.90534973144531,119.22146032380778,117.35267385939126,117.65019263184118,9477300
2023-04-11,119.49110412597656,119.88159621491059,118.5799488250562,119.28655862413275,10516300
2023-04-12,119.47249603271484,121.26690103116188,119.06340506045575,120.10471721761407,11821000
2023-04-13,119.9280776977539,119.9745537010394,117.919820654687,119.43531289368853,12450200
2023-04-14,128.98377990722656,129.3463806207533,125.42284767602223,125.65528439461146,43931300
2023-04-17,130.00653076171875,130.22036860936103,127.98898138025827,130.11809586712968,16050500
2023-04-18,131.46621704101562,131.8195254325071,129.26272124249093,130.41561260269637,13760100
2023-04-19,131.29888916015625,131.55921721829318,130.53648971360158,131.30818152408432,9158100
2023-04-20,130.91769409179688,131.49413278576523,130.01583822017926,130.08092733043537,10586200
2023-04-21,130.66661071777344,131.1965732102885,129.03026143588656,129.92282461761334,11842500
2023-04-24,130.8433074951172,131.18732357463173,130.20177971600683,130.59228598862495,7567500
2023-04-25,127.99827575683594,130.1274044640123,127.96109211671873,129.79269495570054,10629300
2023-04-26,125.72969055175781,128.12843966134915,124.58610564390162,127.95178545062049,14416100
2023-04-27,127.42179870605469,128.2213815022544,126.12945125267716,126.44556175222331,9041100
2023-04-28,128.52821350097656,128.60259495362178,126.13875721523736,126.96623136904974,9887300
2023-05-01,131.28028869628906,133.29783821644935,130.93628680641368,132.26581836000824,20415800
2023-05-02,129.16049194335938,132.40531509570278,128.7049106635853,131.46626125237438,14113400
2023-05-03,126.4270248413086,128.92804716935956,126.22247931498954,128.7142092779594,12930900
2023-05-04,124.69769287109375,126.18529410097554,122.54997905822927,125.4786913195309,17089200
2023-05-05,127.13361358642578,128.1935246297932,126.36192185155446,126.85468664094724,11261400
2023-05-08,127.4404296875,128.27719632320026,126.8918681686871,127.83092172994768,7484900
2023-05-09,126.8268051147461,127.3288623057515,125.71111143387805,126.38051629294698,7343600
2023-05-10,126.89187622070312,128.36087829464017,125.39498286959376,128.2586055494036,8133400
2023-05-11,126.49209594726562,127.19869863687757,125.42287826886732,125.51585865370714,7057300
2023-05-12,124.6791000366211,127.36606876598572,123.7772441549865,127.2080134509426,9988600
2023-05-15,125.72969055175781,126.13878152674747,124.54892200381812,124.8371413216115,7639500
2023-05-16,124.88365173339844,126.3898376699158,124.54894217119273,125.94356298258039,6477200
2023-05-17,128.7234649658203,128.8536289739523,125.94353060925548,126.3526073585183,12711500
2023-05-18,129.69969177246094,129.9135295858717,128.08192706890705,128.55610706462394,10999600
2023-05-19,129.40219116210938,130.6201717479733,128.42596808225812,129.9693374456531,13492200
2023-05-22,128.33299255371094,131.68938019077746,127.98899066253614,131.09434260740792,11402500
2023-05-23,126.99413299560547,129.26271783242626,126.87327553866224,127.87738976422008,9514900
2023-05-24,125.83197021484375,126.77102387365669,125.59024107397305,125.88775277144353,8578000
2023-05-25,126.13876342773438,126.69661725664287,125.12534268580241,125.34848705472824,8472500
2023-05-26,127.319580078125,127.93321661684016,126.10161355198235,126.5478882224952,8579900
2023-05-30,127.80304718017578,128.04477632756996,126.46420903839032,127.18941066738822,7399900
2023-05-31,126.17599487304688,127.22659952969529,124.95801416158596,127.12432677336852,14219900
2023-06-01,127.91456604003906,128.518895783395,125.93420082255129,126.92903670505969,12248100
2023-06-02,130.60159301757812,131.54063260172768,129.55097412008783,129.7555196432597,12922500
2023-06-05,129.31854248046875,130.26688865425152,128.4259930589933,130.26688865425152,8511900
2023-06-06,129.5509796142578,130.25759661038836,128.5003748590288,128.93734301871834,9329500
2023-06-07,130.8061065673828,131.3453615251316,129.07677659488266,129.74619556403198,9281400
2023-06-08,130.8433074951172,130.99207043832266,129.6811236016028,130.7875249381189,7368100
2023-06-09,131.1036376953125,131.83814587263618,130.3598513407576,130.49001537148624,7249100
2023-06-12,131.09432983398438,131.39185569008666,129.94143842180847,131.15941893506186,7596600
2023-06-13,132.0426788330078,132.83295530635525,130.29474985485163,130.61086044419062,7701600
2023-06-14,131.54991149902344,133.5209706496138,130.81540340563754,132.95382439764776,9068700
2023-06-15,133.03749084472656,133.325710136213,130.19246737973887,130.71312341427088,9343100
2023-06-16,133.19558715820312,133.85571395400092,132.48898434892973,133.00034817851713,13813500
2023-06-20,132.516845703125,132.9538279509158,131.1315174934463,132.5912271694313,8428600
2023-06-21,132.32162475585938,133.90219211599842,131.73587949582742,132.86086563296203,9926500
2023-06-22,129.7740936279297,132.58193366281853,129.18834845257769,132.31229907643169,10075200
2023-06-23,129.09539794921875,129.40220202550213,127.95179873580885,128.80716441468397,9919500
2023-06-26,129.41151428222656,130.1738996046303,128.01689349037008,129.11398837029202,8429700
2023-06-27,129.42080688476562,130.01584452291195,128.80717033038513,129.23486028287297,8154000
2023-06-28,128.85362243652344,129.43007517484398,128.2678915230531,129.38358499140992,7558600
2023-06-29,133.3536376953125,133.47450937436494,130.02515511363134,130.22970063811232,15423200
2023-06-30,135.22242736816406,135.74308350074216,133.56747858097697,134.44144316929692,14212800
2023-07-03,136.31021118164062,137.11908654933129,135.7430649319183,135.91971913562398,8021600
2023-07-05,135.4021759033203,136.14171413854416,135.14006000089324,135.68301845141943,8934900
2023-07-06,134.0635223388672,134.23201930820707,132.4065640524601,133.88565490395533,9709500
2023-07-07,135.12132263183594,136.52552097664736,133.866908872023,134.71879262942724,8981500
2023-07-10,135.8795928955078,136.66595485612726,135.2711126354132,135.2711126354132,9100100
2023-07-11,138.00460815429688,138.37906960740568,136.4038300805188,136.99358365726889,11260900
2023-07-12,138.68798828125,140.29813690742736,137.61144189846328,138.03269855763006,11323200
2023-07-13,139.36199951171875,139.83006562336877,138.31353599258082,139.20285874786703,11234900
2023-07-14,140.2045135498047,143.1252412336155,138.93137327763844,141.870827603696,27028400
2023-07-17,143.5839385986328,143.9303028866548,140.74745962594733,140.74745962594733,17262400
2023-07-18,143.84608459472656,144.5388133160355,143.05973693495963,143.58396870813758,13491700
2023-07-19,144.39840698242188,145.2971002736689,142.49805956001194,142.99420853526703,12510000
2023-07-20,146.1770477294922,146.58894821231368,144.5481867273733,144.6605180284174,9935900
2023-07-21,145.0536651611328,146.16766463887615,144.81027595893158,145.84938315501867,10636400
2023-07-24,147.90890502929688,148.64844326937535,144.84774837498787,145.07242527179113,14381400
2023-07-25,146.80426025390625,147.6467735305015,145.99918598070113,147.25359971580744,9944700
2023-07-26,147.68421936035156,148.14292930748638,146.29874762297274,146.70129192030421,8728600
2023-07-27,146.05535888671875,148.63907877636402,145.61537558273733,147.69359033815113,10778400
2023-07-28,146.8885040283203,147.5344375190384,146.44852076027303,147.2348683645196,9103800
2023-07-31,147.87144470214844,149.2007506770254,147.11316564135666,147.14124846387747,8892700
2023-08-01,147.14125061035156,147.9088858617673,146.17703559842258,147.3752836576012,6853900
2023-08-02,145.4749755859375,145.7464619929468,144.1082302215545,145.62476020468418,8299400
2023-08-03,146.36427307128906,146.89786098978126,144.4920086983106,145.10048890583116,6084000
2023-08-04,146.05535888671875,147.7216731631504,145.75578970773367,146.4110794314577,6209400
2023-08-07,146.74806213378906,147.62802858895108,146.59829185454788,146.59829185454788,7251800
2023-08-08,145.92428588867188,146.01789053426512,142.8444030785175,144.46392200237997,8623400
2023-08-09,143.96778869628906,145.58730795628765,143.6682337702767,145.40008434199916,6277800
2023-08-10,143.75245666503906,145.51238975141104,143.31247339344608,144.520091916497,5995100
2023-08-11,144.58566284179688,144.65119897372273,142.88190910695448,143.25635639603567,5180700
2023-08-14,144.88519287109375,145.02560699541831,143.15334248845306,143.7992760288352,5044300
2023-08-15,141.1968536376953,143.48101901204012,140.63516847591487,143.08784511249263,10300300
2023-08-16,140.5977325439453,141.3185585176941,140.12029586070057,140.98155027009378,6978200
2023-08-17,139.13731384277344,141.5993314684171,138.92199318247168,141.24361099584877,9953900
2023-08-18,139.45562744140625,139.95177640901298,138.0233461901272,138.21992597052116,8517500
2023-08-21,139.93304443359375,140.5134561406489,138.56629935066977,140.09218520164686,8327000
2023-08-22,137.03106689453125,140.08285341209333,136.53491785943598,139.7271185249507,9673300
2023-08-23,137.95779418945312,138.16374441088766,136.16979258953467,137.00294965470403,7858000
2023-08-24,137.8267364501953,139.8675120243072,137.60207386958209,138.07949613762864,6534000
2023-08-25,137.6582489013672,139.1279690919885,136.53489306897146,137.8735553172173,6695500
2023-08-28,138.1356658935547,139.11860756571915,137.73313590181482,138.14503635752138,5094100
2023-08-29,139.25901794433594,139.34328069655484,137.77992738593437,138.27609058280225,6337000
2023-08-30,138.69735717773438,139.62411896057506,137.78930775518225,139.127970012283,6277300
2023-08-31,136.98422241210938,138.87521339871287,136.637858079505,138.79095064722685,10933900
2023-09-01,137.44293212890625,138.62245352140573,136.3944543846634,136.75954535978775,7903500
2023-09-05,135.9263916015625,138.74415864513009,135.74852419936798,137.76121698537963,7854700
2023-09-06,135.70172119140625,136.2446652620402,134.90600315934276,135.45831769328464,8629200
2023-09-07,134.5409393310547,135.9919472963918,134.23201394868647,134.92475701377694,8373700
2023-09-08,134.64390563964844,134.91537771193597,133.53926213708527,134.21327851187928,7107900
2023-09-11,135.2336883544922,135.78600302416146,134.51286243054037,135.50516045652148,6854200
2023-09-12,136.99359130859375,137.9110112067669,134.84985472125945,135.2711113808214,8363200
2023-09-13,137.0591278076172,138.26673213964824,136.50681320165899,137.92972395420438,8325900
2023-09-14,139.7177276611328,140.32620786354758,138.09822299168405,138.39777786104037,10034900
2023-09-15,139.30584716796875,140.16708718154675,138.83778101161687,139.40882229373597,19863400
2023-09-18,139.5960235595703,139.61475020241627,138.31352706736544,138.69734468236973,6512400
2023-09-19,139.41819763183594,140.1577502596705,137.80806297424448,139.95179997983664,7943400
2023-09-20,138.8284149169922,140.65386993955852,138.67863032943688,140.09218487834835,7332000
2023-09-21,137.74252319335938,139.34331591065376,137.26510080327012,138.15442374210164,8052400
2023-09-22,136.4225616455078,138.0888760647545,135.9170564679509,137.88292580761203,7071700
2023-09-25,137.0965576171875,137.1620937275213,134.5221940712428,136.06682076935587,7044700
2023-09-26,135.67364501953125,136.52552882591283,135.0183552777935,135.36473393604743,7468400
2023-09-27,136.46934509277344,136.7595437767897,135.28045325041472,135.91703054679127,6717800
2023-09-28,138.16372680664062,139.36197469636025,136.68463644309008,136.93739609796205,8868100
2023-09-29,135.75791931152344,139.2590452079911,135.6081347051916,139.10927488590553,11917800
2023-10-02,134.58775329589844,136.3195895900525,133.52056297766828,135.58005131127518,9170600
2023-10-03,133.59544372558594,134.41923041723004,133.25843553401722,134.054139400051,9431100
2023-10-04,134.194580078125,134.30691139083365,132.8652595512566,134.0447954716826,8128700
2023-10-05,134.76040649414062,134.94902600061062,132.80832123107882,133.94939154112294,8576200
2023-10-06,136.8350830078125,137.57065291285397,134.04367882202118,134.7698235091785,10270600
2023-10-09,136.5238494873047,137.11795466151514,135.32618514369264,135.47707493604304,6964900
2023-10-10,137.35372924804688,138.40994351775856,137.00480915687686,137.13683414188532,11288800
2023-10-11,137.8252410888672,138.8437256523832,136.75961605388252,138.16473594337253,8698200
2023-10-12,137.50462341308594,138.58912775754237,136.86336329119763,137.96671807007812,10484400
2023-10-13,139.56988525390625,144.38881902981274,139.41899543795483,140.0414051365208,29427000
2023-10-16,139.42845153808594,141.0033264055544,138.36281187263532,140.9373067071493,12663500
2023-10-17,139.1266632080078,140.80527293299247,138.428808562367,139.164392858932,11482700
2023-10-18,137.59890747070312,139.0794721168467,137.08965804337691,138.2401674729457,9620300
2023-10-19,137.01425170898438,138.64572098900047,136.62761631159904,137.1934315805182,11143600
2023-10-20,134.80751037597656,136.8727694396069,134.02478576708765,136.33524434051608,13332900
2023-10-23,132.96861267089844,135.49595244442185,132.71398789413,134.7981121972243,10133400
2023-10-24,133.12893676757812,133.6570367926189,132.36507677495513,133.1478015940857,8881400
2023-10-25,132.40277099609375,133.1383408268775,131.56346622047414,132.56310041145807,8242600
2023-10-26,132.74229431152344,133.6004640945183,131.4880494878342,131.79925438901847,9109400
2023-10-27,127.96104431152344,131.17681276799507,127.48952451636838,131.03534819566326,17434700
2023-10-30,129.59254455566406,130.17722470352462,128.29114485659662,128.6683694597706,9855500
2023-10-31,131.13909912109375,131.3088537506683,129.63966944313077,129.86600415268222,9672500
2023-11-01,131.02597045898438,132.5254004974012,130.58274053975717,131.31831053557096,9432000
2023-11-02,133.36468505859375,133.42126514351625,131.29942562105097,132.1104404141124,10186200
2023-11-03,134.85467529296875,135.5808198813388,133.7701854083583,134.09081544854737,9538700
2023-11-06,135.8731689453125,135.9769038934277,134.6566396092663,135.01499931905428,7625100
2023-11-07,135.80714416503906,136.0429040937685,134.68493899158793,135.33562430758016,6297900
2023-11-08,136.47674560546875,136.589905797178,135.43939588264075,135.9014906482001,7618200
2023-11-09,136.07119750976562,137.3537321294573,135.5148075176755,137.15570184261244,7992500
2023-11-10,138.0893096923828,138.136464559863,135.87317481726728,136.68418961313236,7983300
2023-11-13,137.476318359375,137.91954814389777,136.89163838389518,137.40087346098358,6676300
2023-11-14,139.98483276367188,140.74869271323962,138.174198041455,138.32507347607216,9927700
2023-11-15,141.2107696533203,141.6068445999882,140.00367999024377,140.00367999024377,8365300
2023-11-16,142.8233642578125,142.8988091629842,141.5408296491821,141.5408296491821,8126200
2023-11-17,144.11534118652344,144.15305644499725,142.90823707069305,143.53064675784515,7812400
2023-11-20,144.55857849121094,144.99238317230925,143.2666184458422,143.41750828184567,7019000
2023-11-21,144.25680541992188,144.87921516759508,143.87959523992686,144.47370055393674,7083500
2023-11-22,144.59628295898438,145.11495768637337,144.19076839406415,144.67172786384498,5174500
2023-11-24,144.7943115234375,145.64305590080474,144.54912637778605,144.84146638712082,3496900
2023-11-27,144.4642791748047,144.7849092752855,144.0116240688526,144.69059953295755,6259100
2023-11-28,144.7943115234375,145.1055163561744,144.02102643967882,144.4925462972237,6582700
2023-11-29,145.5299072265625,146.76528704849733,145.22812758688474,145.3884426243466,9126100
2023-11-30,147.1896514892578,147.2368063564752,145.5864867313831,146.08629666666795,9869800
2023-12-01,147.90635681152344,148.86826142383205,146.94446658886,146.94446658886,8916000
2023-12-04,148.99087524414062,149.04745533437793,147.0010605294652,147.13308553656773,9607500
2023-12-05,148.9720001220703,149.47181007082003,148.02896031089793,148.3024355246939,9135600
2023-12-06,147.40655517578125,150.15080456532945,147.11421512755064,149.79244482122945,9366000
2023-12-07,147.8592071533203,148.34959188917585,147.25566224366952,147.7649118050395,8130900
2023-12-08,149.49069213867188,149.73587733758438,148.0384026037552,148.30245263016783,7369400
2023-12-11,150.0376434326172,150.22624852159782,149.14174407807883,149.4906786018212,8093900
2023-12-12,151.37672424316406,151.49930960914043,149.83013983774387,150.16019507185587,10223000
2023-12-13,151.885986328125,152.80073607591623,150.66947133004385,151.376751172791,12379100
2023-12-14,154.64910888671875,155.45068411871856,152.49897919789595,152.61213937426155,13643000
2023-12-15,155.81846618652344,155.8656210556817,153.14023653822656,153.79093631953123,20309300
2023-12-18,156.76150512695312,157.61024959807705,156.19568986918287,156.46916508532496,8469600
2023-12-19,158.85508728027344,158.8739521096313,156.12027699897772,156.54464212681344,10345700
2023-12-20,157.0632781982422,159.76037254396365,156.9689684644074,158.42125778345093,10734700
2023-12-21,157.9591522216797,158.51554219987133,156.24281303379408,157.33674255642595,7601700
2023-12-22,157.86483764648438,158.64756231245275,157.7045226266562,157.95914737092147,6576300
2023-12-26,158.7984619140625,159.15682162146308,157.65737749239696,157.92144185918576,4683600
2023-12-27,159.75094604492188,159.8169657419524,158.03462098752954,158.27980617011522,6428600
2023-12-28,160.5996856689453,160.93918058278578,159.3737310139855,159.7038007098136,6320100
2023-12-29,160.41107177734375,160.96746179209865,159.96784193110983,160.3167620438129,6435100
2024-01-02,162.2782745361328,162.36314465626333,159.28884039116926,159.4585806314303,9977400
2024-01-03,161.5709991455078,162.24054929758722,160.6656746705868,162.07080905271448,9852300
2024-01-04,162.6432342529297,164.4840152154625,161.81772058185265,161.9126118704199,11972500
2024-01-05,163.45924377441406,164.5124733318374,162.70015693042274,162.70015693042274,10066000
2024-01-08,163.22201538085938,163.54462255510825,160.8214137681895,163.22201538085938,11229900
2024-01-09,161.93157958984375,163.00377577413855,161.40022316605578,162.8424721796584,9923600
2024-01-10,162.273193359375,162.3301223453623,160.3090564725397,161.3053571624542,9670200
2024-01-11,161.58999633789062,161.6469253167498,160.01489369036094,161.6184608273202,11919500
2024-01-12,160.40390014648438,167.29258049499637,160.261563245395,164.9109602585302,19436500
2024-01-16,159.39813232421875,159.49300912270533,155.8968555922771,156.43769533094127,17206400
2024-01-17,158.54415893554688,160.42290202843512,157.97485469273727,158.78137265631167,11107500
2024-01-18,158.8572998046875,158.96167443214202,156.78880288761584,158.57264041359542,9382300
2024-01-19,161.59947204589844,161.84618358047715,158.53467484219206,158.98063779337124,13115700
2024-01-22,161.4097137451172,163.18406784238965,161.030177562061,161.74181876407434,12837500
2024-01-23,160.3470001220703,161.0681246579549,159.82512701395376,160.99221452601276,8360800
2024-01-24,161.77975463867188,162.26366540807356,160.22363323770475,160.69806067066273,9967100
2024-01-25,164.09498596191406,164.14243160757394,162.16881147082555,163.497202679032,8873500
2024-01-26,163.46871948242188,164.20882513921873,162.9942920368661,163.78184333389387,7443000
2024-01-29,163.8957061767578,164.00008079702863,162.5388505916141,163.43077653240536,6971200
2024-01-30,167.25465393066406,167.71958355620103,163.99059082342822,163.99059082342822,10822100
2024-01-31,165.4423370361328,169.18082757038678,165.42335588463555,167.18822653609234,11521800
2024-02-01,164.84454345703125,165.89777288401743,162.6621744802231,164.7591499982318,9354800
2024-02-02,165.7933807373047,166.82764338295934,164.39856314428894,164.43652544087894,8607600
2024-02-05,165.57518005371094,166.13500096991308,164.07598757427212,164.9679134968324,7820200
2024-02-06,166.14450073242188,166.8751085895703,164.87302414792433,165.6795566137463,6764800
2024-02-07,166.4575958251953,166.87509426680478,165.0627925456374,166.70430734707855,7225500
2024-02-08,165.85984802246094,166.34375883435635,164.69276048884402,166.04961611663302,6060300
2024-02-09,166.05909729003906,166.14450523792445,164.78763514943896,166.04961395288615,6296700
2024-02-12,166.79920959472656,167.76704572264995,164.81610617285773,165.8408712827099,8539300
2024-02-13,165.34744262695312,167.21668785869483,163.79132123629455,166.35324093999716,8397600
2024-02-14,167.02691650390625,167.09334329239704,165.49925963075256,166.11602396443158,7056700
2024-02-15,170.67051696777344,170.99313861983137,167.1407757730594,167.1407757730594,8723400
2024-02-16,169.8734893798828,170.77489862748652,169.04799026069725,170.42382695213206,8152600
2024-02-20,170.53768920898438,171.2303637188881,169.28520825442058,170.02531392720303,9668000
2024-02-21,171.64784240722656,171.73325035019496,169.38957763277347,170.7464331647667,7024000
2024-02-22,173.70687866210938,174.0389691999663,171.970472406029,172.52081000181218,9296500
2024-02-23,174.57980346679688,175.72790969059875,173.8207167154575,174.40900207051712,7105800
2024-02-26,173.9820556640625,175.02580196912146,173.14705862001532,174.3521085397873,7145400
2024-02-27,174.06744384765625,174.15283732137044,172.91933742537933,173.9346047290859,5717100
2024-02-28,174.94985961914062,175.72791305734785,173.60248748692752,174.04843594056865,6131600
2024-02-29,176.54393005371094,176.89500171310078,174.4469689552258,176.16439390725577,9643000
2024-03-01,175.81329345703125,176.90448512641694,175.63302321308467,176.202327386422,6311800
2024-03-04,177.13223266601562,177.99569413338153,174.84550327171607,175.26300176048102,7063600
2024-03-05,178.9065704345703,179.61821151467728,176.82857616411795,176.82857616411795,6617800
2024-03-06,179.83645629882812,180.3488460192698,178.0336378978686,179.570778102442,7572900
2024-03-07,178.26136779785156,180.75686085108097,177.08479697238374,180.19703992745502,7618300
2024-03-08,178.59347534179688,180.71891558839314,178.3088159683026,178.80222458380084,6172200
2024-03-11,178.6598663330078,178.80220324195417,176.69574439925185,177.70152818428755,5762600
2024-03-12,180.13059997558594,180.43424047505954,178.2993170776544,179.28611974419184,5708400
2024-03-13,181.5918731689453,181.92396372942363,180.1306283720305,180.62403702226987,7795500
2024-03-14,178.3562469482422,181.82905916695464,177.53074786350967,181.25974046676782,10310900
2024-03-15,180.56707763671875,181.17434415077483,176.94244522461395,176.94244522461395,17214200
2024-03-18,182.806396484375,182.84434431154483,180.17806424275938,180.88022211160907,9013800
2024-03-19,183.8785858154297,184.01142492310007,182.54071140188407,182.85383525818784,8478700
2024-03-20,186.2886505126953,186.50688304622224,183.70776449389064,184.25810197361542,9367000
2024-03-21,188.8790283203125,189.23009995235682,186.28865885050274,186.4689435734579,11203800
2024-03-22,186.5638427734375,190.22642320705918,186.48793264526574,188.83160536845347,8108800
2024-03-25,184.8559112548828,186.86747893022638,184.41943164766377,186.54487175179887,8620000
2024-03-26,185.71934509277344,186.6017875814552,184.1347593214929,184.63765120490154,5961500
2024-03-27,189.31552124023438,189.39143136464278,186.33611762948894,186.4499755769137,8725800
2024-03-28,190.05563354492188,190.45415085331146,188.38563970590695,189.28706341600085,8628300
2024-04-01,188.76519775390625,190.66290757030683,188.41412607095276,189.76149830319193,7309000
2024-04-02,188.6892852783203,189.56223004560812,187.9491796173942,188.24332231873962,7014700
2024-04-03,188.15792846679688,189.353480421599,187.5886097387711,188.8600718225351,9353400
2024-04-04,186.726318359375,190.57250726060758,186.63088813761217,190.06668194049317,9243800
2024-04-05,188.44422912597656,189.08366842916283,186.21096089165496,187.21307291356746,6532300
2024-04-08,189.42727661132812,189.90447149415994,188.6065008303441,188.6065008303441,8001000
2024-04-09,188.1579132080078,189.80901778367087,186.02008971749524,189.03596449913155,7351500
2024-04-10,186.55453491210938,188.08156408606877,185.3233641819326,186.63088782709028,7681400
2024-04-11,186.51637268066406,187.60439092248092,184.42627146372058,187.0603818015725,10137700
2024-04-12,174.45289611816406,180.31284860479283,174.2142986804954,179.73068483719993,31532300
2024-04-15,174.54833984375,178.90990796764004,173.8898085897857,176.08490791538944,14766600
2024-04-16,172.5536651611328,174.80602549423577,171.45610823988386,174.55787484556882,16451800
2024-04-17,171.86648559570312,174.09975382543902,171.02661806472688,173.0976418055842,9017100
2024-04-18,172.98313903808594,174.9969019564357,171.76152134535386,172.839986403325,9557700
2024-04-19,177.3256072998047,177.40196022253804,173.1358371435667,174.08067361637623,13402300
2024-04-22,180.77093505859375,181.45809672584136,177.49737120450726,177.50692442058224,11529700
2024-04-23,183.37643432617188,183.46232590313252,181.83032768955627,182.4125059825634,9144400
2024-04-24,184.2735595703125,184.41671219594375,181.49628213042132,181.83986299476692,6964900
2024-04-25,184.5503387451172,185.094347885253,182.46022289146978,183.48142690000614,9802300
2024-04-26,184.66485595703125,185.98190375230607,184.25446084078007,184.74120887546937,6413700
2024-04-29,184.4644317626953,185.3997295490782,183.65319472901302,184.65530678155278,5387800
2024-04-30,182.99465942382812,186.09642549292656,182.89921464272427,184.01584868006023,8153700
2024-05-01,183.1091766357422,185.59059525008658,182.08797284386992,183.50047983988924,7445300
2024-05-02,182.9183349609375,184.67440852887157,180.87594156798932,184.26402794452196,6501700
2024-05-03,181.82077026367188,183.74864146909349,179.86428309609008,183.2428161104816,8922800
2024-05-06,183.2427978515625,183.43367285342538,181.16223557444755,182.98510858949157,7911100
2024-05-07,183.0041961669922,184.1303688455543,182.90875138688438,182.95647377693828,7688800
2024-05-08,186.726318359375,187.6807079539802,182.28841256959262,182.28841256959262,9227600
2024-05-09,188.49195861816406,188.57785019283477,186.20142924996162,186.268228953762,7977300
2024-05-10,189.70407104492188,190.2480656766627,189.22687612876922,189.4845508982518,7529800
2024-05-13,189.66586303710938,190.73478941529618,189.00733180699527,189.73267730698475,7049200
2024-05-14,192.31907653808594,192.38589081187718,189.1218795591192,189.92356346762142,8596200
2024-05-15,192.89170837402344,193.44525616341704,190.65843990714103,192.79626357615743,8370000
2024-05-16,193.23526000976562,195.15357782872618,192.77715708757773,192.99666261404684,8497900
2024-05-17,195.449462890625,195.69761353618276,193.55977533673882,194.51416504960696,9260500
2024-05-20,186.65953063964844,196.48974700752038,186.48773292892272,195.06770117767758,17373300
2024-05-21,190.41981506347656,190.78247320493176,187.63299920837585,188.01474921922218,14420800
2024-05-22,189.26499938964844,191.7750486996597,188.67328249730463,189.92353054420116,9425300
2024-05-23,187.9384307861328,189.25549332200828,187.12720822353947,188.78783709451415,8069400
2024-05-24,191.55555725097656,191.6032650842563,188.54922104999036,188.73055741751145,7356200
2024-05-28,190.40074157714844,191.26923968293062,189.59905773927144,190.74432244521444,6910200
2024-05-29,189.0741424560547,189.91401004508248,187.90978586684102,188.9691590074262,6120000
2024-05-30,190.2384796142578,190.7347662809771,189.35088971872463,189.50359554891975,6829100
2024-05-31,193.38800048828125,194.0274398758393,189.3032135067126,190.20988086032972,14417900
2024-06-03,192.6149139404297,193.18753895642425,190.1048646599734,193.0825555190675,6444300
2024-06-04,190.0762481689453,192.7676194373073,189.2363806080914,191.0306378288864,6848300
2024-06-05,188.26292419433594,190.70617428252737,187.9384351617438,190.6488986625119,8351600
2024-06-06,187.92886352539062,188.9882365858564,186.4209261786032,188.2628911546147,7640300
2024-06-07,190.83023071289062,191.7559899505188,188.02432247206556,188.42516442606455,6964500
2024-06-10,190.5057373046875,191.67963261173603,189.38910305220256,190.15261775965763,6070800
2024-06-11,185.4951934814453,188.91191055404266,184.7698625098068,188.88328002640114,9235300
2024-06-12,182.79425048828125,187.747535155726,182.58428359797037,187.06037343522323,12751300
2024-06-13,184.8271026611328,185.7051393894414,182.17390060566132,183.54822402834617,8587800
2024-06-14,184.94163513183594,185.97237775666235,182.68927485451107,182.71790538052034,6874000
2024-06-17,186.08688354492188,186.65952314056108,183.85361533502265,184.6552991186537,8725400
2024-06-18,188.01475524902344,188.93097569239987,185.2756616981407,185.7242259848272,9023000
2024-06-20,189.6085968017578,190.35301959036525,187.16536154039684,187.43258948693125,8731100
2024-06-21,187.34669494628906,188.17700929825324,185.36156268713378,187.73799820567726,20972100
2024-06-24,189.80902099609375,190.14304864072443,188.1102085595612,188.78781706567207,9785900
2024-06-25,189.03594970703125,190.94472885295818,188.7209994004138,189.0550270132535,6862500
2024-06-26,188.42514038085938,188.91188841939731,187.3275981156472,188.44423225132738,7758600
2024-06-27,190.08578491210938,190.74431610090178,187.91931632822877,188.43469489460125,7913500
2024-06-28,193.03485107421875,193.35935463256504,190.20986578187188,190.88747429822308,15307600
2024-07-01,196.079345703125,197.64454410688455,193.416605054855,193.5883881973363,10205800
2024-07-02,199.30516052246094,199.3337910423614,195.4303414924302,195.92661354592389,7802900
2024-07-03,199.1715850830078,200.78450597577336,198.17901165846095,199.9923607921085,5560900
2024-07-05,196.53245544433594,199.00842649532183,196.27335292204722,198.64375880499992,8093100
2024-07-08,196.89715576171875,198.55739478921961,195.74554496023563,196.77239292168676,8707000
2024-07-09,199.2579345703125,201.30203861673223,197.16582905485706,197.33857869799746,9058900
2024-07-10,199.42111206054688,199.58425558028438,197.2906255075793,197.82804290048543,8328500
2024-07-11,199.08522033691406,199.70901989248074,197.0986942703721,197.89522885627903,10658100
2024-07-12,196.67642211914062,199.08520875553353,193.95093996868792,195.77432240821722,15443400
2024-07-15,201.58038330078125,203.07747876015205,198.38465354242032,198.83570341075963,10719700
2024-07-16,205.0064239501953,205.12159527581198,199.68981390311083,201.5323940342005,11557000
2024-07-17,208.1253662109375,208.78754638356358,204.67053414664076,205.17916232258048,11572500
2024-07-18,201.51318359375,207.90464262796732,200.80303124118646,206.93537311360464,12415100
2024-07-19,201.32125854492188,203.787638142558,200.49593484279177,202.68399960778325,8095900
2024-07-22,201.8011016845703,203.6148926358178,201.25409280392114,201.97385135034514,7663200
2024-07-23,201.84910583496094,202.95272984342498,200.90862535379435,202.5112860974499,5557300
2024-07-24,200.1792449951172,203.4805398970385,199.6802229423339,201.10054238495405,7119000
2024-07-25,200.25599670410156,201.71471129291234,199.66100105914288,200.23679904485417,6403800
2024-07-26,203.68209838867188,204.5650005405499,200.20805348439288,200.80306390247225,8027800
2024-07-29,202.34811401367188,204.99682004630137,202.0602076823259,204.0755227146991,6533600
2024-07-30,206.5131072998047,207.08890530291896,204.37302950002504,204.63213201184072,8850700
2024-07-31,204.21949768066406,207.66473846208044,204.09473484474648,206.11965617262393,9071600
2024-08-01,199.5746612548828,205.20796693510616,198.05836812142135,204.6033650548551,10918600
2024-08-02,191.11029052734375,196.4173090899953,188.951014866982,195.65916985684163,18041700
2024-08-05,187.04124450683594,188.26003972022244,183.2025323392783,186.2255269573448,13927000
2024-08-06,192.26190185546875,194.4307836748442,186.17754637997143,187.5210898263343,10605800
2024-08-07,192.31944274902344,197.45372530326082,192.1275101002764,195.30404156413562,9204400
2024-08-08,195.83189392089844,196.64762609323657,193.65342072084405,194.30600938741946,7761200
2024-08-09,197.5017547607422,198.14473732678184,194.71867950080318,195.26570304351597,5540200
2024-08-12,197.8760223388672,198.78771357086882,195.44803800867777,198.08715268440758,6936000
2024-08-13,199.55548095703125,199.69942682508034,197.11789020553704,199.35394209823576,6387800
2024-08-14,201.76271057128906,202.26173259433187,198.76850521541047,199.36351554061437,6999800
2024-08-15,203.0198974609375,205.26554061728052,202.58804526064463,204.41142772567014,7001000
2024-08-16,205.3423309326172,205.45748762244867,203.05829229411836,203.15426596466205,7931200
2024-08-19,206.7626190185547,206.83939501460688,205.1983538600032,205.37108886847773,6090800
2024-08-20,205.87014770507812,207.29046717628404,205.06400698142428,206.33078908750494,5640000
2024-08-21,205.94691467285156,206.33078003410972,204.25787193885594,205.78375651861572,5202300
2024-08-22,207.8950653076172,208.05820882254338,205.6973943235858,205.92772233240674,5247100
2024-08-23,209.50732421875,210.35184563489813,207.77030919614816,208.82596096633335,7214000
2024-08-26,210.3326416015625,210.82207214735465,209.25780684522277,210.17908959536388,5105200
2024-08-27,211.30189514160156,211.53222313341251,210.3518232928703,210.65891263842738,5185200
2024-08-28,212.36715698242188,213.25007370690733,210.35184179007584,210.40942013221067,6506400
2024-08-29,213.2500457763672,213.98898726168142,210.11189474931135,213.19245279825017,6416100
2024-08-30,215.73561096191406,216.3881849537637,212.98132522560212,213.52834869835,8574100
2024-09-03,211.4170684814453,215.06384784728323,210.39981213405102,213.336424500989,8956100
2024-09-04,210.48617553710938,213.11569850429112,208.4516628819831,212.12721670145393,7389500
2024-09-05,208.854736328125,211.8969139547451,207.31924560820755,211.27311444323652,8067900
2024-09-06,203.8931884765625,209.9199649722642,202.57841969666674,208.8259326693763,7777000
2024-09-09,208.06781005859375,209.35377522003003,205.54385192671694,206.51313619606708,8935100
2024-09-10,197.2714080810547,209.82399812562028,192.52100489184315,209.78561744862617,28406900
2024-09-11,198.87405395507812,199.32510375506922,193.69179897429586,196.9738957479277,13658700
2024-09-12,198.2694854736328,200.36157653556083,196.6284296106188,199.27713568329062,9054400
2024-09-13,196.08145141601562,199.46911419660154,194.83386686190278,198.5190275332754,10226700
2024-09-16,199.47869873046875,199.8145919368192,197.30022525287094,197.53055327809923,8634900
2024-09-17,200.8126220703125,201.4651960832742,199.28673756042474,199.35390740598294,7573300
2024-09-18,199.1619873046875,202.81835838288768,198.36545275492742,200.58230673818105,8259900
2024-09-19,201.9930419921875,203.36538928713296,198.97965334983056,201.32127025220836,11635200
2024-09-20,202.57843017578125,202.89512568030523,201.05254563504943,201.46520015567114,20885000
2024-09-23,202.91432189941406,203.25980657066546,201.52279170592422,202.4920612297152,7223500
2024-09-24,203.05828857421875,204.36345139466172,201.88748010395994,202.63602786120398,7323200
2024-09-25,201.71475219726562,203.68209532865095,200.19845896675733,203.14466326540543,8976500
2024-09-26,201.32125854492188,203.16383862893971,200.582302352154,202.61682975945425,7807500
2024-09-27,202.01222229003906,203.87399998332447,200.88940076897532,202.15616813497374,7032500
2024-09-30,202.3577117919922,202.45368545325593,196.98350891876606,197.99117378793656,8663800
2024-10-01,198.69174194335938,200.6590849232253,197.87602436679808,200.47674374625123,8540100
2024-10-02,198.931640625,200.5247095749859,197.39616465396708,198.73011645099774,5810900
2024-10-03,196.95472717285156,198.16393091884422,196.10061427209934,197.8568269060444,7251300
2024-10-04,203.94537353515625,204.37987213930614,199.78381659479555,202.09150201972523,10211700
2024-10-07,203.66534423828125,205.98269458084312,202.46806055788844,203.76190602752735,6718900
2024-10-08,203.49154663085938,204.05157258412177,201.20317665741186,203.32740337902976,6021800
2024-10-09,206.069580078125,206.8613454534999,202.1687285781039,202.47769976692018,7024000
2024-10-10,205.5095672607422,207.41171960680364,204.18675618891916,207.41171960680364,7927100
2024-10-11,214.6341094970703,216.89352881613823,207.74968365741609,208.2421134569088,18320700
2024-10-14,213.85202026367188,215.99556259342347,211.34157550325287,215.51278305488955,9048900
2024-10-15,214.73068237304688,217.68529078898302,214.1803213608932,215.95694652517005,9235800
2024-10-16,215.9376220703125,215.97623794909032,213.42716268516796,214.67274209136121,6382500
2024-10-17,216.69073486328125,218.0714918044211,215.61896385393163,216.54590691604216,6470200
2024-10-18,217.60801696777344,218.13907733966104,215.4162087479307,217.2507648690765,7000500
2024-10-21,215.3196563720703,217.92666271781536,215.22309457904748,217.46319852448005,5870000
2024-10-22,216.40106201171875,217.521113903058,213.48508466002997,215.3389560319398,9586800
2024-10-23,215.71554565429688,217.05767211185088,214.86584899630188,215.95693541093075,6180500
2024-10-24,217.23146057128906,217.3087070595921,214.02581233964898,214.18995560232,6002200
2024-10-25,214.65341186523438,217.84940969268465,213.2726696126605,217.25076784703845,6369700
2024-10-28,217.73355102539062,217.868728693903,215.27137266803004,215.65760510182318,6843000
2024-10-29,215.22308349609375,218.9404913371286,215.1361867268046,217.45353704067085,6580000
2024-10-30,216.6810760498047,218.5156320645097,213.94854259777935,214.8754708901479,7110900
2024-10-31,214.27685546875,217.91701709128074,214.18030840692387,216.96110835965536,7829900
2024-11-01,215.26170349121094,218.36113930912322,215.02996405127206,215.86034529447858,6923500
2024-11-04,212.21055603027344,216.05347672838175,211.62156445041862,214.9817056480971,8229600
2024-11-05,213.86166381835938,214.3154777176928,212.42297563395553,212.45194122469928,5600700
2024-11-06,238.5509796142578,239.4586073381028,226.68426720904813,226.90634163086352,23987800
2024-11-07,228.2388458251953,236.1467765550335,227.11879382619438,236.07918035167899,16451100
2024-11-08,228.81817626953125,231.09689618425554,227.65950837276299,231.09689618425554,9502100
2024-11-11,231.04859924316406,233.76183232238978,230.7685936247478,231.734152593889,9017100
2024-11-12,231.30931091308594,233.14388184693877,230.53686076900374,232.26521962387952,6861000
2024-11-13,232.8542022705078,235.68328295062503,232.03347126141182,232.29417630585863,11472600
2024-11-14,233.5397491455078,235.87640014281013,232.7479984317867,234.07080953881766,10172200
2024-11-15,236.86126708984375,237.93303812916133,233.1438739185833,233.1438739185833,11518800
2024-11-18,236.59092712402344,239.39104240803502,234.32185751806605,239.22689914149407,9051400
2024-11-19,234.71771240234375,236.70676140391376,233.2307581603698,233.90664645217612,6792700
2024-11-20,232.48728942871094,236.1853820806055,230.42099380614764,235.9826082126915,9015300
2024-11-21,236.33021545410156,237.03508413180523,233.771489998293,234.8529113632746,8783500
2024-11-22,239.98968505859375,240.5690116009233,234.65979541625032,235.219821387118,7997300
2024-11-25,241.66973876953125,245.55128980408418,240.48210540768852,240.99385046333052,10295400
2024-11-26,241.36077880859375,242.35530337685785,239.78691296046713,241.86287360225722,6212100
2024-11-27,241.18698120117188,242.53877266956593,240.20212160840157,240.76214760817405,5472300
2024-11-29,241.119384765625,243.09878358106323,240.8586797210085,241.25456243074825,5494800
2024-12-02,237.76889038085938,241.63112616369568,236.5909072884335,240.95523784835137,8899700
2024-12-03,236.38815307617188,240.4627983571973,236.20469451535047,239.68069795223073,6657700
2024-12-04,235.01705932617188,236.89991119978995,233.88735704195787,236.2722889974968,7346300
2024-12-05,237.02540588378906,238.66685314495626,236.19502460109126,236.93850911465168,6572500
2024-12-06,238.84066772460938,239.20758484833834,236.4074549916763,237.23783629630563,5519700
2024-12-09,235.41293334960938,239.3331004642951,235.36465245379455,238.61859624597477,7076500
2024-12-10,234.4956512451172,239.42000786865495,233.87769409575165,235.49017580217017,9108300
2024-12-11,235.14256286621094,235.85708177176627,233.8390524294808,235.59637673776825,7884400
2024-12-12,233.21145629882812,235.692949917877,232.73832710066324,234.63082916006218,6113800
2024-12-13,231.6762237548828,234.3604765375674,230.9037736251097,233.7328690945859,10392700
2024-12-16,231.32861328125,232.38106899290696,229.33956421642742,232.32313781366128,9032000
2024-12-17,230.150634765625,230.78790721651086,228.4802218867217,230.43064038196303,8083600
2024-12-18,222.43580627441406,230.8361807627836,221.62474030815744,230.7685845656322,11322400
2024-12-19,224.93663024902344,228.21952494296886,224.27039218428922,224.27039218428922,11790800
2024-12-20,229.41680908203125,230.97135955828864,223.61379044750802,223.93242666437249,32348400
2024-12-23,230.1796112060547,230.4016856524641,226.79050439374112,227.93952196997523,8611500
2024-12-24,233.964599609375,234.13840789117347,230.8361978696138,231.18378496668848,3729100
2024-12-26,234.76600646972656,234.88186883103566,232.4969370056862,233.11489415476902,4451800
2024-12-27,232.86386108398438,235.0074032318014,231.77277470486047,234.3604804730654,5730200
2024-12-30,231.07757568359375,232.54521468407714,228.94368391501692,230.54651531283838,5723800
2024-12-31,231.45416259765625,233.1245756017034,230.7975747930278,231.78244913333967,4871000
2025-01-02,231.73416137695312,234.9011937371106,231.20310097714537,232.6224738942401,9220900
2025-01-03,234.9011993408203,236.446099680159,231.98520694861776,235.49019093770127,9491100
2025-01-06,233.7559356689453,238.4533732605044,233.49388418568068,236.52198200348707,9917800
2025-01-07,236.00759887695312,238.03603585964578,233.8044559653357,235.00793797890452,8753400
2025-01-08,235.9687957763672,237.05580229045634,233.41625568415455,235.59998364793563,8675300
2025-01-10,232.80479431152344,236.62874677173156,231.70808773150114,235.9299526770056,10256800
2025-01-13,237.01698303222656,237.3372500960213,231.96043318189513,232.61069705427852,10005300
2025-01-14,240.1809539794922,240.42359041299397,235.05647368868276,235.51263136841433,12407400
2025-01-15,244.917236328125,246.19834907161936,236.50259128635952,243.02466018784034,18448500
2025-01-16,246.7806854248047,249.46910144518222,244.89782419787434,246.51863391142942,15292300
2025-01-17,251.52664184570312,252.94363035716344,244.71340648745428,246.65449800073918,17678100
2025-01-21,255.28265380859375,256.46672083789156,251.85662841034198,252.4098466101375,13712100
2025-01-22,255.09825134277344,255.62235436148842,252.5845413063042,255.1564817205521,9021900
2025-01-23,258.11663818359375,258.99980869731013,256.03965618936724,256.8937411358266,10749700
2025-01-24,257.039306640625,259.2327492897336,255.26322113163457,255.9231850657849,7666300
2025-01-27,258.01959228515625,258.13605303558734,254.535336614133,256.3890825417096,7522300
2025-01-28,259.2715759277344,259.45595234973075,257.02958825496063,258.0195637615963,7375400
2025-01-29,258.72808837890625,262.7073321141327,257.7866577607091,259.3395369767374,7684900
2025-01-30,260.3294982910156,261.75620173432395,258.76690422515134,260.7177106689235,8753500
2025-01-31,259.4268493652344,262.8431891272981,259.09686738707205,261.3000250446993,7193800
2025-02-03,258.95135498046875,260.2713128356146,253.9918795379233,254.1180256280179,8381400
2025-02-04,260.04803466796875,261.8920656979003,258.97071346699056,261.8920656979003,5626000
2025-02-05,262.4646301269531,262.668466021139,260.42647851599486,260.9894115303653,5704400
2025-02-06,268.7441101074219,268.8217703532776,263.20230221236784,264.4251993255983,7264400
2025-02-07,267.6764831542969,270.3454837389774,266.61859193134063,269.10318646976515,6857900
2025-02-10,263.0567321777344,268.0453220031556,261.64942897239877,268.01620681498275,8627400
2025-02-11,266.890380859375,268.08416285966723,261.71738476219014,262.299718167667,7196400
2025-02-12,267.33685302734375,268.3073988294126,265.2016404153094,266.0071803987953,6683900
2025-02-13,268.1811828613281,268.812031614192,265.74510378599365,267.3853283146615,8398700
2025-02-14,268.4432373046875,271.0054922240324,268.30737630553097,269.20026178200214,5688600
2025-02-18,271.70428466796875,271.72368491952835,267.89001749911944,268.6082414686908,7919800
2025-02-19,271.02490234375,271.9954480996811,269.0546956439582,270.18053227508295,7007200
2025-02-20,258.94158935546875,270.52990776080935,257.9128132494212,270.47167738640707,13846700
2025-02-21,256.45703125,261.2709600914064,255.09827295553427,260.41687498668233,12835600
2025-02-24,253.64244079589844,259.1357336859581,250.9928400471611,257.67020002120825,10372800
2025-02-25,249.81846618652344,255.2535282245515,245.88776780849437,254.50621867157093,9608400
2025-02-26,251.1675262451172,253.2250783593955,249.36229586835162,249.58553203875115,5943600
2025-02-27,251.4198455810547,255.87467629942992,250.2648938568394,252.51656693419218,8204400
2025-02-28,256.85491943359375,257.0102103033765,250.29405049282587,253.0503967893836,10467100
2025-03-03,252.94361877441406,258.47574118143245,250.2261026277376,256.22406802064074,9058300
2025-03-04,242.8790740966797,249.6534940988536,238.70572440707394,247.76091803763094,13465600
2025-03-05,244.12136840820312,245.59660207726964,240.5303521377995,243.84961678618464,7861400
2025-03-06,239.27833557128906,242.015281613365,236.66758002130527,240.80209946195242,9983200
2025-03-07,235.14381408691406,239.4530394207747,232.36805275623323,238.00692097749285,20498700
2025-03-10,225.38014221191406,230.5143228718976,221.96381691976234,229.25262520540508,18887200
2025-03-11,222.39085388183594,226.44774284176466,220.01301974210133,224.9239788967364,18143000
2025-03-12,221.18734741210938,227.41826350891142,220.56619878932352,227.1076817928428,16054000
2025-03-13,218.5572052001953,222.74025511632564,217.62547474110963,222.54614892341084,16467900
2025-03-14,225.59364318847656,226.27302221151962,220.87679052941755,221.40087868737876,11962100
2025-03-17,227.03976440429688,228.72851937201781,223.67198421387434,224.37076354224342,9586000
2025-03-18,228.0491180419922,229.21376988809178,226.64182977756553,227.4182692780825,10344900
2025-03-19,232.06719970703125,235.19235827185224,227.9714953720013,228.79646520042016,10120600
2025-03-20,231.97015380859375,234.63915484467967,229.24292239212625,229.59231948376984,8328500
2025-03-21,234.51296997070312,235.16323383404452,229.53406562636874,230.8054781658387,19326900
2025-03-24,240.75357055664062,241.36501910335522,237.21108457850144,238.2495608050386,9422700
2025-03-25,243.73316955566406,244.40284852183765,240.32654434675553,241.96676910521467,9287700
2025-03-26,243.6361083984375,247.16889448049588,242.4229261613384,245.1598723967236,12779300
2025-03-27,240.8118133544922,243.25759285817858,239.89949795497841,242.18028645376282,8022500
2025-03-28,235.69703674316406,242.16086005777964,234.00828183952703,239.6665652294854,11978400
2025-03-31,238.07485961914062,238.61836283353372,230.36872450664094,232.35834612382078,13603000
2025-04-01,236.48316955566406,238.45337614807622,233.78505368597595,235.47379373127083,8054700
2025-04-02,238.57957458496094,239.9674479641913,234.34799432373393,234.48387014274496,7758800
2025-04-03,221.95411682128906,228.2141341410838,220.60505877931982,227.36976405138714,17188500
2025-04-04,205.34344482421875,212.58925038559218,204.02513159690807,210.25535885692955,27170700
2025-04-07,209.40577697753906,216.83712407913987,197.41406528016333,200.9393169780438,22914400
2025-04-08,211.7787322998047,222.49120061794363,208.2437205687665,218.27262514065112,19485700
2025-04-09,228.83860778808594,231.9048922466148,206.04654347465694,207.5113293287422,24022400
2025-04-10,221.7783203125,224.9422627815506,214.93289385418547,224.60047349209523,18896400
2025-04-11,230.65492248535156,232.97905393688654,219.71785872027854,220.9971025358475,20284500
2025-04-14,229.20965576171875,234.1508635519738,228.14524845049638,231.53378705459363,13017800
2025-04-15,227.65699768066406,233.04739831448416,227.35427768752865,230.55727455130136,10912900
2025-04-16,224.21963500976562,228.09643576900157,222.5790672431111,226.55352634462056,9322300
2025-04-17,226.5144805908203,228.83859723978307,225.13757837531108,225.38170933973876,9557900
2025-04-21,223.61419677734375,226.36798622449223,221.02639969234494,225.21569525952322,8716200
2025-04-22,230.0592498779297,230.44986835764868,225.9383180454656,226.53399818903708,10701400
2025-04-23,235.22508239746094,240.99632733668028,234.36573659509583,234.5805730456871,14126800
2025-04-24,238.89678955078125,239.7073061190241,232.00253368423319,234.1118287364866,9055200
2025-04-25,237.83238220214844,239.85377878556818,236.07463632488924,238.9065494767277,8588600
2025-04-28,237.5101318359375,241.04514340247584,235.18600030625285,238.81867021795682,7394300
2025-04-29,238.87725830078125,239.49247309158469,236.01605058594708,236.50431250866183,7216800
2025-04-30,238.87725830078125,239.4631785682675,232.83257331348125,235.5473233123009,12991700
2025-05-01,241.09396362304688,242.6173383874093,236.48477003311547,237.1390391998316,8689600
2025-05-02,246.58203125,247.66597331622904,243.60364543700763,245.36137644120922,7165000
2025-05-05,246.63087463378906,249.1698427426024,244.7071213522389,245.28326687904956,5450700
2025-05-06,243.3985595703125,246.71873456309945,243.1544286178849,244.13095242759528,6369900
2025-05-07,243.5352783203125,246.5234388677099,242.98842735746476,243.98448584012095,8724100
2025-05-08,247.51950073242188,249.87292678022158,245.64457673393773,245.66411138304096,8320100
2025-05-09,247.13865661621094,249.51160240858812,246.41602360630893,248.52531868880288,5087600
2025-05-12,253.94500732421875,257.4116847639064,252.62672400889193,256.7281061698435,9603900
2025-05-13,256.8355407714844,257.4800500721763,254.27705311794927,254.90201286940857,8589000
2025-05-14,259.4037780761719,260.3803018066779,256.1324176187488,256.8257411230891,8643100
2025-05-15,261.2103271484375,263.1926691597646,258.54443639594166,260.70254552918584,9214600
2025-05-16,261.2787170410156,262.1575825394603,258.495618128322,261.2201279945288,8932900
2025-05-19,258.66162109375,262.02086524830315,255.78086405036862,259.31587533133506,12145000
2025-05-20,259.44287109375,260.3998752754938,256.14221543550514,256.35705189258454,8436300
2025-05-21,254.91183471679688,259.4135960771905,254.6091146592113,258.1441267906153,7464000
2025-05-22,254.55050659179688,256.14221556877544,252.7927456326475,253.3493714264354,6514100
2025-05-23,254.58953857421875,255.83948797883488,249.99011933238478,250.78110131024334,6671800
2025-05-27,259.06201171875,259.0717566921421,255.83946524243134,255.8883093139594,7506600
2025-05-28,257.3042907714844,260.4584739162862,256.72814520654777,259.98973168327075,5535400
2025-05-29,258.1636047363281,259.17919788181575,256.3668044334763,258.5835028383828,5081200
2025-05-30,257.80230712890625,259.10107079095377,256.56213251620557,257.265230909512,10977700
2025-06-02,258.44677734375,258.8080863604011,255.75156227727646,256.84526410102234,6011200
2025-06-03,260.01898193359375,260.32170192801004,256.70858174263634,257.53863293425644,6998400
2025-06-04,258.0171203613281,260.8490334291481,257.9780510648975,259.67722274650265,5915700
2025-06-05,255.80043029785156,258.5249103385397,254.1989169051607,258.5249103385397,8173800
2025-06-06,259.4916687011719,260.3900538690605,258.0561775861971,258.1245116003273,7738100
2025-06-09,260.4779357910156,261.61070691825,257.1675357719009,259.75531775168025,8285000
2025-06-10,262.2943115234375,262.58725675736963,259.6088709415357,259.63816546492893,7538100
2025-06-11,261.8548583984375,263.2903496169879,259.5502764699578,262.37241483499554,7434100
2025-06-12,261.9427490234375,261.9915930968164,258.91554891738133,260.5951413369258,6618000
2025-06-13,258.72998046875,260.75136199008546,256.5425469956405,258.8569035237761,7098300
2025-06-16,264.0129699707031,265.3508326588525,260.5853915714537,260.731864186611,8566000
2025-06-17,263.19268798828125,264.2375756229939,261.51306583381086,261.87440467845437,6739300
2025-06-18,267.5284729003906,271.20021221292876,263.3880211997966,263.66144669321045,9586400
2025-06-20,268.5440368652344,270.79002961674195,267.3819711943445,269.1006625666469,13969700
2025-06-23,271.7372741699219,272.0106996489925,265.7218838292262,268.60264103465835,8094600
2025-06-24,274.6571044921875,276.0730461780452,272.94818777394573,273.6317365805569,9267900
2025-06-25,277.391357421875,277.60619385702887,274.3153133103271,274.8914587952529,6826900
2025-06-26,281.97125244140625,282.61576173740934,277.79173169250225,278.0163428990485,8942100
2025-06-27,280.3697204589844,281.92241945147737,278.34833893885445,279.10025150036057,17868600
2025-06-30,283.1040344238281,285.77970025058426,282.13728534359143,283.5825215764878,12689200
2025-07-01,283.59228515625,284.2953834962509,279.86195702454677,284.0610273166312,9338300
2025-07-02,285.1449890136719,285.945745792629,282.8989958836799,285.1840583153917,8158700
2025-07-03,290.4435729980469,290.83605832396694,285.74348111805267,286.66583810355576,6541600
2025-07-07,286.4892272949219,290.4828336535378,284.63469143869315,289.70765491378785,8825700
2025-07-08,277.47174072265625,284.26185381377417,275.04810559551106,283.83990288185674,15440900
2025-07-09,277.84466552734375,281.8088370500666,277.17743733437857,281.7891933154563,11273800
2025-07-10,282.7801818847656,282.89792448782646,277.68760468940775,277.68760468940775,8410900
2025-07-11,281.4751281738281,281.9853860406829,278.3253938002881,280.16028588065166,7384700
2025-07-14,283.2806701660156,283.8693832899546,279.9052418467557,281.6812629749765,9079900
2025-07-15,281.1710205078125,286.46967847308883,280.1211287491006,282.593813840103,12526100
2025-07-16,280.4547119140625,285.2725470105113,277.6974624718264,282.9862680414337,9979800
2025-07-17,284.4580993652344,284.85058472552134,278.11937245969557,278.11937245969557,8509500
2025-07-18,285.8023986816406,287.0093204502985,282.8194857660448,284.08524890116877,12217000
2025-07-21,285.50799560546875,288.65773001934355,285.125302200427,285.5374312562634,7898100
2025-07-22,285.9593811035156,288.11809552877634,283.75161723688194,286.0280742772089,6717500
2025-07-23,291.1893310546875,291.41499440772435,287.0583381931105,287.34290279554006,7083500
2025-07-24,290.9832763671875,293.9662191525474,290.6398703754944,291.83697024730424,7001200
2025-07-25,293.0144348144531,293.2891775825394,290.40436354527543,291.13049296035166,5918500
2025-07-28,292.6807861328125,293.8091927274499,291.2482011503524,292.0724293571669,5840400
2025-07-29,291.4640808105469,295.63430134586406,290.63985258046154,294.36850837533046,7635700
2025-07-30,294.0054626464844,294.9670472888904,291.79769880383014,291.83695632333047,8061700
2025-07-31,290.6790771484375,295.33011989507037,289.9529777509294,293.5246633224064,14749700
2025-08-01,283.93804931640625,286.32242707449086,278.9043429750852,284.9487133421405,12007100
2025-08-04,288.7362365722656,288.7951078721262,284.8113235431083,284.8113235431083,6649500
2025-08-05,285.9004821777344,290.23752439689997,281.8480045472989,289.1581672885365,7182300
2025-08-06,285.880859375,287.7844445938785,284.7131953506969,286.81300825463615,6330200
2025-08-07,281.5536804199219,287.95127882891904,281.03363056399576,287.44105083933385,8057100
2025-08-08,283.33953857421875,285.7631740586469,279.36554536006525,283.55541003235584,6634100
2025-08-11,284.1244812011719,285.8514526951056,283.3591242790355,283.9674810703858,5510100
2025-08-12,287.3527526855469,289.2170807199043,284.88985973561466,286.02808831162713,8570900
2025-08-13,285.0762939453125,289.0208214451698,281.7695589346143,288.43210834423235,8420400
2025-08-14,288.6381530761719,288.67741059714604,284.20301143696577,285.1253385944976,6322400
2025-08-15,285.0370178222656,289.95298150728627,284.3796115875491,289.30536719380285,7340500
2025-08-18,286.0574951171875,286.4205448097455,282.9960675051489,284.5562169634104,5386900
2025-08-19,285.2038269042969,286.98966963229896,284.0950341122438,285.3706189495528,6031500
2025-08-20,286.754150390625,287.8236856501562,281.8774445149503,285.35100110061984,7374200
2025-08-21,285.9986267089844,287.2742115786807,284.0361700203976,286.45980522859077,6624000
2025-08-22,290.6790771484375,291.5818204071259,284.6837862966605,287.6961645212777,8552800
2025-08-25,289.3642272949219,291.76824867106194,288.61851412970407,290.6790696581532,5856300
2025-08-26,292.9653625488281,293.13215460321874,287.99052751038425,288.63814183000835,6714700
2025-08-27,293.66204833984375,295.4184556440125,291.4641062014755,291.6701557907686,6056500
2025-08-28,295.4184265136719,295.5852185641284,293.0929201153854,294.38811877937053,6410500
2025-08-29,295.7618713378906,297.2631495608047,294.10359298088383,296.37022814205386,6796400
2025-09-02,294.07415771484375,294.8198709218748,288.9717581566039,294.62364321253557,7221900
2025-09-03,293.8877258300781,294.9278255320024,290.8164761661132,294.9278255320024,6316900
2025-09-04,298.1168212890625,298.7153562428407,292.68080753910596,294.36852159403367,6605800
2025-09-05,288.8540344238281,299.42185399614533,288.7853412459479,297.9500113286781,9837700
2025-09-08,287.41162109375,290.8949700189617,285.9692141135519,289.3544641521949,8188500
2025-09-09,292.2588806152344,293.3872872696363,286.8228669749493,287.1074315912692,7848200
2025-09-10,294.89837646484375,295.8796048140829,289.8548483762926,291.13046319713106,7787300
2025-09-11,299.82415771484375,299.9909797241969,295.1437088676121,295.5852436958139,7942500
2025-09-12,301.1488037109375,301.7767742987404,297.9990690164523,299.27465392414524,6846700
2025-09-15,303.1014404296875,304.13174819496044,301.40393449781925,301.40393449781925,7122000
2025-09-16,303.385986328125,305.06387836899023,301.3646583866889,304.1807788708881,10525600
2025-09-17,305.89794921875,307.03617773944126,302.973877849489,304.563492987762,8657800
2025-09-18,307.35015869140625,307.5562082549167,303.79808700514394,305.93718750933925,8050700
2025-09-19,308.87109375,309.8719360001034,303.3173370674782,307.71325135277357,23568600
2025-09-22,306.5749816894531,307.8113389670314,303.74903930910966,303.9845245259009,7520200
2025-09-23,306.869384765625,310.37237762039473,304.7499276588244,305.9666713344998,8584400
2025-09-24,307.53662109375,310.63727651453155,305.81947137817144,308.15476983779797,7310500
2025-09-25,307.5660705566406,309.7247551863121,305.947019653492,308.22347685107957,7083200
2025-09-26,310.12701416015625,311.8441636854759,307.8113297451866,308.988785738579,7258100
2025-09-29,309.7640075683594,312.0404647281687,307.7721150397051,311.10828573544467,6462400
2025-09-30,309.50885009765625,311.45169300349573,304.28870810842403,310.31346452838187,11823300
2025-10-01,304.8774719238281,308.68464295873514,301.6394301376976,308.07628613361976,9235200
2025-10-02,301.77679443359375,304.73030161726365,300.39328868596704,304.1808160870063,7600000
2025-10-03,304.2102355957031,305.80964265751953,302.4243927447969,302.718779227698,6029900
2025-10-06,304.85113525390625,307.38515966997034,300.857851711314,305.83713416223014,7214500
2025-10-07,303.3819885253906,305.66951307877287,300.43386159315816,305.01875022701944,8454200
2025-10-08,299.7732238769531,304.4567183318842,299.2999336047902,303.8946917756213,6489900
2025-10-09,301.2522277832031,303.7270945284432,299.1422058887319,300.77893750215213,7060300
2025-10-10,296.6772155761719,306.1230715472904,296.5983188157025,301.3804193716138,8597400
2025-10-13,303.6580810546875,305.1272097801061,301.17337467050265,301.3212684867699,10788700
2025-10-14,297.85052490234375,302.70165257420854,290.0907186231138,301.5578902761218,16178800
2025-10-15,301.4100036621094,307.7499693151439,301.1635039391426,302.1002149225357,11354800
2025-10-16,294.3600769042969,304.35808863852304,292.9106575300408,301.0747260223031,10549400
2025-10-17,293.3938293457031,295.3559575215809,290.08088749555986,294.97143359875633,10153500
2025-10-20,298.1265869140625,299.43798218705626,293.9854099500461,294.32064593592156,6894900
2025-10-21,292.9303894042969,299.7929328501146,292.8416531202475,297.436411288458,7372700
2025-10-22,289.9920959472656,293.8868032880077,286.4721030595595,293.6008552074487,8054100
2025-10-23,290.4161376953125,292.22050252499105,288.41456104050746,290.25837425327126,5438800
2025-10-24,296.2335205078125,298.3632818043669,291.31339548312707,291.9345495322769,7228300
2025-10-27,299.89154052734375,300.2662249001909,296.7955198233114,297.92941246883,5642200
2025-10-28,301.0845947265625,303.6580673748709,298.915415308335,300.59159530101573,6336000
2025-10-29,301.2325134277344,303.93414060421026,298.7675163425421,299.2605157595805,7520300
2025-10-30,305.1075134277344,308.233113206998,300.8282816526182,301.50862332627236,7514600
2025-10-31,306.7639465332031,308.4894444595929,302.9481359332913,304.22008283002725,7721300
2025-11-03,305.0187683105469,307.9471862719047,301.9227172950412,306.6456604912348,7770000
2025-11-04,304.920166015625,307.84858401169095,300.82827651560933,302.415720333495,7085200
2025-11-05,307.3161315917969,308.7162632770978,301.35085025066564,305.27510663609064,6865200
2025-11-06,309.03179931640625,310.4319009529449,305.9160390722913,306.63579903674446,7206100
2025-11-07,309.8106994628906,310.0276204199649,303.3327096940284,307.5232049313688,7302300
2025-11-10,312.45318603515625,315.08578608051664,309.8106862822301,310.5896337890794,5794100
2025-11-11,311.200927734375,314.58289630207906,310.86569176259013,313.0546102409576,5030200
2025-11-12,315.92388916015625,317.7381233989844,311.782682032414,311.83200002815875,10578300
2025-11-13,305.1469421386719,316.14082355780937,304.7722577523736,314.7604311532612,8973300
2025-11-14,299.35906982421875,303.3326737235763,297.012418045434,303.20448907001065,10327000
2025-11-17,296.1644592285156,301.31137424610444,293.5022804823602,299.74363974118836,8344000
2025-11-18,295.2179260253906,298.70837045931603,292.8613742767781,295.3066623130797,8077300
2025-11-19,299.02386474609375,300.1873662746028,295.0798692888629,295.5432899586994,5546600
2025-11-20,294.2023620605469,305.58079800315744,293.98544109490615,302.05090502503106,7501600
2025-11-21,293.8473815917969,297.45614117965755,288.7103357437745,297.07161725529045,11766800
2025-11-24,293.8276672363281,295.6221924256846,290.386540762355,294.0642973394352,10940200
2025-11-25,298.75762939453125,300.2366275598507,291.4217960873232,295.84892096661844,8877200
2025-11-26,303.33270263671875,304.21022597199055,298.95486530692773,300.7296512123902,7910900
2025-11-28,308.6965026855469,309.3275563846455,303.9242719247256,304.7722465716023,4322400
2025-12-01,304.59478759765625,309.6430970545817,304.2201032083801,308.5683618849884,7727300
2025-12-02,303.5693359375,306.1329390093465,302.7903884074122,304.4172805196406,7249000
2025-12-03,307.75982666015625,307.98658713845214,302.50443592551073,302.89885953876745,8535300
2025-12-04,311.6742858886719,314.0308078212495,308.61768301012796,308.87405237571005,9627800
2025-12-05,310.6291198730469,314.02095869272745,310.27414460153136,311.2207252653726,6518900
2025-12-08,310.79669189453125,312.0390600856641,308.96274846028484,310.64879808375287,7417200
2025-12-09,296.30255126953125,314.336450228146,295.8193913272319,310.5403783790639,18049200
2025-12-10,305.76806640625,306.8329619363725,294.2811866679717,296.292632599085,18874100
2025-12-11,312.9363098144531,313.5476242674454,304.9102649889192,304.9102649889192,9721900
2025-12-12,314.06036376953125,315.7858618718594,312.16726270211575,315.2041261224818,8982900
2025-12-15,315.5393371582031,318.3593094805321,313.9321843288561,315.1153648797306,10864100
2025-12-16,311.1319580078125,315.0463750601788,309.99806522837446,314.62240273148194,8331300
2025-12-17,310.5699462890625,314.8984658400699,310.2544194174254,313.9716244610726,8718700
2025-12-18,308.6176452636719,313.2518519730792,307.84856735129125,311.57564186364317,11444900
2025-12-19,312.7686767578125,314.099781180705,308.8049723403709,309.39657764946713,24494400
2025-12-22,318.5663757324219,318.7044300194866,313.064515200958,313.064515200958,8354600
2025-12-23,321.3666076660156,323.1907116116738,318.56637445826755,319.07908304324746,6668300
2025-12-24,324.5612487792969,325.36974495293686,320.9426198260136,321.6722493328215,4289300
2025-12-26,323.31890869140625,326.22758744424,321.96809498869885,324.50208933838474,4158300
2025-12-29,319.2171325683594,323.1808371734579,319.0002116144308,322.4216288798564,8635300
2025-12-30,318.89178466796875,320.39049219725354,317.97478280166575,320.2623075229155,7904300
2025-12-31,317.70855712890625,320.3313177342217,317.5310845539587,319.79886991908165,5048500
2026-01-02,320.92291259765625,321.1694123071354,316.2492576445291,317.9846252281575,8054000
2026-01-05,329.3630676269531,332.5281155423397,320.63697169770103,320.942628937084,10752600
2026-01-06,331.41326904296875,332.6612412306879,327.49110960074296,329.44229029813283,7660800
2026-01-07,323.8660888671875,328.9767963949314,321.4989374679619,327.9764659913386,9815200
2026-01-08,326.63934326171875,328.2339475379842,322.53888044956136,323.27183137637843,11737100
2026-01-09,326.0450744628906,328.7291759216584,325.0348299492433,326.1936353875406,6738100
2026-01-12,321.38995361328125,322.9053354478686,318.1611187929736,318.80490292970194,12805100
2026-01-13,307.9297790527344,323.7372950994605,307.60294504088824,321.20175473899405,19371200
2026-01-14,304.9287414550781,308.78159262538577,303.19546018048277,305.2556057077196,25951500
2026-01-15,306.30548095703125,309.95031666446005,304.8098971346673,305.5230197927318,14751400
2026-01-16,309.48480224609375,314.17950872864606,307.0383983149945,307.38506061636195,14652500
2026-01-20,299.8477478027344,308.1774060521912,298.9761500928895,303.2845981841295,12900600
2026-01-21,299.15447998046875,302.4823658305288,298.2729680555718,300.53118494697816,10270100
2026-01-22,300.729248046875,305.2555953909441,300.0062112868251,301.9474777854751,10535800
2026-01-23,294.8757019042969,299.4812715954647,293.6772702297321,299.11481126550876,11107900
2026-01-26,298.16400146484375,298.8969221500132,294.60830241167326,294.96484861763906,11752700
2026-01-27,297.44097900390625,299.08512378237486,295.3016109870806,298.45122352878457,11527400
2026-01-28,297.89654541015625,299.03558292254246,295.2025300603667,297.4013222225187,9556700
2026-01-29,303.49261474609375,303.898671192008,299.3327275624257,299.51100066931883,11580000
2026-01-30,302.9676818847656,304.98817089860455,299.66947824936375,302.333781642444,11953200
2026-02-02,305.1961975097656,306.34508884518107,298.49085539325506,301.5513314360023,9839400
2026-02-03,311.8420715332031,313.22869052113475,306.14700443281885,306.77099053389486,12688000
2026-02-04,314.2389221191406,316.25944126204155,311.4062598905275,311.4062598905275,9848800
2026-02-05,307.1968688964844,312.9909865673853,302.6210112179966,311.99062599899656,9388000
2026-02-06,319.3199462890625,321.15227836348157,311.7034102684662,311.7034102684662,17797400
2026-02-09,319.0228271484375,323.2817350541263,317.05181803840316,318.27007812796035,11477500
2026-02-10,315.2392883300781,323.01429884581904,312.1094739861534,319.4684837021083,9902200
2026-02-11,307.8505859375,322.1724337503843,305.78055639607567,320.15191444315514,8703500
2026-02-12,299.74871826171875,310.62380057979817,297.15372325834437,309.29660600764385,13443400
2026-02-13,299.6595458984375,301.38294318623025,293.6871553220786,295.6680481198895,9114500
2026-02-17,304.19580078125,305.29518175186814,299.61002921690664,299.8675549474044,8896800
2026-02-18,305.8300476074219,309.2966101142475,304.2849535938903,305.51309749540866,7209600
2026-02-19,305.1070251464844,306.226234501648,302.2050242231491,304.2354576365961,6737700
2026-02-20,307.82086181640625,308.0288471084009,302.75966472033866,305.4536802835111,7792700
2026-02-23,294.82623291015625,308.028871901531,292.2807780649544,305.84987743753925,12955400
2026-02-24,294.459716796875,296.886322684036,288.5962907533433,293.98432184665864,13554100
2026-02-25,300.4023742675781,300.75895068108485,294.1724883145502,295.78692074637365,8095500
2026-02-26,303.20538330078125,306.05787397622345,300.73918125790124,301.67017313360896,7007800
2026-02-27,297.4310607910156,300.0557680991628,291.636973162459,297.13393894248406,18620800
2026-03-02,294.7172546386719,297.11414843979566,290.4088063693875,291.9935267958635,8508900
2026-03-03,297.3914489746094,299.5011046657454,286.73423592223537,289.4975898716125,10278200
2026-03-04,296.52978515625,298.12438947518206,292.99388398032096,297.12402886142485,8055700
2026-03-05,290.74554443359375,298.3620800816865,289.63624924146006,295.1332451958745,12732500
2026-03-06,286.7144470214844,287.21955415339994,280.99955170429564,283.6044306839189,13496500
2026-03-09,287.1502685546875,288.31898819476027,277.77073879547015,282.7724816341387,12241100
2026-03-10,285.97161865234375,289.9532025593205,284.43640849634494,286.52626625452876,8344900
2026-03-11,284.7731628417969,287.7049062038017,282.1385715612803,286.05084727233185,10205000
2026-03-12,280.18743896484375,281.16797137675815,276.43363807803536,280.1279843639117,13760500
2026-03-13,280.7321472167969,284.4463214441296,280.2468381234208,281.9504072447318,9091200
2026-03-16,283.4261474609375,286.506421278288,281.89093739443587,283.6044205599556,8149000
2026-03-17,284.1492004394531,288.97266988082987,283.2181783456238,286.23902796907333,8961200
2026-03-18,284.99102783203125,286.6450865635814,282.3960631878955,284.08971801136914,10057000
2026-03-19,285.2188720703125,286.7441681021885,281.900870340191,284.13928904174674,9846700
2026-03-20,283.82232666015625,287.9326733008621,282.5446423017302,285.3277943529036,22436500
2026-03-23,287.14031982421875,292.9245231806114,285.2188513876401,291.4982779446762,11470800
2026-03-24,289.6065368652344,292.6571288676103,282.64369950840546,283.4360748065673,11092300
2026-03-25,292.59771728515625,294.7965097163498,289.6461758443202,291.3398308899875,12188200
2026-03-26,288.87359619140625,292.1717693530369,287.95248830787267,289.78478993876473,8669200
2026-03-27,280.13787841796875,287.3384134369941,279.05829538327214,286.3777093696089,9873300
2026-03-30,281.0589904785156,284.50575515603197,279.6327451103039,282.01972478590784,11734400
2026-03-31,291.3497314453125,292.25104134220237,282.22772810140145,285.71408872506316,12956900
2026-04-01,292.5580749511719,295.8661624411999,290.1116710297465,292.567989087923,11267200
2026-04-02,291.7855224609375,292.7957669317203,285.9616926535428,289.1212191631598,6669300
2026-04-06,294.125,295.4987855589938,291.88509063240025,292.7412191857173,7142600
2026-04-07,296.0662536621094,296.8427544058445,291.38734983011653,291.8253790066561,7849100
2026-04-08,306.5888366699219,309.8640903908154,303.96066179364243,306.5888366699219,10590200
2026-04-09,308.938232421875,309.8640846884941,304.73715687535,305.5734164156603,6586600
2026-04-10,308.4803161621094,308.9581744354404,305.344449093958,308.6097380099313,6069700
2026-04-13,312.2732238769531,312.33295236293975,304.0900871089203,306.0910825316173,8318200
2026-04-14,309.7247009277344,312.91036189245165,307.4847916064935,308.4305432499699,11455500
2026-04-15,304.5579833984375,312.8307129741003,302.8954898881459,312.54203541599225,9885800
2026-04-16,308.5599670410156,308.5599670410156,303.8312695552229,303.98059076810495,8208600
2026-04-17,308.8984375,313.4877482505245,308.69932229637936,311.068653468178,11082400
2026-04-20,315.5683898925781,315.70777661938337,308.9780833700189,309.45594165814435,10772000
2026-04-21,311.5962829589844,318.8038038717339,311.3474041387296,316.0661368489313,7084300
2026-04-22,311.6161804199219,313.73663281642627,310.5410372905177,313.43799038623484,5545900
2026-04-23,310.29217529296875,313.57736372602733,307.5047445243564,312.11395497732667,6969700
2026-04-24,306.8974609375,309.7545850384977,306.5092257615542,309.7545850384977,5215300
2026-04-27,310.232421875,311.1781431330245,305.50372444273444,305.50372444273444,7925300
2026-04-28,310.0532531738281,314.03531438457196,309.7745101043047,313.78643555890045,7398600
2026-04-29,307.86309814453125,310.65052875636707,305.91189671624613,309.1771855961317,8031800
2026-04-30,311.82525634765625,312.6913497643884,305.1951210592971,305.6928786901284,8865400
2026-05-01,311.06866455078125,314.6624601726697,310.43152018106696,312.54203812020876,6135400
2026-05-04,306.270263671875,309.2568094519629,305.13539207341324,309.22694520939064,7338200
2026-05-05,308.0124206542969,309.5753869306937,305.42407485773,306.32999740556414,6316800
2026-05-06,313.4877624511719,314.84167905955115,309.95369528217543,310.0532528884956,8629500
2026-05-07,304.8964538574219,314.8814709002291,304.76706239082745,313.23887676443206,8359600
2026-05-08,300.74517822265625,307.60426284206056,299.1523476664256,306.86759124184925,9464300
2026-05-11,298.6545715332031,301.83026757429667,297.5395993270601,300.74515961007836,9512000
2026-05-12,303.5126953125,304.6873960201211,294.2245209852311,298.67447538308426,9498200
2026-05-13,298.9034729003906,301.6411400127173,298.72428743531935,300.91440289675086,7709500
2026-05-14,298.56500244140625,302.38777761395096,297.4699295162906,300.8945046380796,7364300
2026-05-15,296.4743957519531,299.44104214981957,295.1205095874812,298.86362628854243,8699300
2026-05-18,299.3813171386719,299.908939014877,295.8870488301784,296.6635495230975,7546300
2026-05-19,294.3738708496094,300.436555061437,293.935841710235,299.7396822358739,8066900
2026-05-20,300.625732421875,301.57145376364997,292.35300240137923,295.3694126574367,9327000
2026-05-21,301.6411437988281,302.6167597554335,298.8636475324957,299.8790926087445,7874400
2026-05-22,305.0059814453125,306.07119010408854,302.4773640852478,303.31359328873907,5973900
2026-05-26,305.3643493652344,308.54004556072954,304.0701916446211,307.1065011172144,7725400
2026-05-27,297.93780517578125,304.52811132231307,294.42363753054383,303.63215366632585,11779200
2026-05-28,295.3992614746094,299.7197941661088,294.4236455581874,296.23549066837876,9757700
2026-05-29,297.9676818847656,298.53513289689414,293.87612858626386,295.070728717322,13969000
2026-06-01,295.2499084472656,298.20659004481905,293.94578586060317,296.3549462063085,7930000
2026-06-02,299.6102600097656,300.7152977310929,293.9457758280521,295.17027051801705,8296200
2026-06-03,299.50079345703125,300.60580089187994,295.23002417973413,298.5749714904202,7003900
2026-06-04,309.4957580566406,311.5066879726736,303.0746723882986,304.36883009196185,10345200
2026-06-05,310.9691162109375,313.58732636819616,308.211549706599,312.8805189963161,9118800
2026-06-08,309.7147521972656,314.88147906470095,309.3862455138746,311.84516953437026,6827000
2026-06-09,311.2976379394531,315.0009559692908,307.62418415256917,312.1040028799189,11594600
2026-06-10,307.75360107421875,313.3384270822022,307.64407859799763,311.1582462393224,7446200
2026-06-11,312.0840759277344,313.30857066124145,307.4947650619962,308.1717081621576,9116600
2026-06-12,319.28167724609375,319.85906276888113,314.1348496322589,314.5529794375797,7426200
2026-06-15,317.96759033203125,324.4583697274161,317.41010417767774,322.4673390673774,7988900
2026-06-16,329.6549377441406,330.26218746993305,322.56684357389287,322.8455866314347,11094900
2026-06-17,331.9645080566406,336.25517637046335,330.01330666560995,330.69024974688585,12246400
2026-06-18,323.761474609375,336.57375116590936,322.70623086248213,335.4388795655989,20111000
2026-06-22,329.993408203125,331.2776010100568,325.28461010223134,328.22139226156105,10182500
2026-06-23,332.6414794921875,333.86594380335947,325.7425357353925,327.9924099173137,7582200
2026-06-24,331.95458984375,333.02973300317086,328.291070440402,331.57628916780243,7907400
2026-06-25,333.6170654296875,341.90972446819404,333.2586945227413,333.4577793441399,10043100
2026-06-26,327.57427978515625,334.8913229247855,326.03124330500606,334.49312290223526,17640900
2026-06-29,327.91278076171875,330.8993264933345,325.73259994718205,326.80774304304947,7981800
2026-06-30,325.86199951171875,328.95806779511634,325.2149206632551,327.41503128103255,8080100
2026-07-01,332.5718078613281,334.13477419390347,323.5524415571975,326.89735842569155,15210200
2026-07-02,332.9700012207031,338.4751995750331,330.2820977776739,336.5040683580973,8413900
2026-07-06,337.7200012207031,339.7200012207031,334.1099853515625,335.0,8673500
2026-07-07,339.2200012207031,341.3999938964844,337.0899963378906,340.9800109863281,7115800
2026-07-08,330.6199951171875,336.5299987792969,330.1300048828125,336.5299987792969,18505200
2026-07-09,335.4700012207031,337.0,330.80999755859375,331.4599914550781,15570600
2026-07-10,336.4700012207031,338.5899963378906,335.7699890136719,337.4700012207031,6299000
2026-07-13,334.5299987792969,338.3500061035156,332.5,338.3399963378906,7120300
2026-07-14,342.8900146484375,344.7300109863281,325.75,327.0,14537900
2026-07-15,346.9100036621094,351.239990234375,344.04998779296875,345.8500061035156,10750000
2026-07-16,343.1499938964844,349.3399963378906,341.1099853515625,349.2799987792969,12432400
2026-07-17,341.1000061035156,346.1300048828125,335.04998779296875,339.0299987792969,9250900
2026-07-20,338.8699951171875,344.260009765625,337.3699951171875,341.79998779296875,7723300
2026-07-21,345.2300109863281,345.739990234375,337.29998779296875,340.1199951171875,6015300
2026-07-22,348.2099914550781,349.07000732421875,344.25,345.07000732421875,8040200
2026-07-23,349.8999938964844,349.9200134277344,345.4200134277344,346.5799865722656,10913000
2026-07-24,353.2099914550781,353.3699951171875,347.5,350.6400146484375,7520800
2026-07-27,356.20001220703125,359.04998779296875,352.5799865722656,357.8900146484375,7884900
2026-07-28,357.30999755859375,359.29998779296875,354.1499938964844,357.29998779296875,6533800
2026-07-29,344.7099914550781,357.3699951171875,343.7799987792969,356.5,8265300
2026-07-30,350.8500061035156,352.2799987792969,345.3699951171875,347.5400085449219,7606500
2026-07-31,351.7900085449219,354.4700012207031,349.70001220703125,353.29998779296875,6603400
2026-08-03,352.6400146484375,355.6199951171875,350.8399963378906,353.75,6436600
2026-08-04,357.5199890136719,363.0,353.8699951171875,355.0,8477200
2026-08-05,359.239990234375,362.1700134277344,358.20001220703125,358.9700012207031,5269500
2026-08-06,356.29998779296875,362.80999755859375,354.95001220703125,362.80999755859375,5820100
2026-08-07,357.5199890136719,358.8500061035156,353.3299865722656,355.760009765625,4566200
2026-08-10,359.7900085449219,359.989990234375,356.5,357.9599914550781,5327500
2026-08-11,362.0400085449219,363.1199951171875,358.6000061035156,360.04998779296875,4576500
2026-08-12,365.17999267578125,366.0899963378906,361.29998779296875,362.9700012207031,4366800
2026-08-13,363.1099853515625,366.5,361.5199890136719,366.5,5102700
2026-08-14,362.8399963378906,365.8999938964844,361.45001220703125,363.0,5058000
