Date,Close,High,Low,Open,Volume
2021-08-24,73.77596282958984,74.07408643589247,73.13588512515256,73.85488045964823,5786100
2021-08-25,74.11793518066406,74.40728871996167,73.28495501683507,73.77597433954382,5930000
2021-08-26,73.8228530883789,74.15757502435225,73.69953660257119,74.08710654096372,5294000
2021-08-27,73.47052764892578,74.15757859442876,73.4088626828088,73.93736961342167,5974200
2021-08-30,73.94615936279297,74.21041277888642,73.118178318171,73.3383872581677,6001700
2021-08-31,73.98139190673828,74.37777202180827,73.55859451495569,73.83165144382542,6844000
2021-09-01,75.17052459716797,75.54048074375666,74.04305583864448,74.12233455585773,5862300
2021-09-02,76.17467498779297,76.20109898379512,75.24098456751031,75.24098456751031,5214000
2021-09-03,75.47882080078125,76.02493468821582,75.20575713682022,75.54047903711238,4621100
2021-09-07,74.8974609375,75.30264456628026,74.40419507989678,75.25860681199042,6791300
2021-09-08,76.13945770263672,76.60629965658133,74.6860771167893,74.97675457800771,6230100
2021-09-09,75.61094665527344,76.34204202863091,75.53167465394864,76.00732682263022,4108300
2021-09-10,74.80937957763672,75.72544955257152,74.51870217092558,75.72544955257152,5508000
2021-09-13,74.50109100341797,75.69902818765794,74.33373005672098,75.65498371108181,6498800
2021-09-14,74.55393981933594,75.03840218602893,74.38657887079769,74.68606653027436,4658200
2021-09-15,74.52750396728516,74.99434578080326,74.04304167764792,74.28087106355805,5707000
2021-09-16,73.99019622802734,74.84460790256604,73.69071532615428,74.41300030623721,5380600
2021-09-17,71.91142272949219,73.92853719689248,71.83215074582557,73.46169537243057,15390400
2021-09-20,71.95547485351562,72.704183899938,71.04821510265434,71.82334814644263,8994100
2021-09-21,72.1580581665039,72.98604586620775,71.9907039550426,72.1668684050786,6450700
2021-09-22,72.14046478271484,73.03011096319969,71.84978730984679,72.3078190414385,5662200
2021-09-23,71.58551025390625,72.56323836214216,71.47100403879709,72.38707392039842,6414300
2021-09-24,71.08344268798828,71.99070915997383,70.8984679860039,71.55909480176678,6113800
2021-09-27,69.3746337890625,71.16272949863817,69.18965906602821,70.47567860729818,8600900
2021-09-28,68.06218719482422,69.22489031672605,67.83317469886623,69.12800455012511,9257400
2021-09-29,69.01348114013672,69.61244973171924,68.22072760418287,68.3704747922612,7496100
2021-09-30,69.16321563720703,69.94716558637113,68.61710180866243,69.4450827900748,10186800
2021-10-01,69.77100372314453,70.10571891175015,68.72280695847392,69.60364276871977,7961100
2021-10-04,69.90314483642578,70.39641084128161,69.15443558755669,69.63008782948707,6027800
2021-10-05,70.00884246826172,70.37879194491943,69.66531027394264,69.96479798379279,5434600
2021-10-06,71.50626373291016,71.60315622644318,69.27774982214082,69.81506029709846,6876200
2021-10-07,71.2772445678711,72.76585949696339,71.16273831188133,71.77051727729678,5753200
2021-10-08,70.65184020996094,71.37412531246947,70.59899221131816,71.3565115530032,3592900
2021-10-11,68.55545043945312,69.90312810897439,68.47617172464639,69.76219115831516,8798700
2021-10-12,69.47151947021484,69.74457640792996,68.32643028324324,68.79327216523758,7791200
2021-10-13,70.63423919677734,70.78397970011592,69.22489625637022,69.62127647845166,6260100
2021-10-14,71.75287628173828,72.09640167174449,70.6518316419125,70.78395834274022,6486000
2021-10-15,71.9378662109375,72.62491713646439,71.52387226344192,72.17569566684733,14634200
2021-10-18,71.33889770507812,71.92906286584247,71.1363092112852,71.6471889262269,4942100
2021-10-19,72.25496673583984,72.36066946156855,71.54149181784345,71.98190976134632,5717500
2021-10-20,73.91974639892578,74.57156979718631,72.56325831963957,72.88917001876985,6942600
2021-10-21,73.8228530883789,74.60679648540417,73.74358108475015,74.17518878507715,4945000
2021-10-22,74.36016082763672,74.50990130924487,73.7611921809599,73.96378738332238,4732400
2021-10-25,74.24565887451172,74.70369058595624,73.92855741264835,74.34255136120578,3987300
2021-10-26,75.28504180908203,75.99851670311554,74.31612370996689,74.35135795069307,6969100
2021-10-27,74.87983703613281,76.06015352700256,74.65962813378466,75.7606726455254,4356900
2021-10-28,76.12183380126953,76.18349204297803,74.6332257599517,74.80058000444944,6568400
2021-10-29,75.16172790527344,76.15707003901986,74.81820244671297,75.9016268251746,7792600
2021-11-01,75.39075469970703,75.59334994920599,74.80940639810467,75.25863466769225,5135200
2021-11-02,75.24099731445312,75.96328244859811,74.33373745671244,75.61975700188552,7266400
2021-11-03,75.08244323730469,75.57571586510232,74.20160741939088,75.46120290781738,5723200
2021-11-04,74.65963745117188,75.21456153505548,73.25910516292772,75.01197308294824,6594000
2021-11-05,75.33787536621094,75.49642605895917,74.27206498949788,74.65082460438293,4885400
2021-11-08,74.5098876953125,75.39953362273346,74.02543209858294,75.33787539332268,5391000
2021-11-09,74.81817626953125,75.02076468947068,74.30729002058823,74.59796737466706,3917600
2021-11-10,75.04719543457031,75.19694260393666,74.43942339982083,74.81818300187875,5192700
2021-11-11,75.19694519042969,75.31145141071406,74.49227395112113,75.28502741528251,5370200
2021-11-12,76.02493286132812,76.34203427490927,74.89746415537012,75.19695181052722,6467100
2021-11-15,76.93218994140625,76.94100018043265,76.16586715219258,76.55343702643428,5543000
2021-11-16,76.6151123046875,77.00267554491208,76.34204859606366,76.69438431283179,5497200
2021-11-17,77.31976318359375,77.40784541696452,76.1130224739026,76.482971886206,6203100
2021-11-18,77.16119384765625,77.40782672965129,76.47414318488664,77.26689653432928,5537400
2021-11-19,77.78661346435547,78.24465187971036,76.6327206260959,77.51355649536137,6765100
2021-11-22,76.94981384277344,77.88349761380947,76.92338984476203,77.6456749114631,5214500
2021-11-23,76.90576934814453,77.42546594980887,76.21871851903207,76.72079464186376,7408000
2021-11-24,77.15792083740234,77.23755068553608,76.25549197527263,76.62707993320791,4553900
2021-11-26,76.16702270507812,77.37026584335175,75.96353692802242,76.90135620490864,4340700
2021-11-29,78.44078826904297,78.67081503668845,76.57399259695038,77.1667647866649,8712500
2021-11-30,76.77748107910156,78.69735888160773,76.45897519711801,77.90110092665692,16328300
2021-12-01,77.71530151367188,79.34322124347081,76.97212560985652,76.97212560985652,10062800
2021-12-02,78.4053955078125,79.20165340920595,77.51180924623975,77.8126165867648,8303500
2021-12-03,77.8833999633789,78.87430787070295,76.10507663639846,78.87430787070295,11191000
2021-12-06,78.87431335449219,79.40515426139119,77.75069346404777,77.918795672069,8946400
2021-12-07,79.98908996582031,80.11295262835931,78.68852525915206,79.21051694413653,7909700
2021-12-08,79.90945434570312,80.44029525399885,79.26359329477093,80.2456520126218,5356500
2021-12-09,79.54674530029297,80.06873714220933,79.19284897949649,80.06873714220933,5731200
2021-12-10,79.8740463256836,80.4225856341921,79.44937639329568,79.63517033246625,4996700
2021-12-13,81.16575622558594,81.50196054650486,79.75017862436704,79.85634947571087,6446500
2021-12-14,79.65287780761719,81.08615429957662,79.13972868395179,80.71456634796024,11022600
2021-12-15,81.39579010009766,81.44887215103043,79.25472854572708,79.88289089845532,9590000
2021-12-16,81.59931182861328,82.01513262682164,80.97114250044962,81.0596216170984,7623300
2021-12-17,80.45800018310547,81.71432534111966,80.28104869957669,81.39581942077679,15335400
2021-12-20,79.57324981689453,79.69711245981547,78.3080756070526,79.4493871739736,10167700
2021-12-21,80.02446746826172,80.81188294207814,79.06010727561333,80.20141893710203,6287900
2021-12-22,80.3341293334961,80.40490316968676,79.5290153530023,79.83867198011214,4142900
2021-12-23,80.24564361572266,80.78533372851922,79.9802265643522,80.22795184563435,5845600
2021-12-27,80.79419708251953,80.8207381172857,80.18372628286232,80.378369537826,5410300
2021-12-28,81.28963470458984,81.56390776990774,80.96228632825394,81.09499823082612,3096400
2021-12-29,81.3869857788086,81.62586863991638,81.03308949384054,81.35159547531077,2945400
2021-12-30,82.07707214355469,82.20094156921401,81.22772518909515,81.59931996605398,3716300
2021-12-31,82.59907531738281,82.92643055016737,81.83820069524246,81.90898129962993,4811800
2022-01-03,81.09500122070312,82.85562605971673,80.10409329497274,82.65213356826915,7864400
2022-01-04,80.22794342041016,81.33386456000007,80.17486136571206,81.08613930473304,8379100
2022-01-05,79.38746643066406,80.95344819626003,79.34322687372274,79.87406780697516,6722300
2022-01-06,75.88390350341797,79.06011342871446,75.77773936385957,78.82123061469032,12658600
2022-01-07,76.45014190673828,76.85712019390996,74.76913993797947,75.88390390935929,13359300
2022-01-10,74.57450103759766,76.40590681186262,74.08789286689542,75.91045612897256,11378700
2022-01-11,75.01686096191406,75.21150420765927,74.03480222202396,74.16751413957829,8395900
2022-01-12,75.28227996826172,75.91929178877258,74.40639209006362,74.56564504519135,6484000
2022-01-13,75.11417388916016,75.91928106243805,74.95492095653266,75.71579532908541,7203100
2022-01-14,73.61013793945312,75.33537966069619,73.14122826778505,75.09649681851947,11084300
2022-01-18,71.8848876953125,72.69884418829129,71.39827960167939,72.54844050480769,10848100
2022-01-19,73.0704345703125,73.74283666295248,71.66370580742998,71.69909610178034,9673900
2022-01-20,73.88438415527344,75.45036557767274,73.56587831512321,73.7162819757477,12028900
2022-01-21,73.07927703857422,74.25597890381587,72.39803249817568,74.05248641771834,12809100
2022-01-24,72.4776611328125,72.59268127505742,70.10656545048865,72.23878508739551,14689800
2022-01-25,66.44375610351562,70.94707153680105,66.16948975738532,69.18643981484419,22925000
2022-01-26,64.26728820800781,67.70891422678689,64.01956295472915,67.68237319965088,24721700
2022-01-27,64.15229797363281,65.81560152400768,64.06382560127413,64.85124119028222,21250600
2022-01-28,64.14342498779297,64.54155389116274,61.74578880859491,63.98417207644369,25537100
2022-01-31,69.11566925048828,69.2749222090151,64.36462827944561,64.50618946480671,21787800
2022-02-01,68.3282470703125,70.31005622245306,67.26655853344535,69.04488193894188,12082900
2022-02-02,68.77062225341797,69.018347577628,67.97435746130797,68.49634914446357,8397700
2022-02-03,67.03652954101562,68.38133376204922,66.7357221560528,67.73547268549872,7960700
2022-02-04,67.24886322021484,67.98318982161366,65.94829871230394,66.44374928674321,12132000
2022-02-07,66.95690155029297,67.34618802006472,66.62070389458619,67.24001714194293,8184500
2022-02-08,66.76224517822266,67.90355658091904,66.54991021376958,67.01881968735658,6758500
2022-02-09,67.82394409179688,68.36362747113994,67.52312999100738,67.77970454020765,7390900
2022-02-10,66.75341033935547,67.99204360791381,66.08985752584296,66.27565825363375,9673300
2022-02-11,66.31988525390625,67.85932575652949,66.0633107118011,67.15154020072931,8999100
2022-02-14,66.28450012207031,66.62954704175209,65.36437275291615,66.31104115435227,8329200
2022-02-15,66.43489837646484,67.65583976173446,66.12524177513113,67.0011362689135,9102000
2022-02-16,66.55876922607422,66.92150789558617,65.8952164586669,66.470290123747,7505100
2022-02-17,66.69147491455078,67.09845313849114,65.90405949757805,66.10755198455215,10093100
2022-02-18,65.60326385498047,67.07192407738661,65.31129896287253,66.319898817419,9558600
2022-02-22,65.27588653564453,65.87750788965997,64.82466883263126,65.40859841888452,8233400
2022-02-23,63.98418426513672,65.84213075147065,63.89571190864617,65.66518603848957,7837100
2022-02-24,66.74457550048828,67.04538290385304,62.58630667449821,62.816340232959476,15750400
2022-02-25,68.26630401611328,68.33707783973792,66.54991223058417,67.34617680892278,12609500
2022-02-28,69.63191223144531,70.16570007008363,68.3241510314855,68.58213988946122,16345600
2022-03-01,68.89350128173828,70.1300963451852,68.09282651001911,69.45397022824538,13930300
2022-03-02,68.99137878417969,69.22267960683668,68.0483585835372,68.7600711741284,6988700
2022-03-03,70.09451293945312,70.60160585124503,69.08922538797599,69.25825183364468,10075500
2022-03-04,71.3578109741211,71.57132203748644,69.81874216074584,70.21907625298014,8996400
2022-03-07,74.88965606689453,75.07647905517567,71.81151232148527,72.02502333846473,19948900
2022-03-08,72.90576934814453,75.97502190889915,72.71894634160367,75.00531378459448,14717600
2022-03-09,71.45565795898438,73.37727752392802,71.26883496584702,73.28830837609715,12710000
2022-03-10,71.3133316040039,71.5802187304673,69.7831543109947,70.77954377628875,9554300
2022-03-11,70.54823303222656,72.14067765538499,70.49485018452886,71.43787023673185,7230600
2022-03-14,70.53044128417969,71.7403485075877,70.01445004149816,70.88629754766329,7133800
2022-03-15,72.93245697021484,73.18155428768958,71.25993477449674,71.34889713253874,9567000
2022-03-16,73.40397644042969,73.6085892210451,71.91827697245098,72.81681255714577,8261200
2022-03-17,73.56412506103516,74.05342160038886,73.32391914157827,73.44846784522433,6341900
2022-03-18,73.27940368652344,74.27579280370996,73.16374653014158,73.76869997445844,13470800
2022-03-21,72.77233123779297,73.62638220059084,72.4965390692836,72.95025597643655,7181700
2022-03-22,73.70643615722656,73.80429678623629,72.43425476749273,72.83459555545787,8516800
2022-03-23,73.45734405517578,73.92885068983153,72.95914939024037,73.37727996433684,6125800
2022-03-24,74.46263122558594,74.54270210335358,73.62637686963805,73.7598238076553,5498000
2022-03-25,74.67613983154297,74.94302688726901,74.0267017665641,74.8095799657098,5481000
2022-03-28,75.11206817626953,75.37006377569553,74.44484028418638,74.77400848774225,6177700
2022-03-29,75.2811050415039,75.65475105009953,74.4181558401806,75.61916474631994,8954300
2022-03-30,76.06399536132812,76.3130927396862,75.29000840366312,75.73482708998668,6829300
2022-03-31,75.36116790771484,76.75789806820893,75.36116790771484,75.67253957647594,10082800
2022-04-01,76.25081634521484,76.33088723604564,74.8451877052458,75.16545769378038,6453800
2022-04-04,76.17074584960938,76.42874147357786,75.29889833456438,76.1885356086376,6465700
2022-04-05,76.80237579345703,77.79876504461686,76.25969659599632,76.3842452523913,7203200
2022-04-06,76.9447250366211,76.97141306854898,76.00171170906901,76.66004138373403,7621900
2022-04-07,77.46959686279297,77.65641983102412,76.24189337528519,76.77568104153664,7817400
2022-04-08,76.58887481689453,77.86105647585721,76.47322440695037,77.54079328005842,5731600
2022-04-11,75.24552917480469,76.70453389517517,75.0409095965382,76.64225955177136,6745200
2022-04-12,74.63166809082031,75.47682076032017,74.17795119448357,75.12986277706077,8714800
2022-04-13,74.32919311523438,75.15655600877987,73.91106253208649,75.05869537070724,7858500
2022-04-14,73.67085266113281,74.63166244395023,73.64416463173117,74.32918906087421,7164100
2022-04-18,72.69225311279297,74.38256511109684,72.11398758871626,73.83988588868255,6279100
2022-04-19,72.79902648925781,73.03922558898633,72.15848650678927,72.7367521458175,8104800
2022-04-20,72.51433563232422,73.86658129355125,72.3453023793982,73.86658129355125,8457000
2022-04-21,67.7725601196289,72.0606110225622,67.59463539996248,71.4556574733462,17712800
2022-04-22,65.78865814208984,67.94158499454511,65.72638381912991,67.76365350937947,15284800
2022-04-25,65.86873626708984,66.28686681907384,63.68912114847803,65.83314996613451,15697900
2022-04-26,65.45060729980469,66.69610071382564,65.37943469617079,65.87763613421501,10971600
2022-04-27,65.18373107910156,66.84735550567534,65.11256524359177,65.68193265203945,10989600
2022-04-28,65.37943267822266,65.75308544207122,64.73889284007407,65.3883309502505,11325600
2022-04-29,63.182029724121094,65.34384834941426,63.05748106154396,64.83675542680935,14912900
2022-05-02,62.15894317626953,63.61794739643554,60.95792772790317,63.25319294769801,14338100
2022-05-03,62.95072555541992,63.63574316272507,61.892055193101086,62.27459943253954,10419900
2022-05-04,64.99690246582031,65.23710835069491,62.924052603626215,64.05388904900941,10859600
2022-05-05,63.911529541015625,64.91682386354988,63.342162308515164,64.67661803232427,10382300
2022-05-06,64.47200775146484,64.8189657099159,63.24430409473675,63.395547574297076,9364900
2022-05-09,62.90624237060547,64.12504771554585,62.505908366098716,63.87595039830673,10442700
2022-05-10,62.26571273803711,63.822578013324836,61.13587635328164,63.164248311673475,14731900
2022-05-11,62.45253372192383,63.47561794126032,61.865376652389344,61.96323729521071,11129000
2022-05-12,60.94905090332031,62.71052888643536,59.80141801740296,61.909853990749575,15364900
2022-05-13,62.09668731689453,62.44364532683647,60.96684412563208,61.767519066803494,8010600
2022-05-16,62.38135528564453,62.915136182948004,61.74081549392342,61.95432649536634,7339500
2022-05-17,64.07166290283203,64.08056117457235,62.39024927572141,63.07527366448063,8889300
2022-05-18,63.16423034667969,64.2762766556001,62.90623478852311,63.867044428404434,10316800
2022-05-19,62.683834075927734,63.24430304860254,61.85647123775467,63.24430304860254,9593500
2022-05-20,63.35995864868164,63.66243202049044,62.25681048768368,63.07527503334691,9747800
2022-05-23,64.54317474365234,64.57875425498058,63.573466768842614,63.884838398408135,10378700
2022-05-24,66.42922973632812,66.65163910878461,64.20513601176327,64.59657867925321,11133500
2022-05-25,66.53598022460938,66.85625022324533,65.46841130002468,66.82956218792475,11192100
2022-05-26,66.75838470458984,67.39002638160007,66.51817882941774,66.76728297817985,9431300
2022-05-27,69.2769775390625,69.2948686276213,66.3602386280614,66.64654382738298,9435300
2022-05-31,67.72017669677734,68.83855717161617,67.25492659665488,68.69540119433151,29712000
2022-06-01,68.1496353149414,68.56119853675594,67.39808686451133,67.78281004538952,7994100
2022-06-02,70.25218200683594,70.36849794009608,67.99753006600514,68.40014428992237,9640600
2022-06-03,70.40430450439453,70.6279806459629,69.6080179864955,69.86747630378716,9293500
2022-06-06,71.74635314941406,72.90946485693208,71.63898615635946,72.64105761337561,12716900
2022-06-07,71.37953186035156,71.73741506538454,70.03747496101863,71.36164077182438,7405600
2022-06-08,70.22535705566406,71.20058854856774,70.00168092186689,70.66376719266532,5198000
2022-06-09,69.19644927978516,70.55640407063986,69.16066710333753,70.00168477094199,8354800
2022-06-10,67.9170150756836,68.8027705307593,67.79175017824836,68.48962535230353,8598500
2022-06-13,64.78556060791016,66.88811496330146,64.38293945939644,66.72706786910679,11882300
2022-06-14,63.9534912109375,65.42080628684887,62.87089258046368,64.69609088060936,11412500
2022-06-15,66.37812805175781,67.59492669973847,64.60661016465102,64.83028628632314,12085300
2022-06-16,63.40772247314453,65.38501897636647,62.73669397008507,65.0539757908107,12729200
2022-06-17,63.35401153564453,65.08974012326843,63.201913437526564,63.201913437526564,15919000
2022-06-21,65.07185363769531,65.67130394396258,63.345073882677845,63.345073882677845,8466900
2022-06-22,66.82548522949219,67.59493169094448,64.28452075012432,64.59766597837721,12686500
2022-06-23,69.07118225097656,69.25907619632444,67.38914030725438,67.58597638253053,12502500
2022-06-24,69.80484771728516,69.90326576630825,68.56120890805238,69.18750620420428,9320500
2022-06-27,69.68853759765625,69.9480027390537,69.21434527326075,69.54538841767557,6557200
2022-06-28,68.39122009277344,70.08221119827131,68.20333295061303,69.7064369139505,6140200
2022-06-29,67.99754333496094,68.48068459357263,67.33546390325769,68.08701242150671,7082200
2022-06-30,69.3038101196289,70.00167854117359,67.38914302552554,67.51440111010773,8872900
2022-07-01,72.07738494873047,72.14896293964759,69.86746396804814,70.0821979407995,7718400
2022-07-05,70.78007507324219,72.22054989550806,69.39328033780116,72.02371380907863,11278600
2022-07-06,71.19164276123047,71.75530418611301,70.32377823129323,71.30795189860345,7918400
2022-07-07,71.91635131835938,72.09529632908455,71.40636998338746,71.42426789748708,5498000
2022-07-08,71.800048828125,71.96109593966018,71.04850019166402,71.30795853564115,5708300
2022-07-11,72.18474578857422,72.45315981863149,71.32583044886422,71.57634656968976,6100400
2022-07-12,71.5316162109375,72.38158951225152,71.1468930342708,72.06844432800027,7553900
2022-07-13,71.80899810791016,72.73949177583414,70.74429737542943,71.02165363640648,7552400
2022-07-14,71.69268035888672,71.88951647189134,70.2522053421398,70.4222014081083,6124400
2022-07-15,70.42218780517578,70.54744588451906,68.29279363028668,70.01062456932596,8780600
2022-07-18,69.3485336303711,70.37744496173994,69.33958467589248,70.08219089841586,6610800
2022-07-19,70.6190185546875,70.9769016798456,69.7153651995252,69.9032523043713,6403800
2022-07-20,70.07325744628906,71.0395399621834,69.66169418790156,70.82481278955814,6323700
2022-07-21,70.56535339355469,70.64587353006061,69.90326708291921,70.4311463399905,7847600
2022-07-22,71.800048828125,73.18684377890324,70.9142931277089,71.69268181174994,11517100
2022-07-25,72.45317077636719,72.50685086007623,71.11111407521436,71.5763573948172,5035600
2022-07-26,71.4958267211914,72.13106598022465,70.84268955286012,72.0594879951372,6740900
2022-07-27,71.91635131835938,72.27423451375553,71.17375170852603,71.60320608215807,6056200
2022-07-28,75.63832092285156,77.18615591951203,75.41464479290205,75.87988813973337,13561500
2022-07-29,75.59358215332031,76.41671549048135,75.43253506844681,75.60253110971709,11474800
2022-08-01,76.3272476196289,76.42566567220061,74.76151456187553,75.55780111373431,7004500
2022-08-02,76.64933776855469,77.63351141615453,76.22882553454876,76.44355954301183,7664200
2022-08-03,77.35614013671875,77.6782342606899,75.47726229758885,76.73879192809859,7640400
2022-08-04,78.71609497070312,79.32449422689736,77.34719152472655,77.8034926733854,8679200
2022-08-05,78.71609497070312,79.17238929330922,77.78560158910885,78.62661907116208,8643200
2022-08-08,78.30452728271484,79.59290382276588,77.64244792787882,79.14555161592071,7243200
2022-08-09,79.55711364746094,79.72710966787844,78.53715117706166,78.93082329758519,5154000
2022-08-10,80.32656860351562,80.59498268288678,79.48554419246938,80.21920843261005,5693300
2022-08-11,80.0134048461914,81.44493034352197,79.88814679180324,80.80074216321022,7525800
2022-08-12,80.94390869140625,81.10495575750532,79.92394621479643,80.68444359457703,5262500
2022-08-15,81.41810607910156,81.59704424116177,80.64865969534667,80.95286276211303,5032700
2022-08-16,80.99759674072266,81.73125415267964,80.8186585723638,81.00654569695666,5250600
2022-08-17,80.70234680175781,81.12285902785243,80.29078353236098,80.49656858008636,4178000
2022-08-18,80.7381362915039,81.08707051823754,80.40709997827423,80.70234729054995,5090700
2022-08-19,80.26393127441406,81.05126869265999,79.9597350535189,80.62181440127235,5542800
2022-08-22,79.21713256835938,80.10288805972701,78.9397763740849,79.56606675665732,5783400
2022-08-23,78.71609497070312,79.3155452717327,78.40294297441498,79.27975627712684,3473600
2022-08-24,79.36923217773438,79.43186121716863,78.69820382977309,78.86819986226035,5669200
2022-08-25,79.97764587402344,80.04027492472449,78.78768708464892,79.63766057393983,5595200
2022-08-26,78.78768920898438,81.024450831552,78.50138399433791,80.51446945464878,7990000
2022-08-29,78.23477172851562,78.98097956914748,77.68636143821286,78.19881602026494,5827800
2022-08-30,77.04802703857422,78.51347236828403,76.60749763366235,78.39659232064372,7394200
2022-08-31,76.47264099121094,77.56048284687088,76.23889461040184,77.04802830562352,6830900
2022-09-01,77.5514907836914,77.73129673203668,76.15797067696512,76.71538009148708,5896300
2022-09-02,76.51758575439453,78.4235602673522,76.21190742591368,77.72230064053976,5785700
2022-09-06,78.5494384765625,79.35857219498793,78.2347677425548,78.43255842364832,11077100
2022-09-07,81.12969207763672,81.29152019907393,78.76520989250918,78.85511288016134,11366600
2022-09-08,81.15664672851562,81.86689185536731,80.58125948686612,80.67116931643889,8852500
2022-09-09,80.82401275634766,81.79498139136948,80.76107998514203,81.64213878202072,5700400
2022-09-12,81.64213562011719,81.67809818215012,80.71612194003035,81.0757407012024,5573800
2022-09-13,79.88900756835938,81.33646818125584,79.52039643353686,80.95887154984572,5624800
2022-09-14,79.906982421875,80.34751866781168,79.16976703905452,79.43948282802974,7281500
2022-09-15,77.32674407958984,78.0369893661888,76.265872328097,76.81428948788661,18681000
2022-09-16,76.22988891601562,77.30873822697616,75.96916551304956,76.78729828020066,19190700
2022-09-19,78.07292938232422,78.12687665318953,76.00513357667784,76.16696167095948,8821000
2022-09-20,77.0390396118164,77.72230773235277,76.35576463212249,77.30874854597837,6242000
2022-09-21,75.49269104003906,77.7133297956937,75.47470632718424,77.31774842278602,6706300
2022-09-22,75.10608673095703,75.69046631490365,74.64757267473347,75.33983993636704,6748700
2022-09-23,74.1890640258789,74.32392191802771,73.1281924583496,74.17108617453249,6719700
2022-09-26,72.95738983154297,74.42282843666777,72.21118199407496,74.14412711437711,7702900
2022-09-27,72.89444732666016,74.27897511507616,72.02237404974197,73.73954353736693,9247000
2022-09-28,74.05421447753906,74.64757961206939,73.04728330301921,73.98228935239676,8713400
2022-09-29,71.8965072631836,74.0362282486126,71.43799317374976,73.87440014993932,8291300
2022-09-30,70.49401092529297,72.4629117159314,70.3861232255924,72.19320275541729,12854300
2022-10-03,72.99333953857422,73.38891399038631,71.22222285338917,71.77063990390303,8115200
2022-10-04,74.45877838134766,74.52171114858847,73.32598171185586,73.70358517445791,8193700
2022-10-05,73.5147933959961,74.1531203988399,72.39098887700952,73.49681554172203,5468700
2022-10-06,70.94351959228516,73.47882176330843,70.88957232283737,73.38891193394777,8374600
2022-10-07,68.98361206054688,70.70977396656633,68.49812773838684,70.62885648329414,7697400
2022-10-10,68.99259948730469,69.83770261165138,68.68692797544355,69.25332293756394,6118000
2022-10-11,68.35428619384766,69.16342683389168,67.62606304738732,68.55207689020938,9143100
2022-10-12,65.40542602539062,68.65097417483342,65.28855281931594,68.1564974199814,9715100
2022-10-13,65.71109008789062,66.14263401196115,63.283675235073126,64.36252475651247,13643700
2022-10-14,64.52434539794922,67.28440851548837,64.2276662723651,66.340417008344,8735000
2022-10-17,66.21456146240234,66.9068220054011,65.40542086339468,65.45037578634552,7563500
2022-10-18,67.4822006225586,68.27336326554199,66.62811207023678,67.9227368611861,6998500
2022-10-19,66.20558166503906,66.95178962896453,65.19865018868806,66.74500654698585,8579600
2022-10-20,63.5084228515625,66.06170957881142,62.762215211278786,65.9538219055508,13023800
2022-10-21,64.41644287109375,65.63014974802766,63.20273599415982,63.90398855153698,11161300
2022-10-24,65.88189697265625,66.25050804628434,64.69516000012622,65.17165188815741,9989600
2022-10-25,68.20143127441406,68.40820741044041,66.16959131746687,66.3044491961378,9216900
2022-10-26,67.96768951416016,68.8038002716478,67.69798057058344,68.20144275258622,6247100
2022-10-27,67.85081481933594,69.16341752126593,67.84182246366886,68.37226170150416,7163300
2022-10-28,71.05140686035156,71.29415244700189,68.91168579504618,69.00158877340805,9123300
2022-10-31,69.6758804321289,71.26718461880715,69.01059007501875,70.52996912602065,8273700
2022-11-01,69.86466979980469,70.29621369930351,69.3791854850526,70.29621369930351,5410300
2022-11-02,69.47808837890625,71.77065230482563,69.24433512211189,69.85568504507984,7119000
2022-11-03,70.28721618652344,71.18625962361934,68.6509574053752,68.99259144217508,6920300
2022-11-04,70.84463500976562,71.18626909200579,69.60395051169104,70.66482218293555,7758900
2022-11-07,69.48707580566406,71.13232712475745,68.58803226856269,70.78170069402054,7008500
2022-11-08,70.36811828613281,71.15028845102917,69.37018650217021,69.82869366099847,5518400
2022-11-09,70.3051986694336,71.12333154349056,70.12539271383038,70.66481743979756,4940000
2022-11-10,74.8004150390625,75.31286954998652,71.87852371942479,73.10122340499039,9315900
2022-11-11,74.89930725097656,75.38479153465386,73.7035846814002,74.86334469005708,5730900
2022-11-14,73.4158935546875,75.32186133426174,73.37093863721712,74.70151914078886,7904000
2022-11-15,74.5396957397461,75.35782171257053,73.75752546886713,74.18906248378455,5594900
2022-11-16,75.8073501586914,76.19393915087336,74.67455339057442,74.67455339057442,8444900
2022-11-17,74.03622436523438,74.9352677864495,73.60468736417901,74.85435717093549,8333900
2022-11-18,74.8004150390625,75.33085426077399,74.23402011409095,74.85436231226748,6664400
2022-11-21,75.16004180908203,75.29489971772152,74.27898294306591,74.27898294306591,6593800
2022-11-22,75.61854553222656,76.33778303973199,75.2679191335859,75.57359061582352,4105500
2022-11-23,76.73450469970703,76.80679510259702,75.39716671620336,75.48752627281972,4259700
2022-11-25,77.11400604248047,77.52967234239787,76.92424893720919,77.05075367405671,3622200
2022-11-28,75.65921783447266,76.81583675944565,75.30680382721464,76.21041322409886,6464200
2022-11-29,74.53873443603516,75.11704387693263,74.07789862450247,74.91825560799289,5398200
2022-11-30,76.53569030761719,76.71641626943114,74.15016276359731,74.17726993437176,9739200
2022-12-01,76.6531982421875,77.68331255698767,75.89416265054895,77.16825539958758,5830700
2022-12-02,76.98751831054688,76.99655633488689,75.36102552296758,75.65921828025454,6316900
2022-12-05,76.94234466552734,77.73751848542005,76.59896866853389,76.80680187166114,5511700
2022-12-06,76.96945190429688,77.03270428895037,75.64114493258052,76.72548039034562,5027700
2022-12-07,77.06884002685547,78.02666370366642,76.45438541112965,76.95137329664026,5108800
2022-12-08,77.4935531616211,78.07186269391731,76.71644843497428,77.05077954002444,4281700
2022-12-09,76.36402893066406,77.71040494651254,76.28270050340218,77.312814622104,4460300
2022-12-12,78.2073974609375,78.2525737951966,76.6260809880219,76.91523572445247,5348900
2022-12-13,78.74956512451172,79.85196975904537,77.71041287586148,79.51763177995129,7179500
2022-12-14,78.65919494628906,80.06882329523009,78.01762625517658,79.0296711867706,6111600
2022-12-15,77.5387191772461,78.65919977913677,77.24053331941322,78.52365699248955,6469100
2022-12-16,76.0296859741211,76.68028577336209,75.24354340103959,76.44534542497131,16949300
2022-12-19,75.46944427490234,76.15618926022813,74.96342528255268,75.88511061175154,5681100
2022-12-20,75.46944427490234,75.93932496264851,74.77366816042155,75.3610155731084,4811900
2022-12-21,76.49054718017578,76.76162589954356,75.58693766096282,75.76765680720801,5356200
2022-12-22,75.30680084228516,76.39113621196206,74.24054841445762,76.39113621196206,4491000
2022-12-23,76.05679321289062,76.14715276419496,74.999571985247,74.999571985247,3254700
2022-12-27,75.90318298339844,76.15619249030438,75.42427114618476,75.99354253672313,4726500
2022-12-28,75.1441650390625,76.39114359603366,74.98151506258861,76.0839127986972,3536400
2022-12-29,75.9754867553711,76.52668908985315,75.44235357713734,75.65922481607645,3378300
2022-12-30,75.54173278808594,75.92124702288312,74.52969482862677,75.85799465041693,4266900
2023-01-03,75.74957275390625,76.71643447356946,74.58391587607059,76.23752262560434,5535400
2023-01-04,76.34595489501953,77.22245710020744,75.74957628668078,76.22848815698117,4831100
2023-01-05,74.66524505615234,75.91223048733751,74.22247836377139,75.55078533490713,5472600
2023-01-06,75.58692169189453,76.23752151131615,74.83692429483948,75.50559326747079,5235300
2023-01-09,75.96643829345703,76.74354289124174,75.44234321234785,75.57788599456467,4749000
2023-01-10,76.39112854003906,76.44534289018088,75.33390734832395,75.96643107995052,4921100
2023-01-11,76.80680084228516,77.1321007856072,76.10198659641833,76.32788895183681,6153500
2023-01-12,76.87004852294922,77.41221276398413,76.25559387804503,76.89715570090212,4648600
2023-01-13,76.51763916015625,76.77968669594351,75.67728219849093,76.30077484895001,4943200
2023-01-17,77.47547149658203,78.13510942149055,76.96945241599002,76.97849044071286,8410200
2023-01-18,75.72246551513672,77.74654850817082,75.65921313704166,77.64715092916542,6107700
2023-01-19,74.62910461425781,76.21042122481485,74.35802590312974,75.95741167016466,7099700
2023-01-20,73.9333267211914,74.58392664405193,72.74056249394484,74.5568194629316,9429200
2023-01-23,74.70138549804688,75.19837341270122,73.10199993505529,73.53572857512414,6864300
2023-01-24,75.81282806396484,76.083906740508,72.54175963933493,74.80982110457256,6652300
2023-01-25,69.20743560791016,73.1833180578003,68.58394985513085,72.7676585912834,28527400
2023-01-26,69.0357666015625,69.98455243223329,67.58999279244988,67.86107150378726,18508700
2023-01-27,68.29478454589844,69.0357438093145,68.23153217806991,68.73755112069813,13243200
2023-01-30,67.81588745117188,68.99057552132729,67.67130663971072,68.09600415588717,10669600
2023-01-31,67.43636322021484,67.61708922637315,66.27974435677059,67.35504168793778,19020400
2023-02-01,67.0839614868164,67.80685178123608,66.27071162909246,67.4273374789625,15188700
2023-02-02,68.3128662109375,69.43333988658887,66.15324039288718,66.47854031388151,18604100
2023-02-03,67.47250366210938,68.1682866722537,66.5688943770328,67.9965987020118,11671500
2023-02-06,68.2315444946289,68.28575884998507,67.27371388805213,67.40925667043483,9343400
2023-02-07,68.74658966064453,69.19839426110515,67.54478776886144,68.10502795526939,10855800
2023-02-08,67.79781341552734,68.8098584438234,67.64420146928384,68.6562464975799,9082200
2023-02-09,66.20746612548828,68.62010876978368,66.07193021344374,67.95143276506093,13163500
2023-02-10,67.5357666015625,67.99660933936322,66.34300243442574,66.34300243442574,9883000
2023-02-13,68.33094024658203,68.6833473349496,67.9152807806611,68.0779238423765,8114200
2023-02-14,68.70140838623047,68.97249391177095,67.58997289829527,68.03273948895288,7089400
2023-02-15,69.52371215820312,69.6592480583041,68.35805515938458,68.35805515938458,9344300
2023-02-16,68.39418029785156,69.14417066967722,68.36707312578436,68.49357785809187,7795600
2023-02-17,68.7375717163086,69.1080549060188,68.11407897947588,68.40323373247206,9436100
2023-02-21,66.55986022949219,68.24960510380393,66.51467700969064,68.16828358095084,11915600
2023-02-22,66.57794189453125,67.53576566722526,66.36107756550467,66.849027476309,9351200
2023-02-23,65.84602355957031,67.20143774396168,65.64722837615402,67.20143774396168,9049900
2023-02-24,65.89118957519531,66.26167270334874,64.87915155485807,65.16830625981042,9127800
2023-02-27,65.3528060913086,66.99890153338795,65.18910549374925,66.36229195317053,7029700
2023-02-28,64.59795379638672,65.34369930264661,64.38878508406421,65.20728100327115,11276700
2023-03-01,63.54300308227539,64.60705338044409,63.3338274211326,64.44335280083942,11809200
2023-03-02,65.67110443115234,65.68020083526886,63.77036534367804,63.98863047281098,16066500
2023-03-03,67.1444091796875,67.18078785736756,65.64382168337077,66.28952760051438,10724800
2023-03-06,67.66280364990234,67.8446901278856,66.7624537883938,66.88067930523047,6888900
2023-03-07,67.0716552734375,67.74464349881825,66.40775651405171,67.24445226667291,7308900
2023-03-08,67.5263671875,67.64459267258644,66.4259383326227,66.73514664985916,5913600
2023-03-09,67.08074951171875,68.19936438305704,66.74425194063305,67.7537377153667,7678100
2023-03-10,66.39866638183594,67.5445635528323,65.8166213919104,67.28991973705533,10167100
2023-03-13,66.65330505371094,68.37215761607835,66.3895648538605,66.44412939916644,8388800
2023-03-14,67.7992172241211,68.07204692196737,66.78063497866621,67.2899226321317,8635800
2023-03-15,68.68138122558594,68.98150016853201,67.23536494534054,67.70827396634151,12030300
2023-03-16,69.32708740234375,69.58173123010239,68.0538613250266,68.8087033419711,8895800
2023-03-17,68.81779479980469,69.3816539622476,67.97200952540238,69.3816539622476,14137400
2023-03-20,69.09061431884766,70.02734259666543,68.49037662324262,68.7541167981125,7140100
2023-03-21,68.53587341308594,69.43622330322665,67.54457334253689,69.43622330322665,6222300
2023-03-22,67.41725158691406,69.0997327893842,67.38087290236354,68.49039849631858,7038000
2023-03-23,67.12621307373047,68.86325842036634,66.72606151595555,67.08983439783766,7541200
2023-03-24,68.83596801757812,68.890532555711,67.0352619354494,67.28990569809905,5293900
2023-03-27,68.6086196899414,69.17247186157643,68.1629860812656,68.99968181148995,5515900
2023-03-28,68.4267349243164,69.34527759325653,68.04476915888463,68.66319289561793,5935500
2023-03-29,69.21794128417969,69.39982772366764,68.63589635159074,68.63589635159074,5680500
2023-03-30,69.65447235107422,70.04553444534152,69.27250666044746,69.44530363700275,6187000
2023-03-31,70.10009765625,70.13647632799618,69.0997084680579,69.81816468484772,10124400
2023-04-03,69.72724151611328,70.07283552777326,68.93602772841629,70.07283552777326,5778700
2023-04-04,70.1728744506836,70.65487984251172,69.50897564970629,69.8909414011334,6165600
2023-04-05,71.2369155883789,71.80076773692798,70.70033877449151,70.84585348284172,8200400
2023-04-06,71.8189697265625,71.84625200323532,70.90042709360782,71.66436553306714,5427700
2023-04-10,71.32786560058594,71.3915265569174,70.30928336075878,71.25510823948603,5647500
2023-04-11,71.24601745605469,71.49157183451024,70.84586581548078,71.29149254496109,6019600
2023-04-12,71.47337341308594,72.24640823266746,71.17326144084453,71.56432358375942,6786400
2023-04-13,71.7098388671875,71.94629684632532,70.46390188553248,71.3187766833738,4928600
2023-04-14,70.95498657226562,71.3642415086603,70.53664216997946,71.29148415038699,4920900
2023-04-17,71.42790985107422,71.43700625643022,70.74582515838465,71.10050864350129,4393300
2023-04-18,71.20964050292969,71.90991102660996,70.8822393146178,71.60070264793978,8147500
2023-04-19,71.79167938232422,72.00084810565995,71.20053801292083,71.21872388248438,3813300
2023-04-20,71.618896484375,71.93720130326729,71.14598745895283,71.59161420540204,4350400
2023-04-21,71.837158203125,72.55562158183312,71.44609603341107,72.2464131836299,5192600
2023-04-24,71.88262939453125,72.07361226633653,71.39152760766457,71.40062401256691,5725800
2023-04-25,70.7730941772461,71.93718405785764,70.48207170709321,70.69124735994825,8399800
2023-04-26,67.36268615722656,69.98188896423326,67.32630747314703,69.82728476078859,12656700
2023-04-27,68.98149108886719,69.59081836177975,67.21717022493344,67.58094314465673,8155600
2023-04-28,69.69086456298828,69.75452552379078,68.58134595164827,68.58134595164827,10005800
2023-05-01,69.84547424316406,70.3729477908661,69.44531567588564,69.54535531770524,5214700
2023-05-02,69.0633316040039,70.04552801277025,68.67226954564946,69.7181338355297,7674200
2023-05-03,68.56315612792969,69.62720663563938,68.45402007386024,69.35437690825273,6265900
2023-05-04,68.67227935791016,68.81778713097216,67.8083013695496,68.5540469201162,6042300
2023-05-05,68.67227935791016,69.63629003733148,68.38125687326277,68.76322258338934,6215500
2023-05-08,69.17249298095703,69.74544867032245,68.46312587843374,68.69048748506431,6751700
2023-05-09,68.73593139648438,69.3179762903043,68.38124800614167,69.3179762903043,5588100
2023-05-10,69.92731475830078,70.17286910732324,69.0633436808332,69.23613373321257,5696000
2023-05-11,69.2088394165039,69.88182751570338,68.69955187532835,69.65446601503253,6542700
2023-05-12,70.90042877197266,70.9277110492913,69.64539544564511,69.9273215626368,8315000
2023-05-15,70.5184555053711,71.41880525366035,69.863653165334,71.36424070483177,5430000
2023-05-16,68.97239685058594,70.48208088124339,68.83598547066717,70.48208088124339,6215700
2023-05-17,68.51766967773438,69.37255127990065,68.38125830591933,69.27251164822063,5408600
2023-05-18,68.29940032958984,68.43581863151009,67.48999386032558,67.98109558412465,6970600
2023-05-19,67.73555755615234,68.91783347969425,67.72646115116056,68.70866473455158,6338600
2023-05-22,67.82649230957031,68.36306218208472,67.72645268274167,68.12661119005625,4272600
2023-05-23,67.44454193115234,68.3903599911714,67.217180352806,67.3899704341524,8751200
2023-05-24,67.51728057861328,67.68098116399167,66.98980708219273,67.43543375518585,6879400
2023-05-25,66.74425506591797,67.4627183858087,65.90756623966183,67.4627183858087,7716400
2023-05-26,67.65771484375,68.24349538051412,66.44954161379214,66.93464046613853,7174000
2023-05-30,66.53190612792969,68.41738638090672,66.40376710004115,68.05127187991663,6874000
2023-05-31,67.23667907714844,67.52041453347344,65.7905304604874,66.48614739989023,11112000
2023-06-01,66.77902221679688,67.20920618545232,66.32138088555536,66.86140128760768,6738800
2023-06-02,67.5936279296875,67.91397548722996,66.3763002279731,66.85225115608165,7175400
2023-06-05,67.35565948486328,68.54552994607972,67.117690979063,67.8682226133992,5266600
2023-06-06,67.1634521484375,67.86822384431153,67.14514956421851,67.52956668030222,5652900
2023-06-07,67.88651275634766,68.18855770803395,67.07191175311064,67.40141406712253,6488100
2023-06-08,68.5546875,68.75605084616376,67.79500105149276,68.17027037535321,9984500
2023-06-09,67.79499816894531,68.82926524120153,67.730928650895,68.51807243440105,6011400
2023-06-12,67.7126235961914,68.16111020617822,67.44719075022475,68.10619547358287,7564300
2023-06-13,68.05127716064453,68.36247695470364,67.502108858071,67.63940267947784,8579300
2023-06-14,67.18175506591797,68.60043913477034,67.0810734050445,68.55467918722533,8893600
2023-06-15,68.06043243408203,68.20687405706386,67.1909165306701,67.49295456027446,10098300
2023-06-16,69.18621826171875,69.94590460413217,68.38992675516404,68.41738411979654,23053600
2023-06-20,68.42655944824219,69.71710485484259,68.18858391155047,69.22285119389292,7801600
2023-06-21,69.3601303100586,69.58895101284082,67.47464995371026,68.14280249532429,7176100
2023-06-22,68.76519012451172,69.91844833857664,68.6462058815495,69.62555813947083,6976200
2023-06-23,67.88651275634766,69.55232690693995,67.7309163811344,68.91163184250155,9080100
2023-06-26,67.99636840820312,68.45400986445723,67.55702953765521,67.81330763586881,5670200
2023-06-27,67.6485595703125,68.46316075749982,67.00785737814057,68.24348784318451,5979100
2023-06-28,67.21837615966797,67.92314089652393,67.01701281112223,67.68516539523769,8735100
2023-06-29,66.64175415039062,67.36482857088885,66.36717343546493,66.52276987222835,7193200
2023-06-30,67.91397094726562,68.0146525990561,66.61427123894633,66.76071981720615,9259900
2023-07-03,68.07872009277344,68.16109916137127,67.27327388532419,67.61193097524439,2484500
2023-07-05,68.60044860839844,69.18622908907415,67.65770836553142,67.71263008644449,8450100
2023-07-06,66.83394622802734,67.99635928139851,66.82479842792932,67.99635928139851,7271200
2023-07-07,65.94613647460938,66.55937434852405,65.80884264146542,66.38546836100474,7511700
2023-07-10,65.63492584228516,66.34884527736864,65.07660280037561,65.71730492182348,7704700
2023-07-11,66.07427215576172,66.11088430827104,64.84778948738857,65.57086378757609,6623100
2023-07-12,67.2458267211914,67.33735360225039,66.07426588430825,66.39461345954139,9710500
2023-07-13,67.46549224853516,67.66685557555142,67.16344725801076,67.29158628737504,6058600
2023-07-14,66.99871063232422,67.50211905920807,66.62344824569209,67.25499572977274,6463500
2023-07-17,66.50444793701172,67.20005779890116,66.31223241451119,66.77902857205653,5148800
2023-07-18,65.94613647460938,66.88887675484779,65.259674291944,66.60513430420242,7239500
2023-07-19,65.99190521240234,66.7515918049165,65.9461452506343,66.22988075598438,7464800
2023-07-20,67.82244873046875,67.8499060950131,65.58000884067587,65.99188327494704,9221600
2023-07-21,69.469970703125,69.80862089330387,68.00551951883433,68.11534899324734,11878400
2023-07-24,69.10384368896484,70.17472276953666,68.98485945214114,69.45164860025533,8609700
2023-07-25,69.04894256591797,69.50658400501752,68.29841088511687,69.34183280761951,8847800
2023-07-26,68.06958770751953,69.73540220636583,67.62109408559841,68.54553171445251,7244600
2023-07-27,67.06275939941406,68.54551986615283,66.98954209157908,67.67600410678268,10185400
2023-07-28,66.6783676147461,68.0787495391508,66.33971736140047,67.50212374176515,6230700
2023-07-31,67.0902328491211,68.16111206221144,66.85225736297201,67.18175973362347,10876400
2023-08-01,66.05595397949219,67.5570171214839,65.9827296840162,67.10853053203657,6723400
2023-08-02,65.81797790527344,66.22069751785331,65.40609652799891,65.45186345315798,6589600
2023-08-03,64.16133117675781,65.44272865899947,64.12471902205897,65.16814099028537,9075100
2023-08-04,63.310115814208984,64.70134971727418,63.17282198412233,64.57321067134112,9140500
2023-08-07,62.825008392333984,63.8135154538591,62.7975510266894,63.61215212839435,8397200
2023-08-08,62.88909912109375,63.10876510340437,62.15687685237311,62.55044187011246,8890000
2023-08-09,63.08128356933594,63.68537351815259,62.706021284235625,62.96229932929008,7453000
2023-08-10,62.504669189453125,63.75860925850768,62.376530143921045,63.42910686055254,7959900
2023-08-11,63.08128356933594,63.099593134298686,62.385673727917556,62.513812750444785,6524200
2023-08-14,62.75178527832031,63.0904424214461,62.513816782878514,63.0172181229778,8021100
2023-08-15,61.64430236816406,62.44975579519568,61.47955116563982,62.37653148672837,7703900
2023-08-16,61.83650207519531,62.193461798978674,61.60768138133144,61.98295067113382,6433500
2023-08-17,61.79075241088867,62.37653292603494,61.58938904948442,61.635149006041566,6677600
2023-08-18,62.08363723754883,62.294148382016814,61.62599581368316,61.63514361436163,6291300
2023-08-21,61.39717102050781,62.0561757443571,61.021901726017276,62.01040881179121,6856100
2023-08-22,61.79989242553711,62.07448006250006,61.10428251585737,61.42463010361168,7370400
2023-08-23,62.1385498046875,62.367370508632604,61.59853629524284,62.30330099085012,7721800
2023-08-24,61.52531814575195,62.61450704001207,61.39717909737482,62.13855601770748,9242500
2023-08-25,62.20262145996094,62.440596955496524,61.53446889199135,61.598538411975476,10114100
2023-08-28,62.25753402709961,62.78839973593154,62.22092885957314,62.46805214717217,7152600
2023-08-29,62.21883773803711,62.53218652057834,61.850186734539804,62.46767312232379,11209700
2023-08-30,61.83174514770508,62.42159092284723,61.58290978422199,62.08058754262063,7461500
2023-08-31,61.564483642578125,62.47688939865275,61.499970246318966,62.20961760516971,11797800
2023-09-01,61.62900161743164,62.27413562795208,61.24191417968603,62.06215900653344,8296600
2023-09-05,61.01149368286133,61.99763088272361,60.652060957865004,61.582902978937604,10002700
2023-09-06,60.541481018066406,61.20505140345441,60.237343419524755,60.85482979370358,9250300
2023-09-07,61.05758285522461,61.721153182604894,60.707368307521584,61.085230446960075,9981100
2023-09-08,61.592132568359375,61.74880695817201,60.891696371375886,61.066807178480005,7484800
2023-09-11,62.237266540527344,62.569051737420786,61.702722942039806,61.74880695383228,7981600
2023-09-12,62.42158508300781,62.69806801307466,61.85017577724543,62.209608508334604,7171300
2023-09-13,63.06673812866211,63.38008695097434,62.55984205558769,62.55984205558769,8925700
2023-09-14,63.85009765625,63.914611042929934,63.057500601935516,63.49988313304919,7944900
2023-09-15,63.26026153564453,64.41229136697756,63.22339573727003,63.9053954286182,18391400
2023-09-18,62.89160919189453,63.46301850690919,62.58747866703968,63.41693450210262,7534100
2023-09-19,62.29255676269531,62.81788914208388,62.07136899288021,62.716509949370206,8215500
2023-09-20,62.071372985839844,62.79945676605989,61.96999378660459,62.734943369404085,5804000
2023-09-21,61.66585922241211,62.40315413190207,61.53682540603313,61.850181191926495,9458600
2023-09-22,62.39393615722656,63.02985890786341,61.14974527977259,61.287990273141354,11796500
2023-09-25,62.18196487426758,62.209612465889926,61.5460421412246,61.95155890217169,8656500
2023-09-26,60.21889877319336,61.92390851487272,60.15438538517638,61.859395126855745,9042600
2023-09-27,55.26057052612305,59.89633781321143,54.86427195118571,59.629066027190184,25606200
2023-09-28,52.606292724609375,55.94257018369481,52.514128227238125,55.57391922564197,31153800
2023-09-29,52.79983901977539,54.15462388897166,52.51413431835971,53.15005360325932,19047600
2023-10-02,48.06268310546875,51.96115140050599,46.24708307444948,51.68466496060496,54022800
2023-10-03,48.643314361572266,48.94745197390932,46.54201273348579,47.98896215503188,36257500
2023-10-04,46.65260696411133,49.721616641946596,46.5788788705953,49.50042532996524,28467400
2023-10-05,45.574302673339844,46.20100720818124,44.45913859529296,45.906087840693075,29911400
2023-10-06,46.30238723754883,46.54200790957406,43.45456918720565,45.214870731869794,24718500
2023-10-09,45.45448684692383,46.46827164990347,44.58816171557242,45.795486678367396,20644600
2023-10-10,47.5373649597168,47.57422724571899,45.63881835980772,45.786278050965564,23164300
2023-10-11,49.34374237060547,49.371389961411325,47.64795432543118,47.97052127055291,22401400
2023-10-12,48.846065521240234,49.74004180769585,48.13641471347968,48.91057891142609,27972800
2023-10-13,50.21928405761719,50.91971662169748,49.30687491874779,49.33452250862641,22319200
2023-10-16,50.11790466308594,50.72617624786981,49.36217340670948,50.21928384650256,17089400
2023-10-17,49.92436599731445,50.54185585112572,49.35296015201937,49.38061126027233,13365500
2023-10-18,49.0672607421875,50.48655895605672,48.91058284220439,49.84142500235088,13593300
2023-10-19,48.283878326416016,49.75847876037894,48.27466363380289,49.104123081922936,11580400
2023-10-20,47.88758087158203,48.56036595108575,47.63874197657932,47.87836617875221,17798900
2023-10-23,47.48206329345703,48.44055298401528,46.956737956764094,47.251657320671846,15200700
2023-10-24,50.79991149902344,51.085616191202774,48.94744889333193,50.17320692733202,20060300
2023-10-25,52.034881591796875,52.47726061675958,50.606365331158074,51.25150272762217,19262400
2023-10-26,53.057884216308594,53.67537401761567,52.23763956077844,52.32058584705205,17357800
2023-10-27,51.832130432128906,53.47261987281239,51.54642575334133,52.864348230648694,11921000
2023-10-30,52.716896057128906,52.96573497107044,51.39897339202193,51.98881221808332,11017700
2023-10-31,53.73066711425781,53.905777887219976,52.89198959255651,53.04866746753762,19978300
2023-11-01,53.850486755371094,54.182271934190354,52.698456837646596,53.55556737769093,13428900
2023-11-02,55.21448516845703,55.730595794373315,53.91499566986332,53.933428568901334,15076500
2023-11-03,54.72602844238281,56.67065544370412,54.716810234535274,56.42181656756329,13938000
2023-11-06,54.412681579589844,55.18684587702892,54.246788979016,54.744466780737525,9299500
2023-11-07,53.87813186645508,54.89192025678195,53.822836683009925,54.42189010320131,9615500
2023-11-08,52.993377685546875,53.610864051034596,52.329807309498605,53.610864051034596,12781600
2023-11-09,50.4312629699707,52.781403306750704,50.339098466818434,52.643158309880455,17147900
2023-11-10,50.81834411621094,51.03031720314084,50.237720042445154,50.68931732553329,12776100
2023-11-13,50.2285041809082,50.74461484732402,49.592584934917866,50.73539663922365,8951800
2023-11-14,53.03945541381836,53.2145662070952,51.10404660558496,51.68467065434147,13399500
2023-11-15,52.532562255859375,54.12697117963373,52.51412935598892,52.974941305601725,11295000
2023-11-16,52.16390609741211,53.24220778034276,52.14547671509231,52.91963733829323,11155400
2023-11-17,52.87356185913086,52.882780066879704,52.06253536304004,52.541776694495454,10136300
2023-11-20,52.845916748046875,53.15926902761034,51.89664521689122,52.53256446848341,8404900
2023-11-21,53.435752868652344,53.721457541003275,52.32980349443899,52.82748124019242,11952600
2023-11-22,53.396732330322266,54.17719626546148,52.950753445146304,53.870583788220124,9626900
2023-11-24,53.47106170654297,53.526810397702896,52.895006075191155,53.09012117776311,4629400
2023-11-27,53.498939514160156,53.61043335567658,52.839259053068474,53.42460792359899,9779100
2023-11-28,54.03782272338867,54.42805643719703,53.201610154031385,53.480350040033734,9473600
2023-11-29,54.22364807128906,55.031984524536966,53.87058014859032,54.381597365141864,17019100
2023-11-30,54.36301803588867,54.52097088442767,53.87058368236876,54.33514546322154,15381700
2023-12-01,54.976234436035156,55.32001267445915,53.5825492204535,54.40017887267235,10510200
2023-12-04,54.51167297363281,55.31071973503911,54.42805526282615,54.437344938140846,10239600
2023-12-05,54.10285949707031,54.68820827844064,53.76837447914441,54.52096576947769,12544800
2023-12-06,55.933231353759766,55.98897649135038,54.46521462891362,54.46521462891362,13235700
2023-12-07,55.60804748535156,56.2677279521581,55.22710694123881,56.10048541627197,12230500
2023-12-08,55.46867752075195,55.700958411924006,54.91120125534394,55.347890464931446,9408300
2023-12-11,55.477970123291016,55.691668129122604,54.38160397558093,54.38160397558093,11005700
2023-12-12,55.301429748535156,55.524417398081084,53.96349321828524,55.43150646815774,9931000
2023-12-13,58.07950973510742,58.16313099376596,55.12490019926406,55.37576043091472,13013400
2023-12-14,58.33037567138672,60.012087038222276,57.94014547941109,59.13871571646495,16809100
2023-12-15,57.14109420776367,58.4511581770955,56.69511536121718,57.69856687986559,28901500
2023-12-18,56.676536560058594,57.69857104750995,56.53716660980383,57.23400927242751,10755600
2023-12-19,57.206138610839844,57.44771272677353,56.55575139513592,57.011023509426224,11509600
2023-12-20,55.598751068115234,57.3455042620891,55.54300238147008,57.18755142209031,10091200
2023-12-21,55.375762939453125,56.351345516105205,54.87403890909862,55.8682008380054,12604200
2023-12-22,55.51512908935547,56.55574641627636,55.44079750812726,55.71024417359222,9799400
2023-12-26,55.94252395629883,56.26771930133629,55.39434096057977,55.45008964541257,6791600
2023-12-27,56.28630447387695,56.3699221880225,55.4222193177902,55.66378987319109,6787500
2023-12-28,56.69511413574219,56.769442169730915,55.85890160133938,55.85890160133938,5981900
2023-12-29,56.434959411621094,56.7322786294363,55.998270259812976,56.49070454975854,6814600
2024-01-02,57.206138610839844,57.74503198921101,55.91465740006609,56.258432132698445,10064300
2024-01-03,57.59636688232422,57.71715038448303,56.17480552809691,56.77873721619036,10306300
2024-01-04,57.41983413696289,58.31179188587172,57.354795772625266,57.763608854793894,10568100
2024-01-05,57.679996490478516,58.1259754063131,56.927405076324646,57.28047304714903,7803800
2024-01-08,58.460453033447266,58.59053330983582,57.2247205345195,57.40125273598772,7766600
2024-01-09,57.61495590209961,58.571955670496855,57.50346205665568,58.479041179022374,6921600
2024-01-10,57.86581802368164,58.28392436230008,57.51275359935971,57.624247441549514,8100100
2024-01-11,56.416378021240234,57.78218710688289,56.30488065334409,57.60565492420112,10686000
2024-01-12,56.71370315551758,57.289758772363186,56.602205776005434,56.84377988728996,7796900
2024-01-16,56.07261276245117,56.86237001834484,55.942536014129416,56.360642379681885,11633100
2024-01-17,54.1400260925293,55.75669897746792,53.70333691881233,55.245681767730424,11543100
2024-01-18,53.5639762878418,53.96349971439125,53.17374253767305,53.85200233187148,9626500
2024-01-19,53.20161437988281,53.694052285096824,52.56981360924767,53.62901391835019,12762600
2024-01-22,52.8206672668457,53.694045587341954,52.6441350854575,53.30381189121444,12979900
2024-01-23,53.3131103515625,53.43389386128473,52.8578382520458,53.22019586986263,16081000
2024-01-24,52.969329833984375,54.27010416788488,52.72775928048424,53.98207460334729,14471400
2024-01-25,53.870582580566406,55.15277406190674,53.01579062255622,54.77183355117175,15702600
2024-01-26,54.335140228271484,54.83686775389128,54.09356968500534,54.19577383403806,11650000
2024-01-29,55.34789276123047,55.5523010881265,54.08428409373728,54.32585821540083,10102800
2024-01-30,55.07844161987305,55.51513081232976,54.418764765460764,55.2828499302698,7807700
2024-01-31,54.47450637817383,55.72882156066199,54.288680987795146,55.46866814072656,11124900
2024-02-01,55.51512908935547,55.589460670583684,53.89845264089055,54.25152056307481,8687600
2024-02-02,54.02853775024414,54.84616395108344,53.8705848981404,54.71608721660106,14952900
2024-02-05,52.003047943115234,53.3595675202249,51.928716355387216,53.30381882942889,14293600
2024-02-06,52.24461364746094,52.569808996987966,51.57564359753091,52.030915669138814,10305400
2024-02-07,52.38398361206055,52.653426731777316,51.68714099118901,52.32823492643388,7761300
2024-02-08,52.30036544799805,52.42114895750978,51.464152835781896,52.42114895750978,8143000
2024-02-09,52.56980895996094,52.61626442576784,51.77076218851285,52.01233273730362,8003500
2024-02-12,53.47106170654297,53.54539329475621,52.49548264935799,52.579103913935285,9622000
2024-02-13,51.334083557128906,53.09012675334856,50.79519011896331,52.848556154935906,12759700
2024-02-14,52.04020690917969,52.09595559645824,51.185414970191644,51.46415131793449,8831300
2024-02-15,53.210906982421875,53.57326460560871,52.23532794822844,52.30965599036478,9880000
2024-02-16,52.987911224365234,53.3502688164848,52.33752762021463,52.82996193316432,9943500
2024-02-20,52.59768295288086,53.25735980042182,52.07737250652922,52.71847000270489,13014600
2024-02-21,53.052955627441406,53.2759468487806,52.62555962622694,52.978627583211825,9322100
2024-02-22,52.6534309387207,53.03437500445262,52.328239107394836,52.764928318882546,10426000
2024-02-23,52.75563049316406,53.38743474829506,52.50476672618633,52.774213388235545,10563900
2024-02-26,51.71017837524414,52.44152696806308,51.43826543497221,52.41339927657511,12753800
2024-02-27,52.094608306884766,52.49778859695477,51.372634382265616,51.9820903816792,12421800
2024-02-28,51.60704040527344,52.24462766256043,51.29762148184008,51.897702764753355,13240400
2024-02-29,51.7476806640625,52.37589319453076,51.53202668398129,52.028971885423296,19993600
2024-03-01,51.76643753051758,52.150864841521646,50.89444326318233,51.81331821200262,15398200
2024-03-04,51.541404724121094,51.63516607962437,50.58502387556863,51.363253141191855,11674600
2024-03-05,51.944583892822266,52.98534779326538,51.52265064844459,51.56953132520513,16026100
2024-03-06,52.06647872924805,53.36040629702876,51.81331875445834,52.48841202056423,11074900
2024-03-07,52.741573333740234,52.9478526317887,52.06648005050297,52.58217829562413,10227300
2024-03-08,54.20426940917969,54.532437738766106,52.7978275793524,53.18225486976786,12735600
2024-03-11,54.260528564453125,54.513688540629126,53.34165360098103,53.97924089429094,9681500
2024-03-12,53.58544158935547,54.382423958033655,53.022862643729425,54.073005001424285,9634400
2024-03-13,55.82637023925781,56.604599595094705,55.273169593421066,55.32005027660719,17495300
2024-03-14,55.82637023925781,56.48271053416415,55.42318992567679,55.50757658611855,16996100
2024-03-15,56.33268737792969,56.37956805876567,55.20753315403278,55.507573803503064,32424500
2024-03-18,56.417076110839844,57.326576432617486,55.732608087098384,56.33269302293919,17073700
2024-03-19,57.44845962524414,57.560973967368334,56.50145348013003,56.62334610387834,11433900
2024-03-20,58.32046127319336,58.517362291250755,57.53285362419687,57.6172402857596,14564500
2024-03-21,57.5328483581543,59.43623184535756,57.467214691476016,58.32045593506023,18090300
2024-03-22,57.92665100097656,58.592369533876244,57.87039561563759,58.33920956955101,10046300
2024-03-25,58.70488357543945,58.73301126796238,57.579729376556536,58.13292998236258,11423500
2024-03-26,57.598480224609375,58.98616904021154,57.476587600259464,58.71425610003347,13829600
2024-03-27,59.811279296875,59.87691295791494,58.151677631794435,58.28294495387432,13409000
2024-03-28,59.923805236816406,60.25197718232832,59.43623824841893,59.698772943414895,12830800
2024-04-01,59.42686080932617,60.0550733993056,58.8455289017591,59.923802481077466,13175200
2024-04-02,58.958045959472656,59.38935395411273,58.47047900070994,59.32372028435301,9905300
2024-04-03,58.648624420166016,59.061182985229934,58.001662456906566,58.77989175386214,10551400
2024-04-04,59.75502395629883,59.98943092470269,59.04242834612836,59.39872436283035,10690100
2024-04-05,60.17695999145508,60.345733302634684,58.976797402414896,59.1174394438868,10278100
2024-04-08,60.81454086303711,60.870796243000825,59.9425467059368,60.14882597051381,8054900
2024-04-09,61.30210876464844,61.75217329860804,60.74891174422145,61.08645835630788,9188000
2024-04-10,60.01756286621094,60.23321327358254,59.07055670024943,59.5393706423149,10783400
2024-04-11,59.951927185058594,60.74891305338616,59.37059888325217,60.598889154322194,12145600
2024-04-12,59.14556884765625,60.29884714305525,59.023676220812774,60.12070270887097,9039500
2024-04-15,58.836151123046875,60.31760493191738,58.414217849839034,59.56749974542939,11147100
2024-04-16,57.85163497924805,58.67674843053556,57.48596071582692,58.592361786917905,11594100
2024-04-17,59.811279296875,59.93316833779702,58.05791270404718,58.357956896072125,15653700
2024-04-18,60.01756286621094,60.3738588869088,59.19244932668108,59.867538971054124,10135000
2024-04-19,60.28947830200195,60.852053625017724,59.6800187214293,60.21446635132429,13419400
2024-04-22,61.23647689819336,61.405250209196396,59.93317466737725,60.561383654181185,14747200
2024-04-23,62.070960998535156,62.98046116038363,61.03957179108548,61.170839118204555,14349200
2024-04-24,62.408512115478516,62.914832051103375,61.1520941353798,61.79905968982267,12149600
2024-04-25,62.72731018066406,62.933589470595486,61.424007925406514,61.883443609823416,11418500
2024-04-26,61.874061584472656,63.10235896743207,61.64903289703924,63.027347020443266,9982800
2024-04-29,63.214866638183594,63.67430942583724,62.78355869442248,62.83981407514226,9795800
2024-04-30,62.79293441772461,63.280497722343625,62.13659067075658,62.72730075838104,10042600
2024-05-01,64.33065032958984,64.56505730290753,62.57728359390159,62.699179798287986,13991100
2024-05-02,64.5556869506836,64.71508199527096,63.44928561457795,64.58381464637148,10815900
2024-05-03,65.76522064208984,65.89648797642269,64.98698776459275,65.5308136659907,12687500
2024-05-06,66.80599212646484,66.85287638586178,65.87774244938127,65.97150381464152,14042100
2024-05-07,67.46233367919922,67.54672392146442,66.86225231422007,67.21855554273115,13621100
2024-05-08,68.30619049072266,68.34369646482072,67.0216448571464,67.22791698438606,9915000
2024-05-09,69.92829132080078,70.0689369381606,68.0530354987586,68.44683750453947,16627900
2024-05-10,69.18756866455078,70.51899866317498,69.05630132122353,70.20020858753271,12046700
2024-05-13,69.92829132080078,70.01267439909672,69.00003453834596,69.51573275082086,7685500
2024-05-14,70.71590423583984,70.89405585049465,70.00331208428894,70.26584678786392,8176600
2024-05-15,72.2442398071289,72.37550715402075,71.23159985664842,71.23159985664842,12470600
2024-05-16,71.64414978027344,72.58177766074166,71.31597429928314,72.25360217975137,10414200
2024-05-17,71.3440933227539,71.77540839047315,70.82840234327315,71.58787854504475,9490300
2024-05-20,71.13783264160156,71.43787328891516,70.85654140507425,71.25034341338585,7179700
2024-05-21,72.15046691894531,72.15984520130834,70.74402501289543,71.13783418327483,6420100
2024-05-22,71.55976867675781,72.3661293290732,71.40975191658939,71.64415891659888,8773600
2024-05-23,70.62213897705078,71.22222031035017,69.96580225423388,71.22222031035017,9097800
2024-05-24,71.8316650390625,72.29110064981478,70.56586896252247,70.71588568798897,7601100
2024-05-28,72.69429779052734,73.37876937897765,71.56914705046908,71.84106002924885,11986600
2024-05-29,71.8973159790039,72.10359528544245,71.40975256213153,71.98169906607386,6896300
2024-05-30,73.3131332397461,73.37876691148354,71.83167933077661,72.07546460588729,21762300
2024-05-31,75.02898406982422,75.45092093189955,73.25686784829477,73.40689175130824,16196000
2024-06-03,73.33504486083984,75.26019684152291,73.15573926660029,75.02427145957456,15410500
2024-06-04,72.80657196044922,73.41054034276289,72.22147444013926,73.24067378524524,8484300
2024-06-05,72.71220397949219,72.976439249419,72.28753398150599,72.71220397949219,9264600
2024-06-06,72.38189697265625,73.39165721715538,72.31583816039445,72.6083905003,6550600
2024-06-07,71.14566040039062,72.66502049583879,70.7870563976896,71.30608793845123,10059500
2024-06-10,72.6366958618164,72.72162552948387,70.63604635827613,71.22114380173123,11218500
2024-06-11,68.64484405517578,71.07959561629768,67.5218441830834,71.06072475452655,22781500
2024-06-12,68.1918716430664,69.78672226431168,67.38028778615633,69.63573376993381,13930500
2024-06-13,69.06008911132812,69.56968888163422,68.2862540230572,68.47499147878283,10023200
2024-06-14,68.94683074951172,69.39981064706997,68.30511342789573,68.66372461342513,6568500
2024-06-17,68.23905944824219,69.26769792194867,68.12581986572634,68.6354195866628,8445300
2024-06-18,66.47432708740234,66.61587653360388,65.08708491566642,65.20976350233111,29169800
2024-06-20,68.38060760498047,68.786399524795,66.80462787913811,67.00280432371672,14857200
2024-06-21,68.71089935302734,69.54136122585521,68.01256230531621,69.22993802354476,19465500
2024-06-24,69.69235229492188,70.07927335453365,68.182431379096,68.41835674718976,12063700
2024-06-25,68.87133026123047,69.58853813009043,68.31454270001872,69.42811062257204,10753200
2024-06-26,69.23937225341797,69.46585856672723,67.87100094413891,68.70146275938967,11481500
2024-06-27,69.56966400146484,70.20194217188397,69.10725236039845,69.47529530735106,9824500
2024-06-28,66.82349395751953,69.18274746202025,65.92698050575738,69.08837876181428,23935600
2024-07-01,65.96472930908203,67.59732869938009,65.6249962290455,67.4369011893268,11036400
2024-07-02,66.50264739990234,66.62532600579502,65.47400899710402,66.05910653263241,9415200
2024-07-03,67.78607177734375,67.86156961562791,66.57813516427773,66.92730006656923,4487200
2024-07-05,68.03144073486328,68.27680515184834,67.60677792073692,67.94651105198656,7688800
2024-07-08,68.0503158569336,68.49385671466867,67.7011437093851,68.08806478098244,5368700
2024-07-09,68.05975341796875,68.88076909871793,67.64452246227064,68.00312643318297,6220100
2024-07-10,68.79584503173828,69.01289235819303,67.64452797877185,68.19187661048892,6740900
2024-07-11,70.4945068359375,70.97579666923899,69.32431886464995,69.36206779273947,12188700
2024-07-12,71.72130584716797,72.381893942128,70.56054996617222,70.77760445444208,11099400
2024-07-15,66.97449493408203,70.21139128622526,66.77631848801663,69.99433677870361,19575400
2024-07-16,67.8521499633789,68.22019303028381,66.86126035255973,67.51241679394789,10551800
2024-07-17,66.908447265625,68.18244303107552,66.51209430746209,67.71059221425146,11878900
2024-07-18,67.63507080078125,68.28622700518373,66.83292613151228,67.00279265440555,10212300
2024-07-19,67.94650268554688,68.28623577496424,67.41803219084007,67.8710048434829,7752100
2024-07-22,68.79584503173828,69.97547197947085,68.66372738958195,68.84302578972468,9034700
2024-07-23,68.0503158569336,68.9090804794638,67.86157843656045,68.35230004945328,7027500
2024-07-24,71.1645278930664,71.48538292152884,68.22017685602827,68.63540778685777,17813700
2024-07-25,69.30543518066406,71.40988533330973,69.17331755672534,70.95691267976856,13934200
2024-07-26,70.07926940917969,70.7681674133019,69.38092517503084,70.05095951858158,7076200
2024-07-29,70.15476989746094,70.46619313749119,69.41868383911415,70.2680166756187,5977500
2024-07-30,70.09814453125,70.33406990040464,69.0789452085329,70.33406990040464,8505500
2024-07-31,72.08935546875,72.55176717790621,70.48506583297566,70.65493238734113,15618100
2024-08-01,73.97675323486328,74.00506312529154,71.62693873100274,72.02329159673914,11136600
2024-08-02,74.74114227294922,76.02457665459461,73.43883703269276,74.89213794131679,14513100
2024-08-05,72.363037109375,74.55242447690442,72.18373150604124,74.12776164780742,11877600
2024-08-06,72.6366958618164,73.98618911375908,72.35358256985133,72.52344910505636,9050900
2024-08-07,73.1934814453125,74.3259274942076,72.9386852242367,73.3444771317801,8193200
2024-08-08,73.17461395263672,73.8257702807271,72.28753225348414,72.77826105722124,6935900
2024-08-09,73.09910583496094,73.63701531740764,72.05159675863788,73.13685475301139,5041200
2024-08-12,73.21236419677734,73.24067408983619,72.5612078569398,72.97643882145894,5955600
2024-08-13,73.72195434570312,74.08055827789767,73.16516678796225,73.93900163102319,5108900
2024-08-14,73.61814880371094,74.15605831790836,72.75937706708031,73.6087097736737,4620700
2024-08-15,73.05192565917969,73.42940044289946,72.78768323075786,73.17460424390161,5946500
2024-08-16,74.1466293334961,74.35424482322183,72.89150456369698,73.15573984157652,6344200
2024-08-19,74.88270568847656,75.09032115133496,74.01450211640545,74.14661973824799,5617000
2024-08-20,74.53353881835938,75.29793463894937,74.51466075866543,74.88270372412507,5967300
2024-08-21,75.15637969970703,75.48667375315955,74.67508996475028,74.71283888512635,5125300
2024-08-22,74.47692108154297,75.43950064902201,74.042819253024,75.19413624164308,8006600
2024-08-23,75.1752700805664,75.79810936917468,74.703419298338,74.98652544775211,5052900
2024-08-26,76.1000747680664,76.50586662845633,75.4583575748886,75.49610649211903,5378700
2024-08-27,75.12808990478516,76.10010146488523,75.09978000689833,75.83586615144509,5086000
2024-08-28,74.93932342529297,75.61878231101215,74.73170798804425,75.24130755223577,5462400
2024-08-29,75.52442932128906,75.66598598519167,74.27874363871395,75.05257857486104,5179200
2024-08-30,76.4695053100586,76.68795840957013,75.48169816284458,75.5956711725015,6808200
2024-09-03,75.9186019897461,77.10586899994072,75.63365500869828,76.71644194227557,9883900
2024-09-04,77.01089477539062,77.44780819782633,76.28903435086484,76.37452135009318,7517700
2024-09-05,76.29853820800781,78.01769873001565,76.20355828488374,77.84673196979085,8494900
2024-09-06,75.96609497070312,77.11536855794341,75.80462115124578,76.80192833055897,8181500
2024-09-09,77.11536407470703,77.16285040407863,75.28222364211084,76.08956370645063,6918000
2024-09-10,78.1696548461914,78.25513458385201,76.9823879575585,77.38130789297868,9588000
2024-09-11,79.24295043945312,79.37592376625265,77.62827018745725,78.54958330985316,10216500
2024-09-12,79.27144622802734,79.7558532177453,78.55908599170809,79.24295297801507,7856600
2024-09-13,80.40172576904297,80.47771259911424,79.30943863790299,79.68936554175642,6734400
2024-09-16,80.39222717285156,81.26605399621877,80.13578067448408,80.81964041896508,8791400
2024-09-17,80.70567321777344,80.73416647002816,79.95531950688333,80.53470645774146,7415100
2024-09-18,80.05029296875,80.7246597881945,79.31893964939565,80.24975296493756,9286200
2024-09-19,78.16014862060547,79.59436893986829,77.38130189192329,79.43289514819526,13965200
2024-09-20,78.60657501220703,79.5563886055273,77.93220823052995,78.12216805059295,26032300
2024-09-23,80.56319427490234,80.67717452273533,78.77754720453768,79.46141419852934,7916000
2024-09-24,80.05978393554688,80.99059714414044,79.70835031797458,79.9742969490013,8205300
2024-09-25,80.37322998046875,80.93361652991061,79.64186944551597,80.3637298153842,8354700
2024-09-26,79.27144622802734,80.35423320751238,79.0624860659332,80.021799879864,8462500
2024-09-27,80.29724884033203,80.58218859452644,79.55639533432205,79.56588825357625,8200900
2024-09-30,80.28775024414062,80.68667025571332,79.79385031264634,80.25925699281449,13884400
2024-10-01,80.99059295654297,81.44650661937462,79.61336629714845,79.88881307832771,9112600
2024-10-02,81.14257049560547,81.29453689285708,80.2497434548074,80.51569008487436,8403800
2024-10-03,80.78165435791016,81.7789543490121,80.49670736245068,81.351541102326,7031500
2024-10-04,79.6418685913086,79.86032890689367,78.8440286488295,79.29993511695965,8341800
2024-10-07,76.26052856445312,79.35692267574156,76.16554866153673,79.35692267574156,11971600
2024-10-08,76.45999145507812,77.70424489776448,76.45049129047298,76.72593809200323,10098300
2024-10-09,76.5359878540039,77.02988777772562,75.66216101007142,75.66216101007142,10102500
2024-10-10,76.8779067993164,78.4166000273608,76.76392657088641,76.93489329028044,7928400
2024-10-11,77.75173950195312,77.77073258491208,76.35551239313963,76.91590616821216,7057000
2024-10-14,78.7490463256836,79.01499296502817,77.51428578986672,77.78973259390287,5815200
2024-10-15,78.63506317138672,79.83183025053748,78.52108293882402,78.83452314349482,15824900
2024-10-16,80.15476989746094,80.39222329975144,78.57808307443345,78.9105163883396,8061600
2024-10-17,79.57537841796875,80.38271848980456,79.49939159446595,80.06928552423462,6153000
2024-10-18,80.145263671875,80.17376416505701,79.3569239432258,79.7083503142796,8595300
2024-10-21,79.81283569335938,80.6961626317153,79.46140929892383,80.50620281020974,7053800
2024-10-22,79.4993896484375,80.00279690694411,78.96749638994254,79.02448288292354,8358500
2024-10-23,80.69615173339844,81.68395861412623,78.83451819735437,80.34471813992263,10825100
2024-10-24,78.65406036376953,80.3067412130327,78.35962047239046,79.78434084461574,9705100
2024-10-25,77.34332275390625,78.95800299651695,77.21034942787962,78.73954992368868,6580700
2024-10-28,78.7110595703125,79.63237272124589,77.51429234554433,77.92271250379441,8679600
2024-10-29,75.5671615600586,76.64994839640165,75.48168182132197,75.93758825425479,19232900
2024-10-30,75.1207504272461,75.88060416823487,74.93079061525007,75.74763085053718,11650200
2024-10-31,75.27274322509766,75.8426300525799,74.21844933332864,74.45590278198826,13034700
2024-11-01,73.46807861328125,75.47218583724253,73.10715206334366,75.40569917681975,14615300
2024-11-04,74.4368896484375,74.86430284231925,73.2306223960564,73.46807578076897,11759100
2024-11-05,74.70283508300781,74.83580839659622,73.10714807344489,73.86699454444974,9051700
2024-11-06,70.78010559082031,71.21702621946658,69.0419522271735,70.57115268792757,28637800
2024-11-07,70.8750991821289,71.32150552322874,69.87779192273884,69.9157853393969,16311300
2024-11-08,73.10713958740234,73.31609969778644,70.93206600117891,71.21701292379382,14657100
2024-11-11,72.10034942626953,73.27811618891609,71.93887561684443,73.11664962599322,10275700
2024-11-12,70.53315734863281,71.99587110795458,69.925277246902,71.81540421176804,12569800
2024-11-13,70.51415252685547,71.27400622886009,70.21021249535401,70.88457921379468,12451500
2024-11-14,71.5019760131836,72.35680981444183,69.9537822511574,70.17223534972673,13780200
2024-11-15,72.51826477050781,72.84120515315846,71.51146470310181,71.66343110643551,12930300
2024-11-18,72.55626678466797,72.82221345690735,71.53046626617035,72.47078703137817,9044300
2024-11-19,73.21163177490234,73.43958500286891,71.91988473892101,72.48027126736017,7942200
2024-11-20,73.02166748046875,73.61055452541304,72.5277675934046,73.31611462619226,7065200
2024-11-21,73.47757720947266,73.62005069205212,72.52776365427937,72.93618377287258,8908500
2024-11-22,72.66960144042969,74.1421179239727,72.44012053113119,73.84570477883436,8165400
2024-11-25,73.28155517578125,73.72139662356373,72.50705254980194,73.36761507592703,20803100
2024-11-26,74.09430694580078,74.37159972476591,73.11900759829126,73.62578128930569,10563600
2024-11-27,75.07917022705078,75.90148473265964,74.4480958942967,74.70626100881731,8689700
2024-11-29,75.22261047363281,75.52858750370406,74.88794923684675,75.13655785348833,6186500
2024-12-02,73.69271087646484,75.58594839423709,73.53016220690184,75.46164046275187,11361500
2024-12-03,72.9468994140625,74.17080741095555,72.8895310064166,73.69271789372752,9806900
2024-12-04,72.42100524902344,72.68873423815877,71.80905118955188,72.66961386539246,8310200
2024-12-05,72.86083984375,73.18594451040019,72.11502136064334,72.32538191640515,6487200
2024-12-06,71.94290924072266,73.1476968789955,71.63693223839098,72.85128370972434,7079200
2024-12-09,71.42658996582031,72.31583699633764,71.29272544897418,72.19153631500025,9269700
2024-12-10,70.89111328125,71.25445868940194,70.13573096595476,71.23533831847485,8619200
2024-12-11,70.7381362915039,71.2831581118471,70.35566317484407,70.94848957535228,7472800
2024-12-12,70.01142883300781,70.8337433717154,69.88712089188206,70.60425515505261,6969600
2024-12-13,70.39391326904297,70.51821393517875,69.74371114027859,69.84889143280431,7671200
2024-12-16,69.60028076171875,70.96761722933441,69.57159655461186,70.4703999892553,9767000
2024-12-17,69.10305786132812,69.4185987037934,68.6536598283511,69.14130589936035,7723000
2024-12-18,67.42974090576172,69.36122660066304,67.34368829607219,68.80664102132964,12496000
2024-12-19,66.71260833740234,67.88871176513493,66.6552399294871,67.42974261661152,13731700
2024-12-20,68.52934265136719,68.82576308242778,66.28232360884383,66.53093217503667,27547500
2024-12-23,69.31342315673828,69.35167119738264,68.12776307703415,68.21381569718311,7509000
2024-12-24,69.71501922607422,69.71501922607422,68.87357697888098,69.24648623113532,3001800
2024-12-26,69.19868469238281,69.70545845255991,69.10306094550077,69.30386497789893,4503800
2024-12-27,68.95006561279297,69.25604258918251,68.53890836685703,68.74926890594982,5458100
2024-12-30,68.61540985107422,68.75883816587455,67.86959136819306,68.53891377717176,8399000
2024-12-31,68.54847717285156,69.23692724344728,68.27118437802456,68.71102585755692,6216500
2025-01-02,68.47198486328125,69.43772778179,68.16600784787133,69.29429946002058,5344800
2025-01-03,68.8353271484375,69.49509302143142,68.45285407286035,68.76839490734154,5088900
2025-01-06,68.11819458007812,68.7875243029339,67.73572149488443,68.65365981737621,7025900
2025-01-07,67.34369659423828,68.74928108623375,66.98990768898643,68.32855993350917,8975400
2025-01-08,67.5636215209961,67.60186226692896,66.41620217617675,66.9516601600517,7930600
2025-01-10,64.42733764648438,66.99946146107175,64.13092449434386,66.92296539114298,16261800
2025-01-13,64.0257568359375,64.40822996586718,63.00264540803981,64.27436546465202,17056600
2025-01-14,65.00106048583984,65.02974469253721,63.94925760648445,64.04488135556609,10699100
2025-01-15,66.25364685058594,66.97078113376365,65.98591788541034,66.23451918446358,12416500
2025-01-16,68.24250793457031,68.2903125145902,65.87118045453309,65.93811270261526,11469500
2025-01-17,67.65923309326172,68.69190094548726,67.64010542660776,67.97476664237841,12664600
2025-01-21,67.74528503417969,68.7301483001092,67.6783527916913,68.23293839806217,12153800
2025-01-22,65.48870086669922,67.4775550346767,65.34527255067896,67.46799120159076,14415200
2025-01-23,66.19628143310547,66.31101825475473,65.27834308950638,65.83292871103615,10780100
2025-01-24,69.63851928710938,70.8050588505068,65.02017290220988,65.11578934452326,24588500
2025-01-27,70.5947036743164,70.69032012390849,67.54449005537678,70.08792992591762,19128900
2025-01-28,67.44886779785156,69.68632316492543,66.85603418932078,69.16042908991926,16630500
2025-01-29,67.78352355957031,68.38591365742884,67.51579462718875,67.64965909337953,9496700
2025-01-30,68.17556762695312,68.84489002864929,67.68791427996476,68.83532619574876,8639200
2025-01-31,68.42417907714844,68.58673508031535,67.82178882621687,68.37637449568486,10708600
2025-02-03,67.9365234375,68.64409388164279,67.11420888279333,67.4106220495828,9128300
2025-02-04,66.8369140625,67.74528120131606,66.56918510769388,67.17157525600766,10574700
2025-02-05,66.1675796508789,67.68790795709607,66.11021124896872,67.64965992413383,9026100
2025-02-06,66.23452758789062,66.56919613188796,65.2687918831331,66.35883554825584,9145300
2025-02-07,65.2783432006836,66.34926640666146,65.2114109562517,66.11022163439503,9320400
2025-02-10,66.64566802978516,66.68391606212155,65.10621937981003,65.3452641106128,9121300
2025-02-11,67.2480697631836,67.29587433539166,65.69905718132136,66.36838684783469,7020100
2025-02-12,66.24407958984375,67.11420597670849,65.95723026845548,66.2727637924759,8574000
2025-02-13,65.59387969970703,66.60743442752818,65.55563166327349,66.37794620892696,15173000
2025-02-14,65.0775375366211,65.99546846074588,64.90542503240604,65.59387504926626,14184600
2025-02-18,65.49826049804688,65.54607236534221,64.57076571502444,65.0201710053604,12090900
2025-02-19,66.03372192382812,66.46400686727749,65.41221138617978,65.53651203469603,8843000
2025-02-20,67.06639862060547,67.35325525635784,65.80424255441616,66.05285115239707,9340500
2025-02-21,68.44329833984375,68.81620758677373,66.94209751897847,67.06639816959938,16742500
2025-02-24,67.69747924804688,68.3285536237901,66.85603702029968,68.17556877015153,11970900
2025-02-25,68.15644836425781,68.56760568886821,67.58274233563277,68.07995228175635,14063400
2025-02-26,67.89828491210938,68.50067516305397,67.42019532705453,68.07039745453186,8010500
2025-02-27,66.33970642089844,67.80266663987827,66.27277417258442,67.47756193730456,9379800
2025-02-28,67.6479263305664,67.6961321571288,66.78991557502627,67.08877110521904,11247700
2025-03-03,69.04581451416016,69.12293353954722,67.4840384060425,67.53224423268884,9492200
2025-03-04,68.3034896850586,70.45334169025794,68.21672801859151,69.37359436921395,17869500
2025-03-05,67.94678497314453,68.34204477660447,66.89595833214788,67.99498344152082,7722400
2025-03-06,67.4936752319336,67.59007952175043,66.5392529037722,67.50331051229219,7482300
2025-03-07,70.21232604980469,70.491903673364,67.541882026083,67.65757160123137,13469300
2025-03-10,73.42263793945312,73.54796279255025,69.87490531035893,70.376212077924,25263700
2025-03-11,71.36919403076172,73.51904604878919,70.56902433329853,73.17198467049619,14836800
2025-03-12,70.2990951538086,70.74256087270626,69.20006981671926,70.37622154540233,12110700
2025-03-13,70.11592864990234,70.90645576995583,69.46036903655232,70.5690296480197,11252600
2025-03-14,70.90644073486328,71.03176557732031,69.73028926425937,70.16411225022105,8699300
2025-03-17,69.51820373535156,70.79075964907622,68.51558281011746,70.79075964907622,14954000
2025-03-18,68.15886688232422,69.61459586447259,67.74432183529557,69.61459586447259,15212100
2025-03-19,67.966064453125,68.62162395056787,67.48403562721631,68.46737119579252,9457000
2025-03-20,68.59270477294922,69.49891398230493,68.05282747558854,68.48665784070924,11815600
2025-03-21,68.33240509033203,69.37358914052427,67.64792502636573,68.46737257589291,15782000
2025-03-24,67.55152893066406,69.20970950333627,67.39728350923122,68.39989713648782,12385400
2025-03-25,66.12471771240234,67.94679363136017,65.9608296597225,67.94679363136017,12618800
2025-03-26,67.22373962402344,67.32977919316667,66.21147620286044,66.29823785629829,9154600
2025-03-27,67.51295471191406,68.46736970701075,67.1080522721974,67.25266238786078,8748800
2025-03-28,67.91786193847656,68.41917606075206,67.64792695964046,67.90822665721565,7846900
2025-03-31,68.342041015625,69.17113111990128,68.08174870622459,68.16851035763285,13347100
2025-04-01,68.3709716796875,68.99761066819612,67.9853471209763,68.44809806246508,8715800
2025-04-02,67.94678497314453,68.72766929949476,67.60935891863052,68.53485336046161,8480100
2025-04-03,69.547119140625,70.3376461291711,68.8047979772441,69.09401086270658,13652700
2025-04-04,64.5051040649414,70.78111437942673,64.45689823799972,70.17376067791487,20993500
2025-04-07,62.721588134765625,64.85215465115175,61.63220564196016,63.14577585293022,19494900
2025-04-08,61.80574035644531,64.18696407620037,60.92844798773371,64.042353948712,14232600
2025-04-09,65.15101623535156,65.35346745451682,59.50163794947017,61.11161242224336,23207800
2025-04-10,64.32193756103516,65.0739014678351,62.89512878146239,64.3990639502396,12801900
2025-04-11,63.444637298583984,64.5822257220973,62.27812831979796,64.06163366165798,14856900
2025-04-14,65.25706481933594,65.67160990391442,63.58924184505243,64.09055594300492,11588800
2025-04-15,65.2281494140625,65.98011326515604,65.10281720209574,65.42095801761278,7851700
2025-04-16,63.28074645996094,65.60412903350756,62.952970374412025,65.50771737994471,11356100
2025-04-17,63.926666259765625,64.9196445531805,63.598890159296445,63.666373906756384,11212300
2025-04-21,62.35525131225586,63.68564826867354,61.35263043800249,63.454276483900124,11568700
2025-04-22,64.24481201171875,64.39906479214419,63.00117655145383,63.10722349920197,14352000
2025-04-23,64.85215759277344,66.61638493133471,64.58222261630698,65.12209992441637,19476200
2025-04-24,63.96522521972656,64.78467277185855,62.89512061282345,64.63042736865995,13724700
2025-04-25,63.714569091796875,64.46654026704901,63.0108110982087,64.26408903511913,9640200
2025-04-28,63.81098556518555,63.95558834521873,62.93368947204019,63.78206500917891,7123500
2025-04-29,64.83287811279297,64.97748823389394,63.35787105895094,63.676011854337816,8891500
2025-04-30,64.4761734008789,64.79431419267749,63.1072132942729,64.60150560350174,13763500
2025-05-01,63.67601776123047,65.19922342662181,63.56997081959742,65.06425592912102,11487900
2025-05-02,64.67861938476562,64.94856168498332,63.61815751988221,63.72420444188811,13333200
2025-05-05,63.72421646118164,64.6207904721355,63.51212257716591,64.59186991616554,7117800
2025-05-06,64.14839935302734,64.48581807232331,63.00116835224459,63.444634005487366,7943000
2025-05-07,64.93891906738281,65.53663741383512,63.598879621863276,63.8784572022115,9961300
2025-05-08,65.86442565917969,66.88632452786776,64.50510804660188,64.85216207233348,13030100
2025-05-09,67.78289794921875,67.95642863817078,65.98974994844009,66.21148646689204,17326200
2025-05-12,67.18517303466797,68.43844343696401,66.23075076413609,68.36132442287263,18943800
2025-05-13,69.51820373535156,69.87490774452941,67.44547813776073,67.55152507683584,22962500
2025-05-14,69.59532928466797,69.83634371509812,68.20708381173372,69.21934736161106,15238900
2025-05-15,71.87051391601562,72.14044893063866,69.84598659598785,70.3762213426956,17789900
2025-05-16,72.30433654785156,72.30433654785156,71.06070107660722,71.87051347063544,12829800
2025-05-19,71.2052993774414,71.58128127654045,70.53046195730883,71.55236072355994,14438400
2025-05-20,71.73553466796875,72.50677638992529,71.17637945480625,71.34026749326468,8046700
2025-05-21,68.96868896484375,71.66804612051364,68.79515828407253,71.40775377694509,16133100
2025-05-22,64.5340347290039,66.51999154315726,61.58401638881017,66.42358722934763,40207600
2025-05-23,65.32454681396484,65.50771276143216,63.5988827803611,64.6015035942794,17161100
2025-05-27,65.59449005126953,65.91263087332642,65.04497742916077,65.31491242175078,10910700
2025-05-28,64.79431915283203,65.70053577271871,64.4279798632835,65.44987870346088,7835700
2025-05-29,66.51033782958984,66.61638476367426,64.37012858559729,64.37012858559729,11570200
2025-05-30,68.10104370117188,68.1492495341613,66.03796055827641,66.3271808458581,18802700
2025-06-02,68.17587280273438,68.22446127716941,67.09710931340831,67.78712793379577,9366900
2025-06-03,68.95335388183594,69.07970022540908,67.89403173314993,68.32165182273626,11014300
2025-06-04,67.91345977783203,69.14772405180825,67.82599608416126,69.14772405180825,10894900
2025-06-05,69.48787689208984,69.97380610112543,67.78712466046527,68.32164975628095,10967200
2025-06-06,70.12930297851562,70.25564189631852,69.45871833586679,69.60449857314143,9286000
2025-06-09,69.87661743164062,70.42085573948577,69.31293780440623,70.19733246934545,7062600
2025-06-10,70.76101684570312,71.00398147699829,69.9057840128333,70.26537433643931,9888000
2025-06-11,70.94566345214844,71.42187199372741,70.51804338192746,70.78044930308712,12000200
2025-06-12,71.76202392578125,72.33542426322,71.19835166358489,71.3538451589417,11022200
2025-06-13,72.67556762695312,73.13234224660472,71.32468508759976,71.7134299180282,13213400
2025-06-16,71.70372009277344,73.180949188675,70.5180515174212,73.08375740536385,14546000
2025-06-17,69.8377456665039,71.54821853762243,68.46742175463562,71.26637871004615,12971300
2025-06-18,69.555908203125,70.40142771459291,69.37125272695936,69.94465306177777,7203300
2025-06-20,69.51703643798828,70.51804949395647,69.48788186970833,69.84747217944204,15182700
2025-06-23,68.73954772949219,70.28479902273189,68.15642675913872,69.76971525831866,8671300
2025-06-24,69.39070129394531,69.59479069774403,68.69096195823987,69.02139030304953,9001300
2025-06-25,68.36051940917969,69.12828846989665,68.16615068620717,68.65207990832995,12839000
2025-06-26,68.99223327636719,69.19632267289829,68.31193528793017,68.41884031678342,8010800
2025-06-27,68.89503479003906,69.79886331213648,68.37023041449632,69.49758960966749,14275000
2025-06-30,67.4664077758789,67.71909303384786,65.3088809598395,65.92115649204538,20894500
2025-07-01,71.00397491455078,71.09144602937255,65.6393196138391,67.61219105126513,23841100
2025-07-02,70.96510314941406,71.67456310430067,70.5374904589856,70.74157985060432,11240100
2025-07-03,71.80089569091797,72.93797565041244,70.43057920698114,70.94566297096772,8560900
2025-07-07,72.64640808105469,72.75331308745956,71.43158520344508,71.62595389798645,11368300
2025-07-08,70.42086029052734,71.33440957889891,69.25463315129281,70.80960514183597,19550700
2025-07-09,71.57737731933594,71.81062127446106,70.63467342339524,70.8193289041606,8818700
2025-07-10,72.53950500488281,72.73387370459622,70.94565794022292,71.23721840448364,6955100
2025-07-11,72.3062744140625,72.34514964411109,71.41216636702092,71.77174926925939,8094100
2025-07-14,72.92826080322266,73.69602988770359,72.08274126126959,72.30627197282904,10420500
2025-07-15,72.59782409667969,73.41418905985009,72.10218161997113,73.21981291876588,8880100
2025-07-16,72.66584777832031,73.19065219305345,72.17020534331485,72.94768759815983,8906300
2025-07-17,73.0643081665039,73.34614796664553,72.27710530676762,72.41316487722351,7174600
2025-07-18,73.8126449584961,74.20138981430797,72.860227847183,73.13234702184388,7986300
2025-07-21,74.02645874023438,74.93028742442054,73.82236934892677,74.19167290252743,8349900
2025-07-22,75.35790252685547,75.41621165916104,74.2013886381865,74.2013886381865,9032600
2025-07-23,70.7707290649414,76.25200989993178,70.04183525800448,75.31902671681546,21219500
2025-07-24,69.94464874267578,70.91650712194944,69.34209387823735,70.87763189701558,11166100
2025-07-25,69.82803344726562,70.67355303220235,69.07970564645586,70.07099807819883,8074800
2025-07-28,69.3323745727539,70.26536516001087,68.97279171080037,69.876620317769,8157200
2025-07-29,69.92520904541016,70.2459240975382,69.05054241552088,69.62393531354567,7588500
2025-07-30,68.99223327636719,69.98353310488051,68.93392413869886,69.87662807602727,6940300
2025-07-31,69.06025695800781,69.21575786427205,67.72881566790404,68.42855491671048,8845200
2025-08-01,68.41883087158203,69.76971341548366,68.36051432727231,69.41984380838919,6628500
2025-08-04,68.54517364501953,69.20603767172673,68.20502467863157,68.51601907857076,6543600
2025-08-05,69.17688751220703,69.91550203962548,68.67152436062084,68.86589309245586,7178900
2025-08-06,68.55489349365234,69.49759734268757,68.5062976070189,69.42956755021551,7720200
2025-08-07,70.53749084472656,70.6152413032994,68.68123757343237,68.68123757343237,7418600
2025-08-08,70.37226867675781,70.94566156045502,70.1973338722129,70.61523327114294,5575700
2025-08-11,70.41114807128906,70.96510714103933,69.11858185166659,70.75130449114508,8420000
2025-08-12,69.8377456665039,70.73185362073062,69.13800642765126,70.64438992321965,8671100
2025-08-13,70.26536560058594,70.2750788460518,69.19631542404487,69.87662075590656,8122300
2025-08-14,70.20703887939453,70.469444762767,69.34208561805144,69.77942628544218,6781000
2025-08-15,73.28785705566406,74.5318348174059,69.76000576215462,70.20705980686232,23398400
2025-08-18,73.58911895751953,75.13437024865478,73.19065345596674,73.9681431389184,12568400
2025-08-19,74.35688781738281,74.4249176083901,73.32671287752662,73.66686924725421,8047300
2025-08-20,74.03617858886719,75.08578751666914,73.69602960708647,74.56098305276817,11011600
2025-08-21,73.9389877319336,75.24127440916247,73.45305853929159,74.31801190901908,8637100
2025-08-22,74.17222595214844,74.92055358868262,73.30727264907925,74.49294097410187,13128900
2025-08-25,73.20038604736328,74.05561890625616,72.99629664062836,73.6765946630781,6337700
2025-08-26,72.73387908935547,73.61827379231491,72.33542100103647,73.31700006104752,7162700
2025-08-27,71.81061553955078,72.89909960102597,71.33440700658272,72.80191524537611,10119000
2025-08-28,70.60304260253906,71.96437884568903,70.41696669064899,71.74891544789511,10917200
2025-08-29,70.56388092041016,71.32779124170233,70.33862167263057,70.90666023483246,11280500
2025-09-02,71.15150451660156,71.16130034628127,70.01542737867544,70.77933770906016,8661500
2025-09-03,70.15253448486328,71.13190817151404,69.88810687716001,70.6324329711825,7722300
2025-09-04,69.40821838378906,71.00459486108034,68.71286393765502,70.56387967489192,14596800
2025-09-05,69.4375991821289,70.25048117401677,68.81080059060851,69.78037849436215,10067600
2025-09-08,68.33090209960938,69.37883169558867,67.8118352163713,69.36904333811412,12596500
2025-09-09,68.62471771240234,68.86956114757889,68.10565082535264,68.22317836416771,7294500
2025-09-10,69.57470703125,69.8587262947154,68.1839982007876,68.55615750876215,9254400
2025-09-11,69.84893035888672,69.96645789008063,69.05564007140528,69.50615106627302,7418300
2025-09-12,70.1623306274414,70.99479677040905,69.34944867060187,69.68243961100589,9345600
2025-09-15,70.02522277832031,70.71078141111477,69.82935101810152,70.1035744712193,10399100
2025-09-16,68.3896713256836,70.06439955549578,68.33090381921434,69.81955611595549,7930200
2025-09-17,68.8597640991211,69.54533018869746,68.65409651385674,68.83038408294455,10799600
2025-09-18,69.32987213134766,69.623679787845,67.93916312998455,68.55616593345518,8488500
2025-09-19,69.6138916015625,69.92729091915078,68.91853709916441,69.51595571582162,14819300
2025-09-22,70.85768127441406,71.04376465683929,69.7999559511989,69.92727930634369,9856700
2025-09-23,70.82830810546875,71.12212321432037,70.24068535979414,70.61284468858139,7795900
2025-09-24,72.30716705322266,72.356131258384,70.56388294246682,70.70099467216478,11281800
2025-09-25,73.1102523803711,73.36489164910112,72.0721111180235,72.53241797887166,12916500
2025-09-26,74.2854995727539,74.29529540270279,73.09066236797503,73.18860572340591,8271500
2025-09-29,74.63806915283203,74.71642084250983,73.7174554791887,74.1190022847662,10366000
2025-09-30,73.93292236328125,75.11796370522694,73.5705588575466,74.88291609717895,9392700
2025-10-01,77.04732513427734,77.07670514897055,74.64786262197596,74.7555943238698,15044800
2025-10-02,76.56743621826172,77.2627906491031,75.94063764758701,77.01794722393241,9266600
2025-10-03,78.40866088867188,79.6818497663622,76.04837401089767,76.8318685362212,12116600
2025-10-06,80.41637420654297,80.67101345786668,78.49680267262723,78.49680267262723,15767600
2025-10-07,81.49368286132812,82.86480750512878,80.7101884020336,81.41533117379021,16109700
2025-10-08,82.30657196044922,82.6493512831821,81.1607064507298,81.9735809954881,13775600
2025-10-09,81.98336791992188,83.07047327680952,81.7287286769679,82.71789816257417,7486100
2025-10-10,81.63079833984375,83.08027473797048,81.4838907869481,82.16945687645165,10285600
2025-10-13,82.56120300292969,83.27614159451693,81.29781007760052,81.41533013538029,8424300
2025-10-14,82.89419555664062,83.09006732244721,81.70915418784425,82.43388868776333,8912900
2025-10-15,84.02046966552734,84.70602825893097,83.0802718208474,83.31531941401032,9268600
2025-10-16,83.29573822021484,84.95087473289884,83.2271823584117,84.44160368407958,8333700
2025-10-17,82.78646087646484,84.04985389511073,82.43388573302745,83.68748292212545,9142200
2025-10-20,83.0215072631836,83.57974998676322,82.57099624696394,83.43284990584374,5225700
2025-10-21,82.25759887695312,83.35450016297128,81.31740097694987,83.24676845309321,7282200
2025-10-22,81.13130950927734,82.48284992720666,80.76894604118856,82.33594238542808,9208900
2025-10-23,81.5328598022461,82.15965836692752,80.86688539326853,82.15965836692752,5630800
2025-10-24,82.66893768310547,83.03130117035595,81.6405923083048,81.85605571803663,6249800
2025-10-27,84.2555160522461,85.4895289747312,82.06172111273891,82.25759285889863,18741000
2025-10-28,81.84626007080078,85.7245790385099,81.19987731219679,85.71478320931077,13998100
2025-10-29,80.07360076904297,82.06172830779009,79.37824629557169,81.5818372572029,11681500
2025-10-30,79.95606994628906,80.87668363463618,79.7601981909945,80.13235751486556,7620100
2025-10-31,79.72102355957031,80.33802632296991,79.19216084578697,79.6622560544642,9407300
2025-11-03,80.09317779541016,80.40657707193988,78.93751656220154,79.62308261662965,8508200
2025-11-04,80.00504302978516,80.5143140857349,79.13340100092883,80.09318307961104,6474500
2025-11-05,80.44576263427734,80.92565369993365,79.4370088245792,79.74061230888822,7291000
2025-11-06,80.30864715576172,81.25864088471423,80.29885132613566,80.4261746951883,6212700
2025-11-07,82.1988296508789,82.2673855065866,79.93647894049668,80.22049819186515,9167100
2025-11-10,83.0215072631836,83.70707335293149,81.96378932042066,82.44368035282422,11701700
2025-11-11,83.9910888671875,84.05964472588859,82.80604761133819,82.94315932874038,11733900
2025-11-12,84.11841583251953,84.48078683167351,83.2565695707834,83.66790477715547,7604800
2025-11-13,82.25759887695312,84.15758633622585,82.19883884321189,84.01067877984406,11859300
2025-11-14,82.14986419677734,82.747282758308,80.82771118120382,81.78750070577013,8352100
2025-11-17,83.98129272460938,84.00087691043875,81.96378534291559,81.96378534291559,11607900
2025-11-18,82.89419555664062,84.90191478028827,82.87461136887153,84.34367202850768,11061200
2025-11-19,82.53182220458984,83.57975181287307,82.18904288824088,83.36429586547422,11138700
2025-11-20,82.56120300292969,84.7060262497195,82.46325965874243,83.0410940069293,10967000
2025-11-21,82.3117446899414,83.4850861514871,80.49749060880431,83.00194554967416,13930100
2025-11-24,83.0512466430664,83.60340731627925,81.84831872845987,82.59767749278446,13291500
2025-11-25,83.64285278320312,84.14571019844256,83.0019476698657,83.5048126077305,7916800
2025-11-26,84.3429183959961,84.490820737837,83.50481515573178,84.05697587447051,6550600
2025-11-28,85.0824203491211,85.25990165014609,83.95837461683792,84.24431713085738,4123300
2025-12-01,83.46537017822266,84.47109251560566,83.20900663237003,84.39221026724712,7986600
2025-12-02,83.39635467529297,84.08655557980269,83.07097102489881,83.72173832568713,7087000
2025-12-03,83.76116943359375,84.76689931891258,83.31746994000484,83.47523444069229,9615100
2025-12-04,82.22300720214844,83.62313336268085,81.58210205123194,83.33719083311424,12489600
2025-12-05,81.96664428710938,83.02166999708997,81.8976241947789,82.34133123629698,8194600
2025-12-08,79.42274475097656,81.9962196662121,79.2847045850166,81.97649534386076,18136600
2025-12-09,78.52548217773438,80.00449051737924,78.38744200117755,79.66925223791993,13760400
2025-12-10,80.1326675415039,80.77357265195303,78.525481207101,78.9297470924671,13341100
2025-12-11,80.0735092163086,81.25672038106993,79.93546904214689,80.11295034072984,9494100
2025-12-12,80.50735473632812,81.11867336341211,80.19183326094193,80.69469067561579,7783100
2025-12-15,80.50735473632812,81.08909440050486,79.40302581116377,80.86231733646576,9489800
2025-12-16,80.18197631835938,80.70455809073789,79.06779268145095,80.4974978142837,6616600
2025-12-17,79.1663818359375,80.17210412757535,78.53533892302259,79.8368658712377,10212000
2025-12-18,79.71855163574219,80.04393529072449,78.88044837626948,79.27485212267598,9201300
2025-12-19,78.4268798828125,80.0044872086641,78.41701772128762,79.44246436374743,30492300
2025-12-22,78.91989135742188,79.05793154351359,77.61836422953864,77.91416140432405,7136200
2025-12-23,78.67338562011719,79.57064678032629,78.63394449445819,78.91002485144561,7875000
2025-12-24,79.32414245605469,79.34386677946817,78.57478366409777,79.01848314677292,3011300
2025-12-26,79.28471374511719,79.51149081998415,78.92975112803127,79.35373383607136,3636400
2025-12-29,79.14665985107422,80.11294857149157,79.0973640886053,79.29456218373123,5854600
2025-12-30,79.40303039550781,79.54107057879496,79.02835097267497,79.07764673949136,4075900
2025-12-31,79.15652465820312,79.5607905461354,79.08750457033973,79.5607905461354,5036200
2026-01-02,79.79742431640625,79.8861611993236,78.47617305284629,79.3241383729725,8852900
2026-01-05,80.18197631835938,80.20169312070584,78.1409449960244,80.02421933171013,8301900
2026-01-06,79.91575622558594,80.44819262525499,79.37345014103789,80.1129543348985,7254500
2026-01-07,77.27325439453125,79.65938591921551,77.26339223311312,79.5410625500731,9859900
2026-01-08,78.37757873535156,78.84100254553336,77.28311197761913,77.35213206492544,8696700
2026-01-09,78.77198028564453,79.78756476626633,78.75226348522595,79.07763958919573,5842200
2026-01-12,79.98477172851562,80.0143506909534,78.40715685399786,78.73254048606404,11088100
2026-01-13,80.49749755859375,80.78344008877721,79.29456950838258,80.02421907752347,8543000
2026-01-14,80.8327407836914,81.47363839279183,79.80729407745493,79.80729407745493,10282400
2026-01-15,81.039794921875,81.51307335194772,80.39888983863588,80.83273466839006,7419300
2026-01-16,82.45964050292969,82.87376854642707,80.99049435643083,81.8384597216215,12874900
2026-01-20,82.34132385253906,82.75544436938667,81.36517296230878,81.84832108792283,10054800
2026-01-21,82.67655944824219,83.20900331952599,82.03565437043993,82.8639028999786,8296600
2026-01-22,83.8794937133789,84.31333857232103,82.49908440798396,83.3963530894096,9802300
2026-01-23,83.62312316894531,84.05696799162592,83.02165921845624,84.05696799162592,13301700
2026-01-26,84.27389526367188,85.07255734910338,83.65270695489153,84.07668964079505,10990600
2026-01-27,85.93038177490234,87.71504934229667,82.62726481808754,83.31746566663092,15472300
2026-01-28,86.3445053100586,87.37981414178215,85.84164037556785,86.49240764639414,8200000
2026-01-29,86.94597625732422,87.94184404426713,86.41353231745254,87.34038001159502,11202400
2026-01-30,86.66988372802734,87.05442526577556,84.9542362886411,86.66988372802734,10205300
2026-02-02,85.12186431884766,87.50799603921932,85.11200215662073,86.90653202801293,9423100
2026-02-03,87.57701873779297,87.64603883018572,85.46696731592803,85.46696731592803,9600200
2026-02-04,88.71092224121094,89.42084745446829,87.71505451024574,88.47428301100031,12182700
2026-02-05,87.96155548095703,89.2236413995329,86.85722654089041,88.7405007794024,9799400
2026-02-06,88.2179183959961,89.7166435328098,87.15303058891443,89.26308187926584,8225200
2026-02-09,88.227783203125,88.52358036554371,87.50799581491745,88.08973550017885,6528800
2026-02-10,89.55888366699219,90.67306720241825,88.02070993216375,88.47427909370462,7213700
2026-02-11,90.08146667480469,90.30824373617995,89.19406018488455,90.08146667480469,7305000
2026-02-12,90.64349365234375,92.28025901027698,89.95329275248496,90.10118757200783,9181600
2026-02-13,92.48731994628906,93.61136562708516,89.80538375259134,90.2392210620718,10402800
2026-02-17,91.4125747680664,94.22268911578732,90.988592075419,93.58179151846315,9455400
2026-02-18,89.94342803955078,91.7083788878514,89.3222397246689,91.69851672595436,9064800
2026-02-19,90.35755157470703,90.8899954954854,89.75608756360327,89.78566652765335,8483500
2026-02-20,90.8899917602539,91.15620994838972,90.03216422492682,90.89985392207386,7175600
2026-02-23,92.74368286132812,92.87186840178039,91.29425344864153,91.63936142128166,8433600
2026-02-24,94.34101104736328,94.49876802313399,92.60563917813347,93.07892515069626,11597600
2026-02-25,93.77899169921875,94.56779917549565,92.4971814309252,94.36073138293811,9025500
2026-02-26,90.70265197753906,93.67053090518593,90.56461179696252,93.29585148971042,20015700
2026-02-27,93.08817291259766,93.45548528206558,89.99086401473404,90.2390462058536,25138500
2026-03-02,92.03588104248047,92.96904848645897,91.08286235612591,92.7208663002025,10147800
2026-03-03,91.91675567626953,92.42304948342338,89.67319404833219,90.68577408872024,11307700
2026-03-04,91.92668151855469,92.42304589778438,90.96373341102199,91.88697145934599,9384300
2026-03-05,90.46736907958984,91.70828002831969,89.24631694743452,91.6288674837797,12086800
2026-03-06,90.35816955566406,90.96373471290475,89.35551894849199,89.89159339460272,9745100
2026-03-09,91.34097290039062,91.51966437539765,88.99813248315141,89.61361945068293,9563600
2026-03-10,90.8743896484375,91.4700253768669,90.39787652134245,91.04315171627398,7485900
2026-03-11,90.99352264404297,91.78770111525807,90.43758938288101,90.87439246509696,9734300
2026-03-12,91.0630111694336,92.05573991506652,90.14969496727265,90.53685857215596,8730000
2026-03-13,92.10537719726562,93.21723618404253,91.63879344769032,92.05574530143147,7504400
2026-03-16,92.14508056640625,93.75330383824844,91.5692960843236,93.21722941430104,8466100
2026-03-17,91.85719299316406,93.02861325896413,91.59908138912824,92.89956124390599,5496600
2026-03-18,90.2986068725586,91.8571907188635,89.95115332222042,91.58915728686532,7053700
2026-03-19,91.73806762695312,91.7876995202119,89.64340935388229,89.99086290237096,10538400
2026-03-20,88.84922790527344,93.5249796604683,88.52162558240713,92.06566710762716,21860800
2026-03-23,89.57392120361328,90.74534146764603,89.49450108342675,90.37802909222304,10284300
2026-03-24,90.95381164550781,91.82741022700237,89.39522779650358,89.63348057801674,8808000
2026-03-25,90.49716186523438,91.8969055475064,90.40781233398481,91.73807287650237,8639900
2026-03-26,90.49716186523438,91.33105042932499,89.9114479294776,91.03322875705277,6537800
2026-03-27,90.73541259765625,91.54944989960052,90.04049790277924,90.55672111313582,7749600
2026-03-30,91.38068389892578,92.3039219336425,90.83468006025274,92.03588093141418,9362100
2026-03-31,92.20464324951172,92.31384401754168,90.69569888733652,91.58915627398203,13914200
2026-04-01,92.17486572265625,93.18745331980982,91.56930056084782,92.0557431163461,7759400
2026-04-02,92.47268676757812,93.59446755503751,92.0656643349562,92.36348599657806,10419000
2026-04-06,92.05574035644531,92.97897839726735,91.85719006201518,92.25428307695614,4790100
2026-04-07,92.98889923095703,92.98889923095703,91.48988428721577,92.19472078354003,6125400
2026-04-08,93.48526763916016,93.65402971446049,91.3508992417986,92.4031969016138,6935100
2026-04-09,93.79301452636719,95.51043100221786,93.28672074914081,93.3165013994625,7349000
2026-04-10,93.39592742919922,94.13054462134694,93.23708718553502,93.66396087298295,5323100
2026-04-13,91.62886810302734,93.35621403463566,91.26155573310996,93.16759314549978,6111500
2026-04-14,90.64606475830078,91.20199803935027,89.92137697206657,91.0233065514986,9370600
2026-04-15,90.57656860351562,90.62620807035,89.3257358376175,89.51434914896574,9144800
2026-04-16,91.16228485107422,91.19206550237463,89.911444479021,90.13977542885654,7734300
2026-04-17,91.31119537353516,91.35089785918882,89.80224340543516,90.39787915119277,8148800
2026-04-20,91.34097290039062,92.40319234239932,90.90416983394695,91.41046360878674,7734800
2026-04-21,89.94122314453125,91.91675123434199,89.90151308570098,91.82740928241333,8625800
2026-04-22,89.34558868408203,91.5097376907199,89.24631732255025,90.69570040788837,9477100
2026-04-23,95.55014038085938,95.99686528034509,91.64871616416985,91.92667899708711,17524900
2026-04-24,94.58719635009766,96.92010745360221,94.44821492768764,96.53294383775726,9761900
2026-04-27,94.14047241210938,96.19542069219955,94.08090353479923,95.16298184788532,7773800
2026-04-28,95.80825805664062,95.91745882992498,94.45814629050653,95.17291223421513,7245100
2026-04-29,93.48526763916016,96.29469191164259,92.97898141325916,95.87774764069368,9091700
2026-04-30,97.16828918457031,97.31720001470643,93.75330736942416,93.90221062564086,17551200
2026-05-01,96.24504852294922,98.03196328840686,95.97701509509018,97.28741673178604,7106200
2026-05-04,94.8155288696289,96.12593056969368,94.28938382266708,95.37145456846862,6806600
2026-05-05,95.57992553710938,96.35425277214735,94.60705557603279,95.23247197958203,7187400
2026-05-06,94.69639587402344,96.00679753514588,94.32908350596601,95.4310130362189,8242900
2026-05-07,92.64144897460938,94.16032278844317,92.04581322442822,93.63417774955114,9681800
2026-05-08,92.42304992675781,93.68381974635648,91.9068342823802,93.19737718028408,6230100
2026-05-11,94.150390625,95.10341688610613,93.31650211393122,93.31650211393122,7233800
2026-05-12,93.90221405029297,94.38865661807304,92.91941465382254,94.01141482478077,6922400
2026-05-13,94.16032409667969,94.70632796005148,92.6414502617431,93.41577750512884,6775700
2026-05-14,94.98429107666016,95.02400113719176,93.52497854128218,94.09083364949818,5438200
2026-05-15,92.68115997314453,94.38865469516486,92.02595533956575,93.97171042320721,11418400
2026-05-18,88.39257049560547,90.93395372044678,86.00009052697014,90.45744815274875,39950600
2026-05-19,89.4051513671875,89.61362350180013,86.72478669483134,88.30322181714963,25749400
2026-05-20,87.62816619873047,90.03057560581719,87.44947471512765,89.36544156612253,15748800
2026-05-21,89.03784942626953,89.1966820974914,87.81678965698246,88.32308347097171,12490600
2026-05-22,87.90613555908203,89.18674900654646,87.31049223831228,89.05769699313672,10755400
2026-05-26,87.01268005371094,88.84922680244115,86.89354987216923,88.48191442312726,11759500
2026-05-27,87.01268005371094,87.44947557152464,86.2979141122999,86.89354987216923,10856200
2026-05-28,86.61558532714844,87.81678623198411,86.39718378555659,87.07223965324071,12968200
2026-05-29,86.37733459472656,86.57587732420716,85.06693288796356,86.38725642945684,25347000
2026-06-01,83.05168914794922,85.57321345590623,82.96233962385358,85.26546997340608,14192200
2026-06-02,85.05699920654297,85.13641932391346,83.49841537926363,83.6771068563876,11709800
2026-06-03,83.96500396728516,85.67249872010565,83.90543508884558,85.03715289216123,11903000
2026-06-04,85.05699920654297,85.28533015050331,83.65724804008535,84.42165341541758,9488900
2026-06-05,85.83999633789062,86.0999984741211,84.61000061035156,85.08000183105469,11843200
2026-06-08,84.01000213623047,86.13999938964844,83.9800033569336,85.70999908447266,9541700
2026-06-09,84.83000183105469,85.05999755859375,83.37999725341797,84.11000061035156,12217300
2026-06-10,85.12000274658203,85.33000183105469,84.51000213623047,85.29000091552734,9142900
2026-06-11,84.83999633789062,85.87999725341797,84.7300033569336,85.2699966430664,8639100
2026-06-12,85.98999786376953,86.0199966430664,84.87999725341797,85.19000244140625,9973600
2026-06-15,86.12000274658203,86.66000366210938,85.06999969482422,85.52999877929688,10284300
2026-06-16,86.2300033569336,87.38999938964844,85.87000274658203,86.25,10342600
2026-06-17,85.7300033569336,86.91000366210938,85.27999877929688,86.26000213623047,9603400
2026-06-18,86.75,87.58000183105469,85.66999816894531,85.7699966430664,19306600
2026-06-22,86.08000183105469,87.4000015258789,86.0199966430664,86.88999938964844,11538900
2026-06-23,86.43000030517578,86.83000183105469,85.66000366210938,86.0,12881700
2026-06-24,87.62000274658203,87.68000030517578,86.37000274658203,86.73999786376953,14080300
2026-06-25,87.69999694824219,88.4800033569336,86.83999633789062,87.69000244140625,13477200
2026-06-26,88.55999755859375,88.55999755859375,87.6500015258789,87.93000030517578,15654200
2026-06-29,88.66000366210938,89.19000244140625,86.94999694824219,89.0,11131300
2026-06-30,87.7699966430664,88.88999938964844,87.43000030517578,88.27999877929688,15742700
2026-07-01,86.37000274658203,88.05000305175781,86.31999969482422,88.05000305175781,9709200
2026-07-02,88.33999633789062,88.37000274658203,86.3499984741211,86.69000244140625,14281800
2026-07-06,87.44000244140625,88.5199966430664,87.16000366210938,88.18000030517578,10274100
2026-07-07,88.47000122070312,89.25,88.01000213623047,88.11000061035156,13106300
2026-07-08,87.44000244140625,88.52999877929688,87.33999633789062,88.1500015258789,13581300
2026-07-09,87.0999984741211,88.38999938964844,86.83999633789062,88.2699966430664,9389300
2026-07-10,87.95999908447266,87.97000122070312,87.06999969482422,87.12999725341797,11223100
2026-07-13,88.37999725341797,88.7300033569336,87.68000030517578,87.75,6741200
2026-07-14,89.54000091552734,89.86000061035156,88.80000305175781,89.23999786376953,10677700
2026-07-15,89.0999984741211,89.9800033569336,88.44999694824219,89.87999725341797,10258000
2026-07-16,89.3499984741211,89.98999786376953,88.7300033569336,89.19999694824219,8336600
2026-07-17,88.80000305175781,90.72000122070312,88.41999816894531,90.2300033569336,9450700
2026-07-20,88.0,89.41999816894531,87.69999694824219,88.9800033569336,8418000
2026-07-21,87.93000030517578,88.08999633789062,87.44999694824219,87.68000030517578,7096900
2026-07-22,89.41000366210938,89.73999786376953,88.33999633789062,88.58999633789062,8708200
2026-07-23,89.79000091552734,90.48999786376953,88.5999984741211,88.80999755859375,9883000
2026-07-24,89.77999877929688,90.91000366210938,88.43000030517578,90.91000366210938,11653100
2026-07-27,88.83000183105469,90.16000366210938,88.29000091552734,89.66000366210938,10180900
2026-07-28,89.27999877929688,90.98999786376953,89.11000061035156,89.38999938964844,13254700
2026-07-29,88.45999908447266,90.5199966430664,88.0,90.0199966430664,10402300
2026-07-30,87.93000030517578,89.22000122070312,86.86000061035156,88.9000015258789,11687700
2026-07-31,86.91999816894531,88.11000061035156,86.91999816894531,87.81999969482422,13184200
2026-08-03,86.55000305175781,87.37999725341797,85.70999908447266,86.75,11862300
2026-08-04,87.19999694824219,87.30999755859375,85.4800033569336,86.12999725341797,11420100
2026-08-05,85.91000366210938,87.02999877929688,84.97000122070312,86.9000015258789,11841100
2026-08-06,84.5999984741211,86.87999725341797,83.94000244140625,86.70999908447266,18596400
2026-08-07,84.6500015258789,85.37000274658203,83.48999786376953,83.88999938964844,9327400
2026-08-10,84.69999694824219,84.76000213623047,83.6500015258789,84.18000030517578,10046700
2026-08-11,85.73999786376953,85.79000091552734,84.37999725341797,84.48999786376953,6668700
2026-08-12,85.77999877929688,86.0999984741211,85.26000213623047,85.48999786376953,7473300
2026-08-13,86.01000213623047,86.23999786376953,85.45999908447266,85.75,8872100
2026-08-14,86.19000244140625,86.52999877929688,85.83000183105469,86.0199966430664,7238400
2026-08-17,86.22000122070312,86.31999969482422,85.51000213623047,85.8499984741211,9556900
2026-08-18,86.22000122070312,87.5199966430664,86.08999633789062,87.05000305175781,10956700
2026-08-19,85.91000366210938,86.83000183105469,85.58999633789062,86.54000091552734,14932800
2026-08-20,85.02999877929688,85.98999786376953,84.5999984741211,85.37999725341797,15235400
2026-08-21,83.6500015258789,85.2699966430664,83.54000091552734,85.19999694824219,11887200
2026-08-24,84.0999984741211,84.18499755859375,83.23999786376953,83.94999694824219,4390531
