Date,Close,High,Low,Open,Volume
2021-08-25,74.11792755126953,74.40728106078227,73.28494747318408,73.77596674534932,5930000
2021-08-26,73.82286071777344,74.1575826883394,73.6995442192213,74.08711419766813,5294000
2021-08-27,73.47053527832031,74.15758629516867,73.40887030579987,73.93737729129442,5974200
2021-08-30,73.94615936279297,74.21041277888642,73.118178318171,73.3383872581677,6001700
2021-08-31,73.98139953613281,74.37777969207983,73.55860210074887,73.83165905777784,6844000
2021-09-01,75.17053985595703,75.54049607764274,74.04307086856979,74.12234960187575,5862300
2021-09-02,76.1746597290039,76.201083719713,75.24096949575171,75.24096949575171,5214000
2021-09-03,75.47882843017578,76.02494237281152,75.2057647386135,75.54048667273932,4621100
2021-09-07,74.89746856689453,75.30265223694863,74.40420265904501,75.25861447817292,6791300
2021-09-08,76.13945007324219,76.60629198040789,74.68606963302773,74.97674706511941,6230100
2021-09-09,75.6109390258789,76.34203432546646,75.53166703255292,76.00731915323962,4108300
2021-09-10,74.80938720703125,75.72545727539095,74.51870977067553,75.72545727539095,5508000
2021-09-13,74.50109100341797,75.69902818765794,74.33373005672098,75.65498371108181,6498800
2021-09-14,74.55393981933594,75.03840218602893,74.38657887079769,74.68606653027436,4658200
2021-09-15,74.52751922607422,74.99436113517369,74.04305683724799,74.2808862718514,5707000
2021-09-16,73.9902114868164,74.844623337558,73.69073052318224,74.41301565221997,5380600
2021-09-17,71.91144561767578,73.92856072708932,71.83217360877823,73.4617187540396,15390400
2021-09-20,71.95548248291016,72.7041916087177,71.04822263585268,71.82335576182784,8994100
2021-09-21,72.1580581665039,72.98604586620775,71.9907039550426,72.1668684050786,6450700
2021-09-22,72.14044189453125,73.03008779275585,71.84976451388717,72.30779610015801,5662200
2021-09-23,71.58551025390625,72.56323836214216,71.47100403879709,72.38707392039842,6414300
2021-09-24,71.08344268798828,71.99070915997383,70.8984679860039,71.55909480176678,6113800
2021-09-27,69.37461853027344,71.16271384656163,69.1896438479239,70.47566310633688,8600900
2021-09-28,68.06217193603516,69.22487479727181,67.83315949141924,69.1279890523916,9257400
2021-09-29,69.01348876953125,69.61245742732935,68.22073514593903,68.3704823505718,7496100
2021-09-30,69.1632308959961,69.94718101811523,68.61711694696785,69.44509811104939,10186800
2021-10-01,69.77101135253906,70.10572657774547,68.7228144732491,69.60365037981353,7961100
2021-10-04,69.90312194824219,70.39638779158935,69.15441294452079,69.63006503070973,6027800
2021-10-05,70.00885009765625,70.37879961463015,69.66531786589985,69.96480560838745,5434600
2021-10-06,71.5062484741211,71.60314094697814,69.27773503889645,69.81504539919689,6876200
2021-10-07,71.27722930908203,72.76584391949672,71.16272307760538,71.77050191290958,5753200
2021-10-08,70.6518325805664,71.37411760507841,70.59898458763045,71.35650384751418,3592900
2021-10-11,68.55545806884766,69.90313588834917,68.47617934521816,69.76219892200537,8798700
2021-10-12,69.47151947021484,69.74457640792996,68.32643028324324,68.79327216523758,7791200
2021-10-13,70.63422393798828,70.7839644089791,69.22488130203502,69.62126143848828,6260100
2021-10-14,71.75288391113281,72.09640933766563,70.6518391542343,70.7839658691109,6486000
2021-10-15,71.9378662109375,72.62491713646439,71.52387226344192,72.17569566684733,14634200
2021-10-18,71.33887481689453,71.92903978831184,71.13628638809955,71.64716593913197,4942100
2021-10-19,72.25495910644531,72.36066182101288,71.54148426378467,71.98190216078385,5717500
2021-10-20,73.91971588134766,74.57153901050457,72.56322836208409,72.88913992666254,6942600
2021-10-21,73.82286071777344,74.60680419581716,73.74358870595212,74.17519645088464,4945000
2021-10-22,74.36015319824219,74.50989366448688,73.76118461301988,73.963779794596,4732400
2021-10-25,74.24565887451172,74.70369058595624,73.92855741264835,74.34255136120578,3987300
2021-10-26,75.2850341796875,75.99850900141739,74.31611617876263,74.35135041591816,6969100
2021-10-27,74.87984466552734,76.06016127665777,74.65963574074244,75.76068036466697,4356900
2021-10-28,76.12184143066406,76.18349967855232,74.63323324014887,74.80058750141986,6568400
2021-10-29,75.1617202758789,76.15706230859176,74.81819485218847,75.90161912067562,7792600
2021-11-01,75.39073944091797,75.59333464941245,74.8093912569782,75.25861943564377,5135200
2021-11-02,75.2409896850586,75.96327474596427,74.33372991931356,75.61974933408496,7266400
2021-11-03,75.08242797851562,75.57570050606688,74.20159233961155,75.46118757205409,5723200
2021-11-04,74.65962219238281,75.21454616285213,73.25909019037668,75.01195775214951,6594000
2021-11-05,75.33789825439453,75.4964489953116,74.27208755388067,74.6508472838356,4885400
2021-11-08,74.50989532470703,75.39954134322274,74.02543967837194,75.33788310749851,5391000
2021-11-09,74.81820678710938,75.02079528968258,74.30732032978102,74.59799780242422,3917600
2021-11-10,75.04720306396484,75.19695024855467,74.43943096742848,74.81819060799157,5192700
2021-11-11,75.19695281982422,75.31145905172626,74.49228150902054,75.28503505361377,5370200
2021-11-12,76.02493286132812,76.34203427490927,74.89746415537012,75.19695181052722,6467100
2021-11-15,76.93219757080078,76.9410078107009,76.16587470559058,76.55344461826775,5543000
2021-11-16,76.6150894165039,77.00265254094691,76.34202578945579,76.69436140096629,5497200
2021-11-17,77.31977081298828,77.40785305505041,76.11302998422407,76.48297943303159,6203100
2021-11-18,77.16120910644531,77.40784203721252,76.47415830780999,77.26691181402126,5537400
2021-11-19,77.7865982055664,78.24463653107149,76.63270559365694,77.51354129013575,6765100
2021-11-22,76.9498291015625,77.88351305774367,76.92340509831133,77.64569030823817,5214500
2021-11-23,76.90577697753906,77.42547363075961,76.21872608026808,76.72080225290797,7408000
2021-11-24,77.15792083740234,77.23755068553608,76.25549197527263,76.62707993320791,4553900
2021-11-26,76.1670150756836,77.3702580934324,75.96352931901038,76.90134850195838,4340700
2021-11-29,78.44078826904297,78.67081503668845,76.57399259695038,77.1667647866649,8712500
2021-11-30,76.77749633789062,78.6973745219541,76.45899039260706,77.90111640875466,16328300
2021-12-01,77.7153091430664,79.34322903267997,76.97213316629266,76.97213316629266,10062800
2021-12-02,78.40540313720703,79.20166111608195,77.51181678868207,77.81262415847779,8303500
2021-12-03,77.8833999633789,78.87430787070295,76.10507663639846,78.87430787070295,11191000
2021-12-06,78.87431335449219,79.40515426139119,77.75069346404777,77.918795672069,8946400
2021-12-07,79.98908233642578,80.1129449871507,78.68851775380595,79.21050938900264,7909700
2021-12-08,79.90946197509766,80.44030293407569,79.26360086250155,80.24565967411498,5356500
2021-12-09,79.5467300415039,80.06872178329093,79.19283378859241,80.06872178329093,5731200
2021-12-10,79.87406921386719,80.42260867956152,79.44939915978863,79.6351931521991,4996700
2021-12-13,81.16577911376953,81.50198352949576,79.75020111336751,79.85637199465079,6446500
2021-12-14,79.65287780761719,81.08615429957662,79.13972868395179,80.71456634796024,11022600
2021-12-15,81.39580535888672,81.44888741977047,79.25474340314395,79.88290587363008,9590000
2021-12-16,81.59928894042969,82.01510962200247,80.97111978846425,81.05959888029511,7623300
2021-12-17,80.45800018310547,81.71432534111966,80.28104869957669,81.39581942077679,15335400
2021-12-20,79.5732650756836,79.69712774235616,78.30809062323468,79.44940240901104,10167700
2021-12-21,80.02447509765625,80.8118906465435,79.06011481306743,80.20142658336681,6287900
2021-12-22,80.3341293334961,80.40490316968676,79.5290153530023,79.83867198011214,4142900
2021-12-23,80.24565887451172,80.78534908993089,79.98024177267195,80.2279671010593,5845600
2021-12-27,80.79417419433594,80.82071522158328,80.18370356761895,80.37834676744217,5410300
2021-12-28,81.28963470458984,81.56390776990774,80.96228632825394,81.09499823082612,3096400
2021-12-29,81.38697052001953,81.62585333634051,81.0330743014015,81.35158022315683,2945400
2021-12-30,82.0770492553711,82.20091864648793,81.22770253776224,81.59929721109737,3716300
2021-12-31,82.59905242919922,82.92640757127371,81.83817801789705,81.90895860267122,4811800
2022-01-03,81.09500885009766,82.85563385475034,80.10410083114293,82.65214134415825,7864400
2022-01-04,80.22796630859375,81.33388776369127,80.17488423875191,81.08616243775084,8379100
2022-01-05,79.38745880126953,80.95344041636953,79.34321924857977,79.87406013081666,6722300
2022-01-06,75.8839111328125,79.06012137744627,75.77774698258033,78.82123853940477,12658600
2022-01-07,76.45013427734375,76.85711252390075,74.7691324763417,75.88389633647287,13359300
2022-01-10,74.57447814941406,76.40588336158942,74.08787012806015,75.91043283076161,11378700
2022-01-11,75.01686096191406,75.21150420765927,74.03480222202396,74.16751413957829,8395900
2022-01-12,75.28227996826172,75.91929178877258,74.40639209006362,74.56564504519135,6484000
2022-01-13,75.11417388916016,75.91928106243805,74.95492095653266,75.71579532908541,7203100
2022-01-14,73.61012268066406,75.33536404427842,73.14121310619718,75.09648125162018,11084300
2022-01-18,71.8848876953125,72.69884418829129,71.39827960167939,72.54844050480769,10848100
2022-01-19,73.07044219970703,73.74284436255353,71.66371328994583,71.69910358799135,9673900
2022-01-20,73.8843765258789,75.450357786573,73.56587071861799,73.71627436371162,12028900
2022-01-21,73.07928466796875,74.25598665605676,72.39804005644905,74.05249414871483,12809100
2022-01-24,72.47765350341797,72.59267363355524,70.10655807068859,72.23877748314638,14689800
2022-01-25,66.44375610351562,70.94707153680105,66.16948975738532,69.18643981484419,22925000
2022-01-26,64.26730346679688,67.70893030271088,64.01957815470155,67.68238926927332,24721700
2022-01-27,64.15229034423828,65.81559369680262,64.0638179824013,64.85123347776498,21250600
2022-01-28,64.14342498779297,64.54155389116274,61.74578880859491,63.98417207644369,25537100
2022-01-31,69.11567687988281,69.2749298559889,64.36463538439226,64.50619658537971,21787800
2022-02-01,68.32825469970703,70.31006407313241,67.26656604429388,69.04488964835443,12082900
2022-02-02,68.77061462402344,69.01833992075089,67.97434992025084,68.49634154549683,8397700
2022-02-03,67.03653717041016,68.38134154449527,66.7357297512126,67.73548039443962,7960700
2022-02-04,67.24887084960938,67.98319753431767,65.94830619414921,66.44375682479743,12132000
2022-02-07,66.95690155029297,67.34618802006472,66.62070389458619,67.24001714194293,8184500
2022-02-08,66.76224517822266,67.90355658091904,66.54991021376958,67.01881968735658,6758500
2022-02-09,67.8239517211914,68.36363516124248,67.52313758656386,67.77971216462574,7390900
2022-02-10,66.7533950805664,67.99202806599249,66.08984241873172,66.27564310405135,9673300
2022-02-11,66.31989288330078,67.8593335630202,66.06331831167947,67.15154792579686,8999100
2022-02-14,66.28450012207031,66.62954704175209,65.36437275291615,66.31104115435227,8329200
2022-02-15,66.43489837646484,67.65583976173446,66.12524177513113,67.0011362689135,9102000
2022-02-16,66.55877685546875,66.92151556656013,65.89522401200074,66.47029774299948,7505100
2022-02-17,66.69148254394531,67.0984608144433,65.90406703689355,66.10755954714685,10093100
2022-02-18,65.6032485961914,67.07190847699904,65.31128377199214,66.31988339194645,9558600
2022-02-22,65.27589416503906,65.87751558937154,64.82467640928782,65.40860606379032,8233400
2022-02-23,63.98420715332031,65.84215430427193,63.895734765181764,65.66520952799483,7837100
2022-02-24,66.74456024169922,67.04536757629499,62.5862923663504,62.81632587222261,15750400
2022-02-25,68.26631927490234,68.33709311434625,66.54992710572773,67.3461918620463,12609500
2022-02-28,69.63188171386719,70.16566931856232,68.32412108705988,68.58210983196682,16345600
2022-03-01,68.89351654052734,70.13011187785993,68.09284159147174,69.45398561116919,13930300
2022-03-02,68.99136352539062,69.22266429689094,68.04834353331543,68.76005596649753,6988700
2022-03-03,70.09452056884766,70.60161353583376,69.0892329079506,69.25825937201688,10075500
2022-03-04,71.3578109741211,71.57132203748644,69.81874216074584,70.21907625298014,8996400
2022-03-07,74.88966369628906,75.07648670360281,71.81151963729346,72.02503067602439,19948900
2022-03-08,72.90575408935547,75.97500600773188,72.71893112191566,75.00529808638194,14717600
2022-03-09,71.4556655883789,73.37728535849585,71.26884257529427,73.28831620116567,12710000
2022-03-10,71.31331634521484,71.58020341457286,69.78313937961502,70.77952863171335,9554300
2022-03-11,70.5482406616211,72.14068545699345,70.49485780815033,71.43787796233563,7230600
2022-03-14,70.53043365478516,71.7403407473155,70.01444246791927,70.88628987977519,7133800
2022-03-15,72.93244934082031,73.18154663223721,71.25992732006316,71.34888966879889,9567000
2022-03-16,73.4039535522461,73.60856626906093,71.91825454752517,72.81678985204645,8261200
2022-03-17,73.56410217285156,74.05339855996925,73.32389632813053,73.44844499302545,6341900
2022-03-18,73.2794189453125,74.27580826997466,73.16376176484762,73.76871533513246,13470800
2022-03-21,72.7723159790039,73.6263667627257,72.49652386832221,72.9502406803405,7181700
2022-03-22,73.7064437866211,73.80430442576044,72.43426226520305,72.83460309460769,8516800
2022-03-23,73.45733642578125,73.9288430114656,72.95914181258912,73.3772723432579,6125800
2022-03-24,74.4626235961914,74.54269446575503,73.62636932592562,73.75981625026998,5498000
2022-03-25,74.67615509033203,74.94304220059186,74.02671689265162,74.80959525176506,5481000
2022-03-28,75.11206817626953,75.37006377569553,74.44484028418638,74.77400848774225,6177700
2022-03-29,75.2811050415039,75.65475105009953,74.4181558401806,75.61916474631994,8954300
2022-03-30,76.06399536132812,76.3130927396862,75.29000840366312,75.73482708998668,6829300
2022-03-31,75.36116027832031,76.75789029741259,75.36116027832031,75.67253191555885,10082800
2022-04-01,76.25079345703125,76.3308643238272,74.84516523898932,75.16543513138856,6453800
2022-04-04,76.1707534790039,76.42874912881368,75.29890587663316,76.18854323981397,6465700
2022-04-05,76.80238342285156,77.7987727729907,76.25970417148217,76.38425284024957,7203200
2022-04-06,76.94470977783203,76.97139780446747,76.00169663728747,76.66002618140014,7621900
2022-04-07,77.46961975097656,77.65644277440407,76.24191590074709,76.77570372470467,7817400
2022-04-08,76.5888671875,77.86104871973441,76.47321678907635,77.54078555583861,5731600
2022-04-11,75.24553680419922,76.70454167250305,75.04091720518566,76.64226732278503,6745200
2022-04-12,74.63166809082031,75.47682076032017,74.17795119448357,75.12986277706077,8714800
2022-04-13,74.32917785644531,75.15654058014428,73.91104735913405,75.05867996216112,7858500
2022-04-14,73.67084503173828,74.63165471505371,73.64415700510047,74.329181363302,7164100
2022-04-18,72.6922607421875,74.38257291789758,72.11399515741908,73.83989363852655,6279100
2022-04-19,72.79900360107422,73.03920262528358,72.15846381999293,72.7367292772131,8104800
2022-04-20,72.51432037353516,73.86656575021664,72.34528715617786,73.86656575021664,8457000
2022-04-21,67.77257537841797,72.06062724679309,67.59465061869234,71.45567356137362,17712800
2022-04-22,65.78865814208984,67.94158499454511,65.72638381912991,67.76365350937947,15284800
2022-04-25,65.86875915527344,66.28688985255016,63.689143279285155,65.83317284195252,15697900
2022-04-26,65.45060729980469,66.69610071382564,65.37943469617079,65.87763613421501,10971600
2022-04-27,65.18373107910156,66.84735550567534,65.11256524359177,65.68193265203945,10989600
2022-04-28,65.37944030761719,65.75309311506884,64.73890039472138,65.38833858068342,11325600
2022-04-29,63.18203353881836,65.34385229463415,63.05748486872144,64.83675934141283,14912900
2022-05-02,62.15895462036133,63.61795910914481,60.95793895087585,63.25320459325229,14338100
2022-05-03,62.950740814208984,63.635758587557326,61.892070195276304,62.27461452744065,10419900
2022-05-04,64.99689483642578,65.23710069310481,62.92404521754466,64.05388153030664,10859600
2022-05-05,63.91154098510742,64.91683548765114,63.342173650655226,64.67662961341392,10382300
2022-05-06,64.47200775146484,64.8189657099159,63.24430409473675,63.395547574297076,9364900
2022-05-09,62.9062385559082,64.125043826939,62.5059045756781,63.87594652480539,10442700
2022-05-10,62.26569366455078,63.8225584629332,61.13585762589138,63.16422896294407,14731900
2022-05-11,62.45252990722656,63.475614064071486,61.86537287355654,61.96323351040043,11129000
2022-05-12,60.94904327392578,62.710521036545025,59.80141053166521,61.90984624108499,15364900
2022-05-13,62.096683502197266,62.44364149082502,60.96684038034286,61.76751527232754,8010600
2022-05-16,62.381370544433594,62.91515157230253,61.74083059603328,61.954341649702044,7339500
2022-05-17,64.07166290283203,64.08056117457235,62.39024927572141,63.07527366448063,8889300
2022-05-18,63.164241790771484,64.27628830117239,62.90624618587128,63.86705599983205,10316800
2022-05-19,62.68383026123047,63.24429919979728,61.85646747340753,63.24429919979728,9593500
2022-05-20,63.359962463378906,63.66243585339865,62.25681423596398,63.07527883090431,9747800
2022-05-23,64.54317474365234,64.57875425498058,63.573466768842614,63.884838398408135,10378700
2022-05-24,66.42921447753906,66.65162379890813,64.20512126384837,64.59656384142396,11133500
2022-05-25,66.53596496582031,66.8562348910083,65.46839628606268,66.82954686180813,11192100
2022-05-26,66.75836944580078,67.39001097843833,66.5181636255319,66.76726771735694,9431300
2022-05-27,69.27696990966797,69.29486099625645,66.360231319884,66.64653648767512,9435300
2022-05-31,67.72017669677734,68.83855717161617,67.25492659665488,68.69540119433151,29712000
2022-06-01,68.14964294433594,68.56120621222523,67.39809440976954,67.78281763371774,7994100
2022-06-02,70.252197265625,70.36851322414898,67.99754483508332,68.40015914644843,9640600
2022-06-03,70.404296875,70.6279729923296,69.60801044339092,69.86746873256627,9293500
2022-06-06,71.746337890625,72.90944935077606,71.63897092040489,72.64104216430361,12716900
2022-06-07,71.37950897216797,71.73739206244402,70.03745250317192,71.36161788937765,7405600
2022-06-08,70.22535705566406,71.20058854856774,70.00168092186689,70.66376719266532,5198000
2022-06-09,69.19644165039062,70.55639629130077,69.16065947788823,70.00167705276459,8354800
2022-06-10,67.91702270507812,68.80277825965433,67.79175779357136,68.48963304602171,8598500
2022-06-13,64.78555297851562,66.88810708630211,64.38293187741611,66.72706001107296,11882300
2022-06-14,63.95348358154297,65.42079848240955,62.87088508021881,64.69608316262567,11412500
2022-06-15,66.37812042236328,67.59491893048708,64.60660273887189,64.83027883483504,12085300
2022-06-16,63.4077033996582,65.38499930809553,62.73667509844881,65.05395622211987,12729200
2022-06-17,63.354026794433594,65.08975580010706,63.201928659682864,63.201928659682864,15919000
2022-06-21,65.07186889648438,65.67131934331758,63.34508873655192,63.34508873655192,8466900
2022-06-22,66.82547760009766,67.59492397370306,64.28451341082898,64.59765860333043,12686500
2022-06-23,69.07118225097656,69.25907619632444,67.38914030725438,67.58597638253053,12502500
2022-06-24,69.80484771728516,69.90326576630825,68.56120890805238,69.18750620420428,9320500
2022-06-27,69.68852233886719,69.94798742345294,69.21433011829937,69.54537319023001,6557200
2022-06-28,68.39122009277344,70.08221119827131,68.20333295061303,69.7064369139505,6140200
2022-06-29,67.99754333496094,68.48068459357263,67.33546390325769,68.08701242150671,7082200
2022-06-30,69.3038101196289,70.00167854117359,67.38914302552554,67.51440111010773,8872900
2022-07-01,72.07740020751953,72.14897821358971,69.86747875899673,70.08221277720727,7718400
2022-07-05,70.78008270263672,72.22055768017158,69.39328781771287,72.02372157252515,11278600
2022-07-06,71.1916275024414,71.75528880651214,70.32376315851704,71.30793661488538,7918400
2022-07-07,71.91634368896484,72.09528868070628,71.40636240809536,71.42426032029624,5498000
2022-07-08,71.80003356933594,71.96108064664574,71.04848509259243,71.30794338143004,5708300
2022-07-11,72.18476867675781,72.45318279192323,71.3258530647048,71.57636926496345,6100400
2022-07-12,71.53162384033203,72.38159723230221,71.14690062263166,72.06845201465164,7553900
2022-07-13,71.8089828491211,72.73947631932324,70.74428234288003,71.02163854492129,7552400
2022-07-14,71.69266510009766,71.88950117120845,70.2521903899358,70.42218641972299,6124400
2022-07-15,70.42218780517578,70.54744588451906,68.29279363028668,70.01062456932596,8780600
2022-07-18,69.34854888916016,70.37746044692084,69.3395999327125,70.08220631863188,6610800
2022-07-19,70.61901092529297,70.97689401178681,69.71535766775774,69.90324475230528,6403800
2022-07-20,70.07325744628906,71.0395399621834,69.66169418790156,70.82481278955814,6323700
2022-07-21,70.56535339355469,70.64587353006061,69.90326708291921,70.4311463399905,7847600
2022-07-22,71.80003356933594,73.18682822539556,70.9142780571587,71.69266657577828,11517100
2022-07-25,72.45317840576172,72.50685849512332,71.11112156328892,71.57636493188237,5035600
2022-07-26,71.49583435058594,72.13107367740622,70.84269711255772,72.05949568468061,6740900
2022-07-27,71.91634368896484,72.27422684639423,71.17374415791173,71.6031984859842,6056200
2022-07-28,75.63832092285156,77.18615591951203,75.41464479290205,75.87988813973337,13561500
2022-07-29,75.59358215332031,76.41671549048135,75.43253506844681,75.60253110971709,11474800
2022-08-01,76.32722473144531,76.42564275450448,74.7614921432069,75.55777845628396,7004500
2022-08-02,76.64933013916016,77.63350368879895,76.22881794701048,76.4435519340997,7664200
2022-08-03,77.35613250732422,77.67822659952823,75.47725485350217,76.73878435959118,7640400
2022-08-04,78.71611785888672,79.32451729198445,77.34721401487575,77.80351529621274,8679200
2022-08-05,78.71611785888672,79.17241231416897,77.78562420673401,78.62664193332887,8643200
2022-08-08,78.3045425415039,79.59291933261406,77.64246305765198,79.14556703859573,7243200
2022-08-09,79.55712127685547,79.7271173135753,78.53715870864349,78.93083086691952,5154000
2022-08-10,80.32656860351562,80.59498268288678,79.48554419246938,80.21920843261005,5693300
2022-08-11,80.01342010498047,81.44494587530711,79.88816202670522,80.8007575721468,7525800
2022-08-12,80.94391632080078,81.1049634020794,79.92395374805406,80.68445119951559,5262500
2022-08-15,81.41810607910156,81.59704424116177,80.64865969534667,80.95286276211303,5032700
2022-08-16,80.99759674072266,81.73125415267964,80.8186585723638,81.00654569695666,5250600
2022-08-17,80.70235443115234,81.12286669700111,80.29079112284735,80.49657619002714,4178000
2022-08-18,80.73814392089844,81.08707818060479,80.4071075763873,80.70235491656257,5090700
2022-08-19,80.2639389038086,81.05127639689397,79.9597426539984,80.62182206468505,5542800
2022-08-22,79.2171401977539,80.10289577442856,78.93978397676729,79.56607441965768,5783400
2022-08-23,78.71611785888672,79.31556833421772,78.40296577154373,79.27977932920554,3473600
2022-08-24,79.3692398071289,79.43186885258339,78.6982113946648,78.86820744349298,5669200
2022-08-25,79.97762298583984,80.04025201861756,78.78766453701043,79.63763778305399,5595200
2022-08-26,78.78765106201172,81.0244116015969,78.50134598598687,80.51443047161354,7990000
2022-08-29,78.23474884033203,78.98095646265504,77.6863387104709,78.19879314260046,5827800
2022-08-30,77.04802703857422,78.51347236828403,76.60749763366235,78.39659232064372,7394200
2022-08-31,76.47264099121094,77.56048284687088,76.23889461040184,77.04802830562352,6830900
2022-09-01,77.55149841308594,77.73130437912025,76.15797816926732,76.71538763862635,5896300
2022-09-02,76.51758575439453,78.4235602673522,76.21190742591368,77.72230064053976,5785700
2022-09-06,78.5494384765625,79.35857219498793,78.2347677425548,78.43255842364832,11077100
2022-09-07,81.12969207763672,81.29152019907393,78.76520989250918,78.85511288016134,11366600
2022-09-08,81.15664672851562,81.86689185536731,80.58125948686612,80.67116931643889,8852500
2022-09-09,80.82401275634766,81.79498139136948,80.76107998514203,81.64213878202072,5700400
2022-09-12,81.64215087890625,81.67811344766054,80.71613702574888,81.07575585413313,5573800
2022-09-13,79.88899993896484,81.33646041362891,79.52038883934468,80.95886381827926,5624800
2022-09-14,79.90697479248047,80.34751099635542,79.16975948004817,79.43947524327133,7281500
2022-09-15,77.32672882080078,78.03697396724793,76.26585727864843,76.81427433021956,18681000
2022-09-16,76.22989654541016,77.30874596434627,75.96917311634984,76.78730596538297,19190700
2022-09-19,78.07292938232422,78.12687665318953,76.00513357667784,76.16696167095948,8821000
2022-09-20,77.0390396118164,77.72230773235277,76.35576463212249,77.30874854597837,6242000
2022-09-21,75.49267578125,77.71331408806306,75.47469107203028,77.31773279511137,6706300
2022-09-22,75.1061019897461,75.69048169241711,74.64758784036937,75.33985524264614,6748700
2022-09-23,74.1890640258789,74.32392191802771,73.1281924583496,74.17108617453249,6719700
2022-09-26,72.95738220214844,74.42282065402749,72.21117444271384,74.14411936088156,7702900
2022-09-27,72.89443969726562,74.278967340772,72.02236651162177,73.73953581952159,9247000
2022-09-28,74.05422973632812,74.64759499312069,73.04729835433122,73.98230459636572,8713400
2022-09-29,71.89649963378906,74.03622039215871,71.43798559301108,73.87439231065804,8291300
2022-09-30,70.49401092529297,72.4629117159314,70.3861232255924,72.19320275541729,12854300
2022-10-03,72.99333953857422,73.38891399038631,71.22222285338917,71.77063990390303,8115200
2022-10-04,74.45879364013672,74.52172642027429,73.32599673850163,73.70360027848572,8193700
2022-10-05,73.5147705078125,74.15309731191881,72.39096633871256,73.49679265913568,5468700
2022-10-06,70.94351196289062,73.47881386126292,70.88956469924443,73.38890404157132,8374600
2022-10-07,68.9836196899414,70.70978178686954,68.49813531408816,70.62886429464811,7697400
2022-10-10,68.99260711669922,69.83771033449977,68.68693557103607,69.25333059578999,6118000
2022-10-11,68.35427856445312,69.16341911418455,67.62605549927375,68.55206923873834,9143100
2022-10-12,65.40540313720703,68.65095015089236,65.28852997203133,68.15647356907911,9715100
2022-10-13,65.71109008789062,66.14263401196115,63.283675235073126,64.36252475651247,13643700
2022-10-14,64.52435302734375,67.28441647123431,64.22767386668012,66.34042485247186,8735000
2022-10-17,66.21455383300781,66.90681429624271,65.4054133272312,65.45036824500224,7563500
2022-10-18,67.48221588134766,68.27337870322539,66.62812713590297,67.92275221958735,6998500
2022-10-19,66.20556640625,66.95177419819255,65.19863516197242,66.74499116387237,8579600
2022-10-20,63.508419036865234,66.06170561074842,62.76221144140324,65.95381794396818,13023800
2022-10-21,64.41645812988281,65.63016529431626,63.202750965449354,63.90400368893729,11161300
2022-10-24,65.88191223144531,66.25052339044676,64.69517498405725,65.17166698244787,9989600
2022-10-25,68.2014389038086,68.40821506296608,66.16959871956838,66.30445661332527,9216900
2022-10-26,67.9676742553711,68.80378482515134,67.6979653723442,68.2014274413194,6247100
2022-10-27,67.85081481933594,69.16341752126593,67.84182246366886,68.37226170150416,7163300
2022-10-28,71.05140686035156,71.29415244700189,68.91168579504618,69.00158877340805,9123300
2022-10-31,69.6758804321289,71.26718461880715,69.01059007501875,70.52996912602065,8273700
2022-11-01,69.86467742919922,70.2962213758237,69.37919306143105,70.2962213758237,5410300
2022-11-02,69.47808074951172,71.77064442368447,69.24432751838582,69.85567737422137,7119000
2022-11-03,70.2872085571289,71.18625189663724,68.65094995358996,68.99258395330685,6920300
2022-11-04,70.84461212158203,71.1862460934485,69.60392802434252,70.66479935284511,7758900
2022-11-07,69.48707580566406,71.13232712475745,68.58803226856269,70.78170069402054,7008500
2022-11-08,70.36812591552734,71.15029616522752,69.37019402336782,69.82870123190796,5518400
2022-11-09,70.30520629882812,71.12333926166741,70.1254003237127,70.66482510821729,4940000
2022-11-10,74.80042266845703,75.31287723164971,71.87853105079608,73.101230861073,9315900
2022-11-11,74.89930725097656,75.38479153465386,73.7035846814002,74.86334469005708,5730900
2022-11-14,73.41590881347656,75.32187698918791,73.37095388666273,74.70153466678286,7904000
2022-11-15,74.53970336914062,75.35782942570307,73.75753301820384,74.18907007729057,5594900
2022-11-16,75.80734252929688,76.19393148257178,74.6745458751867,74.6745458751867,8444900
2022-11-17,74.0362319946289,74.93527550849,73.60469494910387,74.85436488463817,8333900
2022-11-18,74.80042266845703,75.33086194427156,74.23402768571506,74.85436994716446,6664400
2022-11-21,75.16004943847656,75.2949073608053,74.27899048302535,74.27899048302535,6593800
2022-11-22,75.61853790283203,76.3377753377713,75.26791153956718,75.57358299096464,4105500
2022-11-23,76.73450469970703,76.80679510259702,75.39716671620336,75.48752627281972,4259700
2022-11-25,77.114013671875,77.529680012917,76.9242565478298,77.05076129719326,3622200
2022-11-28,75.65922546386719,76.8158445054724,75.30681142107211,76.21042090907534,6464200
2022-11-29,74.53874206542969,75.11705156551987,74.07790620672824,74.91826327623322,5398200
2022-11-30,76.53571319580078,76.71643921166127,74.15018493838312,74.17729211726405,9739200
2022-12-01,76.65319061279297,77.6833048250645,75.89415509670225,77.16824771892873,5830700
2022-12-02,76.9875259399414,76.99656396517709,75.36103299117813,75.65922577801572,6316900
2022-12-05,76.94234466552734,77.73751848542005,76.59896866853389,76.80680187166114,5511700
2022-12-06,76.96945190429688,77.03270428895037,75.64114493258052,76.72548039034562,5027700
2022-12-07,77.06884765625,78.02667142788026,76.45439297969652,76.95138091440622,5108800
2022-12-08,77.49354553222656,78.07185500758706,76.71644088208726,77.05077195422184,4281700
2022-12-09,76.36402893066406,77.71040494651254,76.28270050340218,77.312814622104,4460300
2022-12-12,78.2073974609375,78.2525737951966,76.6260809880219,76.91523572445247,5348900
2022-12-13,78.74955749511719,79.85196202284797,77.71040534714182,79.51762407614513,7179500
2022-12-14,78.6592025756836,80.06883106134876,78.01763382234343,79.02967885209875,6111600
2022-12-15,77.53871154785156,78.65919203949295,77.24052571935857,78.52364926618242,6469100
2022-12-16,76.02970123291016,76.68030116272338,75.24355850205366,76.44536076718121,16949300
2022-12-19,75.46945190429688,76.15619695904742,74.96343286079248,75.88511828316682,5681100
2022-12-20,75.46945190429688,75.93933263954446,74.77367571947833,75.3610231915416,4811900
2022-12-21,76.49053192138672,76.7616105866781,75.58692258243116,75.76764169262542,5356200
2022-12-22,75.30680847167969,76.3911439512115,74.24055593582924,76.3911439512115,4491000
2022-12-23,76.05680084228516,76.14716040265363,74.99957950858975,74.99957950858975,3254700
2022-12-27,75.9031753540039,76.15618483547864,75.42426356492797,75.99353489824612,4726500
2022-12-28,75.1441421508789,76.39112032803249,74.98149222394663,76.08388962427556,3536400
2022-12-29,75.97547912597656,76.52668140510734,75.44234600127959,75.65921721844066,3378300
2022-12-30,75.541748046875,75.92126235833085,74.52970988299275,75.8580099730882,4266900
2023-01-03,75.74958038330078,76.71644220034501,74.58392338806175,76.23753030414453,5535400
2023-01-04,76.34595489501953,77.22245710020744,75.74957628668078,76.22848815698117,4831100
2023-01-05,74.66523742675781,75.91222273052433,74.22247077961936,75.5507776150269,5472600
2023-01-06,75.58692169189453,76.23752151131615,74.83692429483948,75.50559326747079,5235300
2023-01-09,75.96643829345703,76.74354289124174,75.44234321234785,75.57788599456467,4749000
2023-01-10,76.3911361694336,76.44535052498995,75.33391487213085,75.96643866692933,4921100
2023-01-11,76.80679321289062,77.13209312389988,76.1019790370346,76.32788137001369,6153500
2023-01-12,76.87003326416016,77.41219739757486,76.25557874122589,76.89714043673224,4648600
2023-01-13,76.51763916015625,76.77968669594351,75.67728219849093,76.30077484895001,4943200
2023-01-17,77.47544860839844,78.13508633843348,76.96942967729706,76.97846769934984,8410200
2023-01-18,75.72248077392578,77.74656417483163,75.65922838308477,77.64716657579669,6107700
2023-01-19,74.62908935546875,76.2104056427072,74.35801069976587,75.95739613978775,7099700
2023-01-20,73.93331909179688,74.5839189475201,72.74055498763511,74.55681176919705,9429200
2023-01-23,74.70137786865234,75.19836573254837,73.10199246900905,73.53572106478036,6864300
2023-01-24,75.81283569335938,76.08391439718243,72.54176693954676,74.80982863302988,6652300
2023-01-25,69.20743560791016,73.1833180578003,68.58394985513085,72.7676585912834,28527400
2023-01-26,69.03575134277344,69.98453696373666,67.5899778532163,67.86105650463787,18508700
2023-01-27,68.2947998046875,69.03575923365267,68.23154742272679,68.73756647841249,13243200
2023-01-30,67.8158950805664,68.99058328287607,67.6713142528397,68.09601181679528,10669600
2023-01-31,67.43636322021484,67.61708922637315,66.27974435677059,67.35504168793778,19020400
2023-02-01,67.0839614868164,67.80685178123608,66.27071162909246,67.4273374789625,15188700
2023-02-02,68.31285858154297,69.43333213205634,66.15323300468643,66.47853288935023,18604100
2023-02-03,67.4725112915039,68.16829438032329,66.5689019042525,67.99660639066792,11671500
2023-02-06,68.23155212402344,68.28576648544166,67.27372141034564,67.40926420788423,9343400
2023-02-07,68.7466049194336,69.19840962017541,67.54480276090213,68.10504307165932,10855800
2023-02-08,67.79780578613281,68.80985070054186,67.64419385717551,68.65623877158454,9082200
2023-02-09,66.20745086669922,68.62009295495453,66.07191498589154,67.95141710434108,13163500
2023-02-10,67.53575897216797,67.9966016579081,66.34299493977564,66.34299493977564,9883000
2023-02-13,68.3309326171875,68.68333966620756,67.91527319767644,68.07791624123216,8114200
2023-02-14,68.701416015625,68.97250157126996,67.58998040426323,68.03274704409073,7089400
2023-02-15,69.52369689941406,69.65923276976815,68.3580401564293,68.3580401564293,9344300
2023-02-16,68.39420318603516,69.14419380884588,68.36709600489651,68.49360077953895,7795600
2023-02-17,68.73757934570312,69.1080625765344,68.11408653966703,68.40324132475739,9436100
2023-02-21,66.55987548828125,68.2496207499655,66.51469225812149,68.16829920846953,11915600
2023-02-22,66.57794189453125,67.53576566722526,66.36107756550467,66.849027476309,9351200
2023-02-23,65.84601593017578,67.20142995751911,65.64722076979334,67.20142995751911,9049900
2023-02-24,65.89119720458984,66.2616803756407,64.87915906707097,65.1683138055039,9127800
2023-02-27,65.35279846191406,66.99889371182552,65.1890978834654,66.36228420592695,7029700
2023-02-28,64.59795379638672,65.34369930264661,64.38878508406421,65.20728100327115,11276700
2023-03-01,63.543006896972656,64.60705725901983,63.333831223272355,64.44335666958767,11809200
2023-03-02,65.67111206054688,65.68020846572017,63.77037275225264,63.98863790674272,16066500
2023-03-03,67.1444091796875,67.18078785736756,65.64382168337077,66.28952760051438,10724800
2023-03-06,67.66278839111328,67.84467482807891,66.76243873264463,66.88066422282002,6888900
2023-03-07,67.0716552734375,67.74464349881825,66.40775651405171,67.24445226667291,7308900
2023-03-08,67.52638244628906,67.64460795809067,66.4259533427502,66.73516172985782,5913600
2023-03-09,67.08075714111328,68.19937213967667,66.74425953175621,67.75374542130321,7678100
2023-03-10,66.39867401123047,67.54457131389366,65.81662895442632,67.2899274688574,10167100
2023-03-13,66.6532974243164,68.37214978993732,66.38955725465469,66.44412179371496,8388800
2023-03-14,67.79923248291016,68.07206224215906,66.7806500082147,67.28993777629971,8635800
2023-03-15,68.68136596679688,68.9814848430662,67.23535000780969,67.70825892374552,12030300
2023-03-16,69.32708740234375,69.58173123010239,68.0538613250266,68.8087033419711,8895800
2023-03-17,68.81779479980469,69.3816539622476,67.97200952540238,69.3816539622476,14137400
2023-03-20,69.09062957763672,70.02735806233267,68.49039174946809,68.75413198258546,7140100
2023-03-21,68.53587341308594,69.43622330322665,67.54457334253689,69.43622330322665,6222300
2023-03-22,67.41722869873047,69.09970932999758,67.38085002653052,68.4903752438012,7038000
2023-03-23,67.12621307373047,68.86325842036634,66.72606151595555,67.08983439783766,7541200
2023-03-24,68.83597564697266,68.89054019115318,67.03526936526373,67.28991315613666,5293900
2023-03-27,68.60862731933594,69.17247955367228,68.16299366110492,68.99968948437126,5515900
2023-03-28,68.42672729492188,69.345269861447,68.04476157207826,68.66318523985899,5935500
2023-03-29,69.21794891357422,69.39983537311021,68.63590391683066,68.63590391683066,5680500
2023-03-30,69.65448760986328,70.04554978979822,69.27252183556158,69.44531884997048,6187000
2023-03-31,70.10011291503906,70.13649159470383,69.09972350909081,69.81817988226803,10124400
2023-04-03,69.72724914550781,70.0728431949819,68.93603527123804,70.0728431949819,5778700
2023-04-04,70.17286682128906,70.65487216071219,69.50896809249272,69.89093380239143,6165600
2023-04-05,71.2369384765625,71.80079080627539,70.70036149027476,70.84587624537835,8200400
2023-04-06,71.8189697265625,71.84625200323532,70.90042709360782,71.66436553306714,5427700
2023-04-10,71.32785034179688,71.39151128450968,70.30926831986957,71.25509299626155,5647500
2023-04-11,71.24600982666016,71.49156417882047,70.84585822893658,71.29148491069685,6019600
2023-04-12,71.47337341308594,72.24640823266746,71.17326144084453,71.56432358375942,6786400
2023-04-13,71.7098388671875,71.94629684632532,70.46390188553248,71.3187766833738,4928600
2023-04-14,70.9549789428711,71.36423383526086,70.53663458556717,71.29147648481076,4920900
2023-04-17,71.42790222167969,71.43699862606407,70.7458176018453,71.1005010490773,4393300
2023-04-18,71.20963287353516,71.90990332218851,70.88223172030101,71.60069497664689,8147500
2023-04-19,71.79167938232422,72.00084810565995,71.20053801292083,71.21872388248438,3813300
2023-04-20,71.6188735961914,71.93717831335888,71.14596472190294,71.5915913259374,4350400
2023-04-21,71.83715057373047,72.5556138761349,71.44608844554891,72.24640551077086,5192600
2023-04-24,71.88262939453125,72.07361226633653,71.39152760766457,71.40062401256691,5725800
2023-04-25,70.77311706542969,71.9372073225106,70.48209450115947,70.69127022166239,8399800
2023-04-26,67.36267852783203,69.98188103819184,67.32629984787268,69.8272768522574,12656700
2023-04-27,68.98150634765625,69.59083375535275,67.2171850934526,67.5809580936429,8155600
2023-04-28,69.69084930419922,69.75451025106317,68.5813309357879,68.5813309357879,10005800
2023-05-01,69.84547424316406,70.3729477908661,69.44531567588564,69.54535531770524,5214700
2023-05-02,69.06333923339844,70.04553575066757,68.67227713184356,69.71814153725994,7674200
2023-05-03,68.56315612792969,69.62720663563938,68.45402007386024,69.35437690825273,6265900
2023-05-04,68.67227935791016,68.81778713097216,67.8083013695496,68.5540469201162,6042300
2023-05-05,68.67227935791016,69.63629003733148,68.38125687326277,68.76322258338934,6215500
2023-05-08,69.17247772216797,69.74543328514486,68.46311077612427,68.69047233260105,6751700
2023-05-09,68.73595428466797,69.31799937230139,68.38127077622025,69.31799937230139,5588100
2023-05-10,69.92731475830078,70.17286910732324,69.0633436808332,69.23613373321257,5696000
2023-05-11,69.2088394165039,69.88182751570338,68.69955187532835,69.65446601503253,6542700
2023-05-12,70.90042114257812,70.927703416961,69.64538795130116,69.92731403795558,8315000
2023-05-15,70.51847076416016,71.41882070726717,69.86366828243688,71.3642561466319,5430000
2023-05-16,68.97239685058594,70.48208088124339,68.83598547066717,70.48208088124339,6215700
2023-05-17,68.51769256591797,69.37257445365564,68.38128114853498,69.27253478855759,5408600
2023-05-18,68.29940795898438,68.43582627614325,67.49000139930526,67.9811031779629,6970600
2023-05-19,67.73554992675781,68.91782571713406,67.72645352279062,68.70865699555112,6338600
2023-05-22,67.82649993896484,68.36306987183477,67.72646030088335,68.12661885320935,4272600
2023-05-23,67.44454193115234,68.3903599911714,67.217180352806,67.3899704341524,8751200
2023-05-24,67.51727294921875,67.68097351609912,66.98979951240224,67.43542613503995,6879400
2023-05-25,66.74425506591797,67.4627183858087,65.90756623966183,67.4627183858087,7716400
2023-05-26,67.65769958496094,68.24347998961446,66.4495266274814,66.93462537042386,7174000
2023-05-30,66.53191375732422,68.41739422651439,66.40377471474163,68.05127968354095,6874000
2023-05-31,67.23666381835938,67.52039921029305,65.79051552988939,66.48613231142791,11112000
2023-06-01,66.7790298461914,67.20921386399466,66.3213884626651,66.86140892641387,6738800
2023-06-02,67.59364318847656,67.91399081833525,66.37631521195895,66.85226624751009,7175400
2023-06-05,67.35566711425781,68.54553771025122,67.11769858150276,67.86823030085189,5266600
2023-06-06,67.16344451904297,67.86821613485886,67.14514193690304,67.52955900931912,5652900
2023-06-07,67.88652038574219,68.18856537137367,67.07191929095661,67.40142164199946,6488100
2023-06-08,68.55467987060547,68.75604319435966,67.79499350664311,68.17026278874015,9984500
2023-06-09,67.79499816894531,68.82926524120153,67.730928650895,68.51807243440105,6011400
2023-06-12,67.71263885498047,68.16112556603208,67.4472059491995,68.1062108210619,7564300
2023-06-13,68.05127716064453,68.36247695470364,67.502108858071,67.63940267947784,8579300
2023-06-14,67.18175506591797,68.60043913477034,67.0810734050445,68.55467918722533,8893600
2023-06-15,68.06044006347656,68.20688170287411,67.19092406259419,67.49296212605623,10098300
2023-06-16,69.18622589111328,69.94591231729984,68.38993429674886,68.41739166440918,23053600
2023-06-20,68.42655181884766,69.71709708155538,68.18857630868962,69.22284347571379,7801600
2023-06-21,69.36012268066406,69.58894335827674,67.47464253171259,68.14279499983196,7176100
2023-06-22,68.76519775390625,69.91845609592343,68.64621349774292,69.62556586432189,6976200
2023-06-23,67.88652038574219,69.55233472354624,67.73092399304231,68.91163958710362,9080100
2023-06-26,67.9963607788086,68.45400218371398,67.55702195755582,67.81330002701424,5670200
2023-06-27,67.64854431152344,68.46314531496957,67.0078422638681,68.2434724502036,5979100
2023-06-28,67.21836853027344,67.92313318713747,67.01700520458276,67.68515771286182,8735100
2023-06-29,66.64173126220703,67.36480543436454,66.36715064158639,66.52274702491003,7193200
2023-06-30,67.91397857666016,68.01466023976113,66.61427872233378,66.76072731704548,9259900
2023-07-03,68.07872772216797,68.16110679999778,67.27328142445458,67.61193855232715,2484500
2023-07-05,68.60044860839844,69.18622908907415,67.65770836553142,67.71263008644449,8450100
2023-07-06,66.83393096923828,67.99634375722013,66.82478317122879,67.99634375722013,7271200
2023-07-07,65.94612884521484,66.55936664818323,65.80883502795459,66.38546068078332,7511700
2023-07-10,65.63493347167969,66.34885298974906,65.07661036487075,65.71731256079374,7704700
2023-07-11,66.07427215576172,66.11088430827104,64.84778948738857,65.57086378757609,6623100
2023-07-12,67.2458267211914,67.33735360225039,66.07426588430825,66.39461345954139,9710500
2023-07-13,67.46549987792969,67.6668632277173,67.16345485324827,67.29159389710327,6058600
2023-07-14,66.99869537353516,67.50210368576899,66.62343307236809,67.2549804126154,6463500
2023-07-17,66.50445556640625,67.20006550809609,66.31224002185473,66.77903623295097,5148800
2023-07-18,65.94612884521484,66.88886901638641,65.25966674196717,66.60512659856757,7239500
2023-07-19,65.99189758300781,66.7515840876938,65.94613762653013,66.22987309907725,7464800
2023-07-20,67.82244873046875,67.8499060950131,65.58000884067587,65.99188327494704,9221600
2023-07-21,69.469970703125,69.80862089330387,68.00551951883433,68.11534899324734,11878400
2023-07-24,69.10385131835938,70.17473051716136,68.98486706839924,69.45165626804918,8609700
2023-07-25,69.04893493652344,69.50657632505703,68.2984033386505,69.3418251458628,8847800
2023-07-26,68.069580078125,69.73539439026302,67.62108650647208,68.54552403171309,7244600
2023-07-27,67.06275939941406,68.54551986615283,66.98954209157908,67.67600410678268,10185400
2023-07-28,66.6783676147461,68.0787495391508,66.33971736140047,67.50212374176515,6230700
2023-07-31,67.09024047851562,68.16111981338464,66.85226496530436,67.18176737342628,10876400
2023-08-01,66.05596160888672,67.55702492424966,65.98273730495342,67.1085382830026,6723400
2023-08-02,65.81797790527344,66.22069751785331,65.40609652799891,65.45186345315798,6589600
2023-08-03,64.16132354736328,65.44272087723455,64.12471139701796,65.16813324117153,9075100
2023-08-04,63.31010437011719,64.70133802169954,63.1728105648481,64.57319899892919,9140500
2023-08-07,62.825016021728516,63.813523203296754,62.79755865274954,63.612159853378685,8397200
2023-08-08,62.88908767700195,63.108753619339396,62.15686554152569,62.550430487647006,8890000
2023-08-09,63.08129119873047,63.68538122060905,62.70602886824389,62.96230694429401,7453000
2023-08-10,62.50466537475586,63.7586053672817,62.376526337044176,63.42910298943628,7959900
2023-08-11,63.08129119873047,63.099600765907674,62.38568127318124,62.5138203112063,6524200
2023-08-14,62.75178527832031,63.0904424214461,62.513816782878514,63.0172181229778,8021100
2023-08-15,61.644290924072266,62.44974420157371,61.47953975213362,62.37651990670029,7703900
2023-08-16,61.836490631103516,62.19345028882429,61.60766997958753,61.982939199938755,6433500
2023-08-17,61.79075241088867,62.37653292603494,61.58938904948442,61.635149006041566,6677600
2023-08-18,62.08363723754883,62.294148382016814,61.62599581368316,61.63514361436163,6291300
2023-08-21,61.397178649902344,62.056183455641516,61.02190930877973,62.01041651738849,6856100
2023-08-22,61.79989242553711,62.07448006250006,61.10428251585737,61.42463010361168,7370400
2023-08-23,62.138553619384766,62.36737433737721,61.598540076788574,62.30330481566149,7721800
2023-08-24,61.52531433105469,62.614503157782835,61.397175290622435,62.13855216498819,9242500
2023-08-25,62.20261001586914,62.44058546762178,61.53445757082684,61.59852707902339,10114100
2023-08-28,62.257530212402344,62.78839588870662,62.22092504711878,62.46804831957586,7152600
2023-08-29,62.21882629394531,62.53217501885139,61.85017535825506,62.46766163246298,11209700
2023-08-30,61.83174514770508,62.42159092284723,61.58290978422199,62.08058754262063,7461500
2023-08-31,61.564476013183594,62.4768816561881,61.49996262491927,62.20960989582679,11797800
2023-09-01,61.62898635864258,62.27412020943361,61.24189901673635,62.06214364049849,8296600
2023-09-05,61.01150131225586,61.9976386354331,60.65206854231301,61.58291067978599,10002700
2023-09-06,60.54146957397461,61.20503983392861,60.23733203292376,60.85481829037979,9250300
2023-09-07,61.057586669921875,61.72115703876007,60.707372100338475,61.08523426338468,9981100
2023-09-08,61.59212875366211,61.74880313377115,60.89169260006001,61.066803396318676,7484800
2023-09-11,62.23725509643555,62.569040232320845,61.702711596239055,61.748795599557674,7981600
2023-09-12,62.421592712402344,62.698075676261944,61.85018333680023,62.20961611182058,7171300
2023-09-13,63.066715240478516,63.38006394907018,62.55981935136685,62.55981935136685,8925700
2023-09-14,63.850101470947266,63.914614861481525,63.0575043692794,63.49988692682304,7944900
2023-09-15,63.2602653503418,64.4122952511441,63.22339954974422,63.90539928221809,18391400
2023-09-18,62.89161682128906,63.4630262056215,62.58748625954008,63.41694219522447,7534100
2023-09-19,62.29255676269531,62.81788914208388,62.07136899288021,62.716509949370206,8215500
2023-09-20,62.07136535644531,62.799449047174214,61.96998616967091,62.73493565844796,5804000
2023-09-21,61.665863037109375,62.40315799220897,61.536829212748266,61.85018501802605,9458600
2023-09-22,62.393943786621094,63.029866615017184,61.14975275703017,61.28799776730323,11796500
2023-09-25,62.181976318359375,62.20962391507004,61.54605346827993,61.95157030385912,8656500
2023-09-26,60.21890640258789,61.92391636028236,60.154393006397434,61.859402964091906,9042600
2023-09-27,55.260562896728516,59.89632954379279,54.86426437650502,59.629057794671674,25606200
2023-09-28,52.60629653930664,55.94257424031919,52.51413203525216,55.57392325553396,31153800
2023-09-29,52.799835205078125,54.154619976393526,52.514130524304115,53.15004976325966,19047600
2023-10-02,48.06268310546875,51.96115140050599,46.24708307444948,51.68466496060496,54022800
2023-10-03,48.643310546875,48.94744813536102,46.54200908357642,47.9889583916501,36257500
2023-10-04,46.6525993347168,49.721608510657596,46.57887125325799,49.500417234849046,28467400
2023-10-05,45.57430648803711,46.20101107533544,44.45914231664786,45.90609168316169,29911400
2023-10-06,46.30238342285156,46.54200407513526,43.45456560713049,45.214867006769346,24718500
2023-10-09,45.45449447631836,46.468279449458635,44.588169199556965,45.795494364997694,20644600
2023-10-10,47.5373649597168,47.57422724571899,45.63881835980772,45.786278050965564,23164300
2023-10-11,49.343746185302734,49.37139377824599,47.64795800902939,47.97052497908833,22401400
2023-10-12,48.8460693359375,49.740045692209364,48.136418472755835,48.91058273116162,27972800
2023-10-13,50.21929168701172,50.91972435750286,49.30688240952765,49.33453000360654,22319200
2023-10-16,50.11790466308594,50.72617624786981,49.36217340670948,50.21928384650256,17089400
2023-10-17,49.92436981201172,50.541859713005096,49.35296392305579,49.38061503342156,13365500
2023-10-18,49.067256927490234,50.48655503101719,48.91057903968793,49.841421127466795,13593300
2023-10-19,48.283878326416016,49.75847876037894,48.27466363380289,49.104123081922936,11580400
2023-10-20,47.88758087158203,48.56036595108575,47.63874197657932,47.87836617875221,17798900
2023-10-23,47.48206329345703,48.44055298401528,46.956737956764094,47.251657320671846,15200700
2023-10-24,50.79991149902344,51.085616191202774,48.94744889333193,50.17320692733202,20060300
2023-10-25,52.03487777709961,52.47725676963133,50.60636162118588,51.25149897035471,19262400
2023-10-26,53.05788803100586,53.67537787670853,52.23764331650266,52.32058960873985,17357800
2023-10-27,51.83212661743164,53.472615937379764,51.54642195967112,52.86434433998314,11921000
2023-10-30,52.71688461303711,52.96572347295923,51.39896223403248,51.98880093204821,11017700
2023-10-31,53.73067092895508,53.90578171434952,52.89199334771049,53.0486712338152,19978300
2023-11-01,53.85048294067383,54.18226809598986,52.69845310455761,53.55556358388536,13428900
2023-11-02,55.2144889831543,55.730599644728,53.914999394780544,53.93343229509206,15076500
2023-11-03,54.72602462768555,56.67065149345593,54.71680642048056,56.421812634660505,13938000
2023-11-06,54.41267395019531,55.18683813908607,54.246781372881856,54.74445910482221,9299500
2023-11-07,53.87813949584961,54.89192802973364,53.822844304574396,54.42189780959454,9615500
2023-11-08,52.993370056152344,53.61085633274127,52.32979977563752,53.61085633274127,12781600
2023-11-09,50.43126678466797,52.78140729921615,50.33910227454424,52.64316229188884,17147900
2023-11-10,50.81834411621094,51.03031720314084,50.237720042445154,50.68931732553329,12776100
2023-11-13,50.22850036621094,50.74461099342977,49.59258116851667,50.73539278602949,8951800
2023-11-14,53.03945541381836,53.2145662070952,51.10404660558496,51.68467065434147,13399500
2023-11-15,52.53255844116211,54.12696724915709,52.51412554263018,52.97493745878072,11295000
2023-11-16,52.163909912109375,53.24221167389521,52.14548052844185,52.91964120825641,11155400
2023-11-17,52.873565673828125,52.882783882242045,52.06253911922375,52.541780485255245,10136300
2023-11-20,52.845916748046875,53.15926902761034,51.89664521689122,52.53256446848341,8404900
2023-11-21,53.43575668334961,53.721461376096556,52.32980723018421,52.827485011466095,11952600
2023-11-22,53.396732330322266,54.17719626546148,52.950753445146304,53.870583788220124,9626900
2023-11-24,53.47106170654297,53.526810397702896,52.895006075191155,53.09012117776311,4629400
2023-11-27,53.49893569946289,53.61042953302934,52.83925528540917,53.424604114201884,9779100
2023-11-28,54.03782653808594,54.4280602794421,53.20161390969782,53.48035381537728,9473600
2023-11-29,54.22365188598633,55.031988396101646,53.87058393844884,54.38160119095105,17019100
2023-11-30,54.36301803588867,54.52097088442767,53.87058368236876,54.33514546322154,15381700
2023-12-01,54.976234436035156,55.32001267445915,53.5825492204535,54.40017887267235,10510200
2023-12-04,54.51167678833008,55.31072360565324,54.428059071671896,54.437348747636676,10239600
2023-12-05,54.10285949707031,54.68820827844064,53.76837447914441,54.52096576947769,12544800
2023-12-06,55.93323516845703,55.98898030984951,54.465218343490804,54.465218343490804,13235700
2023-12-07,55.6080436706543,56.26772409220692,55.22710315267396,56.100481567793594,12230500
2023-12-08,55.46867370605469,55.700954581252304,54.91119747898549,55.347886658540965,9408300
2023-12-11,55.477962493896484,55.691660470340075,54.381596496959936,54.381596496959936,11005700
2023-12-12,55.301429748535156,55.524417398081084,53.96349321828524,55.43150646815774,9931000
2023-12-13,58.07950973510742,58.16313099376596,55.12490019926406,55.37576043091472,13013400
2023-12-14,58.33037567138672,60.012087038222276,57.94014547941109,59.13871571646495,16809100
2023-12-15,57.14109420776367,58.4511581770955,56.69511536121718,57.69856687986559,28901500
2023-12-18,56.67653274536133,57.69856716402316,56.53716280448707,57.23400542020872,10755600
2023-12-19,57.206138610839844,57.44771272677353,56.55575139513592,57.011023509426224,11509600
2023-12-20,55.59876251220703,57.34551606572142,55.543013814086926,57.18756319321062,10091200
2023-12-21,55.37575912475586,56.351341634202505,54.87403512896387,55.868196989385325,12604200
2023-12-22,55.5151252746582,56.55574253007354,55.440793698537654,55.71024034548771,9799400
2023-12-26,55.942527770996094,56.267723138208495,55.39434473789667,55.45009342653095,6791600
2023-12-27,56.28629684448242,56.3699145472939,55.42221180551913,55.663782328176055,6787500
2023-12-28,56.69511795043945,56.7694459894293,55.858905359772585,55.858905359772585,5981900
2023-12-29,56.43496322631836,56.73228246423073,55.99827404499242,56.49070836822387,6814600
2024-01-02,57.206138610839844,57.74503198921101,55.91465740006609,56.258432132698445,10064300
2024-01-03,57.59636688232422,57.71715038448303,56.17480552809691,56.77873721619036,10306300
2024-01-04,57.419830322265625,58.31178801191708,57.35479196224884,57.763605017257895,10568100
2024-01-05,57.679988861083984,58.12596771792846,56.92739754647617,57.280465470599886,7803800
2024-01-08,58.46045684814453,58.590537133021165,57.224724268581994,57.4012564815694,7766600
2024-01-09,57.61494827270508,58.57194791437604,57.503454442025195,58.47903343520533,6921600
2024-01-10,57.86581039428711,58.283916677779764,57.51274601651542,57.62423984400517,8100100
2024-01-11,56.416385650634766,57.78219492098081,56.304888267660424,57.60566271442594,10686000
2024-01-12,56.71369934082031,57.289754918919066,56.60220196880775,56.84377606384343,7796900
2024-01-16,56.07260513305664,56.86236228149376,55.942528402433496,56.36063471109725,11633100
2024-01-17,54.1400260925293,55.75669897746792,53.70333691881233,55.245681767730424,11543100
2024-01-18,53.5639762878418,53.96349971439125,53.17374253767305,53.85200233187148,9626500
2024-01-19,53.20160675048828,53.69404458508408,52.56980607045673,53.62900622766429,12762600
2024-01-22,52.8206672668457,53.694045587341954,52.6441350854575,53.30381189121444,12979900
2024-01-23,53.3131103515625,53.43389386128473,52.8578382520458,53.22019586986263,16081000
2024-01-24,52.969329833984375,54.27010416788488,52.72775928048424,53.98207460334729,14471400
2024-01-25,53.87059020996094,55.152781872891005,53.01579813089126,54.77184130820551,15702600
2024-01-26,54.33513641357422,54.83686390396932,54.09356588726797,54.195770029125256,11650000
2024-01-29,55.34788513183594,55.55229343055544,54.084276638524074,54.32585072688799,10102800
2024-01-30,55.07844543457031,55.51513465727184,54.41876853446924,55.28285375912426,7807700
2024-01-31,54.474510192871094,55.72882546319544,54.28868478947958,55.46867202504219,11124900
2024-02-01,55.5151252746582,55.58945685077876,53.898448937282474,54.25151683520584,8687600
2024-02-02,54.02853775024414,54.84616395108344,53.8705848981404,54.71608721660106,14952900
2024-02-05,52.00304412841797,53.35956360601978,51.92871254614256,53.30381491931323,14293600
2024-02-06,52.24461364746094,52.569808996987966,51.57564359753091,52.030915669138814,10305400
2024-02-07,52.38398361206055,52.653426731777316,51.68714099118901,52.32823492643388,7761300
2024-02-08,52.30036163330078,52.42114513400277,51.46414908207652,52.42114513400277,8143000
2024-02-09,52.5698127746582,52.61626824383612,51.77076594522775,52.01233651154795,8003500
2024-02-12,53.47106170654297,53.54539329475621,52.49548264935799,52.579103913935285,9622000
2024-02-13,51.33407974243164,53.090122808157616,50.795186344311865,52.84855222769637,12759700
2024-02-14,52.04021072387695,52.09595941524205,51.185418722230196,51.464155090405214,8831300
2024-02-15,53.21090316772461,53.57326076493398,52.23532420347057,52.309652240278325,9880000
2024-02-16,52.9879150390625,53.35027265726886,52.33753138808958,52.82996573649053,9943500
2024-02-20,52.59768295288086,53.25735980042182,52.07737250652922,52.71847000270489,13014600
2024-02-21,53.052955627441406,53.2759468487806,52.62555962622694,52.978627583211825,9322100
2024-02-22,52.6534309387207,53.03437500445262,52.328239107394836,52.764928318882546,10426000
2024-02-23,52.75563049316406,53.38743474829506,52.50476672618633,52.774213388235545,10563900
2024-02-26,51.710182189941406,52.44153083671246,51.43826922961026,52.413403143149495,12753800
2024-02-27,52.094608306884766,52.49778859695477,51.372634382265616,51.9820903816792,12421800
2024-02-28,51.60704040527344,52.24462766256043,51.29762148184008,51.897702764753355,13240400
2024-02-29,51.74768829345703,52.375900916545504,51.532034281580984,52.02897955628986,19993600
2024-03-01,51.766441345214844,52.150868684547575,50.894447013621864,51.813322030154545,15398200
2024-03-04,51.54140853881836,51.63516990126112,50.585027619481956,51.36325694270371,11674600
2024-03-05,51.944583892822266,52.98534779326538,51.52265064844459,51.56953132520513,16026100
2024-03-06,52.06647491455078,53.360402387530726,51.813314958309064,52.48840817495365,11074900
2024-03-07,52.741573333740234,52.9478526317887,52.06648005050297,52.58217829562413,10227300
2024-03-08,54.20427322387695,54.532441576558654,52.79783129506946,53.1822586125395,12735600
2024-03-11,54.260528564453125,54.513688540629126,53.34165360098103,53.97924089429094,9681500
2024-03-12,53.58543395996094,54.38241621516628,53.02285509443383,54.0729973026114,9634400
2024-03-13,55.82637023925781,56.604599595094705,55.273169593421066,55.32005027660719,17495300
2024-03-14,55.82637023925781,56.48271053416415,55.42318992567679,55.50757658611855,16996100
2024-03-15,56.33268737792969,56.37956805876567,55.20753315403278,55.507573803503064,32424500
2024-03-18,56.41706466674805,57.32656480403535,55.732596781849566,56.33268159596433,17073700
2024-03-19,57.448463439941406,57.560977789536786,56.501457231944116,56.623349863786345,11433900
2024-03-20,58.320457458496094,58.51735846367435,57.53284986101643,57.61723651705949,14564500
2024-03-21,57.53284454345703,59.436227904457056,57.46721088113057,58.320452068140895,18090300
2024-03-22,57.92664337158203,58.59236181680136,57.87038799365233,58.33920188581927,10046300
2024-03-25,58.70488357543945,58.73301126796238,57.579729376556536,58.13292998236258,11423500
2024-03-26,57.598480224609375,58.98616904021154,57.476587600259464,58.71425610003347,13829600
2024-03-27,59.81128692626953,59.87692059568156,58.15168504949386,58.28295238831791,13409000
2024-03-28,59.92380142211914,60.251973346739916,59.43623446475976,59.69876914304299,12830800
2024-04-01,59.426856994628906,60.05506954428245,58.84552512437838,59.92379863448079,13175200
2024-04-02,58.958045959472656,59.38935395411273,58.47047900070994,59.32372028435301,9905300
2024-04-03,58.64862060546875,59.061179143698524,58.001658684289815,58.77988793062682,10551400
2024-04-04,59.75502395629883,59.98943092470269,59.04242834612836,59.39872436283035,10690100
2024-04-05,60.17695999145508,60.345733302634684,58.976797402414896,59.1174394438868,10278100
2024-04-08,60.814552307128906,60.870807697678764,59.94255798593656,60.14883728933125,8054900
2024-04-09,61.302101135253906,61.752165613200425,60.74890418367542,61.08645075375226,9188000
2024-04-10,60.01756286621094,60.23321327358254,59.07055670024943,59.5393706423149,10783400
2024-04-11,59.95192337036133,60.748909187977276,59.3705951055444,60.59888529845921,12145600
2024-04-12,59.14557647705078,60.298854921215195,59.02368383448395,60.12071046405144,9039500
2024-04-15,58.83614730834961,60.31760102116866,58.41421406249821,59.56749588331445,11147100
2024-04-16,57.85163879394531,58.67675229964024,57.485964506411875,58.592365650458184,11594100
2024-04-17,59.81128692626953,59.933175982739456,58.05792010978615,58.35796434008407,15653700
2024-04-18,60.01756286621094,60.3738588869088,59.19244932668108,59.867538971054124,10135000
2024-04-19,60.28947448730469,60.85204977472462,59.68001494529438,60.21446254137325,13419400
2024-04-22,61.236473083496094,61.40524638398548,59.93317093386858,60.561379881538535,14747200
2024-04-23,62.07096862792969,62.980468901568536,61.03957929370777,61.17084663696144,14349200
2024-04-24,62.40850830078125,62.91482820545749,61.15209039748062,61.79905591237796,12149600
2024-04-25,62.7273063659668,62.93358564335356,61.424004189968244,61.883439846445036,11418500
2024-04-26,61.87406539916992,63.10236285785708,61.649036697862904,63.02735090624359,9982800
2024-04-29,63.21487808227539,63.67432095310417,62.78357006043253,62.83982545133649,9795800
2024-04-30,62.79295349121094,63.28051694392834,62.13660954487712,62.72731981193101,10042600
2024-05-01,64.33065032958984,64.56505730290753,62.57728359390159,62.699179798287986,13991100
2024-05-02,64.55567932128906,64.71507434703862,63.44927811594142,64.58380701365273,10815900
2024-05-03,65.76521301269531,65.8964803317999,64.98698022548068,65.53080606378963,12687500
2024-05-06,66.80599212646484,66.85287638586178,65.87774244938127,65.97150381464152,14042100
2024-05-07,67.46232604980469,67.5467162825261,66.86224475268945,67.2185479409058,13621100
2024-05-08,68.30619049072266,68.34369646482072,67.0216448571464,67.22791698438606,9915000
2024-05-09,69.92829132080078,70.0689369381606,68.0530354987586,68.44683750453947,16627900
2024-05-10,69.18756866455078,70.51899866317498,69.05630132122353,70.20020858753271,12046700
2024-05-13,69.92829132080078,70.01267439909672,69.00003453834596,69.51573275082086,7685500
2024-05-14,70.71589660644531,70.89404820187971,70.00330453177452,70.26583920702517,8176600
2024-05-15,72.24423217773438,72.37549951076366,71.23159233419432,71.23159233419432,12470600
2024-05-16,71.64414978027344,72.58177766074166,71.31597429928314,72.25360217975137,10414200
2024-05-17,71.34410095214844,71.77541606599165,70.82840991752073,71.58788620050919,9490300
2024-05-20,71.1378402709961,71.43788095048848,70.85654900430085,71.25035105484694,7179700
2024-05-21,72.15045928955078,72.15983757092214,70.74401753222205,71.13782666095895,6420100
2024-05-22,71.55976104736328,72.36612161370796,71.40974430318899,71.64415127820702,8773600
2024-05-23,70.62214660644531,71.22222800457222,69.96580981272356,71.22222800457222,9097800
2024-05-24,71.8316650390625,72.29110064981478,70.56586896252247,70.71588568798897,7601100
2024-05-28,72.69429016113281,73.37876167774661,71.5691395391611,71.84105248940313,11986600
2024-05-29,71.89730072021484,72.10357998287466,71.4097374068182,71.98168378937615,6896300
2024-05-30,73.31312561035156,73.37875927525879,71.83167185555085,72.0754571052918,21762300
2024-05-31,75.02898406982422,75.45092093189955,73.25686784829477,73.40689175130824,16196000
2024-06-03,73.33503723144531,75.26018901184564,73.15573165585978,75.02426365444174,15410500
2024-06-04,72.80655670166016,73.41052495739423,72.22145930397484,73.24065843547719,8484300
2024-06-05,72.71218872070312,72.97642393517968,72.2875188118347,72.71218872070312,9264600
2024-06-06,72.38190460205078,73.39166495298343,72.31584578282607,72.60839815356803,6550600
2024-06-07,71.1456527709961,72.66501270351377,70.78704880675042,71.30608029185305,10059500
2024-06-10,72.6366958618164,72.72162552948387,70.63604635827613,71.22114380173123,11218500
2024-06-11,68.64483642578125,71.07958771629754,67.52183667850247,71.06071685662377,22781500
2024-06-12,68.19186401367188,69.7867144564832,67.38028024756284,69.63572597899812,13930500
2024-06-13,69.06005859375,69.56965813886451,68.28622384743595,68.4749612197587,10023200
2024-06-14,68.94682312011719,69.3998029675504,68.30510586951121,68.66371701535805,6568500
2024-06-17,68.23904418945312,69.26768243314798,68.12580463225854,68.63540423924451,8445300
2024-06-18,66.47433471679688,66.61588417924433,65.08709238584433,65.2097709865891,29169800
2024-06-20,68.38060760498047,68.786399524795,66.80462787913811,67.00280432371672,14857200
2024-06-21,68.71089935302734,69.54136122585521,68.01256230531621,69.22993802354476,19465500
2024-06-24,69.6923599243164,70.07928102628539,68.18243884319574,68.41836423711683,12063700
2024-06-25,68.87133026123047,69.58853813009043,68.31454270001872,69.42811062257204,10753200
2024-06-26,69.23938751220703,69.46587387542874,67.87101590136993,68.70147789963566,11481500
2024-06-27,69.56966400146484,70.20194217188397,69.10725236039845,69.47529530735106,9824500
2024-06-28,66.82349395751953,69.18274746202025,65.92698050575738,69.08837876181428,23935600
2024-07-01,65.96472930908203,67.59732869938009,65.6249962290455,67.4369011893268,11036400
2024-07-02,66.50264739990234,66.62532600579502,65.47400899710402,66.05910653263241,9415200
2024-07-03,67.78607177734375,67.86156961562791,66.57813516427773,66.92730006656923,4487200
2024-07-05,68.03142547607422,68.27678983802642,67.60676275719558,67.9464958122464,7688800
2024-07-08,68.05030822753906,68.49384903554699,67.70113611913766,68.08805714735573,5368700
2024-07-09,68.05974578857422,68.88076137728879,67.64451487942286,68.00311881013623,6220100
2024-07-10,68.79582977294922,69.01287705126329,67.64451297534274,68.19186148565892,6740900
2024-07-11,70.49449157714844,70.97578130627302,69.32430385915228,69.36205277907091,12188700
2024-07-12,71.72132110595703,72.38190934145793,70.56056497800914,70.77761951245759,11099400
2024-07-15,66.97449493408203,70.21139128622526,66.77631848801663,69.99433677870361,19575400
2024-07-16,67.85212707519531,68.22017001795032,66.86123779862734,67.51239402036457,10551800
2024-07-17,66.90843200683594,68.18242748174568,66.5120791390632,67.71057677252945,11878900
2024-07-18,67.63507843017578,68.28623470803022,66.83293367042302,67.00280021247764,10212300
2024-07-19,67.94650268554688,68.28623577496424,67.41803219084007,67.8710048434829,7752100
2024-07-22,68.79582977294922,69.97545645904276,68.66371216009634,68.84301052047101,9034700
2024-07-23,68.05030822753906,68.90907275378972,67.86157082832604,68.35229238620208,7027500
2024-07-24,71.1645278930664,71.48538292152884,68.22017685602827,68.63540778685777,17813700
2024-07-25,69.30543518066406,71.40988533330973,69.17331755672534,70.95691267976856,13934200
2024-07-26,70.07926940917969,70.7681674133019,69.38092517503084,70.05095951858158,7076200
2024-07-29,70.1547622680664,70.46618547422909,69.41867628976964,70.26800903390847,5977500
2024-07-30,70.09813690185547,70.33406224533229,69.07893769006675,70.33406224533229,8505500
2024-07-31,72.08934783935547,72.55175949957352,70.48505837336707,70.65492490975514,15618100
2024-08-01,73.97676086425781,74.00507075760574,71.62694611805543,72.02329902466862,11136600
2024-08-02,74.74114990234375,76.02458441499901,73.43884452915113,74.8921455861246,14513100
2024-08-05,72.36302947998047,74.55241661667795,72.1837238955513,74.12775383235409,11877600
2024-08-06,72.6366958618164,73.98618911375908,72.35358256985133,72.52344910505636,9050900
2024-08-07,73.1934814453125,74.3259274942076,72.9386852242367,73.3444771317801,8193200
2024-08-08,73.17461395263672,73.8257702807271,72.28753225348414,72.77826105722124,6935900
2024-08-09,73.09911346435547,73.63702300294409,72.05160427870331,73.13686238634581,5041200
2024-08-12,73.21236419677734,73.24067408983619,72.5612078569398,72.97643882145894,5955600
2024-08-13,73.72196197509766,74.08056594440367,73.16517435973552,73.93900928287967,5108900
2024-08-14,73.61815643310547,74.15606600304898,72.75938460747629,73.60871740209001,4620700
2024-08-15,73.05193328857422,73.4294081117167,72.78769083255544,73.17461188610845,5946500
2024-08-16,74.14661407470703,74.35422952170714,72.89148956320265,73.15572478670465,6344200
2024-08-19,74.88269805908203,75.09031350078762,74.0144945754675,74.14661218384929,5617000
2024-08-20,74.53353881835938,75.29793463894937,74.51466075866543,74.88270372412507,5967300
2024-08-21,75.15638732910156,75.48668141608341,74.67509754528737,74.71284646949546,5125300
2024-08-22,74.47692108154297,75.43950064902201,74.042819253024,75.19413624164308,8006600
2024-08-23,75.17524719238281,75.79808629135879,74.70339655381612,74.98650261703452,5052900
2024-08-26,76.10008239746094,76.50587429853344,75.45836513994794,75.49611406096288,5378700
2024-08-27,75.1280746459961,76.10008600867707,75.0997647538591,75.83585074890408,5086000
2024-08-28,74.93933868408203,75.6187977081494,74.73172320455966,75.24132287251341,5462400
2024-08-29,75.52442932128906,75.66598598519167,74.27874363871395,75.05257857486104,5179200
2024-08-30,76.46949005126953,76.68794310719073,75.48168310116338,75.59565608807802,6808200
2024-09-03,75.91859436035156,77.10586125123251,75.63364740793934,76.7164342327026,9883900
2024-09-04,77.0108871459961,77.44780052514722,76.28902679298432,76.37451378374354,7517700
2024-09-05,76.29852294921875,78.01768312741518,76.20354304508952,77.84671640138167,8494900
2024-09-06,75.96609497070312,77.11536855794341,75.80462115124578,76.80192833055897,8181500
2024-09-09,77.11537170410156,77.16285803817121,75.28223109014395,76.08957123435779,6918000
2024-09-10,78.16966247558594,78.2551422215894,76.98239547107522,77.38131544543018,9588000
2024-09-11,79.24293518066406,79.37590848185863,77.62825523958625,78.54956818457684,10216500
2024-09-12,79.27143859863281,79.75584554172954,78.5590784308739,79.24294535136283,7856600
2024-09-13,80.40172576904297,80.47771259911424,79.30943863790299,79.68936554175642,6734400
2024-09-16,80.39221954345703,81.2660462838962,80.13577306942686,80.81963274900812,8791400
2024-09-17,80.70565032958984,80.73414357376386,79.95529683150056,80.53468361804417,7415100
2024-09-18,80.05028533935547,80.72465209452774,79.31893208970459,80.24974531653298,9286200
2024-09-19,78.16015625,79.5943767092604,77.38130944529277,79.43290290182554,13965200
2024-09-20,78.6065673828125,79.5563808839458,77.93220066658809,78.12216046821398,26032300
2024-09-23,80.56318664550781,80.67716688254679,78.77753974424526,79.4614066734742,7916000
2024-09-24,80.0597915649414,80.99060486223794,79.70835791387881,79.97430457024925,8205300
2024-09-25,80.37322235107422,80.93360884732162,79.64186188554552,80.36372218689147,8354700
2024-09-26,79.27143859863281,80.35422547390618,79.06247845664981,80.0217921782525,8462500
2024-09-27,80.2972412109375,80.58218093805853,79.55638777531927,79.5658806936715,8200900
2024-09-30,80.2877426147461,80.68666258841117,79.79384273018496,80.25924936612755,13884400
2024-10-01,80.99060821533203,81.44652196405872,79.61338129646526,79.88882812953925,9112600
2024-10-02,81.142578125,81.29454453654019,80.24975100025426,80.51569765532673,8403800
2024-10-03,80.78164672851562,81.77894662542793,80.49669975996787,81.35153341910872,7031500
2024-10-04,79.6418685913086,79.86032890689367,78.8440286488295,79.29993511695965,8341800
2024-10-07,76.26052856445312,79.35692267574156,76.16554866153673,79.35692267574156,11971600
2024-10-08,76.45999908447266,77.70425265131415,76.45049891891956,76.72594574793467,10098300
2024-10-09,76.5359878540039,77.02988777772562,75.66216101007142,75.66216101007142,10102500
2024-10-10,76.87791442871094,78.41660780945587,76.7639341889695,76.93490092533034,7928400
2024-10-11,77.75173950195312,77.77073258491208,76.35551239313963,76.91590616821216,7057000
2024-10-14,78.7490463256836,79.01499296502817,77.51428578986672,77.78973259390287,5815200
2024-10-15,78.63507080078125,79.83183799604572,78.52109055715987,78.83453079224151,15824900
2024-10-16,80.15476989746094,80.39222329975144,78.57808307443345,78.9105163883396,8061600
2024-10-17,79.57538604736328,80.3827261966039,79.49939921657514,80.06929320098314,6153000
2024-10-18,80.14527130126953,80.17377179716463,79.35693149757465,79.70835790208234,8595300
2024-10-21,79.81283569335938,80.6961626317153,79.46140929892383,80.50620281020974,7053800
2024-10-22,79.4993896484375,80.00279690694411,78.96749638994254,79.02448288292354,8358500
2024-10-23,80.6961669921875,81.68397405969911,78.83453310412821,80.34473333225931,10825100
2024-10-24,78.65406799316406,80.30674900273623,78.3596280732245,79.78434858364677,9705100
2024-10-25,77.34331512451172,78.95799520784516,77.210341811602,78.7395421565658,6580700
2024-10-28,78.71104431152344,79.63235728385266,77.51427731875847,77.92269739783293,8679600
2024-10-29,75.5671615600586,76.64994839640165,75.48168182132197,75.93758825425479,19232900
2024-10-30,75.1207504272461,75.88060416823487,74.93079061525007,75.74763085053718,11650200
2024-10-31,75.2727279663086,75.84261467826717,74.218434288259,74.45588768878365,13034700
2024-11-01,73.46807098388672,75.4721779997287,73.10714447143005,75.40569134621032,14615300
2024-11-04,74.43689727783203,74.8643105155214,73.2306299018148,73.46808331086511,11759100
2024-11-05,74.70284271240234,74.8358160395713,73.10715553987202,73.86700208847994,9051700
2024-11-06,70.78010559082031,71.21702621946658,69.0419522271735,70.57115268792757,28637800
2024-11-07,70.87509155273438,71.32149784578053,69.87778440070008,69.9157778132683,16311300
2024-11-08,73.1071548461914,73.31611500018928,70.93208080599058,71.2170277880791,14657100
2024-11-11,72.10034942626953,73.27811618891609,71.93887561684443,73.11664962599322,10275700
2024-11-12,70.53316497802734,71.99587889556719,69.92528481054366,71.81541197986,12569800
2024-11-13,70.51416015625,71.27401394046824,70.21022009186325,70.88458688326814,12451500
2024-11-14,71.50196075439453,72.35679437322804,69.95376732275868,70.1722203747093,13780200
2024-11-15,72.51825714111328,72.84119748978848,71.5114571796292,71.66342356697506,12930300
2024-11-18,72.55625915527344,72.82220579954814,71.5304587446402,72.47077941097194,9044300
2024-11-19,73.21163177490234,73.43958500286891,71.91988473892101,72.48027126736017,7942200
2024-11-20,73.02167510986328,73.61056221633523,72.52777517119587,73.316122286351,7065200
2024-11-21,73.47758483886719,73.62005833624009,72.52777118505195,72.93619134605262,8908500
2024-11-22,72.66960906982422,74.14212570796295,72.4401281364331,73.84571253170495,8165400
2024-11-25,73.28155517578125,73.72139662356373,72.50705254980194,73.36761507592703,20803100
2024-11-26,74.09430694580078,74.37159972476591,73.11900759829126,73.62578128930569,10563600
2024-11-27,75.07917785644531,75.90149244561611,74.44810345956272,74.70626860031756,8689700
2024-11-29,75.22261047363281,75.52858750370406,74.88794923684675,75.13655785348833,6186500
2024-12-02,73.69271850585938,75.5859562196382,73.53016981946773,75.4616482752834,11361500
2024-12-03,72.9468994140625,74.17080741095555,72.8895310064166,73.69271789372752,9806900
2024-12-04,72.4209976196289,72.68872658055957,71.80904362462537,72.66960620980755,8310200
2024-12-05,72.86084747314453,73.18595217383704,72.11502891194182,72.32538948973088,6487200
2024-12-06,71.94290924072266,73.1476968789955,71.63693223839098,72.85128370972434,7079200
2024-12-09,71.42656707763672,72.31581382320066,71.29270260368659,72.1915131816946,9269700
2024-12-10,70.89110565185547,71.2544510209037,70.13572341785546,71.23533065203436,8619200
2024-12-11,70.73812866210938,71.28315042366975,70.3556555867008,70.9484819232703,7472800
2024-12-12,70.01143646240234,70.83375109072047,69.88712850773031,70.60426284904953,6969600
2024-12-13,70.39390563964844,70.51820629231233,69.74370358135391,69.84888386248004,7671200
2024-12-16,69.60026550292969,70.9676016707779,69.57158130211137,70.470384539706,9767000
2024-12-17,69.1030502319336,69.41859103956126,68.65365224857281,69.141298265743,7723000
2024-12-18,67.42974090576172,69.36122660066304,67.34368829607219,68.80664102132964,12496000
2024-12-19,66.71260833740234,67.88871176513493,66.6552399294871,67.42974261661152,13731700
2024-12-20,68.52935028076172,68.82577074482289,66.28233098807698,66.5309395819475,27547500
2024-12-23,69.31341552734375,69.35166356377812,68.12775557814635,68.21380818882342,7509000
2024-12-24,69.71501922607422,69.71501922607422,68.87357697888098,69.24648623113532,3001800
2024-12-26,69.19868469238281,69.70545845255991,69.10306094550077,69.30386497789893,4503800
2024-12-27,68.9500732421875,69.25605025243371,68.53891595075659,68.74927651312599,5458100
2024-12-30,68.61541748046875,68.75884581121697,67.86959891465952,68.53892139806064,8399000
2024-12-31,68.5484848022461,69.23693494946579,68.27119197655661,68.71103350504299,6216500
2025-01-02,68.47198486328125,69.43772778179,68.16600784787133,69.29429946002058,5344800
2025-01-03,68.8353271484375,69.49509302143142,68.45285407286035,68.76839490734154,5088900
2025-01-06,68.11819458007812,68.7875243029339,67.73572149488443,68.65365981737621,7025900
2025-01-07,67.34368896484375,68.74927329759998,66.9899000996728,68.32855219253906,8975400
2025-01-08,67.5636215209961,67.60186226692896,66.41620217617675,66.9516601600517,7930600
2025-01-10,64.4273452758789,66.99946939505355,64.13093208863755,66.92297331606623,16261800
2025-01-13,64.0257568359375,64.40822996586718,63.00264540803981,64.27436546465202,17056600
2025-01-14,65.00105285644531,65.02973705977591,63.94925010054358,64.04487383840153,10699100
2025-01-15,66.25364685058594,66.97078113376365,65.98591788541034,66.23451918446358,12416500
2025-01-16,68.24249267578125,68.2902972451122,65.87116572596466,65.938097959081,11469500
2025-01-17,67.65923309326172,68.69190094548726,67.64010542660776,67.97476664237841,12664600
2025-01-21,67.74528503417969,68.7301483001092,67.6783527916913,68.23293839806217,12153800
2025-01-22,65.48870086669922,67.4775550346767,65.34527255067896,67.46799120159076,14415200
2025-01-23,66.19628143310547,66.31101825475473,65.27834308950638,65.83292871103615,10780100
2025-01-24,69.6385269165039,70.80506660770402,65.02018002563175,65.11579647842059,24588500
2025-01-27,70.59469604492188,70.69031248418038,67.54448275562855,70.08792235129175,19128900
2025-01-28,67.4488754272461,69.68633104740692,66.85604175165768,69.16043691291492,16630500
2025-01-29,67.78353881835938,68.3859290518223,67.5158098257092,67.64967432203429,9496700
2025-01-30,68.17557525634766,68.84489773294638,67.68792185478695,68.83533389897558,8639200
2025-01-31,68.42417907714844,68.58673508031535,67.82178882621687,68.37637449568486,10708600
2025-02-03,67.9365234375,68.64409388164279,67.11420888279333,67.4106220495828,9128300
2025-02-04,66.8369140625,67.74528120131606,66.56918510769388,67.17157525600766,10574700
2025-02-05,66.16759490966797,67.68792356648537,66.11022649452816,67.64967552470281,9026100
2025-02-06,66.2345199584961,66.56918846394377,65.26878436497933,66.35882790454258,9145300
2025-02-07,65.2783432006836,66.34926640666146,65.2114109562517,66.11022163439503,9320400
2025-02-10,66.64566802978516,66.68391606212155,65.10621937981003,65.3452641106128,9121300
2025-02-11,67.2480697631836,67.29587433539166,65.69905718132136,66.36838684783469,7020100
2025-02-12,66.24407958984375,67.11420597670849,65.95723026845548,66.2727637924759,8574000
2025-02-13,65.59388732910156,66.6074421748119,65.5556392882193,66.3779539295183,15173000
2025-02-14,65.07754516601562,65.99547619775447,64.90543264162288,65.59388273919386,14184600
2025-02-18,65.49826049804688,65.54607236534221,64.57076571502444,65.0201710053604,12090900
2025-02-19,66.0337142944336,66.46399918816876,65.41220382859325,65.53650446274806,8843000
2025-02-20,67.06640625,67.35326291838484,65.80425004022932,66.05285866649163,9340500
2025-02-21,68.44330596923828,68.81621525773656,66.94210498103371,67.06640564551044,16742500
2025-02-24,67.69747924804688,68.3285536237901,66.85603702029968,68.17556877015153,11970900
2025-02-25,68.15644073486328,68.56759801344896,67.58273477045857,68.07994466092475,14063400
2025-02-26,67.89827728271484,68.50066746597182,67.42018775138055,68.07038980579789,8010500
2025-02-27,66.3396987915039,67.80265884223608,66.27276655088744,67.477554177051,9379800
2025-02-28,67.6479263305664,67.6961321571288,66.78991557502627,67.08877110521904,11247700
2025-03-03,69.04580688476562,69.12292590163122,67.48403094922043,67.53223677054014,9492200
2025-03-04,68.3034896850586,70.45334169025794,68.21672801859151,69.37359436921395,17869500
2025-03-05,67.94679260253906,68.34205245038069,66.8959658435505,67.9949910763273,7722400
2025-03-06,67.49369049072266,67.5900948023343,66.53926794678802,67.50332577325956,7482300
2025-03-07,70.21232604980469,70.491903673364,67.541882026083,67.65757160123137,13469300
2025-03-10,73.42263793945312,73.54796279255025,69.87490531035893,70.376212077924,25263700
2025-03-11,71.36919403076172,73.51904604878919,70.56902433329853,73.17198467049619,14836800
2025-03-12,70.29907989501953,70.74254551766063,69.20005479647944,70.37620626987258,12110700
2025-03-13,70.11592102050781,70.90644805454313,69.46036147848999,70.56902196932272,11252600
2025-03-14,70.90644836425781,71.03177322019955,69.7302967671023,70.16411979974248,8699300
2025-03-17,69.51820373535156,70.79075964907622,68.51558281011746,70.79075964907622,14954000
2025-03-18,68.15887451171875,69.61460365681482,67.7443294182878,69.61460365681482,15212100
2025-03-19,67.96607208251953,68.62163165355092,67.48404320250167,68.46737888146023,9457000
2025-03-20,68.59270477294922,69.49891398230493,68.05282747558854,68.48665784070924,11815600
2025-03-21,68.33240509033203,69.37358914052427,67.64792502636573,68.46737257589291,15782000
2025-03-24,67.55152130126953,69.20970168666375,67.39727589725744,68.39988941127702,12385400
2025-03-25,66.12471771240234,67.94679363136017,65.9608296597225,67.94679363136017,12618800
2025-03-26,67.22373962402344,67.32977919316667,66.21147620286044,66.29823785629829,9154600
2025-03-27,67.5129623413086,68.46737744426026,67.10805985583538,67.25266998784063,8748800
2025-03-28,67.91786193847656,68.41917606075206,67.64792695964046,67.90822665721565,7846900
2025-03-31,68.34205627441406,69.17114656380204,68.08176390689795,68.16852557767757,13347100
2025-04-01,68.37096405029297,68.99760296887605,67.98533953461293,68.44809042446416,8715800
2025-04-02,67.94679260253906,68.72767701657078,67.60936651013722,68.53486105588732,8480100
2025-04-03,69.54712677001953,70.33765384528729,68.8048055252052,69.09401844239464,13652700
2025-04-04,64.5051040649414,70.78111437942673,64.45689823799972,70.17376067791487,20993500
2025-04-07,62.72159194946289,64.85215859542906,61.632209390401705,63.145779693426384,19494900
2025-04-08,61.80574035644531,64.18696407620037,60.92844798773371,64.042353948712,14232600
2025-04-09,65.1510238647461,65.35347510761903,59.501644917304255,61.11161957861066,23207800
2025-04-10,64.32192993164062,65.07389374924816,62.8951213213054,64.3990563116969,12801900
2025-04-11,63.44462966918945,64.5822179559046,62.27812083067938,64.0616259580679,14856900
2025-04-14,65.257080078125,65.67162525963484,63.58925671386135,64.09057092903404,11588800
2025-04-15,65.2281494140625,65.98011326515604,65.10281720209574,65.42095801761278,7851700
2025-04-16,63.28074645996094,65.60412903350756,62.952970374412025,65.50771737994471,11356100
2025-04-17,63.926666259765625,64.9196445531805,63.598890159296445,63.666373906756384,11212300
2025-04-21,62.35525131225586,63.68564826867354,61.35263043800249,63.454276483900124,11568700
2025-04-22,64.24479675292969,64.39904949671855,63.0011615880407,63.10720851060163,14352000
2025-04-23,64.8521499633789,66.6163770943914,64.58221501866836,65.12209226326505,19476200
2025-04-24,63.96522521972656,64.78467277185855,62.89512061282345,64.63042736865995,13724700
2025-04-25,63.714576721191406,64.46654798648707,63.010818643332904,64.26409673031502,9640200
2025-04-28,63.810977935791016,63.955580698535144,62.93368194753728,63.78205738324219,7123500
2025-04-29,64.8328857421875,64.97749588030588,63.357878514769794,63.676019347594796,8891500
2025-04-30,64.47618103027344,64.79432185971727,63.10722076167989,64.60151324772669,13763500
2025-05-01,63.676025390625,65.19923123852048,63.56997843628585,65.06426372484846,11487900
2025-05-02,64.67863464355469,64.94857700745636,63.618172528490234,63.72421947551441,13333200
2025-05-05,63.72420883178711,64.62078273539846,63.512114973164365,64.59186218289102,7117800
2025-05-06,64.14839935302734,64.48581807232331,63.00116835224459,63.444634005487366,7943000
2025-05-07,64.93891906738281,65.53663741383512,63.598879621863276,63.8784572022115,9961300
2025-05-08,65.86442565917969,66.88632452786776,64.50510804660188,64.85216207233348,13030100
2025-05-09,67.78289794921875,67.95642863817078,65.98974994844009,66.21148646689204,17326200
2025-05-12,67.18518829345703,68.43845898039011,66.23076580616113,68.36133994878381,18943800
2025-05-13,69.51820373535156,69.87490774452941,67.44547813776073,67.55152507683584,22962500
2025-05-14,69.59532165527344,69.83633605928236,68.20707633452574,69.21933977343359,15238900
2025-05-15,71.87049865722656,72.14043361453984,69.84597176702506,70.37620640115897,17789900
2025-05-16,72.30433654785156,72.30433654785156,71.06070107660722,71.87051347063544,12829800
2025-05-19,71.2052993774414,71.58128127654045,70.53046195730883,71.55236072355994,14438400
2025-05-20,71.73553466796875,72.50677638992529,71.17637945480625,71.34026749326468,8046700
2025-05-21,68.96868896484375,71.66804612051364,68.79515828407253,71.40775377694509,16133100
2025-05-22,64.53402709960938,66.51998367897734,61.584009108175074,66.4235793765649,40207600
2025-05-23,65.32455444335938,65.50772041221903,63.59889020821161,64.60151113922814,17161100
2025-05-27,65.59449005126953,65.91263087332642,65.04497742916077,65.31491242175078,10910700
2025-05-28,64.79431915283203,65.70053577271871,64.4279798632835,65.44987870346088,7835700
2025-05-29,66.51033782958984,66.61638476367426,64.37012858559729,64.37012858559729,11570200
2025-05-30,68.10103607177734,68.14924189936625,66.03795316001013,66.32717341519032,18802700
2025-06-02,68.17586517333984,68.22445364233747,67.09710180473556,67.78712034790473,9366900
2025-06-03,68.95335388183594,69.07970022540908,67.89403173314993,68.32165182273626,11014300
2025-06-04,67.91346740722656,69.14773181985997,67.82600370373012,69.14773181985997,10894900
2025-06-05,69.48787689208984,69.97380610112543,67.78712466046527,68.32164975628095,10967200
2025-06-06,70.12930297851562,70.25564189631852,69.45871833586679,69.60449857314143,9286000
2025-06-09,69.87661743164062,70.42085573948577,69.31293780440623,70.19733246934545,7062600
2025-06-10,70.7610092163086,71.00397382140751,69.90577647564926,70.26536676048454,9888000
2025-06-11,70.94566345214844,71.42187199372741,70.51804338192746,70.78044930308712,12000200
2025-06-12,71.76201629638672,72.3354165728643,71.19834409411729,71.35383757294277,11022200
2025-06-13,72.67556762695312,73.13234224660472,71.32468508759976,71.7134299180282,13213400
2025-06-16,71.70372009277344,73.180949188675,70.5180515174212,73.08375740536385,14546000
2025-06-17,69.8377456665039,71.54821853762243,68.46742175463562,71.26637871004615,12971300
2025-06-18,69.555908203125,70.40142771459291,69.37125272695936,69.94465306177777,7203300
2025-06-20,69.51703643798828,70.51804949395647,69.48788186970833,69.84747217944204,15182700
2025-06-23,68.73954772949219,70.28479902273189,68.15642675913872,69.76971525831866,8671300
2025-06-24,69.39069366455078,69.5947830459102,68.69095440578053,69.02138271426014,9001300
2025-06-25,68.36051940917969,69.12828846989665,68.16615068620717,68.65207990832995,12839000
2025-06-26,68.99223327636719,69.19632267289829,68.31193528793017,68.41884031678342,8010800
2025-06-27,68.8950424194336,69.79887104162043,68.37023798577434,69.49759730578857,14275000
2025-06-30,67.4664077758789,67.71909303384786,65.3088809598395,65.92115649204538,20894500
2025-07-01,71.00398254394531,71.09145366816587,65.63932666680012,67.61219831621165,23841100
2025-07-02,70.96510314941406,71.67456310430067,70.5374904589856,70.74157985060432,11240100
2025-07-03,71.80089569091797,72.93797565041244,70.43057920698114,70.94566297096772,8560900
2025-07-07,72.64641571044922,72.75332072808136,71.43159270525776,71.62596142021192,11368300
2025-07-08,70.42086791992188,71.33441730726734,69.2546406543383,70.8096128133471,19550700
2025-07-09,71.57737731933594,71.81062127446106,70.63467342339524,70.8193289041606,8818700
2025-07-10,72.53951263427734,72.73388135443362,70.94566540198345,71.23722589690925,6955100
2025-07-11,72.3062744140625,72.34514964411109,71.41216636702092,71.77174926925939,8094100
2025-07-14,72.92826080322266,73.69602988770359,72.08274126126959,72.30627197282904,10420500
2025-07-15,72.59781646728516,73.41418134466277,72.10217404266427,73.21980522400578,8880100
2025-07-16,72.66584777832031,73.19065219305345,72.17020534331485,72.94768759815983,8906300
2025-07-17,73.0643081665039,73.34614796664553,72.27710530676762,72.41316487722351,7174600
2025-07-18,73.81263732910156,74.20138214473214,72.86022031623183,73.13233946276604,7986300
2025-07-21,74.02645874023438,74.93028742442054,73.82236934892677,74.19167290252743,8349900
2025-07-22,75.35790252685547,75.41621165916104,74.2013886381865,74.2013886381865,9032600
2025-07-23,70.77073669433594,76.25201812023238,70.04184280882107,75.3190348365364,21219500
2025-07-24,69.94465637207031,70.91651485735196,69.34210144190664,70.87763962817768,11166100
2025-07-25,69.82803344726562,70.67355303220235,69.07970564645586,70.07099807819883,8074800
2025-07-28,69.3323745727539,70.26536516001087,68.97279171080037,69.876620317769,8157200
2025-07-29,69.92520904541016,70.2459240975382,69.05054241552088,69.62393531354567,7588500
2025-07-30,68.99223327636719,69.98353310488051,68.93392413869886,69.87662807602727,6940300
2025-07-31,69.06025695800781,69.21575786427205,67.72881566790404,68.42855491671048,8845200
2025-08-01,68.41883850097656,69.76972119551533,68.36052195016396,69.41985154940683,6628500
2025-08-04,68.54517364501953,69.20603767172673,68.20502467863157,68.51601907857076,6543600
2025-08-05,69.17688751220703,69.91550203962548,68.67152436062084,68.86589309245586,7178900
2025-08-06,68.55489349365234,69.49759734268757,68.5062976070189,69.42956755021551,7720200
2025-08-07,70.53749084472656,70.6152413032994,68.68123757343237,68.68123757343237,7418600
2025-08-08,70.37227630615234,70.94566925201381,70.1973414826419,70.61524092687841,5575700
2025-08-11,70.41114807128906,70.96510714103933,69.11858185166659,70.75130449114508,8420000
2025-08-12,69.8377456665039,70.73185362073062,69.13800642765126,70.64438992321965,8671100
2025-08-13,70.26536560058594,70.2750788460518,69.19631542404487,69.87662075590656,8122300
2025-08-14,70.20703887939453,70.469444762767,69.34208561805144,69.77942628544218,6781000
2025-08-15,73.28784942626953,74.53182705851108,69.75999850001558,70.20705249818418,23398400
2025-08-18,73.58912658691406,75.13437803825413,73.19066104405013,73.9681508076085,12568400
2025-08-19,74.35688781738281,74.4249176083901,73.32671287752662,73.66686924725421,8047300
2025-08-20,74.03617095947266,75.0857797791129,73.69602201274414,74.56097536929278,11011600
2025-08-21,73.93899536132812,75.24128217293345,73.45306611854552,74.31801957752322,8637100
2025-08-22,74.17223358154297,74.92056129505053,73.30728018950421,74.49294863648531,13128900
2025-08-25,73.20038604736328,74.05561890625616,72.99629664062836,73.6765946630781,6337700
2025-08-26,72.73387908935547,73.61827379231491,72.33542100103647,73.31700006104752,7162700
2025-08-27,71.81061553955078,72.89909960102597,71.33440700658272,72.80191524537611,10119000
2025-08-28,70.6030502319336,71.96438662219013,70.41697429993609,71.74892320111314,10917200
2025-08-29,70.56388092041016,71.32779124170233,70.33862167263057,70.90666023483246,11280500
2025-09-02,71.15150451660156,71.16130034628127,70.01542737867544,70.77933770906016,8661500
2025-09-03,70.15253448486328,71.13190817151404,69.88810687716001,70.6324329711825,7722300
2025-09-04,69.40821838378906,71.00459486108034,68.71286393765502,70.56387967489192,14596800
2025-09-05,69.43759155273438,70.25047345530754,68.8107930300829,69.78037082730505,10067600
2025-09-08,68.33089447021484,69.37882394918898,67.81182764493248,69.36903559280734,12596500
2025-09-09,68.62471008300781,68.86955349096375,68.10564325366569,68.22317077941456,7294500
2025-09-10,69.57471466064453,69.85873395525479,68.18400567768035,68.556165026465,9254400
2025-09-11,69.84893035888672,69.96645789008063,69.05564007140528,69.50615106627302,7418300
2025-09-12,70.1623306274414,70.99479677040905,69.34944867060187,69.68243961100589,9345600
2025-09-15,70.02522277832031,70.71078141111477,69.82935101810152,70.1035744712193,10399100
2025-09-16,68.38966369628906,70.06439173927242,68.33089619637578,69.81954832704629,7930200
2025-09-17,68.8597640991211,69.54533018869746,68.65409651385674,68.83038408294455,10799600
2025-09-18,69.32986450195312,69.62367212611845,67.93915565363037,68.556158389203,8488500
2025-09-19,69.6138916015625,69.92729091915078,68.91853709916441,69.51595571582162,14819300
2025-09-22,70.85768127441406,71.04376465683929,69.7999559511989,69.92727930634369,9856700
2025-09-23,70.82830047607422,71.12211555327703,70.2406777936964,70.61283708239587,7795900
2025-09-24,72.30716705322266,72.356131258384,70.56388294246682,70.70099467216478,11281800
2025-09-25,73.11024475097656,73.3648839931338,72.07210359696383,72.53241040977683,12916500
2025-09-26,74.2854995727539,74.29529540270279,73.09066236797503,73.18860572340591,8271500
2025-09-29,74.63807678222656,74.71642847991338,73.71746301447945,74.11900986110248,10366000
2025-09-30,73.93292236328125,75.11796370522694,73.5705588575466,74.88291609717895,9392700
2025-10-01,77.04732513427734,77.07670514897055,74.64786262197596,74.7555943238698,15044800
2025-10-02,76.56743621826172,77.2627906491031,75.94063764758701,77.01794722393241,9266600
2025-10-03,78.40865325927734,79.68184201308263,76.04836661116605,76.83186106025323,12116600
2025-10-06,80.41637420654297,80.67101345786668,78.49680267262723,78.49680267262723,15767600
2025-10-07,81.49368286132812,82.86480750512878,80.7101884020336,81.41533117379021,16109700
2025-10-08,82.30656433105469,82.6493436220137,81.1606989275511,81.97357339696012,13775600
2025-10-09,81.9833755493164,83.07048100737036,81.72873628266564,82.7179058603243,7486100
2025-10-10,81.63079833984375,83.08027473797048,81.4838907869481,82.16945687645165,10285600
2025-10-13,82.56120300292969,83.27614159451693,81.29781007760052,81.41533013538029,8424300
2025-10-14,82.8941879272461,83.09005967502509,81.70914666751825,82.43388110073441,8912900
2025-10-15,84.02046966552734,84.70602825893097,83.0802718208474,83.31531941401032,9268600
2025-10-16,83.29573822021484,84.95087473289884,83.2271823584117,84.44160368407958,8333700
2025-10-17,82.78645324707031,84.04984614928503,82.43387813612537,83.68747520969497,9142200
2025-10-20,83.0215072631836,83.57974998676322,82.57099624696394,83.43284990584374,5225700
2025-10-21,82.25759887695312,83.35450016297128,81.31740097694987,83.24676845309321,7282200
2025-10-22,81.13130950927734,82.48284992720666,80.76894604118856,82.33594238542808,9208900
2025-10-23,81.5328598022461,82.15965836692752,80.86688539326853,82.15965836692752,5630800
2025-10-24,82.66893768310547,83.03130117035595,81.6405923083048,81.85605571803663,6249800
2025-10-27,84.25552368164062,85.48953671586645,82.06172854348381,82.25760030737986,18741000
2025-10-28,81.84626007080078,85.7245790385099,81.19987731219679,85.71478320931077,13998100
2025-10-29,80.07360076904297,82.06172830779009,79.37824629557169,81.5818372572029,11681500
2025-10-30,79.9560775756836,80.87669135187551,79.76020580169899,80.13236516108142,7620100
2025-10-31,79.72102355957031,80.33802632296991,79.19216084578697,79.6622560544642,9407300
2025-11-03,80.09317779541016,80.40657707193988,78.93751656220154,79.62308261662965,8508200
2025-11-04,80.00504302978516,80.5143140857349,79.13340100092883,80.09318307961104,6474500
2025-11-05,80.44575500488281,80.92564602502674,79.43700129085384,79.74060474636943,7291000
2025-11-06,80.30865478515625,81.25864860435902,80.29885895459958,80.42618233574804,6212700
2025-11-07,82.19883728027344,82.26739314234425,79.93648635990812,80.22050563763821,9167100
2025-11-10,83.0215072631836,83.70707335293149,81.96378932042066,82.44368035282422,11701700
2025-11-11,83.9910888671875,84.05964472588859,82.80604761133819,82.94315932874038,11733900
2025-11-12,84.118408203125,84.48077916941256,83.25656201955682,83.66789718862151,7604800
2025-11-13,82.25759887695312,84.15758633622585,82.19883884321189,84.01067877984406,11859300
2025-11-14,82.14986419677734,82.747282758308,80.82771118120382,81.78750070577013,8352100
2025-11-17,83.9813003540039,84.00088454161244,81.96379278902693,81.96379278902693,11607900
2025-11-18,82.8941879272461,84.9019069661078,82.87460374127949,84.34366426570661,11061200
2025-11-19,82.53182220458984,83.57975181287307,82.18904288824088,83.36429586547422,11138700
2025-11-20,82.56120300292969,84.7060262497195,82.46325965874243,83.0410940069293,10967000
2025-11-21,82.3117446899414,83.4850861514871,80.49749060880431,83.00194554967416,13930100
2025-11-24,83.0512466430664,83.60340731627925,81.84831872845987,82.59767749278446,13291500
2025-11-25,83.64285278320312,84.14571019844256,83.0019476698657,83.5048126077305,7916800
2025-11-26,84.3429183959961,84.490820737837,83.50481515573178,84.05697587447051,6550600
2025-11-28,85.0824203491211,85.25990165014609,83.95837461683792,84.24431713085738,4123300
2025-12-01,83.46537017822266,84.47109251560566,83.20900663237003,84.39221026724712,7986600
2025-12-02,83.39635467529297,84.08655557980269,83.07097102489881,83.72173832568713,7087000
2025-12-03,83.76116943359375,84.76689931891258,83.31746994000484,83.47523444069229,9615100
2025-12-04,82.22300720214844,83.62313336268085,81.58210205123194,83.33719083311424,12489600
2025-12-05,81.96664428710938,83.02166999708997,81.8976241947789,82.34133123629698,8194600
2025-12-08,79.42274475097656,81.9962196662121,79.2847045850166,81.97649534386076,18136600
2025-12-09,78.52548217773438,80.00449051737924,78.38744200117755,79.66925223791993,13760400
2025-12-10,80.1326675415039,80.77357265195303,78.525481207101,78.9297470924671,13341100
2025-12-11,80.0735092163086,81.25672038106993,79.93546904214689,80.11295034072984,9494100
2025-12-12,80.50735473632812,81.11867336341211,80.19183326094193,80.69469067561579,7783100
2025-12-15,80.50735473632812,81.08909440050486,79.40302581116377,80.86231733646576,9489800
2025-12-16,80.18197631835938,80.70455809073789,79.06779268145095,80.4974978142837,6616600
2025-12-17,79.1663818359375,80.17210412757535,78.53533892302259,79.8368658712377,10212000
2025-12-18,79.71855163574219,80.04393529072449,78.88044837626948,79.27485212267598,9201300
2025-12-19,78.4268798828125,80.0044872086641,78.41701772128762,79.44246436374743,30492300
2025-12-22,78.91989135742188,79.05793154351359,77.61836422953864,77.91416140432405,7136200
2025-12-23,78.67338562011719,79.57064678032629,78.63394449445819,78.91002485144561,7875000
2025-12-24,79.32414245605469,79.34386677946817,78.57478366409777,79.01848314677292,3011300
2025-12-26,79.28471374511719,79.51149081998415,78.92975112803127,79.35373383607136,3636400
2025-12-29,79.14665985107422,80.11294857149157,79.0973640886053,79.29456218373123,5854600
2025-12-30,79.40303039550781,79.54107057879496,79.02835097267497,79.07764673949136,4075900
2025-12-31,79.15652465820312,79.5607905461354,79.08750457033973,79.5607905461354,5036200
2026-01-02,79.79742431640625,79.8861611993236,78.47617305284629,79.3241383729725,8852900
2026-01-05,80.18197631835938,80.20169312070584,78.1409449960244,80.02421933171013,8301900
2026-01-06,79.91575622558594,80.44819262525499,79.37345014103789,80.1129543348985,7254500
2026-01-07,77.27325439453125,79.65938591921551,77.26339223311312,79.5410625500731,9859900
2026-01-08,78.37757873535156,78.84100254553336,77.28311197761913,77.35213206492544,8696700
2026-01-09,78.77198028564453,79.78756476626633,78.75226348522595,79.07763958919573,5842200
2026-01-12,79.98477172851562,80.0143506909534,78.40715685399786,78.73254048606404,11088100
2026-01-13,80.49749755859375,80.78344008877721,79.29456950838258,80.02421907752347,8543000
2026-01-14,80.8327407836914,81.47363839279183,79.80729407745493,79.80729407745493,10282400
2026-01-15,81.039794921875,81.51307335194772,80.39888983863588,80.83273466839006,7419300
2026-01-16,82.45964050292969,82.87376854642707,80.99049435643083,81.8384597216215,12874900
2026-01-20,82.34132385253906,82.75544436938667,81.36517296230878,81.84832108792283,10054800
2026-01-21,82.67655944824219,83.20900331952599,82.03565437043993,82.8639028999786,8296600
2026-01-22,83.8794937133789,84.31333857232103,82.49908440798396,83.3963530894096,9802300
2026-01-23,83.62312316894531,84.05696799162592,83.02165921845624,84.05696799162592,13301700
2026-01-26,84.27389526367188,85.07255734910338,83.65270695489153,84.07668964079505,10990600
2026-01-27,85.93038177490234,87.71504934229667,82.62726481808754,83.31746566663092,15472300
2026-01-28,86.3445053100586,87.37981414178215,85.84164037556785,86.49240764639414,8200000
2026-01-29,86.94597625732422,87.94184404426713,86.41353231745254,87.34038001159502,11202400
2026-01-30,86.66988372802734,87.05442526577556,84.9542362886411,86.66988372802734,10205300
2026-02-02,85.12186431884766,87.50799603921932,85.11200215662073,86.90653202801293,9423100
2026-02-03,87.57701873779297,87.64603883018572,85.46696731592803,85.46696731592803,9600200
2026-02-04,88.71092224121094,89.42084745446829,87.71505451024574,88.47428301100031,12182700
2026-02-05,87.96155548095703,89.2236413995329,86.85722654089041,88.7405007794024,9799400
2026-02-06,88.2179183959961,89.7166435328098,87.15303058891443,89.26308187926584,8225200
2026-02-09,88.227783203125,88.52358036554371,87.50799581491745,88.08973550017885,6528800
2026-02-10,89.55888366699219,90.67306720241825,88.02070993216375,88.47427909370462,7213700
2026-02-11,90.08146667480469,90.30824373617995,89.19406018488455,90.08146667480469,7305000
2026-02-12,90.64349365234375,92.28025901027698,89.95329275248496,90.10118757200783,9181600
2026-02-13,92.48731994628906,93.61136562708516,89.80538375259134,90.2392210620718,10402800
2026-02-17,91.4125747680664,94.22268911578732,90.988592075419,93.58179151846315,9455400
2026-02-18,89.94342803955078,91.7083788878514,89.3222397246689,91.69851672595436,9064800
2026-02-19,90.35755157470703,90.8899954954854,89.75608756360327,89.78566652765335,8483500
2026-02-20,90.8899917602539,91.15620994838972,90.03216422492682,90.89985392207386,7175600
2026-02-23,92.74368286132812,92.87186840178039,91.29425344864153,91.63936142128166,8433600
2026-02-24,94.34101104736328,94.49876802313399,92.60563917813347,93.07892515069626,11597600
2026-02-25,93.77899169921875,94.56779917549565,92.4971814309252,94.36073138293811,9025500
2026-02-26,90.70265197753906,93.67053090518593,90.56461179696252,93.29585148971042,20015700
2026-02-27,93.08817291259766,93.45548528206558,89.99086401473404,90.2390462058536,25138500
2026-03-02,92.03588104248047,92.96904848645897,91.08286235612591,92.7208663002025,10147800
2026-03-03,91.91675567626953,92.42304948342338,89.67319404833219,90.68577408872024,11307700
2026-03-04,91.92668151855469,92.42304589778438,90.96373341102199,91.88697145934599,9384300
2026-03-05,90.46736907958984,91.70828002831969,89.24631694743452,91.6288674837797,12086800
2026-03-06,90.35816955566406,90.96373471290475,89.35551894849199,89.89159339460272,9745100
2026-03-09,91.34097290039062,91.51966437539765,88.99813248315141,89.61361945068293,9563600
2026-03-10,90.8743896484375,91.4700253768669,90.39787652134245,91.04315171627398,7485900
2026-03-11,90.99352264404297,91.78770111525807,90.43758938288101,90.87439246509696,9734300
2026-03-12,91.0630111694336,92.05573991506652,90.14969496727265,90.53685857215596,8730000
2026-03-13,92.10537719726562,93.21723618404253,91.63879344769032,92.05574530143147,7504400
2026-03-16,92.14508056640625,93.75330383824844,91.5692960843236,93.21722941430104,8466100
2026-03-17,91.85719299316406,93.02861325896413,91.59908138912824,92.89956124390599,5496600
2026-03-18,90.2986068725586,91.8571907188635,89.95115332222042,91.58915728686532,7053700
2026-03-19,91.73806762695312,91.7876995202119,89.64340935388229,89.99086290237096,10538400
2026-03-20,88.84922790527344,93.5249796604683,88.52162558240713,92.06566710762716,21860800
2026-03-23,89.57392120361328,90.74534146764603,89.49450108342675,90.37802909222304,10284300
2026-03-24,90.95381164550781,91.82741022700237,89.39522779650358,89.63348057801674,8808000
2026-03-25,90.49716186523438,91.8969055475064,90.40781233398481,91.73807287650237,8639900
2026-03-26,90.49716186523438,91.33105042932499,89.9114479294776,91.03322875705277,6537800
2026-03-27,90.73541259765625,91.54944989960052,90.04049790277924,90.55672111313582,7749600
2026-03-30,91.38068389892578,92.3039219336425,90.83468006025274,92.03588093141418,9362100
2026-03-31,92.20464324951172,92.31384401754168,90.69569888733652,91.58915627398203,13914200
2026-04-01,92.17486572265625,93.18745331980982,91.56930056084782,92.0557431163461,7759400
2026-04-02,92.47268676757812,93.59446755503751,92.0656643349562,92.36348599657806,10419000
2026-04-06,92.05574035644531,92.97897839726735,91.85719006201518,92.25428307695614,4790100
2026-04-07,92.98889923095703,92.98889923095703,91.48988428721577,92.19472078354003,6125400
2026-04-08,93.48526763916016,93.65402971446049,91.3508992417986,92.4031969016138,6935100
2026-04-09,93.79301452636719,95.51043100221786,93.28672074914081,93.3165013994625,7349000
2026-04-10,93.39592742919922,94.13054462134694,93.23708718553502,93.66396087298295,5323100
2026-04-13,91.62886810302734,93.35621403463566,91.26155573310996,93.16759314549978,6111500
2026-04-14,90.64606475830078,91.20199803935027,89.92137697206657,91.0233065514986,9370600
2026-04-15,90.57656860351562,90.62620807035,89.3257358376175,89.51434914896574,9144800
2026-04-16,91.16228485107422,91.19206550237463,89.911444479021,90.13977542885654,7734300
2026-04-17,91.31119537353516,91.35089785918882,89.80224340543516,90.39787915119277,8148800
2026-04-20,91.34097290039062,92.40319234239932,90.90416983394695,91.41046360878674,7734800
2026-04-21,89.94122314453125,91.91675123434199,89.90151308570098,91.82740928241333,8625800
2026-04-22,89.34558868408203,91.5097376907199,89.24631732255025,90.69570040788837,9477100
2026-04-23,95.55014038085938,95.99686528034509,91.64871616416985,91.92667899708711,17524900
2026-04-24,94.58719635009766,96.92010745360221,94.44821492768764,96.53294383775726,9761900
2026-04-27,94.14047241210938,96.19542069219955,94.08090353479923,95.16298184788532,7773800
2026-04-28,95.80825805664062,95.91745882992498,94.45814629050653,95.17291223421513,7245100
2026-04-29,93.48526763916016,96.29469191164259,92.97898141325916,95.87774764069368,9091700
2026-04-30,97.16828918457031,97.31720001470643,93.75330736942416,93.90221062564086,17551200
2026-05-01,96.24504852294922,98.03196328840686,95.97701509509018,97.28741673178604,7106200
2026-05-04,94.8155288696289,96.12593056969368,94.28938382266708,95.37145456846862,6806600
2026-05-05,95.57992553710938,96.35425277214735,94.60705557603279,95.23247197958203,7187400
2026-05-06,94.69639587402344,96.00679753514588,94.32908350596601,95.4310130362189,8242900
2026-05-07,92.64144897460938,94.16032278844317,92.04581322442822,93.63417774955114,9681800
2026-05-08,92.42304992675781,93.68381974635648,91.9068342823802,93.19737718028408,6230100
2026-05-11,94.150390625,95.10341688610613,93.31650211393122,93.31650211393122,7233800
2026-05-12,93.90221405029297,94.38865661807304,92.91941465382254,94.01141482478077,6922400
2026-05-13,94.16032409667969,94.70632796005148,92.6414502617431,93.41577750512884,6775700
2026-05-14,94.98429107666016,95.02400113719176,93.52497854128218,94.09083364949818,5438200
2026-05-15,92.68115997314453,94.38865469516486,92.02595533956575,93.97171042320721,11418400
2026-05-18,88.39257049560547,90.93395372044678,86.00009052697014,90.45744815274875,39950600
2026-05-19,89.4051513671875,89.61362350180013,86.72478669483134,88.30322181714963,25749400
2026-05-20,87.62816619873047,90.03057560581719,87.44947471512765,89.36544156612253,15748800
2026-05-21,89.03784942626953,89.1966820974914,87.81678965698246,88.32308347097171,12490600
2026-05-22,87.90613555908203,89.18674900654646,87.31049223831228,89.05769699313672,10755400
2026-05-26,87.01268005371094,88.84922680244115,86.89354987216923,88.48191442312726,11759500
2026-05-27,87.01268005371094,87.44947557152464,86.2979141122999,86.89354987216923,10856200
2026-05-28,86.61558532714844,87.81678623198411,86.39718378555659,87.07223965324071,12968200
2026-05-29,86.37733459472656,86.57587732420716,85.06693288796356,86.38725642945684,25347000
2026-06-01,83.05168914794922,85.57321345590623,82.96233962385358,85.26546997340608,14192200
2026-06-02,85.05699920654297,85.13641932391346,83.49841537926363,83.6771068563876,11709800
2026-06-03,83.96500396728516,85.67249872010565,83.90543508884558,85.03715289216123,11903000
2026-06-04,85.05699920654297,85.28533015050331,83.65724804008535,84.42165341541758,9488900
2026-06-05,85.83999633789062,86.0999984741211,84.61000061035156,85.08000183105469,11843200
2026-06-08,84.01000213623047,86.13999938964844,83.9800033569336,85.70999908447266,9541700
2026-06-09,84.83000183105469,85.05999755859375,83.37999725341797,84.11000061035156,12217300
2026-06-10,85.12000274658203,85.33000183105469,84.51000213623047,85.29000091552734,9142900
2026-06-11,84.83999633789062,85.87999725341797,84.7300033569336,85.2699966430664,8639100
2026-06-12,85.98999786376953,86.0199966430664,84.87999725341797,85.19000244140625,9973600
2026-06-15,86.12000274658203,86.66000366210938,85.06999969482422,85.52999877929688,10284300
2026-06-16,86.2300033569336,87.38999938964844,85.87000274658203,86.25,10342600
2026-06-17,85.7300033569336,86.91000366210938,85.27999877929688,86.26000213623047,9603400
2026-06-18,86.75,87.58000183105469,85.66999816894531,85.7699966430664,19306600
2026-06-22,86.08000183105469,87.4000015258789,86.0199966430664,86.88999938964844,11538900
2026-06-23,86.43000030517578,86.83000183105469,85.66000366210938,86.0,12881700
2026-06-24,87.62000274658203,87.68000030517578,86.37000274658203,86.73999786376953,14080300
2026-06-25,87.69999694824219,88.4800033569336,86.83999633789062,87.69000244140625,13477200
2026-06-26,88.55999755859375,88.55999755859375,87.6500015258789,87.93000030517578,15654200
2026-06-29,88.66000366210938,89.19000244140625,86.94999694824219,89.0,11131300
2026-06-30,87.7699966430664,88.88999938964844,87.43000030517578,88.27999877929688,15742700
2026-07-01,86.37000274658203,88.05000305175781,86.31999969482422,88.05000305175781,9709200
2026-07-02,88.33999633789062,88.37000274658203,86.3499984741211,86.69000244140625,14281800
2026-07-06,87.44000244140625,88.5199966430664,87.16000366210938,88.18000030517578,10274100
2026-07-07,88.47000122070312,89.25,88.01000213623047,88.11000061035156,13106300
2026-07-08,87.44000244140625,88.52999877929688,87.33999633789062,88.1500015258789,13581300
2026-07-09,87.0999984741211,88.38999938964844,86.83999633789062,88.2699966430664,9389300
2026-07-10,87.95999908447266,87.97000122070312,87.06999969482422,87.12999725341797,11223100
2026-07-13,88.37999725341797,88.7300033569336,87.68000030517578,87.75,6741200
2026-07-14,89.54000091552734,89.86000061035156,88.80000305175781,89.23999786376953,10677700
2026-07-15,89.0999984741211,89.9800033569336,88.44999694824219,89.87999725341797,10258000
2026-07-16,89.3499984741211,89.98999786376953,88.7300033569336,89.19999694824219,8336600
2026-07-17,88.80000305175781,90.72000122070312,88.41999816894531,90.2300033569336,9450700
2026-07-20,88.0,89.41999816894531,87.69999694824219,88.9800033569336,8418000
2026-07-21,87.93000030517578,88.08999633789062,87.44999694824219,87.68000030517578,7096900
2026-07-22,89.41000366210938,89.73999786376953,88.33999633789062,88.58999633789062,8708200
2026-07-23,89.79000091552734,90.48999786376953,88.5999984741211,88.80999755859375,9883000
2026-07-24,89.77999877929688,90.91000366210938,88.43000030517578,90.91000366210938,11653100
2026-07-27,88.83000183105469,90.16000366210938,88.29000091552734,89.66000366210938,10180900
2026-07-28,89.27999877929688,90.98999786376953,89.11000061035156,89.38999938964844,13254700
2026-07-29,88.45999908447266,90.5199966430664,88.0,90.0199966430664,10402300
2026-07-30,87.93000030517578,89.22000122070312,86.86000061035156,88.9000015258789,11687700
2026-07-31,86.91999816894531,88.11000061035156,86.91999816894531,87.81999969482422,13184200
2026-08-03,86.55000305175781,87.37999725341797,85.70999908447266,86.75,11862300
2026-08-04,87.19999694824219,87.30999755859375,85.4800033569336,86.12999725341797,11420100
2026-08-05,85.91000366210938,87.02999877929688,84.97000122070312,86.9000015258789,11841100
2026-08-06,84.5999984741211,86.87999725341797,83.94000244140625,86.70999908447266,18596400
2026-08-07,84.6500015258789,85.37000274658203,83.48999786376953,83.88999938964844,9327400
2026-08-10,84.69999694824219,84.76000213623047,83.6500015258789,84.18000030517578,10046700
2026-08-11,85.73999786376953,85.79000091552734,84.37999725341797,84.48999786376953,6668700
2026-08-12,85.77999877929688,86.0999984741211,85.26000213623047,85.48999786376953,7473300
2026-08-13,86.01000213623047,86.23999786376953,85.45999908447266,85.75,8872100
2026-08-14,86.19000244140625,86.52999877929688,85.83000183105469,86.0199966430664,7238400
2026-08-17,86.22000122070312,86.31999969482422,85.51000213623047,85.8499984741211,9556900
2026-08-18,86.22000122070312,87.5199966430664,86.08999633789062,87.05000305175781,10956700
2026-08-19,85.91000366210938,86.83000183105469,85.58999633789062,86.54000091552734,14932800
2026-08-20,85.02999877929688,85.98999786376953,84.5999984741211,85.37999725341797,15235400
2026-08-21,83.6500015258789,85.2699966430664,83.54000091552734,85.19999694824219,11887200
2026-08-24,84.0999984741211,84.19000244140625,83.23999786376953,83.94999694824219,7670200
2026-08-25,84.22000122070312,84.54499816894531,83.30999755859375,84.01000213623047,7677645
