Date,Close,High,Low,Open,Volume
2021-08-16,73.609375,74.0302534798833,72.90791978637648,73.17096298287161,8579700
2021-08-17,73.61813354492188,73.65320730353696,72.88160468291152,73.3024764070216,5257000
2021-08-18,74.02147674560547,74.49496248450966,73.55676111935763,73.85488474295029,9511700
2021-08-19,74.1354751586914,74.61772436626444,73.58307173286292,73.62691561065888,6968000
2021-08-20,75.65237426757812,75.78389920657965,73.6707501382943,74.12670236821475,7589700
2021-08-23,74.00395965576172,75.47702449649842,73.66199877216548,75.24027822961648,8837100
2021-08-24,73.77597045898438,74.07409409611687,73.13589268835472,73.85488809720387,5786100
2021-08-25,74.11792755126953,74.40728106078227,73.28494747318408,73.77596674534932,5930000
2021-08-26,73.82283782958984,74.15755969637796,73.69952136927098,74.08709122755488,5294000
2021-08-27,73.47052001953125,74.15757089368884,73.40885505981774,73.93736193554889,5974200
2021-08-30,73.94617462158203,74.21042809220417,73.11819340610617,73.33840239154299,6001700
2021-08-31,73.98139953613281,74.37777969207983,73.55860210074887,73.83165905777784,6844000
2021-09-01,75.1705093383789,75.54046540987056,74.04304080871917,74.12231950983971,5862300
2021-09-02,76.1746826171875,76.2011066158362,75.2409921033896,75.2409921033896,5214000
2021-09-03,75.47882843017578,76.02494237281152,75.2057647386135,75.54048667273932,4621100
2021-09-07,74.89747619628906,75.302659907617,74.40421023819326,75.2586221443554,6791300
2021-09-08,76.13945007324219,76.60629198040789,74.68606963302773,74.97674706511941,6230100
2021-09-09,75.61094665527344,76.34204202863091,75.53167465394864,76.00732682263022,4108300
2021-09-10,74.80938720703125,75.72545727539095,74.51870977067553,75.72545727539095,5508000
2021-09-13,74.50108337402344,75.69902043558687,74.3337224444653,75.65497596352118,6498800
2021-09-14,74.5539321899414,75.03839450705749,74.38657125852986,74.68605888735878,4658200
2021-09-15,74.52749633789062,74.99433810361803,74.04303409784788,74.28086345941138,5707000
2021-09-16,73.99021911621094,74.84463105505398,73.69073812169621,74.41302332521133,5380600
2021-09-17,71.91143035888672,73.92854504029143,71.8321583668098,73.46170316630025,15390400
2021-09-20,71.95548248291016,72.7041916087177,71.04822263585268,71.82335576182784,8994100
2021-09-21,72.15805053710938,72.98603814926867,71.99069634334272,72.16686077475255,6450700
2021-09-22,72.14044189453125,73.03008779275585,71.84976451388717,72.30779610015801,5662200
2021-09-23,71.58551788330078,72.56324609574037,71.47101165598785,72.38708163522149,6414300
2021-09-24,71.08343505859375,71.99070143320228,70.89846037646272,71.55908712132045,6113800
2021-09-27,69.37464141845703,71.16273732467646,69.18966667508037,70.47568635777884,8600900
2021-09-28,68.06217193603516,69.22487479727181,67.83315949141924,69.1279890523916,9257400
2021-09-29,69.01350402832031,69.61247281854956,68.22075022945134,68.37049746719302,7496100
2021-09-30,69.16322326660156,69.94717330224317,68.61710937781514,69.44509045056209,10186800
2021-10-01,69.77100372314453,70.10571891175015,68.72280695847392,69.60364276871977,7961100
2021-10-04,69.90314483642578,70.39641084128161,69.15443558755669,69.63008782948707,6027800
2021-10-05,70.00882720947266,70.37877660549796,69.6652950900282,69.96478273460345,5434600
2021-10-06,71.50624084472656,71.60313330724561,69.27772764727426,69.81503795024611,6876200
2021-10-07,71.27723693847656,72.76585170823004,71.16273069474336,71.77050959510318,5753200
2021-10-08,70.65184020996094,71.37412531246947,70.59899221131816,71.3565115530032,3592900
2021-10-11,68.55546569824219,69.90314366772397,68.47618696578992,69.76220668569559,8798700
2021-10-12,69.4715347290039,69.7445917266935,68.32644529052385,68.79328727505577,7791200
2021-10-13,70.63422393798828,70.7839644089791,69.22488130203502,69.62126143848828,6260100
2021-10-14,71.75288391113281,72.09640933766563,70.6518391542343,70.7839658691109,6486000
2021-10-15,71.9378662109375,72.62491713646439,71.52387226344192,72.17569566684733,14634200
2021-10-18,71.3388900756836,71.92905517333226,71.13630160355665,71.64718126386192,4942100
2021-10-19,72.25495147705078,72.3606541804572,71.54147670972588,71.98189456022136,5717500
2021-10-20,73.91974639892578,74.57156979718631,72.56325831963957,72.88917001876985,6942600
2021-10-21,73.82283782958984,74.6067810645782,73.74356584234619,74.1751734534622,4945000
2021-10-22,74.36014556884766,74.5098860197289,73.76117704507988,73.9637722058696,4732400
2021-10-25,74.24565887451172,74.70369058595624,73.92855741264835,74.34255136120578,3987300
2021-10-26,75.28502655029297,75.99850129971922,74.31610864755835,74.35134288114325,6969100
2021-10-27,74.8798599243164,76.06017677596819,74.65965095465799,75.76069580295007,4356900
2021-10-28,76.121826171875,76.18348440740374,74.63321827975456,74.80057250747903,6568400
2021-10-29,75.1617202758789,76.15706230859176,74.81819485218847,75.90161912067562,7792600
2021-11-01,75.39071655273438,75.59331169972215,74.80936854528848,75.25859658757102,5135200
2021-11-02,75.24099731445312,75.96328244859811,74.33373745671244,75.61975700188552,7266400
2021-11-03,75.08243560791016,75.5757081855846,74.20159987950122,75.46119523993573,5723200
2021-11-04,74.6596450805664,75.21456922115715,73.25911264920323,75.0119807483476,6594000
2021-11-05,75.33787536621094,75.49642605895917,74.27206498949788,74.65082460438293,4885400
2021-11-08,74.50989532470703,75.39954134322274,74.02543967837194,75.33788310749851,5391000
2021-11-09,74.81819152832031,75.02077998957664,74.30730517518462,74.59798258854563,3917600
2021-11-10,75.0472183227539,75.19696553779072,74.43944610264376,74.81820582021723,5192700
2021-11-11,75.19694519042969,75.31145141071406,74.49227395112113,75.28502741528251,5370200
2021-11-12,76.02493286132812,76.34203427490927,74.89746415537012,75.19695181052722,6467100
2021-11-15,76.93218994140625,76.94100018043265,76.16586715219258,76.55343702643428,5543000
2021-11-16,76.6151123046875,77.00267554491208,76.34204859606366,76.69438431283179,5497200
2021-11-17,77.31975555419922,77.40783777887862,76.11301496358112,76.48296433938042,6203100
2021-11-18,77.16120910644531,77.40784203721252,76.47415830780999,77.26691181402126,5537400
2021-11-19,77.78659057617188,78.24462885675207,76.63269807743745,77.51353368752294,6765100
2021-11-22,76.94982147216797,77.88350533577656,76.92339747153667,77.64568260985064,5214500
2021-11-23,76.90576934814453,77.42546594980887,76.21871851903207,76.72079464186376,7408000
2021-11-24,77.1579360961914,77.23756596007279,76.25550705559691,76.62709508701761,4553900
2021-11-26,76.16700744628906,77.37025034351304,75.96352170999832,76.90134079900814,4340700
2021-11-29,78.4407958984375,78.6708226884561,76.57400004477458,77.16677229214396,8712500
2021-11-30,76.77748107910156,78.69735888160773,76.45897519711801,77.90110092665692,16328300
2021-12-01,77.71529388427734,79.34321345426164,76.97211805342035,76.97211805342035,10062800
2021-12-02,78.40540313720703,79.20166111608195,77.51181678868207,77.81262415847779,8303500
2021-12-03,77.8833999633789,78.87430787070295,76.10507663639846,78.87430787070295,11191000
2021-12-06,78.87429809570312,79.40513889990723,77.75067842263086,77.91878059813152,8946400
2021-12-07,79.98908233642578,80.1129449871507,78.68851775380595,79.21050938900264,7909700
2021-12-08,79.90946197509766,80.44030293407569,79.26360086250155,80.24565967411498,5356500
2021-12-09,79.54671478271484,80.06870642437251,79.19281859768833,80.06870642437251,5731200
2021-12-10,79.87405395507812,80.42259331598191,79.44938398212666,79.63517793904387,4996700
2021-12-13,81.16577911376953,81.50198352949576,79.75020111336751,79.85637199465079,6446500
2021-12-14,79.65287780761719,81.08615429957662,79.13972868395179,80.71456634796024,11022600
2021-12-15,81.39582061767578,81.44890268851051,79.25475826056082,79.88292084880484,9590000
2021-12-16,81.59931945800781,82.0151402950947,80.9711500711114,81.05962919603283,7623300
2021-12-17,80.4580078125,81.71433308964468,80.28105631219188,81.39582713909962,15335400
2021-12-20,79.57325744628906,79.69712010108582,78.30808311514363,79.44939479149231,10167700
2021-12-21,80.02446746826172,80.81188294207814,79.06010727561333,80.20141893710203,6287900
2021-12-22,80.33413696289062,80.40491080580273,79.52902290593453,79.8386795624527,4142900
2021-12-23,80.24565124511719,80.78534140922505,79.98023416851207,80.22795947334684,5845600
2021-12-27,80.794189453125,80.8207304853849,80.18371871111452,80.37836194769805,5410300
2021-12-28,81.28963470458984,81.56390776990774,80.96228632825394,81.09499823082612,3096400
2021-12-29,81.38695526123047,81.62583803276463,81.03305910896246,81.3515649710029,2945400
2021-12-30,82.07705688476562,82.20092628739661,81.22771008820654,81.59930479608289,3716300
2021-12-31,82.59905242919922,82.92640757127371,81.83817801789705,81.90895860267122,4811800
2022-01-03,81.09500122070312,82.85562605971673,80.10409329497274,82.65213356826915,7864400
2022-01-04,80.22795867919922,81.33388002912753,80.1748766144053,81.08615472674491,8379100
2022-01-05,79.3874740600586,80.95345597615052,79.34323449886571,79.87407548313368,6722300
2022-01-06,75.88389587402344,79.06010547998265,75.77773174513882,78.82122268997588,12658600
2022-01-07,76.45014190673828,76.85712019390996,74.76913993797947,75.88390390935929,13359300
2022-01-10,74.57450103759766,76.40590681186262,74.08789286689542,75.91045612897256,11378700
2022-01-11,75.01685333251953,75.21149655846905,74.03479469250716,74.16750659656437,8395900
2022-01-12,75.28228759765625,75.91929948272434,74.40639963069232,74.56565260195934,6484000
2022-01-13,75.11418914794922,75.9192964847776,74.95493618297088,75.71581071008862,7203100
2022-01-14,73.61012268066406,75.33536404427842,73.14121310619718,75.09648125162018,11084300
2022-01-18,71.8848876953125,72.69884418829129,71.39827960167939,72.54844050480769,10848100
2022-01-19,73.0704345703125,73.74283666295248,71.66370580742998,71.69909610178034,9673900
2022-01-20,73.8844223022461,75.45040453317147,73.5659162976493,73.71632003592815,12028900
2022-01-21,73.07926940917969,74.25597115157498,72.39802493990231,74.05247868672183,12809100
2022-01-24,72.47764587402344,72.59266599205306,70.10655069088854,72.23876987889724,14689800
2022-01-25,66.4437484741211,70.94706339031399,66.16948215948338,69.18643187052142,22925000
2022-01-26,64.26728820800781,67.70891422678689,64.01956295472915,67.68237319965088,24721700
2022-01-27,64.15229034423828,65.81559369680262,64.0638179824013,64.85123347776498,21250600
2022-01-28,64.14344787597656,64.54157692140996,61.745810841234274,63.98419490780136,25537100
2022-01-31,69.11566162109375,69.27491456204129,64.36462117449895,64.5061823442337,21787800
2022-02-01,68.32825469970703,70.31006407313241,67.26656604429388,69.04488964835443,12082900
2022-02-02,68.7706298828125,69.01835523450512,67.9743650023651,68.49635674343031,8397700
2022-02-03,67.03653717041016,68.38134154449527,66.7357297512126,67.73548039443962,7960700
2022-02-04,67.24886322021484,67.98318982161366,65.94829871230394,66.44374928674321,12132000
2022-02-07,66.95690155029297,67.34618802006472,66.62070389458619,67.24001714194293,8184500
2022-02-08,66.76227569580078,67.90358762020011,66.54994063428762,67.01885032221706,6758500
2022-02-09,67.82393646240234,68.36361978103737,67.52312239545088,67.77969691578953,7390900
2022-02-10,66.75338745117188,67.99202029503184,66.0898348651761,66.27563552926017,9673300
2022-02-11,66.31990814208984,67.85934917600164,66.06333351143621,67.15156337593197,8999100
2022-02-14,66.28450775146484,66.62955471086178,65.36438027640337,66.31104878680169,8329200
2022-02-15,66.4349136352539,67.65585530094972,66.12525696279816,67.00115165775625,9102000
2022-02-16,66.55878448486328,66.92152323753412,65.89523156533458,66.47030536225198,7505100
2022-02-17,66.69147491455078,67.09845313849114,65.90405949757805,66.10755198455215,10093100
2022-02-18,65.6032485961914,67.07190847699904,65.31128377199214,66.31988339194645,9558600
2022-02-22,65.27591705322266,65.87753868850623,64.8246991392575,65.4086289985077,8233400
2022-02-23,63.98418426513672,65.84213075147065,63.89571190864617,65.66518603848957,7837100
2022-02-24,66.74456024169922,67.04536757629499,62.5862923663504,62.81632587222261,15750400
2022-02-25,68.26632690429688,68.33710075165041,66.54993454329951,67.34619938860804,12609500
2022-02-28,69.63191223144531,70.16570007008363,68.3241510314855,68.58213988946122,16345600
2022-03-01,68.89350128173828,70.1300963451852,68.09282651001911,69.45397022824538,13930300
2022-03-02,68.99137115478516,69.22267195186382,68.0483510584263,68.76006357031297,6988700
2022-03-03,70.0945053100586,70.60159816665626,69.08921786800136,69.25824429527246,10075500
2022-03-04,71.3578109741211,71.57132203748644,69.81874216074584,70.21907625298014,8996400
2022-03-07,74.88965606689453,75.07647905517567,71.81151232148527,72.02502333846473,19948900
2022-03-08,72.90576171875,75.97501395831551,72.71893873175966,75.00530593548821,14717600
2022-03-09,71.45565032958984,73.37726968936016,71.26882735639978,73.28830055102864,12710000
2022-03-10,71.31332397460938,71.58021107252009,69.78314684530486,70.77953620400105,9554300
2022-03-11,70.54825592041016,72.14070106021038,70.49487305539328,71.43789341354322,7230600
2022-03-14,70.53044128417969,71.7403485075877,70.01445004149816,70.88629754766329,7133800
2022-03-15,72.93244934082031,73.18154663223721,71.25992732006316,71.34888966879889,9567000
2022-03-16,73.40396118164062,73.60857391972232,71.91826202250044,72.8167974204129,8261200
2022-03-17,73.56410217285156,74.05339855996925,73.32389632813053,73.44844499302545,6341900
2022-03-18,73.2794189453125,74.27580826997466,73.16376176484762,73.76871533513246,13470800
2022-03-21,72.77233123779297,73.62638220059084,72.4965390692836,72.95025597643655,7181700
2022-03-22,73.70643615722656,73.80429678623629,72.43425476749273,72.83459555545787,8516800
2022-03-23,73.45735168457031,73.92885836819748,72.95915696789163,73.37728758541579,6125800
2022-03-24,74.46263122558594,74.54270210335358,73.62637686963805,73.7598238076553,5498000
2022-03-25,74.67616271972656,74.94304985725329,74.02672445569539,74.80960289479269,5481000
2022-03-28,75.1120834350586,75.37007908689561,74.44485540743013,74.77402367785552,6177700
2022-03-29,75.28109741210938,75.6547433828377,74.41814829824202,75.6191570826646,8954300
2022-03-30,76.06397247314453,76.31306977654748,75.28998574837757,75.73480430085209,6829300
2022-03-31,75.36116027832031,76.75789029741259,75.36116027832031,75.67253191555885,10082800
2022-04-01,76.25079345703125,76.3308643238272,74.84516523898932,75.16543513138856,6453800
2022-04-04,76.17074584960938,76.42874147357786,75.29889833456438,76.1885356086376,6465700
2022-04-05,76.80237579345703,77.79876504461686,76.25969659599632,76.3842452523913,7203200
2022-04-06,76.9447250366211,76.97141306854898,76.00171170906901,76.66004138373403,7621900
2022-04-07,77.46961212158203,77.65643512661076,76.24190839225979,76.77569616364866,7817400
2022-04-08,76.5888671875,77.86104871973441,76.47321678907635,77.54078555583861,5731600
2022-04-11,75.24551391601562,76.70451834051943,75.04089437924326,76.642244009744,6745200
2022-04-12,74.63166046142578,75.47681304452796,74.1779436114713,75.12985509673715,8714800
2022-04-13,74.32920837402344,75.15657143741547,73.91107770503895,75.05871077925336,7858500
2022-04-14,73.67082977294922,74.63163925726064,73.64414175183906,74.32916596815757,7164100
2022-04-18,72.6922607421875,74.38257291789758,72.11399515741908,73.83989363852655,6279100
2022-04-19,72.79901885986328,73.03921793441874,72.15847894452382,72.73674452294937,8104800
2022-04-20,72.51432037353516,73.86656575021664,72.34528715617786,73.86656575021664,8457000
2022-04-21,67.77256774902344,72.06061913467764,67.59464300932741,71.4556655173599,17712800
2022-04-22,65.78866577148438,67.94159287361076,65.7263914413026,67.76366136781073,15284800
2022-04-25,65.86873626708984,66.28686681907384,63.68912114847803,65.83314996613451,15697900
2022-04-26,65.45061492919922,66.69610848840387,65.37944231726894,65.87764381338711,10971600
2022-04-27,65.1837158203125,66.84733985745025,65.11255000146186,65.68191727662693,10989600
2022-04-28,65.37944030761719,65.75309311506884,64.73890039472138,65.38833858068342,11325600
2022-04-29,63.18203353881836,65.34385229463415,63.05748486872144,64.83675934141283,14912900
2022-05-02,62.15895080566406,63.617955204908384,60.95793520988496,63.253200711400865,14338100
2022-05-03,62.950721740722656,63.63573930651701,61.89205144255728,62.27459565881426,10419900
2022-05-04,64.99689483642578,65.23710069310481,62.92404521754466,64.05388153030664,10859600
2022-05-05,63.91153335571289,64.91682773825029,63.34216608922851,64.67662189268749,10382300
2022-05-06,64.47201538085938,64.81897338036823,63.24431157884907,63.395555076307026,9364900
2022-05-09,62.90625,64.12505549275951,62.505915946939936,63.875958145309376,10442700
2022-05-10,62.265708923339844,63.82257410324651,61.13587260780359,63.16424444192759,14731900
2022-05-11,62.452537536621094,63.47562181844915,61.86538043122215,61.963241080021,11129000
2022-05-12,60.949058532714844,62.71053673632571,59.80142550314072,61.90986174041416,15364900
2022-05-13,62.0966796875,62.443637654813585,60.96683663505364,61.767511477851606,8010600
2022-05-16,62.38136291503906,62.91514387762526,61.74082304497834,61.95433407253419,7339500
2022-05-17,64.07166290283203,64.08056117457235,62.39024927572141,63.07527366448063,8889300
2022-05-18,63.164241790771484,64.27628830117239,62.90624618587128,63.86705599983205,10316800
2022-05-19,62.68383026123047,63.24429919979728,61.85646747340753,63.24429919979728,9593500
2022-05-20,63.35995864868164,63.66243202049044,62.25681048768368,63.07527503334691,9747800
2022-05-23,64.54317474365234,64.57875425498058,63.573466768842614,63.884838398408135,10378700
2022-05-24,66.42920684814453,66.65161614396989,64.20511388989092,64.59655642250934,11133500
2022-05-25,66.53597259521484,66.85624255712682,65.46840379304369,66.82955452486645,11192100
2022-05-26,66.75839233398438,67.39003408318094,66.51818643136066,66.76729060859132,9431300
2022-05-27,69.27696990966797,69.29486099625645,66.360231319884,66.64653648767512,9435300
2022-05-31,67.72017669677734,68.83855717161617,67.25492659665488,68.69540119433151,29712000
2022-06-01,68.14965057373047,68.56121388769452,67.39810195502774,67.78282522204594,7994100
2022-06-02,70.252197265625,70.36851322414898,67.99754483508332,68.40015914644843,9640600
2022-06-03,70.404296875,70.6279729923296,69.60801044339092,69.86746873256627,9293500
2022-06-06,71.74634552001953,72.90945710385407,71.63897853838218,72.64104988883962,12716900
2022-06-07,71.3795166015625,71.73739973009087,70.03745998912083,71.3616255168599,7405600
2022-06-08,70.22534942626953,71.2005808132225,70.0016733167729,70.6637595156412,5198000
2022-06-09,69.19644165039062,70.55639629130077,69.16065947788823,70.00167705276459,8354800
2022-06-10,67.91702270507812,68.80277825965433,67.79175779357136,68.48963304602171,8598500
2022-06-13,64.7855453491211,66.88809920930278,64.38292429543579,66.72705215303915,11882300
2022-06-14,63.95347213745117,65.42078677575057,62.87087382985152,64.69607158565013,11412500
2022-06-15,66.37812805175781,67.59492669973847,64.60661016465102,64.83028628632314,12085300
2022-06-16,63.407711029052734,65.3850071754039,62.73668264710332,65.0539640495962,12729200
2022-06-17,63.354042053222656,65.08977147694567,63.201943881839156,63.201943881839156,15919000
2022-06-21,65.07186889648438,65.67131934331758,63.34508873655192,63.34508873655192,8466900
2022-06-22,66.82549285888672,67.5949394081859,64.28452808941964,64.59767335342399,12686500
2022-06-23,69.0711898803711,69.25908384647317,67.38914775085563,67.5859838478737,12502500
2022-06-24,69.80484008789062,69.90325812615701,68.56120141458265,69.18749864228275,9320500
2022-06-27,69.68854522705078,69.94801039685407,69.21435285074142,69.54539603139834,6557200
2022-06-28,68.39122772216797,70.08221901630465,68.20334055904777,69.70644469006427,6140200
2022-06-29,67.99754333496094,68.48068459357263,67.33546390325769,68.08701242150671,7082200
2022-06-30,69.30381774902344,70.0016862473938,67.3891504441416,67.51440854251298,8872900
2022-07-01,72.07738494873047,72.14896293964759,69.86746396804814,70.0821979407995,7718400
2022-07-05,70.78007507324219,72.22054989550806,69.39328033780116,72.02371380907863,11278600
2022-07-06,71.19164276123047,71.75530418611301,70.32377823129323,71.30795189860345,7918400
2022-07-07,71.91635131835938,72.09529632908455,71.40636998338746,71.42426789748708,5498000
2022-07-08,71.80004119873047,71.96108829315297,71.04849264212822,71.3079509585356,5708300
2022-07-11,72.18476867675781,72.45318279192323,71.3258530647048,71.57636926496345,6100400
2022-07-12,71.53163146972656,72.38160495235292,71.14690821099254,72.068459701303,7553900
2022-07-13,71.8089828491211,72.73947631932324,70.74428234288003,71.02163854492129,7552400
2022-07-14,71.69266510009766,71.88950117120845,70.2521903899358,70.42218641972299,6124400
2022-07-15,70.42218017578125,70.54743824155433,68.29278623158632,70.01061698451934,8780600
2022-07-18,69.34854888916016,70.37746044692084,69.3395999327125,70.08220631863188,6610800
2022-07-19,70.6190414428711,70.97692468402194,69.71538779482758,69.90327496056939,6403800
2022-07-20,70.07325744628906,71.0395399621834,69.66169418790156,70.82481278955814,6323700
2022-07-21,70.56535339355469,70.64587353006061,69.90326708291921,70.4311463399905,7847600
2022-07-22,71.80004119873047,73.18683600214939,70.9142855924338,71.6926741937641,11517100
2022-07-25,72.45318603515625,72.50686613017042,71.11112905136349,71.57637246894753,5035600
2022-07-26,71.49583435058594,72.13107367740622,70.84269711255772,72.05949568468061,6740900
2022-07-27,71.91635131835938,72.27423451375553,71.17375170852603,71.60320608215807,6056200
2022-07-28,75.63831329345703,77.18614813399236,75.41463718606902,75.87988048597273,13561500
2022-07-29,75.59358978271484,76.41672320295184,75.43254268158744,75.60253874001481,11474800
2022-08-01,76.3272476196289,76.42566567220061,74.76151456187553,75.55780111373431,7004500
2022-08-02,76.64933776855469,77.63351141615453,76.22882553454876,76.44355954301183,7664200
2022-08-03,77.35614013671875,77.6782342606899,75.47726229758885,76.73879192809859,7640400
2022-08-04,78.71609497070312,79.32449422689736,77.34719152472655,77.8034926733854,8679200
2022-08-05,78.71609497070312,79.17238929330922,77.78560158910885,78.62661907116208,8643200
2022-08-08,78.30452728271484,79.59290382276588,77.64244792787882,79.14555161592071,7243200
2022-08-09,79.5571060180664,79.72710202218157,78.53714364547983,78.93081572825086,5154000
2022-08-10,80.32657623291016,80.5949903377752,79.48555174198364,80.21921605180754,5693300
2022-08-11,80.013427734375,81.44495364119969,79.8881696441562,80.80076527661508,7525800
2022-08-12,80.94393920898438,81.10498633580161,79.92397634782697,80.68447401433129,5262500
2022-08-15,81.4181137084961,81.59705188732394,80.64866725263917,80.9528703479113,5032700
2022-08-16,80.99759674072266,81.73125415267964,80.8186585723638,81.00654569695666,5250600
2022-08-17,80.70234680175781,81.12285902785243,80.29078353236098,80.49656858008636,4178000
2022-08-18,80.73812866210938,81.08706285587027,80.40709238016116,80.70233966453732,5090700
2022-08-19,80.26392364501953,81.05126098842601,79.95972745303938,80.62180673785966,5542800
2022-08-22,79.21714782714844,80.10290348913011,78.93979157944966,79.56608208265803,5783400
2022-08-23,78.71609497070312,79.3155452717327,78.40294297441498,79.27975627712684,3473600
2022-08-24,79.36924743652344,79.43187648799817,78.6982189595565,78.86821502472561,5669200
2022-08-25,79.9776382446289,80.04026728935551,78.78767956876943,79.63765297697788,5595200
2022-08-26,78.78766632080078,81.02442729357894,78.50136118932728,80.51444606482762,7990000
2022-08-29,78.23475646972656,78.98096416481918,77.68634628638489,78.19880076848862,5827800
2022-08-30,77.04801940917969,78.5134645937792,76.6074900478896,78.39658455771252,7394200
2022-08-31,76.47264099121094,77.56048284687088,76.23889461040184,77.04802830562352,6830900
2022-09-01,77.5514907836914,77.73129673203668,76.15797067696512,76.71538009148708,5896300
2022-09-02,76.51758575439453,78.4235602673522,76.21190742591368,77.72230064053976,5785700
2022-09-06,78.54942321777344,79.35855677901887,78.23475254489277,78.43254318756404,11077100
2022-09-07,81.12968444824219,81.29151255446116,78.76520248546935,78.85510546466708,11366600
2022-09-08,81.15665435791016,81.86689955153075,80.5812670621695,80.67117690019454,8852500
2022-09-09,80.82400512695312,81.79497367032023,80.76107236168805,81.64213107539908,5700400
2022-09-12,81.64213562011719,81.67809818215012,80.71612194003035,81.0757407012024,5573800
2022-09-13,79.88899993896484,81.33646041362891,79.52038883934468,80.95886381827926,5624800
2022-09-14,79.90697479248047,80.34751099635542,79.16975948004817,79.43947524327133,7281500
2022-09-15,77.32672882080078,78.03697396724793,76.26585727864843,76.81427433021956,18681000
2022-09-16,76.22989654541016,77.30874596434627,75.96917311634984,76.78730596538297,19190700
2022-09-19,78.07294464111328,78.12689192252219,76.00514843133118,76.16697655724094,8821000
2022-09-20,77.03904724121094,77.72231542941329,76.35577219385036,77.30875620208295,6242000
2022-09-21,75.49269104003906,77.7133297956937,75.47470632718424,77.31774842278602,6706300
2022-09-22,75.10610961914062,75.69048938117383,74.64759542318733,75.3398628957857,6748700
2022-09-23,74.18907165527344,74.32392956129064,73.12819997864709,74.17109380207822,6719700
2022-09-26,72.95738220214844,74.42282065402749,72.21117444271384,74.14411936088156,7702900
2022-09-27,72.8944320678711,74.2789595664678,72.02235897350155,73.73952810167626,9247000
2022-09-28,74.0542221069336,74.64758730259504,73.04729082867523,73.98229697438124,8713400
2022-09-29,71.8965072631836,74.0362282486126,71.43799317374976,73.87440014993932,8291300
2022-09-30,70.49400329589844,72.46290387344754,70.38611560787429,72.19319494212337,12854300
2022-10-03,72.99333953857422,73.38891399038631,71.22222285338917,71.77063990390303,8115200
2022-10-04,74.45879364013672,74.52172642027429,73.32599673850163,73.70360027848572,8193700
2022-10-05,73.51477813720703,74.15310500755916,72.39097385147821,73.49680028666445,5468700
2022-10-06,70.94352722167969,73.47882966535394,70.88957994643032,73.38891982632421,8374600
2022-10-07,68.98361206054688,70.70977396656633,68.49812773838684,70.62885648329414,7697400
2022-10-10,68.99260711669922,69.83771033449977,68.68693557103607,69.25333059578999,6118000
2022-10-11,68.3542709350586,69.16341139447742,67.62604795116016,68.5520615872673,9143100
2022-10-12,65.40542602539062,68.65097417483342,65.28855281931594,68.1564974199814,9715100
2022-10-13,65.7110824584961,66.14262633246216,63.28366788751391,64.36251728369328,13643700
2022-10-14,64.52434539794922,67.28440851548837,64.2276662723651,66.340417008344,8735000
2022-10-17,66.21454620361328,66.90680658708432,65.40540579106771,65.45036070365893,7563500
2022-10-18,67.48220825195312,68.27337098438369,66.62811960306988,67.92274454038673,6998500
2022-10-19,66.20556640625,66.95177419819255,65.19863516197242,66.74499116387237,8579600
2022-10-20,63.50843048095703,66.06171751493741,62.762222751029896,65.95382982871602,13023800
2022-10-21,64.41648864746094,65.63019638689346,63.20278090802842,63.90403396373789,11161300
2022-10-24,65.88191223144531,66.25052339044676,64.69517498405725,65.17166698244787,9989600
2022-10-25,68.20145416259766,68.40823036801741,66.16961352377142,66.30447144770022,9216900
2022-10-26,67.96768951416016,68.8038002716478,67.69798057058344,68.20144275258622,6247100
2022-10-27,67.8508071899414,69.16340974427753,67.84181483528546,68.37225401347622,7163300
2022-10-28,71.0514144897461,71.29416010246209,68.91169319468065,69.00159618269615,9123300
2022-10-31,69.67586517333984,71.2671690115277,69.0105749619261,70.52995368018897,8273700
2022-11-01,69.86466217041016,70.29620602278332,69.37917790867417,70.29620602278332,5410300
2022-11-02,69.47808074951172,71.77064442368447,69.24432751838582,69.85567737422137,7119000
2022-11-03,70.28721618652344,71.18625962361934,68.6509574053752,68.99259144217508,6920300
2022-11-04,70.84463500976562,71.18626909200579,69.60395051169104,70.66482218293555,7758900
2022-11-07,69.48706817626953,71.13231931472112,68.58802473787944,70.78169292248154,7008500
2022-11-08,70.36813354492188,71.15030387942586,69.37020154456539,69.82870880281742,5518400
2022-11-09,70.3051986694336,71.12333154349056,70.12539271383038,70.66481743979756,4940000
2022-11-10,74.8004150390625,75.31286954998652,71.87852371942479,73.10122340499039,9315900
2022-11-11,74.89930725097656,75.38479153465386,73.7035846814002,74.86334469005708,5730900
2022-11-14,73.41590881347656,75.32187698918791,73.37095388666273,74.70153466678286,7904000
2022-11-15,74.5396957397461,75.35782171257053,73.75752546886713,74.18906248378455,5594900
2022-11-16,75.8073501586914,76.19393915087336,74.67455339057442,74.67455339057442,8444900
2022-11-17,74.03621673583984,74.93526006440902,73.60467977925414,74.85434945723279,8333900
2022-11-18,74.8004150390625,75.33085426077399,74.23402011409095,74.85436231226748,6664400
2022-11-21,75.16004180908203,75.29489971772152,74.27898294306591,74.27898294306591,6593800
2022-11-22,75.6185531616211,76.33779074169266,75.26792672760463,75.5735982406824,4105500
2022-11-23,76.7344970703125,76.80678746601497,75.39715921977482,75.48751876740711,4259700
2022-11-25,77.11402130126953,77.52968768343612,76.92426415845043,77.05076892032983,3622200
2022-11-28,75.65921020507812,76.81582901341889,75.30679623335715,76.21040553912236,6464200
2022-11-29,74.53873443603516,75.11704387693263,74.07789862450247,74.91825560799289,5398200
2022-11-30,76.53570556640625,76.71643156425122,74.15017754678784,74.17728472296662,9739200
2022-12-01,76.65319061279297,77.6833048250645,75.89415509670225,77.16824771892873,5830700
2022-12-02,76.9875259399414,76.99656396517709,75.36103299117813,75.65922577801572,6316900
2022-12-05,76.94232177734375,77.73749536069461,76.598945882495,76.80677902379772,5511700
2022-12-06,76.96944427490234,77.03269665328612,75.64113743485092,76.72547278513413,5027700
2022-12-07,77.06884765625,78.02667142788026,76.45439297969652,76.95138091440622,5108800
2022-12-08,77.49353790283203,78.07184732125681,76.71643332920024,77.05076436841927,4281700
2022-12-09,76.3640365600586,77.71041271042111,76.28270812467133,77.31282234629003,4460300
2022-12-12,78.20738220214844,78.25255852759334,76.6260660377583,76.91522071777284,5348900
2022-12-13,78.74957275390625,79.85197749524279,77.71042040458114,79.51763948375745,7179500
2022-12-14,78.65921020507812,80.06883882746743,78.01764138951025,79.0296865174269,6111600
2022-12-15,77.53872680664062,78.65920751878059,77.24054091946786,78.5236647187967,6469100
2022-12-16,76.0296859741211,76.68028577336209,75.24354340103959,76.44534542497131,16949300
2022-12-19,75.46945190429688,76.15619695904742,74.96343286079248,75.88511828316682,5681100
2022-12-20,75.46945190429688,75.93933263954446,74.77367571947833,75.3610231915416,4811900
2022-12-21,76.49052429199219,76.76160293024537,75.58691504316532,75.76763413533412,5356200
2022-12-22,75.30680847167969,76.3911439512115,74.24055593582924,76.3911439512115,4491000
2022-12-23,76.0567855834961,76.1471451257363,74.99956446190424,74.99956446190424,3254700
2022-12-27,75.9031982421875,76.15620779995585,75.42428630869836,75.99355781367714,4726500
2022-12-28,75.14414978027344,76.39112808403287,74.98149983682728,76.08389734908278,3536400
2022-12-29,75.9754867553711,76.52668908985315,75.44235357713734,75.65922481607645,3378300
2022-12-30,75.54174041748047,75.92125469060699,74.52970235580976,75.85800231175256,4266900
2023-01-03,75.74957275390625,76.71643447356946,74.58391587607059,76.23752262560434,5535400
2023-01-04,76.34596252441406,77.22246481719247,75.74958385647808,76.22849577463704,4831100
2023-01-05,74.66522979736328,75.91221497371116,74.22246319546731,75.55076989514669,5472600
2023-01-06,75.58692169189453,76.23752151131615,74.83692429483948,75.50559326747079,5235300
2023-01-09,75.96644592285156,76.74355059868176,75.44235078910692,75.57789358493646,4749000
2023-01-10,76.39112854003906,76.44534289018088,75.33390734832395,75.96643107995052,4921100
2023-01-11,76.80680084228516,77.1321007856072,76.10198659641833,76.32788895183681,6153500
2023-01-12,76.87004852294922,77.41221276398413,76.25559387804503,76.89715570090212,4648600
2023-01-13,76.51763916015625,76.77968669594351,75.67728219849093,76.30077484895001,4943200
2023-01-17,77.47547149658203,78.13510942149055,76.96945241599002,76.97849044071286,8410200
2023-01-18,75.72245788574219,77.7465406748404,75.6592055140201,77.64714310584978,6107700
2023-01-19,74.62909698486328,76.21041343376102,74.3580183014478,75.9574039049762,7099700
2023-01-20,73.93330383300781,74.58390355445646,72.74053997501564,74.55679638172793,9429200
2023-01-23,74.70137786865234,75.19836573254837,73.10199246900905,73.53572106478036,6864300
2023-01-24,75.81281280517578,76.08389142715914,72.54174503891127,74.80980604765794,6652300
2023-01-25,69.20744323730469,73.18332612549422,68.58395741579263,72.76766661315521,28527400
2023-01-26,69.03575897216797,69.98454469798497,67.58998532283309,67.86106400421257,18508700
2023-01-27,68.2947998046875,69.03575923365267,68.23154742272679,68.73756647841249,13243200
2023-01-30,67.81587982177734,68.99056775977849,67.67129902658176,68.09599649497908,10669600
2023-01-31,67.43637084960938,67.61709687621406,66.27975185531136,67.35504930813202,19020400
2023-02-01,67.08394622802734,67.80683635801978,66.27069655528365,67.4273221420698,15188700
2023-02-02,68.3128662109375,69.43333988658887,66.15324039288718,66.47854031388151,18604100
2023-02-03,67.4725112915039,68.16829438032329,66.5689019042525,67.99660639066792,11671500
2023-02-06,68.23153686523438,68.2857512145285,67.2737063657586,67.40924913298542,9343400
2023-02-07,68.74658966064453,69.19839426110515,67.54478776886144,68.10502795526939,10855800
2023-02-08,67.79779815673828,68.8098429572603,67.64418624506716,68.65623104558918,9082200
2023-02-09,66.20746612548828,68.62010876978368,66.07193021344374,67.95143276506093,13163500
2023-02-10,67.5357666015625,67.99660933936322,66.34300243442574,66.34300243442574,9883000
2023-02-13,68.33094787597656,68.68335500369166,67.91528836364577,68.07793144352084,8114200
2023-02-14,68.70143127441406,68.97251689026793,67.58999541619913,68.03276215436642,7089400
2023-02-15,69.52369689941406,69.65923276976815,68.3580401564293,68.3580401564293,9344300
2023-02-16,68.39419555664062,69.14418609578966,68.3670883785258,68.4935931390566,7795600
2023-02-17,68.73756408691406,69.1080472355032,68.11407141928473,68.40322614018673,9436100
2023-02-21,66.55986785888672,68.24961292688471,66.51468463390606,68.1682913947102,11915600
2023-02-22,66.57794189453125,67.53576566722526,66.36107756550467,66.849027476309,9351200
2023-02-23,65.84600067138672,67.20141438463395,65.64720555707196,67.20141438463395,9049900
2023-02-24,65.89119720458984,66.2616803756407,64.87915906707097,65.1683138055039,9127800
2023-02-27,65.35279846191406,66.99889371182552,65.1890978834654,66.36228420592695,7029700
2023-02-28,64.59794616699219,65.3436915851752,64.38877747937373,65.20727330191153,11276700
2023-03-01,63.54300308227539,64.60705338044409,63.3338274211326,64.44335280083942,11809200
2023-03-02,65.6711196899414,65.68021609617149,63.770380160827244,63.98864534067445,16066500
2023-03-03,67.1444091796875,67.18078785736756,65.64382168337077,66.28952760051438,10724800
2023-03-06,67.66281127929688,67.84469777778894,66.76246131626839,66.88068684643571,6888900
2023-03-07,67.07164764404297,67.74463579287136,66.4077489601756,67.24444461762273,7308900
2023-03-08,67.5263900756836,67.64461560084278,66.42596084781395,66.73516926985714,5913600
2023-03-09,67.08074188232422,68.19935662643744,66.7442443495099,67.7537300094302,7678100
2023-03-10,66.398681640625,67.54457907495502,65.81663651694224,67.28993520065946,10167100
2023-03-13,66.6533203125,68.37217326836043,66.38958005227212,66.4441446100694,8388800
2023-03-14,67.7992172241211,68.07204692196737,66.78063497866621,67.2899226321317,8635800
2023-03-15,68.68138122558594,68.98150016853201,67.23536494534054,67.70827396634151,12030300
2023-03-16,69.32707977294922,69.5817235726845,68.05385383574965,68.80869576962435,8895800
2023-03-17,68.81779479980469,69.3816539622476,67.97200952540238,69.3816539622476,14137400
2023-03-20,69.09062194824219,70.02735032949906,68.49038418635536,68.75412439034898,7140100
2023-03-21,68.5358657836914,69.43621557360542,67.54456582349363,69.43621557360542,6222300
2023-03-22,67.41725158691406,69.0997327893842,67.38087290236354,68.49039849631858,7038000
2023-03-23,67.12622833251953,68.8632740740117,66.72607668378419,67.08984964835732,7541200
2023-03-24,68.83599090576172,68.8905554620375,67.03528422489237,67.28992807221188,5293900
2023-03-27,68.60861206054688,69.17246416948058,68.16297850142628,68.99967413860865,5515900
2023-03-28,68.4267349243164,69.34527759325653,68.04476915888463,68.66319289561793,5935500
2023-03-29,69.21794891357422,69.39983537311021,68.63590391683066,68.63590391683066,5680500
2023-03-30,69.65447235107422,70.04553444534152,69.27250666044746,69.44530363700275,6187000
2023-03-31,70.10010528564453,70.13648396135001,69.09971598857436,69.81817228355787,10124400
2023-04-03,69.72724151611328,70.07283552777326,68.93602772841629,70.07283552777326,5778700
2023-04-04,70.17286682128906,70.65487216071219,69.50896809249272,69.89093380239143,6165600
2023-04-05,71.2369155883789,71.80076773692798,70.70033877449151,70.84585348284172,8200400
2023-04-06,71.8189697265625,71.84625200323532,70.90042709360782,71.66436553306714,5427700
2023-04-10,71.3278579711914,71.39151892071354,70.30927584031419,71.2551006178738,5647500
2023-04-11,71.24600982666016,71.49156417882047,70.84585822893658,71.29148491069685,6019600
2023-04-12,71.47337341308594,72.24640823266746,71.17326144084453,71.56432358375942,6786400
2023-04-13,71.70983123779297,71.94628919177342,70.4638943886964,71.31876909558538,4928600
2023-04-14,70.95498657226562,71.3642415086603,70.53664216997946,71.29148415038699,4920900
2023-04-17,71.42788696289062,71.43698336533178,70.7458024887666,71.10048586022933,4393300
2023-04-18,71.20964050292969,71.90991102660996,70.8822393146178,71.60070264793978,8147500
2023-04-19,71.79169464111328,72.00086340890627,71.20055314606718,71.218739019496,3813300
2023-04-20,71.61888122558594,71.93718597666168,71.14597230091957,71.59159895242561,4350400
2023-04-21,71.83714294433594,72.55560617043668,71.44608085768675,72.2463978379118,5192600
2023-04-24,71.88262939453125,72.07361226633653,71.39152760766457,71.40062401256691,5725800
2023-04-25,70.77310180664062,71.93719181274196,70.48207930511529,70.69125498051963,8399800
2023-04-26,67.3626708984375,69.98187311215041,67.32629222259834,69.8272689437262,12656700
2023-04-27,68.98148345947266,69.59081066499326,67.21716279067385,67.58093567016364,8155600
2023-04-28,69.69085693359375,69.75451788742697,68.5813384437181,68.5813384437181,10005800
2023-05-01,69.845458984375,70.37293241684256,69.4453005045172,69.54534012448165,5214700
2023-05-02,69.0633544921875,70.04555122646221,68.67229230423172,69.7181569407204,7674200
2023-05-03,68.5631332397461,69.62718339224777,68.45399722210914,69.35435375593885,6265900
2023-05-04,68.67227172851562,68.81777948541193,67.80829383614181,68.55403930385714,6042300
2023-05-05,68.67227172851562,69.6362823008367,68.38124927620044,68.76321494389114,6215500
2023-05-08,69.17247009277344,69.74542559255606,68.46310322496953,68.69046475636941,6751700
2023-05-09,68.7359390258789,69.31798398430334,68.38125559616788,69.31798398430334,5588100
2023-05-10,69.92733001708984,70.17288441969453,69.06335875109575,69.23614884117951,5696000
2023-05-11,69.2088623046875,69.88185062645212,68.69957459508451,69.65448905059012,6542700
2023-05-12,70.90042877197266,70.9277110492913,69.64539544564511,69.9273215626368,8315000
2023-05-15,70.5184555053711,71.41880525366035,69.863653165334,71.36424070483177,5430000
2023-05-16,68.97240447998047,70.4820886776319,68.83599308497253,70.4820886776319,6215700
2023-05-17,68.5176773071289,69.37255900448565,68.38126592012453,69.27251936166627,5408600
2023-05-18,68.2994155883789,68.4358339207764,67.49000893828492,67.98111077180114,6970600
2023-05-19,67.73556518554688,68.91784124225443,67.72646877953052,68.70867247355204,6338600
2023-05-22,67.82649993896484,68.36306987183477,67.72646030088335,68.12661885320935,4272600
2023-05-23,67.44453430175781,68.39035225478496,67.21717274913084,67.38996281093105,8751200
2023-05-24,67.51727294921875,67.68097351609912,66.98979951240224,67.43542613503995,6879400
2023-05-25,66.74424743652344,67.46271067428816,65.90755870590743,67.46271067428816,7716400
2023-05-26,67.65770721435547,68.2434876850643,66.44953412063676,66.9346329182812,7174000
2023-05-30,66.53191375732422,68.41739422651439,66.40377471474163,68.05127968354095,6874000
2023-05-31,67.2366714477539,67.52040687188324,65.7905229951884,66.48613985565906,11112000
2023-06-01,66.77903747558594,67.20922154253701,66.32139603977485,66.86141656522008,6738800
2023-06-02,67.59363555908203,67.9139831527826,66.37630771996602,66.85225870179586,7175400
2023-06-05,67.35566711425781,68.54553771025122,67.11769858150276,67.86823030085189,5266600
2023-06-06,67.16345977783203,67.8682315537642,67.14515719153397,67.52957435128533,5652900
2023-06-07,67.88652038574219,68.18856537137367,67.07191929095661,67.40142164199946,6488100
2023-06-08,68.5546875,68.75605084616376,67.79500105149276,68.17027037535321,9984500
2023-06-09,67.79499816894531,68.82926524120153,67.730928650895,68.51807243440105,6011400
2023-06-12,67.71263122558594,68.16111788610515,67.44719834971212,68.10620314732239,7564300
2023-06-13,68.05127716064453,68.36247695470364,67.502108858071,67.63940267947784,8579300
2023-06-14,67.18175506591797,68.60043913477034,67.0810734050445,68.55467918722533,8893600
2023-06-15,68.0604248046875,68.20686641125361,67.19090899874601,67.49294699449271,10098300
2023-06-16,69.18622589111328,69.94591231729984,68.38993429674886,68.41739166440918,23053600
2023-06-20,68.42654418945312,69.71708930826819,68.18856870582879,69.22283575753467,7801600
2023-06-21,69.36013793945312,69.5889586674049,67.47465737570792,68.14280999081662,7176100
2023-06-22,68.76519775390625,69.91845609592343,68.64621349774292,69.62556586432189,6976200
2023-06-23,67.88652038574219,69.55233472354624,67.73092399304231,68.91163958710362,9080100
2023-06-26,67.99635314941406,68.45399450297072,67.5570143774564,67.81329241815966,5670200
2023-06-27,67.64855194091797,68.4631530362347,67.00784982100434,68.24348014669405,5979100
2023-06-28,67.21837615966797,67.92314089652393,67.01701281112223,67.68516539523769,8735100
2023-06-29,66.64173889160156,67.36481314653932,66.3671582395459,66.5227546406828,7193200
2023-06-30,67.91398620605469,68.01466788046613,66.6142862057212,66.7607348168848,9259900
2023-07-03,68.07872772216797,68.16110679999778,67.27328142445458,67.61193855232715,2484500
2023-07-05,68.60045623779297,69.18623678361621,67.65771589007915,67.71263761710034,8450100
2023-07-06,66.83393859863281,67.99635151930933,66.82479079957906,67.99635151930933,7271200
2023-07-07,65.94612884521484,66.55936664818323,65.80883502795459,66.38546068078332,7511700
2023-07-10,65.63491821289062,66.3488375649882,65.07659523588048,65.71729728285321,7704700
2023-07-11,66.07427215576172,66.11088430827104,64.84778948738857,65.57086378757609,6623100
2023-07-12,67.24583435058594,67.33736124202913,66.074273380783,66.39462099236127,9710500
2023-07-13,67.46549224853516,67.66685557555142,67.16344725801076,67.29158628737504,6058600
2023-07-14,66.99870300292969,67.50211137248853,66.62344065903008,67.25498807119406,6463500
2023-07-17,66.50444793701172,67.20005779890116,66.31223241451119,66.77902857205653,5148800
2023-07-18,65.94612884521484,66.88886901638641,65.25966674196717,66.60512659856757,7239500
2023-07-19,65.99189758300781,66.7515840876938,65.94613762653013,66.22987309907725,7464800
2023-07-20,67.82246398925781,67.84992135997955,65.58002359495768,65.99189812189293,9221600
2023-07-21,69.469970703125,69.80862089330387,68.00551951883433,68.11534899324734,11878400
2023-07-24,69.10385131835938,70.17473051716136,68.98486706839924,69.45165626804918,8609700
2023-07-25,69.0489273071289,69.50656864509651,68.29839579218414,69.34181748410607,8847800
2023-07-26,68.06958770751953,69.73540220636583,67.62109408559841,68.54553171445251,7244600
2023-07-27,67.06277465820312,68.54553546231436,66.98955733370902,67.67601950510331,10185400
2023-07-28,66.67835235595703,68.078733959896,66.3397021801087,67.50210829446635,6230700
2023-07-31,67.0902328491211,68.16111206221144,66.85225736297201,67.18175973362347,10876400
2023-08-01,66.05596160888672,67.55702492424966,65.98273730495342,67.1085382830026,6723400
2023-08-02,65.8179931640625,66.22071287000614,65.40611169130023,65.45187862706958,6589600
2023-08-03,64.16131591796875,65.44271309546963,64.12470377197697,65.16812549205771,9075100
2023-08-04,63.31010437011719,64.70133802169954,63.1728105648481,64.57319899892919,9140500
2023-08-07,62.825016021728516,63.813523203296754,62.79755865274954,63.612159853378685,8397200
2023-08-08,62.88909149169922,63.10875744736105,62.156869311808165,62.550434281802154,8890000
2023-08-09,63.08129119873047,63.68538122060905,62.70602886824389,62.96230694429401,7453000
2023-08-10,62.50468063354492,63.758620932185615,62.37654156455163,63.429118473901276,7959900
2023-08-11,63.08129119873047,63.099600765907674,62.38568127318124,62.5138203112063,6524200
2023-08-14,62.75178909301758,63.090446256730424,62.51382058310962,63.0172219538108,8021100
2023-08-15,61.64429473876953,62.44974806611436,61.47954355663568,62.37652376670964,7703900
2023-08-16,61.83650207519531,62.193461798978674,61.60768138133144,61.98295067113382,6433500
2023-08-17,61.790740966796875,62.37652137345238,61.589377642686564,61.63513759076864,6677600
2023-08-18,62.08363342285156,62.2941445543848,61.62599202710544,61.63513982722183,6291300
2023-08-21,61.39716720581055,62.0561718887149,61.02189793463605,62.010404958992574,6856100
2023-08-22,61.799888610839844,62.07447623085343,61.10427874409773,61.424626312078075,7370400
2023-08-23,62.13853454589844,62.367355193654156,61.59852116905991,62.303285691604636,7721800
2023-08-24,61.52531051635742,62.61449927555359,61.39717148387005,62.1385483122689,9242500
2023-08-25,62.20262145996094,62.440596955496524,61.53446889199135,61.598538411975476,10114100
2023-08-28,62.257537841796875,62.78840358315647,62.22093267202751,62.46805597476848,7152600
2023-08-29,62.21883010864258,62.53217885276037,61.850179150349966,62.467665462416576,11209700
2023-08-30,61.83174133300781,62.42158707175955,61.582905984876575,62.080583712571084,7461500
2023-08-31,61.56448745727539,62.476893269885075,61.49997405701881,62.20962145984117,11797800
2023-09-01,61.628997802734375,62.27413177332245,61.2419103889486,62.0621551650247,8296600
2023-09-05,61.011505126953125,61.997642511787845,60.652072334537024,61.58291453021019,10002700
2023-09-06,60.54148483276367,61.20505525996301,60.23734721505842,60.85483362814484,9250300
2023-09-07,61.05758285522461,61.721153182604894,60.707368307521584,61.085230446960075,9981100
2023-09-08,61.592124938964844,61.748799309370284,60.89168882874413,61.06679961415734,7484800
2023-09-11,62.237266540527344,62.569051737420786,61.702722942039806,61.74880695383228,7981600
2023-09-12,62.42158889770508,62.698071844668306,61.850179557022834,62.209612310077596,7171300
2023-09-13,63.06672286987305,63.38007161637156,62.55982691944046,62.55982691944046,8925700
2023-09-14,63.85010528564453,63.914618680033115,63.05750813662329,63.49989072059688,7944900
2023-09-15,63.2602653503418,64.4122952511441,63.22339954974422,63.90539928221809,18391400
2023-09-18,62.89160919189453,63.46301850690919,62.58747866703968,63.41693450210262,7534100
2023-09-19,62.29256057739258,62.81789298895166,62.071372794032285,62.71651379002969,8215500
2023-09-20,62.07136917114258,62.79945290661705,61.96998997813775,62.73493951392602,5804000
2023-09-21,61.665863037109375,62.40315799220897,61.536829212748266,61.85018501802605,9458600
2023-09-22,62.39393997192383,63.02986276144029,61.14974901840138,61.28799402022229,11796500
2023-09-25,62.18196105957031,62.20960864949655,61.546038365539495,61.95155510160921,8656500
2023-09-26,60.21889877319336,61.92390851487272,60.15438538517638,61.859395126855745,9042600
2023-09-27,55.26057052612305,59.89633781321143,54.86427195118571,59.629066027190184,25606200
2023-09-28,52.606292724609375,55.94257018369481,52.514128227238125,55.57391922564197,31153800
2023-09-29,52.799835205078125,54.154619976393526,52.514130524304115,53.15004976325966,19047600
2023-10-02,48.06269073486328,51.96115964873723,46.247090415638525,51.68467316494718,54022800
2023-10-03,48.643310546875,48.94744813536102,46.54200908357642,47.9889583916501,36257500
2023-10-04,46.6525993347168,49.721608510657596,46.57887125325799,49.500417234849046,28467400
2023-10-05,45.57430648803711,46.20101107533544,44.45914231664786,45.90609168316169,29911400
2023-10-06,46.30238342285156,46.54200407513526,43.45456560713049,45.214867006769346,24718500
2023-10-09,45.454490661621094,46.46827554968106,44.58816545756469,45.795490521682545,20644600
2023-10-10,47.53736877441406,47.57423106337432,45.63882202215366,45.786281725144605,23164300
2023-10-11,49.34375,49.37139759508065,47.6479616926276,47.97052868762375,22401400
2023-10-12,48.8460693359375,49.740045692209364,48.136418472755835,48.91058273116162,27972800
2023-10-13,50.21929168701172,50.91972435750286,49.30688240952765,49.33453000360654,22319200
2023-10-16,50.117916107177734,50.726187830856404,49.362184678235046,50.21929531374363,17089400
2023-10-17,49.92436218261719,50.54185198924635,49.35295638098296,49.380607487123115,13365500
2023-10-18,49.067256927490234,50.48655503101719,48.91057903968793,49.841421127466795,13593300
2023-10-19,48.283878326416016,49.75847876037894,48.27466363380289,49.104123081922936,11580400
2023-10-20,47.88758087158203,48.56036595108575,47.63874197657932,47.87836617875221,17798900
2023-10-23,47.48207092285156,48.440560767419456,46.95674550174961,47.251664913044856,15200700
2023-10-24,50.79991149902344,51.085616191202774,48.94744889333193,50.17320692733202,20060300
2023-10-25,52.034881591796875,52.47726061675958,50.606365331158074,51.25150272762217,19262400
2023-10-26,53.05788803100586,53.67537787670853,52.23764331650266,52.32058960873985,17357800
2023-10-27,51.832130432128906,53.47261987281239,51.54642575334133,52.864348230648694,11921000
2023-10-30,52.716888427734375,52.96572730566297,51.3989659533623,51.988804694059915,11017700
2023-10-31,53.73067092895508,53.90578171434952,52.89199334771049,53.0486712338152,19978300
2023-11-01,53.85048294067383,54.18226809598986,52.69845310455761,53.55556358388536,13428900
2023-11-02,55.2144889831543,55.730599644728,53.914999394780544,53.93343229509206,15076500
2023-11-03,54.72602844238281,56.67065544370412,54.716810234535274,56.42181656756329,13938000
2023-11-06,54.41267776489258,55.1868420080575,54.246785175948936,54.744462942779876,9299500
2023-11-07,53.878135681152344,54.891924143257796,53.822840493792164,54.42189395639792,9615500
2023-11-08,52.993377685546875,53.610864051034596,52.329807309498605,53.610864051034596,12781600
2023-11-09,50.4312629699707,52.781403306750704,50.339098466818434,52.643158309880455,17147900
2023-11-10,50.8183479309082,51.03032103374994,50.23772381355767,50.68932113054512,12776100
2023-11-13,50.2285041809082,50.74461484732402,49.592584934917866,50.73539663922365,8951800
2023-11-14,53.03945541381836,53.2145662070952,51.10404660558496,51.68467065434147,13399500
2023-11-15,52.53255844116211,54.12696724915709,52.51412554263018,52.97493745878072,11295000
2023-11-16,52.16390609741211,53.24220778034276,52.14547671509231,52.91963733829323,11155400
2023-11-17,52.87356185913086,52.882780066879704,52.06253536304004,52.541776694495454,10136300
2023-11-20,52.845916748046875,53.15926902761034,51.89664521689122,52.53256446848341,8404900
2023-11-21,53.43575668334961,53.721461376096556,52.32980723018421,52.827485011466095,11952600
2023-11-22,53.396732330322266,54.17719626546148,52.950753445146304,53.870583788220124,9626900
2023-11-24,53.47106170654297,53.526810397702896,52.895006075191155,53.09012117776311,4629400
2023-11-27,53.498939514160156,53.61043335567658,52.839259053068474,53.42460792359899,9779100
2023-11-28,54.03782653808594,54.4280602794421,53.20161390969782,53.48035381537728,9473600
2023-11-29,54.22365188598633,55.031988396101646,53.87058393844884,54.38160119095105,17019100
2023-11-30,54.36301040649414,54.52096323286578,53.87057612208328,54.33513783773869,15381700
2023-12-01,54.97624206542969,55.32002035156192,53.58255665643765,54.40018642212406,10510200
2023-12-04,54.51167297363281,55.31071973503911,54.42805526282615,54.437344938140846,10239600
2023-12-05,54.10285949707031,54.68820827844064,53.76837447914441,54.52096576947769,12544800
2023-12-06,55.93323516845703,55.98898030984951,54.465218343490804,54.465218343490804,13235700
2023-12-07,55.6080436706543,56.26772409220692,55.22710315267396,56.100481567793594,12230500
2023-12-08,55.46868133544922,55.700962242595715,54.9112050317024,55.347894271321934,9408300
2023-12-11,55.47796630859375,55.691664299731336,54.38160023627043,54.38160023627043,11005700
2023-12-12,55.30142593383789,55.52441356800211,53.963489495878946,55.43150264448777,9931000
2023-12-13,58.07950973510742,58.16313099376596,55.12490019926406,55.37576043091472,13013400
2023-12-14,58.33037185668945,60.01208311354424,57.94014169023415,59.13871184890376,16809100
2023-12-15,57.14109420776367,58.4511581770955,56.69511536121718,57.69856687986559,28901500
2023-12-18,56.676536560058594,57.69857104750995,56.53716660980383,57.23400927242751,10755600
2023-12-19,57.20613479614258,57.447708895967295,56.555747623808664,57.01101970773989,11509600
2023-12-20,55.5987548828125,57.34550819663321,55.54300619234237,57.18755534579708,10091200
2023-12-21,55.37575912475586,56.351341634202505,54.87403512896387,55.868196989385325,12604200
2023-12-22,55.515132904052734,56.555750302479176,55.440801317716854,55.71024800169673,9799400
2023-12-26,55.94252395629883,56.26771930133629,55.39434096057977,55.45008964541257,6791600
2023-12-27,56.28630447387695,56.3699221880225,55.4222193177902,55.66378987319109,6787500
2023-12-28,56.69512176513672,56.769449809127686,55.85890911820579,55.85890911820579,5981900
2023-12-29,56.43496322631836,56.73228246423073,55.99827404499242,56.49070836822387,6814600
2024-01-02,57.20613479614258,57.745028138578526,55.91465367148913,56.25842838119743,10064300
2024-01-03,57.59637451171875,57.71715802987692,56.17481296918699,56.77874473727911,10306300
2024-01-04,57.419830322265625,58.31178801191708,57.35479196224884,57.763605017257895,10568100
2024-01-05,57.67999267578125,58.12597156212078,56.92740131140041,57.28046925887446,7803800
2024-01-08,58.46044921875,58.59052948665048,57.22471680045701,57.40124899040604,7766600
2024-01-09,57.61494827270508,58.57194791437604,57.503454442025195,58.47903343520533,6921600
2024-01-10,57.865814208984375,58.28392052003992,57.51274980793757,57.62424364277734,8100100
2024-01-11,56.416378021240234,57.78218710688289,56.30488065334409,57.60565492420112,10686000
2024-01-12,56.71369934082031,57.289754918919066,56.60220196880775,56.84377606384343,7796900
2024-01-16,56.07260513305664,56.86236228149376,55.942528402433496,56.36063471109725,11633100
2024-01-17,54.14002990722656,55.75670290607569,53.703340702740554,55.245685660332,11543100
2024-01-18,53.5639762878418,53.96349971439125,53.17374253767305,53.85200233187148,9626500
2024-01-19,53.20161056518555,53.69404843509045,52.5698098398522,53.629010073007244,12762600
2024-01-22,52.8206672668457,53.694045587341954,52.6441350854575,53.30381189121444,12979900
2024-01-23,53.3131103515625,53.43389386128473,52.8578382520458,53.22019586986263,16081000
2024-01-24,52.96932601928711,54.270100259509626,52.72775548318418,53.98207071571509,14471400
2024-01-25,53.87059020996094,55.152781872891005,53.01579813089126,54.77184130820551,15702600
2024-01-26,54.335140228271484,54.83686775389128,54.09356968500534,54.19577383403806,11650000
2024-01-29,55.3478889465332,55.552297259340975,54.08428036613068,54.32585447114441,10102800
2024-01-30,55.07843780517578,55.51512696738769,54.41876099645229,55.28284610141535,7807700
2024-01-31,54.474510192871094,55.72882546319544,54.28868478947958,55.46867202504219,11124900
2024-02-01,55.515132904052734,55.58946449038861,53.898456344498605,54.251524290943784,8687600
2024-02-02,54.028533935546875,54.84616007865749,53.87058109459544,54.71608335335921,14952900
2024-02-05,52.003047943115234,53.3595675202249,51.928716355387216,53.30381882942889,14293600
2024-02-06,52.2446174621582,52.56981283542972,51.57564736338261,52.03091946823269,10305400
2024-02-07,52.38398361206055,52.653426731777316,51.68714099118901,52.32823492643388,7761300
2024-02-08,52.30036544799805,52.42114895750978,51.464152835781896,52.42114895750978,8143000
2024-02-09,52.56980514526367,52.61626060769955,51.77075843179794,52.01232896305929,8003500
2024-02-12,53.47106170654297,53.54539329475621,52.49548264935799,52.579103913935285,9622000
2024-02-13,51.334075927734375,53.090118862966676,50.79518256966042,52.848548300456834,12759700
2024-02-14,52.04021072387695,52.09595941524205,51.185418722230196,51.464155090405214,8831300
2024-02-15,53.21090316772461,53.57326076493398,52.23532420347057,52.309652240278325,9880000
2024-02-16,52.9879150390625,53.35027265726886,52.33753138808958,52.82996573649053,9943500
2024-02-20,52.59768295288086,53.25735980042182,52.07737250652922,52.71847000270489,13014600
2024-02-21,53.052955627441406,53.2759468487806,52.62555962622694,52.978627583211825,9322100
2024-02-22,52.65342330932617,53.03436731985993,52.32823152512007,52.764920673332234,10426000
2024-02-23,52.75563430786133,53.38743860867734,52.50477052274393,52.77421720427652,10563900
2024-02-26,51.710174560546875,52.4415230994137,51.43826164033416,52.41339541000073,12753800
2024-02-27,52.094608306884766,52.49778859695477,51.372634382265616,51.9820903816792,12421800
2024-02-28,51.6070442199707,52.244631524386975,51.29762527366567,51.89770660093584,13240400
2024-02-29,51.747684478759766,52.375897055538125,51.53203048278114,52.02897572085657,19993600
2024-03-01,51.766441345214844,52.150868684547575,50.894447013621864,51.813322030154545,15398200
2024-03-04,51.54140853881836,51.63516990126112,50.585027619481956,51.36325694270371,11674600
2024-03-05,51.9445915222168,52.985355575522796,51.5226582158674,51.56953889951358,16026100
2024-03-06,52.06647872924805,53.36040629702876,51.81331875445834,52.48841202056423,11074900
2024-03-07,52.74156951904297,52.94784880217165,52.06647628463391,52.58217449245561,10227300
2024-03-08,54.20427322387695,54.532441576558654,52.79783129506946,53.1822586125395,12735600
2024-03-11,54.26052474975586,54.513684708133866,53.34164985088377,53.97923709936914,9681500
2024-03-12,53.58543395996094,54.38241621516628,53.02285509443383,54.0729973026114,9634400
2024-03-13,55.82636642456055,56.604595727219895,55.27316581652481,55.32004649650751,17495300
2024-03-14,55.82636642456055,56.4827066746182,55.42318613852942,55.50757279320492,16996100
2024-03-15,56.33268737792969,56.37956805876567,55.20753315403278,55.507573803503064,32424500
2024-03-18,56.41706848144531,57.3265686802294,55.73260055026584,56.33268540495595,17073700
2024-03-19,57.448463439941406,57.560977789536786,56.501457231944116,56.623349863786345,11433900
2024-03-20,58.32046127319336,58.517362291250755,57.53285362419687,57.6172402857596,14564500
2024-03-21,57.532840728759766,59.43622396355655,57.46720707078512,58.32044820122155,18090300
2024-03-22,57.92665100097656,58.592369533876244,57.87039561563759,58.33920956955101,10046300
2024-03-25,58.704891204833984,58.733018901012436,57.57973685972396,58.13293753742497,11423500
2024-03-26,57.598480224609375,58.98616904021154,57.476587600259464,58.71425610003347,13829600
2024-03-27,59.81128692626953,59.87692059568156,58.15168504949386,58.28295238831791,13409000
2024-03-28,59.923797607421875,60.25196951115151,59.43623068110058,59.69876534267109,12830800
2024-04-01,59.426856994628906,60.05506954428245,58.84552512437838,59.92379863448079,13175200
2024-04-02,58.958045959472656,59.38935395411273,58.47047900070994,59.32372028435301,9905300
2024-04-03,58.648624420166016,59.061182985229934,58.001662456906566,58.77989175386214,10551400
2024-04-04,59.75502395629883,59.98943092470269,59.04242834612836,59.39872436283035,10690100
2024-04-05,60.17695617675781,60.345729477238656,58.97679366379753,59.11743569635395,10278100
2024-04-08,60.81454849243164,60.87080387945279,59.94255422593664,60.14883351639211,8054900
2024-04-09,61.3021125793457,61.75217714131185,60.74891552449447,61.08646215758569,9188000
2024-04-10,60.01755905151367,60.23320944517861,59.07055294574358,59.539366858011384,10783400
2024-04-11,59.951927185058594,60.74891305338616,59.37059888325217,60.598889154322194,12145600
2024-04-12,59.145572662353516,60.298851032135225,59.02368002764836,60.1207065864612,9039500
2024-04-15,58.836151123046875,60.31760493191738,58.414217849839034,59.56749974542939,11147100
2024-04-16,57.851646423339844,58.676760037849604,57.485972087581786,58.592373377538756,11594100
2024-04-17,59.81128692626953,59.933175982739456,58.05792010978615,58.35796434008407,15653700
2024-04-18,60.01755905151367,60.37385504956547,59.19244556442777,59.86753516589233,10135000
2024-04-19,60.28947830200195,60.852053625017724,59.6800187214293,60.21446635132429,13419400
2024-04-22,61.236473083496094,61.40524638398548,59.93317093386858,60.561379881538535,14747200
2024-04-23,62.07097244262695,62.98047277216099,61.0395830450189,61.17085039633989,14349200
2024-04-24,62.408504486083984,62.9148243598116,61.152086659581435,61.79905213493325,12149600
2024-04-25,62.72731399536133,62.93359329783742,61.42401166084479,61.883447373201804,11418500
2024-04-26,61.87406539916992,63.10236285785708,61.649036697862904,63.02735090624359,9982800
2024-04-29,63.214881896972656,63.67432479552648,62.78357384910254,62.839829243401226,9795800
2024-04-30,62.792938232421875,63.28050156666057,62.13659444558069,62.72730456909103,10042600
2024-05-01,64.33065795898438,64.56506496010194,62.577291015352834,62.699187234195705,13991100
2024-05-02,64.55567169189453,64.71506669880628,63.44927061730488,64.58379938093398,10815900
2024-05-03,65.7652359008789,65.8965032656683,64.9870028428169,65.53082887039287,12687500
2024-05-06,66.80599212646484,66.85287638586178,65.87774244938127,65.97150381464152,14042100
2024-05-07,67.46232604980469,67.5467162825261,66.86224475268945,67.2185479409058,13621100
2024-05-08,68.30619049072266,68.34369646482072,67.0216448571464,67.22791698438606,9915000
2024-05-09,69.92828369140625,70.06892929342119,68.05302807396033,68.44683003677618,16627900
2024-05-10,69.18756103515625,70.5189908869621,69.056293706304,70.2002008464732,12046700
2024-05-13,69.92828369140625,70.01266676049573,69.00002701022714,69.51572516643776,7685500
2024-05-14,70.71589660644531,70.89404820187971,70.00330453177452,70.26583920702517,8176600
2024-05-15,72.24422454833984,72.37549186750657,71.2315848117402,71.2315848117402,12470600
2024-05-16,71.64415740966797,72.5817853899843,71.31598189373022,72.25360987404656,10414200
2024-05-17,71.34410095214844,71.77541606599165,70.82840991752073,71.58788620050919,9490300
2024-05-20,71.13783264160156,71.43787328891516,70.85654140507425,71.25034341338585,7179700
2024-05-21,72.15046691894531,72.15984520130834,70.74402501289543,71.13783418327483,6420100
2024-05-22,71.55976104736328,72.36612161370796,71.40974430318899,71.64415127820702,8773600
2024-05-23,70.62213134765625,71.22221261612813,69.9657946957442,71.22221261612813,9097800
2024-05-24,71.83167266845703,72.29110832800694,70.5658764574741,70.7158931988742,7601100
2024-05-28,72.69428253173828,73.37875397651558,71.56913202785313,71.8410449495574,11986600
2024-05-29,71.89730834960938,72.10358763415857,71.40974498447487,71.98169142772501,6896300
2024-05-30,73.31312561035156,73.37875927525879,71.83167185555085,72.0754571052918,21762300
2024-05-31,75.02897644042969,75.45091325959996,73.25686039909958,73.40688428685773,16196000
2024-06-03,73.33504486083984,75.26019684152291,73.15573926660029,75.02427145957456,15410500
2024-06-04,72.80657196044922,73.41054034276289,72.22147444013926,73.24067378524524,8484300
2024-06-05,72.71219635009766,72.97643159229933,72.28752639667034,72.71219635009766,9264600
2024-06-06,72.38191223144531,73.39167268881147,72.3158534052577,72.60840580683605,6550600
2024-06-07,71.1456527709961,72.66501270351377,70.78704880675042,71.30608029185305,10059500
2024-06-10,72.63670349121094,72.72163316779898,70.63605377753245,71.22115128244327,11218500
2024-06-11,68.64485168457031,71.07960351629784,67.52185168766435,71.06073265242932,22781500
2024-06-12,68.1918716430664,69.78672226431168,67.38028778615633,69.63573376993381,13930500
2024-06-13,69.06006622314453,69.56966582455694,68.28623139134126,68.47496878451473,10023200
2024-06-14,68.94683837890625,69.39981832658954,68.30512098628027,68.6637322114922,6568500
2024-06-17,68.23904418945312,69.26768243314798,68.12580463225854,68.63540423924451,8445300
2024-06-18,66.4743423461914,66.61589182488478,65.08709985602223,65.20977847084708,29169800
2024-06-20,68.38060760498047,68.786399524795,66.80462787913811,67.00280432371672,14857200
2024-06-21,68.71089935302734,69.54136122585521,68.01256230531621,69.22993802354476,19465500
2024-06-24,69.69233703613281,70.07925801103016,68.1824164508965,68.41834176733559,12063700
2024-06-25,68.87133026123047,69.58853813009043,68.31454270001872,69.42811062257204,10753200
2024-06-26,69.23937225341797,69.46585856672723,67.87100094413891,68.70146275938967,11481500
2024-06-27,69.56967163085938,70.20194987061763,69.10725993908237,69.47530292639661,9824500
2024-06-28,66.8235092163086,69.18276325953228,65.92699555983238,69.08839453777772,23935600
2024-07-01,65.96472930908203,67.59732869938009,65.6249962290455,67.4369011893268,11036400
2024-07-02,66.50263977050781,66.62531836232641,65.47400148571816,66.0590989541223,9415200
2024-07-03,67.78607940673828,67.86157725351981,66.5781426577177,66.9273075993081,4487200
2024-07-05,68.03143310546875,68.27679749493737,67.60677033896624,67.94650343211647,7688800
2024-07-08,68.05030822753906,68.49384903554699,67.70113611913766,68.08805714735573,5368700
2024-07-09,68.05975341796875,68.88076909871793,67.64452246227064,68.00312643318297,6220100
2024-07-10,68.79584503173828,69.01289235819303,67.64452797877185,68.19187661048892,6740900
2024-07-11,70.49449157714844,70.97578130627302,69.32430385915228,69.36205277907091,12188700
2024-07-12,71.7213134765625,72.38190164179296,70.56055747209068,70.77761198344983,11099400
2024-07-15,66.97450256347656,70.2113992843506,66.77632609483591,69.9943447521032,19575400
2024-07-16,67.85212707519531,68.22017001795032,66.86123779862734,67.51239402036457,10551800
2024-07-17,66.90843200683594,68.18242748174568,66.5120791390632,67.71057677252945,11878900
2024-07-18,67.63507080078125,68.28622700518373,66.83292613151228,67.00279265440555,10212300
2024-07-19,67.94650268554688,68.28623577496424,67.41803219084007,67.8710048434829,7752100
2024-07-22,68.79584503173828,69.97547197947085,68.66372738958195,68.84302578972468,9034700
2024-07-23,68.05030822753906,68.90907275378972,67.86157082832604,68.35229238620208,7027500
2024-07-24,71.1645278930664,71.48538292152884,68.22017685602827,68.63540778685777,17813700
2024-07-25,69.30543518066406,71.40988533330973,69.17331755672534,70.95691267976856,13934200
2024-07-26,70.07927703857422,70.76817511769542,69.380932728398,70.05096714489406,7076200
2024-07-29,70.15476989746094,70.46619313749119,69.41868383911415,70.2680166756187,5977500
2024-07-30,70.09814453125,70.33406990040464,69.0789452085329,70.33406990040464,8505500
2024-07-31,72.08934783935547,72.55175949957352,70.48505837336707,70.65492490975514,15618100
2024-08-01,73.97675323486328,74.00506312529154,71.62693873100274,72.02329159673914,11136600
2024-08-02,74.74114990234375,76.02458441499901,73.43884452915113,74.8921455861246,14513100
2024-08-05,72.36302947998047,74.55241661667795,72.1837238955513,74.12775383235409,11877600
2024-08-06,72.63670349121094,73.98619688489761,72.35359016950906,72.52345672255602,9050900
2024-08-07,73.19347381591797,74.32591974677145,72.93867762140111,73.34446948664637,8193200
2024-08-08,73.17461395263672,73.8257702807271,72.28753225348414,72.77826105722124,6935900
2024-08-09,73.09911346435547,73.63702300294409,72.05160427870331,73.13686238634581,5041200
2024-08-12,73.21236419677734,73.24067408983619,72.5612078569398,72.97643882145894,5955600
2024-08-13,73.72196197509766,74.08056594440367,73.16517435973552,73.93900928287967,5108900
2024-08-14,73.61815643310547,74.15606600304898,72.75938460747629,73.60871740209001,4620700
2024-08-15,73.05194091796875,73.42941578053393,72.78769843435305,73.17461952831529,5946500
2024-08-16,74.14661407470703,74.35422952170714,72.89148956320265,73.15572478670465,6344200
2024-08-19,74.88270568847656,75.09032115133496,74.01450211640545,74.14661973824799,5617000
2024-08-20,74.53353881835938,75.29793463894937,74.51466075866543,74.88270372412507,5967300
2024-08-21,75.15637969970703,75.48667375315955,74.67508996475028,74.71283888512635,5125300
2024-08-22,74.47691345214844,75.4394929210211,74.04281166809875,75.19412853877724,8006600
2024-08-23,75.17526245117188,75.79810167656939,74.70341171683071,74.98651783751292,5052900
2024-08-26,76.10008239746094,76.50587429853344,75.45836513994794,75.49611406096288,5378700
2024-08-27,75.12806701660156,76.10007828057299,75.0997571273395,75.83584304763359,5086000
2024-08-28,74.93934631347656,75.61880540671802,74.73173081281735,75.24133053265223,5462400
2024-08-29,75.5244369506836,75.6659936288861,74.27875114227068,75.05258615658974,5179200
2024-08-30,76.469482421875,76.68793545600106,75.48167557032278,75.59564854586628,6808200
2024-09-03,75.91859436035156,77.10586125123251,75.63364740793934,76.7164342327026,9883900
2024-09-04,77.01089477539062,77.44780819782633,76.28903435086484,76.37452135009318,7517700
2024-09-05,76.29852294921875,78.01768312741518,76.20354304508952,77.84671640138167,8494900
2024-09-06,75.96609497070312,77.11536855794341,75.80462115124578,76.80192833055897,8181500
2024-09-09,77.11537170410156,77.16285803817121,75.28223109014395,76.08957123435779,6918000
2024-09-10,78.1696548461914,78.25513458385201,76.9823879575585,77.38130789297868,9588000
2024-09-11,79.24295043945312,79.37592376625265,77.62827018745725,78.54958330985316,10216500
2024-09-12,79.27143859863281,79.75584554172954,78.5590784308739,79.24294535136283,7856600
2024-09-13,80.40172576904297,80.47771259911424,79.30943863790299,79.68936554175642,6734400
2024-09-16,80.3922348022461,81.26606170854134,80.13578827954129,80.81964808892205,8791400
2024-09-17,80.7056655883789,80.73415883794006,79.9553119484224,80.53469884450904,7415100
2024-09-18,80.05028533935547,80.72465209452774,79.31893208970459,80.24974531653298,9286200
2024-09-19,78.16016387939453,79.59438447865254,77.38131699866226,79.43291065545584,13965200
2024-09-20,78.60657501220703,79.5563886055273,77.93220823052995,78.12216805059295,26032300
2024-09-23,80.56319427490234,80.67717452273533,78.77754720453768,79.46141419852934,7916000
2024-09-24,80.05978393554688,80.99059714414044,79.70835031797458,79.9742969490013,8205300
2024-09-25,80.37322998046875,80.93361652991061,79.64186944551597,80.3637298153842,8354700
2024-09-26,79.27143859863281,80.35422547390618,79.06247845664981,80.0217921782525,8462500
2024-09-27,80.2972412109375,80.58218093805853,79.55638777531927,79.5658806936715,8200900
2024-09-30,80.2877426147461,80.68666258841117,79.79384273018496,80.25924936612755,13884400
2024-10-01,80.99059295654297,81.44650661937462,79.61336629714845,79.88881307832771,9112600
2024-10-02,81.14257049560547,81.29453689285708,80.2497434548074,80.51569008487436,8403800
2024-10-03,80.78164672851562,81.77894662542793,80.49669975996787,81.35153341910872,7031500
2024-10-04,79.6418685913086,79.86032890689367,78.8440286488295,79.29993511695965,8341800
2024-10-07,76.26053619384766,79.35693061491118,76.16555628142912,79.35693061491118,11971600
2024-10-08,76.45999145507812,77.70424489776448,76.45049129047298,76.72593809200323,10098300
2024-10-09,76.53597259521484,77.02987242046896,75.66214592549504,75.66214592549504,10102500
2024-10-10,76.8779067993164,78.4166000273608,76.76392657088641,76.93489329028044,7928400
2024-10-11,77.7517318725586,77.77072495365385,76.35550490074998,76.91589862083383,7057000
2024-10-14,78.74903869628906,79.0149853098681,77.51427828009871,77.78972505744892,5815200
2024-10-15,78.63506317138672,79.83183025053748,78.52108293882402,78.83452314349482,15824900
2024-10-16,80.15476989746094,80.39222329975144,78.57808307443345,78.9105163883396,8061600
2024-10-17,79.57537841796875,80.38271848980456,79.49939159446595,80.06928552423462,6153000
2024-10-18,80.145263671875,80.17376416505701,79.3569239432258,79.7083503142796,8595300
2024-10-21,79.81282806396484,80.69615491788261,79.46140170312253,80.50619511453552,7053800
2024-10-22,79.49939727783203,80.00280458464962,78.96750396829236,79.02449046674224,8358500
2024-10-23,80.69615936279297,81.68396633691266,78.83452565074128,80.34472573609096,10825100
2024-10-24,78.65406036376953,80.3067412130327,78.35962047239046,79.78434084461574,9705100
2024-10-25,77.34332275390625,78.95800299651695,77.21034942787962,78.73954992368868,6580700
2024-10-28,78.71104431152344,79.63235728385266,77.51427731875847,77.92269739783293,8679600
2024-10-29,75.56716918945312,76.64995613511627,75.48168944208632,75.93759592104826,19232900
2024-10-30,75.1207504272461,75.88060416823487,74.93079061525007,75.74763085053718,11650200
2024-10-31,75.27273559570312,75.84262236542354,74.21844181079382,74.45589523538595,13034700
2024-11-01,73.46808624267578,75.47219367475635,73.10715965525728,75.40570700742917,14615300
2024-11-04,74.43689727783203,74.8643105155214,73.2306299018148,73.46808331086511,11759100
2024-11-05,74.70283508300781,74.83580839659622,73.10714807344489,73.86699454444974,9051700
2024-11-06,70.78011322021484,71.21703389595682,69.0419596692123,70.57116029479904,28637800
2024-11-07,70.87509155273438,71.32149784578053,69.87778440070008,69.9157778132683,16311300
2024-11-08,73.1071548461914,73.31611500018928,70.93208080599058,71.2170277880791,14657100
2024-11-11,72.10035705566406,73.27812394293758,71.9388832291524,73.11665736292892,10275700
2024-11-12,70.53314971923828,71.99586332034198,69.92526968326032,71.8153964436761,12569800
2024-11-13,70.51416015625,71.27401394046824,70.21022009186325,70.88458688326814,12451500
2024-11-14,71.50196838378906,72.35680209383494,69.95377478695804,70.17222786221802,13780200
2024-11-15,72.51825714111328,72.84119748978848,71.5114571796292,71.66342356697506,12930300
2024-11-18,72.5562515258789,72.82219814218894,71.53045122311005,72.47077179056573,9044300
2024-11-19,73.21163940429688,73.43959265601849,71.9198922337024,72.48027882053952,7942200
2024-11-20,73.02167510986328,73.61056221633523,72.52777517119587,73.316122286351,7065200
2024-11-21,73.47757720947266,73.62005069205212,72.52776365427937,72.93618377287258,8908500
2024-11-22,72.66960144042969,74.1421179239727,72.44012053113119,73.84570477883436,8165400
2024-11-25,73.28155517578125,73.72139662356373,72.50705254980194,73.36761507592703,20803100
2024-11-26,74.09430694580078,74.37159972476591,73.11900759829126,73.62578128930569,10563600
2024-11-27,75.07917022705078,75.90148473265964,74.4480958942967,74.70626100881731,8689700
2024-11-29,75.22261047363281,75.52858750370406,74.88794923684675,75.13655785348833,6186500
2024-12-02,73.6927261352539,75.58596404503932,73.53017743203362,75.46165608781493,11361500
2024-12-03,72.9468994140625,74.17080741095555,72.8895310064166,73.69271789372752,9806900
2024-12-04,72.42100524902344,72.68873423815877,71.80905118955188,72.66961386539246,8310200
2024-12-05,72.86083984375,73.18594451040019,72.11502136064334,72.32538191640515,6487200
2024-12-06,71.94290924072266,73.1476968789955,71.63693223839098,72.85128370972434,7079200
2024-12-09,71.42657470703125,72.31582154757966,71.29271021878246,72.19152089279649,9269700
2024-12-10,70.89112091064453,71.2544663579002,70.13573851405407,71.23534598491533,8619200
2024-12-11,70.7381362915039,71.2831581118471,70.35566317484407,70.94848957535228,7472800
2024-12-12,70.01143646240234,70.83375109072047,69.88712850773031,70.60426284904953,6969600
2024-12-13,70.39390563964844,70.51820629231233,69.74370358135391,69.84888386248004,7671200
2024-12-16,69.60028076171875,70.96761722933441,69.57159655461186,70.4703999892553,9767000
2024-12-17,69.10306549072266,69.41860636802555,68.65366740812937,69.14131353297769,7723000
2024-12-18,67.42974090576172,69.36122660066304,67.34368829607219,68.80664102132964,12496000
2024-12-19,66.71261596679688,67.88871952903112,66.65524755232084,67.42975032801904,13731700
2024-12-20,68.52934265136719,68.82576308242778,66.28232360884383,66.53093217503667,27547500
2024-12-23,69.31342315673828,69.35167119738264,68.12776307703415,68.21381569718311,7509000
2024-12-24,69.71501922607422,69.71501922607422,68.87357697888098,69.24648623113532,3001800
2024-12-26,69.19868469238281,69.70545845255991,69.10306094550077,69.30386497789893,4503800
2024-12-27,68.9500732421875,69.25605025243371,68.53891595075659,68.74927651312599,5458100
2024-12-30,68.61540985107422,68.75883816587455,67.86959136819306,68.53891377717176,8399000
2024-12-31,68.5484848022461,69.23693494946579,68.27119197655661,68.71103350504299,6216500
2025-01-02,68.47197723388672,69.43772004478892,68.16600025256984,69.29429173900081,5344800
2025-01-03,68.83531951904297,69.49508531891144,68.45284648585739,68.76838728536546,5088900
2025-01-06,68.11819458007812,68.7875243029339,67.73572149488443,68.65365981737621,7025900
2025-01-07,67.34368896484375,68.74927329759998,66.9899000996728,68.32855219253906,8975400
2025-01-08,67.56360626220703,67.60184699950348,66.41618717652462,66.95164503947,7930600
2025-01-10,64.4273452758789,66.99946939505355,64.13093208863755,66.92297331606623,16261800
2025-01-13,64.02574157714844,64.4082146159261,63.00263039308139,64.27435014661388,17056600
2025-01-14,65.00106048583984,65.02974469253721,63.94925760648445,64.04488135556609,10699100
2025-01-15,66.25364685058594,66.97078113376365,65.98591788541034,66.23451918446358,12416500
2025-01-16,68.24250030517578,68.2903048798512,65.87117309024889,65.93810533084815,11469500
2025-01-17,67.65923309326172,68.69190094548726,67.64010542660776,67.97476664237841,12664600
2025-01-21,67.74528503417969,68.7301483001092,67.6783527916913,68.23293839806217,12153800
2025-01-22,65.48870086669922,67.4775550346767,65.34527255067896,67.46799120159076,14415200
2025-01-23,66.19628143310547,66.31101825475473,65.27834308950638,65.83292871103615,10780100
2025-01-24,69.63851928710938,70.8050588505068,65.02017290220988,65.11578934452326,24588500
2025-01-27,70.59471130371094,70.69032776363659,67.54449735512502,70.0879375005435,19128900
2025-01-28,67.4488754272461,69.68633104740692,66.85604175165768,69.16043691291492,16630500
2025-01-29,67.78353118896484,68.38592135462557,67.51580222644897,67.6496667077069,9496700
2025-01-30,68.17556762695312,68.84489002864929,67.68791427996476,68.83532619574876,8639200
2025-01-31,68.4241714477539,68.5867274327956,67.82178126398973,68.37636687162062,10708600
2025-02-03,67.93653106689453,68.64410159049876,67.11421641984046,67.41062961991764,9128300
2025-02-04,66.83690643310547,67.74527346823194,66.56917750886045,67.17156758841175,10574700
2025-02-05,66.16758728027344,67.68791576179072,66.11021887174844,67.64966772441832,9026100
2025-02-06,66.2345199584961,66.56918846394377,65.26878436497933,66.35882790454258,9145300
2025-02-07,65.2783432006836,66.34926640666146,65.2114109562517,66.11022163439503,9320400
2025-02-10,66.64567565917969,66.68392369589459,65.10622683297314,65.34527159114101,9121300
2025-02-11,67.24807739257812,67.29588197020969,65.69906463497809,66.36839437742788,7020100
2025-02-12,66.24408721923828,67.1142137063163,65.9572378648133,66.27277142517401,8574000
2025-02-13,65.59388732910156,66.6074421748119,65.5556392882193,66.3779539295183,15173000
2025-02-14,65.0775375366211,65.99546846074588,64.90542503240604,65.59387504926626,14184600
2025-02-18,65.4982681274414,65.54608000030599,64.57077323638215,65.02017857906593,12090900
2025-02-19,66.0337142944336,66.46399918816876,65.41220382859325,65.53650446274806,8843000
2025-02-20,67.06639099121094,67.35324759433084,65.80423506860302,66.0528436383025,9340500
2025-02-21,68.44329071044922,68.8161999158109,66.94209005692323,67.06639069368832,16742500
2025-02-24,67.6974868774414,68.32856132430568,66.85604455486506,68.17557645342598,11970900
2025-02-25,68.15644073486328,68.56759801344896,67.58273477045857,68.07994466092475,14063400
2025-02-26,67.89828491210938,68.50067516305397,67.42019532705453,68.07039745453186,8010500
2025-02-27,66.3396987915039,67.80265884223608,66.27276655088744,67.477554177051,9379800
2025-02-28,67.6479263305664,67.6961321571288,66.78991557502627,67.08877110521904,11247700
2025-03-03,69.04581451416016,69.12293353954722,67.4840384060425,67.53224423268884,9492200
2025-03-04,68.3034896850586,70.45334169025794,68.21672801859151,69.37359436921395,17869500
2025-03-05,67.94678497314453,68.34204477660447,66.89595833214788,67.99498344152082,7722400
2025-03-06,67.49368286132812,67.59008716204237,66.5392604252801,67.50331814277587,7482300
2025-03-07,70.21231842041016,70.49189601359008,67.5418746868636,67.65756424944094,13469300
2025-03-10,73.4226303100586,73.54795515013313,69.87489804961163,70.37620476508559,25263700
2025-03-11,71.36918640136719,73.51903818957466,70.56901678944246,73.17197684838263,14836800
2025-03-12,70.2990951538086,70.74256087270626,69.20006981671926,70.37622154540233,12110700
2025-03-13,70.11591339111328,70.90644033913044,69.46035392042765,70.56901429062574,11252600
2025-03-14,70.90644836425781,71.03177322019955,69.7302967671023,70.16411979974248,8699300
2025-03-17,69.51820373535156,70.79075964907622,68.51558281011746,70.79075964907622,14954000
2025-03-18,68.15888214111328,69.61461144915705,67.74433700128003,69.61461144915705,15212100
2025-03-19,67.96607208251953,68.62163165355092,67.48404320250167,68.46737888146023,9457000
2025-03-20,68.59270477294922,69.49891398230493,68.05282747558854,68.48665784070924,11815600
2025-03-21,68.33241271972656,69.37359688616826,67.64793257933725,68.46738022035673,15782000
2025-03-24,67.55152130126953,69.20970168666375,67.39727589725744,68.39988941127702,12385400
2025-03-25,66.12471771240234,67.94679363136017,65.9608296597225,67.94679363136017,12618800
2025-03-26,67.22373962402344,67.32977919316667,66.21147620286044,66.29823785629829,9154600
2025-03-27,67.5129623413086,68.46737744426026,67.10805985583538,67.25266998784063,8748800
2025-03-28,67.91786193847656,68.41917606075206,67.64792695964046,67.90822665721565,7846900
2025-03-31,68.34204864501953,69.17113884185166,68.08175630656127,68.16851796765522,13347100
2025-04-01,68.37096405029297,68.99760296887605,67.98533953461293,68.44809042446416,8715800
2025-04-02,67.94678497314453,68.72766929949476,67.60935891863052,68.53485336046161,8480100
2025-04-03,69.547119140625,70.3376461291711,68.8047979772441,69.09401086270658,13652700
2025-04-04,64.5051040649414,70.78111437942673,64.45689823799972,70.17376067791487,20993500
2025-04-07,62.72159194946289,64.85215859542906,61.632209390401705,63.145779693426384,19494900
2025-04-08,61.80574035644531,64.18696407620037,60.92844798773371,64.042353948712,14232600
2025-04-09,65.15103149414062,65.35348276072126,59.50165188513833,61.111626734977946,23207800
2025-04-10,64.32192993164062,65.07389374924816,62.8951213213054,64.3990563116969,12801900
2025-04-11,63.44463348388672,64.58222183900095,62.27812457523867,64.06162980986294,14856900
2025-04-14,65.25706481933594,65.67160990391442,63.58924184505243,64.09055594300492,11588800
2025-04-15,65.22814178466797,65.98010554780825,65.10280958736065,65.42095036566643,7851700
2025-04-16,63.2807502746582,65.60413298826326,62.95297416935026,65.5077213288885,11356100
2025-04-17,63.92667007446289,64.91964842713178,63.598893954434324,63.66637770592122,11212300
2025-04-21,62.35525131225586,63.68564826867354,61.35263043800249,63.454276483900124,11568700
2025-04-22,64.24480438232422,64.39905714443137,63.00116906974726,63.1072160049018,14352000
2025-04-23,64.85216522216797,66.61639276827802,64.58223021394558,65.12210758556769,19476200
2025-04-24,63.96522903442383,64.78467663542526,62.895124363702834,64.63043122302791,13724700
2025-04-25,63.714561462402344,64.46653254761094,63.010803553084486,64.26408133992325,9640200
2025-04-28,63.81097412109375,63.95557687519335,62.933678185285835,63.78205357027383,7123500
2025-04-29,64.8328857421875,64.97749588030588,63.357878514769794,63.676019347594796,8891500
2025-04-30,64.47618103027344,64.79432185971727,63.10722076167989,64.60151324772669,13763500
2025-05-01,63.67601776123047,65.19922342662181,63.56997081959742,65.06425592912102,11487900
2025-05-02,64.67863464355469,64.94857700745636,63.618172528490234,63.72421947551441,13333200
2025-05-05,63.724212646484375,64.62078660376699,63.51211877516514,64.59186604952828,7117800
2025-05-06,64.14840698242188,64.48582574184825,63.00117584519491,63.44464155118061,7943000
2025-05-07,64.93892669677734,65.536645113453,63.59888709382233,63.878464707016924,9961300
2025-05-08,65.86442565917969,66.88632452786776,64.50510804660188,64.85216207233348,13030100
2025-05-09,67.78289031982422,67.95642098924426,65.98974252087572,66.21147901436983,17326200
2025-05-12,67.18518829345703,68.43845898039011,66.23076580616113,68.36133994878381,18943800
2025-05-13,69.51820373535156,69.87490774452941,67.44547813776073,67.55152507683584,22962500
2025-05-14,69.59532165527344,69.83633605928236,68.20707633452574,69.21933977343359,15238900
2025-05-15,71.87049865722656,72.14043361453984,69.84597176702506,70.37620640115897,17789900
2025-05-16,72.30433654785156,72.30433654785156,71.06070107660722,71.87051347063544,12829800
2025-05-19,71.2052993774414,71.58128127654045,70.53046195730883,71.55236072355994,14438400
2025-05-20,71.73554229736328,72.50678410134482,71.17638702473214,71.34027508062078,8046700
2025-05-21,68.96868896484375,71.66804612051364,68.79515828407253,71.40775377694509,16133100
2025-05-22,64.53401947021484,66.51997581479742,61.58400182753998,66.42357152378217,40207600
2025-05-23,65.32455444335938,65.50772041221903,63.59889020821161,64.60151113922814,17161100
2025-05-27,65.59449005126953,65.91263087332642,65.04497742916077,65.31491242175078,10910700
2025-05-28,64.7943115234375,65.70052803661909,64.42797227702465,65.4498709968756,7835700
2025-05-29,66.51033782958984,66.61638476367426,64.37012858559729,64.37012858559729,11570200
2025-05-30,68.10103607177734,68.14924189936625,66.03795316001013,66.32717341519032,18802700
2025-06-02,68.17587280273438,68.22446127716941,67.09710931340831,67.78712793379577,9366900
2025-06-03,68.9533462524414,69.07969258203488,67.89402422096488,68.32164426323686,11014300
2025-06-04,67.91345977783203,69.14772405180825,67.82599608416126,69.14772405180825,10894900
2025-06-05,69.48787689208984,69.97380610112543,67.78712466046527,68.32164975628095,10967200
2025-06-06,70.12930297851562,70.25564189631852,69.45871833586679,69.60449857314143,9286000
2025-06-09,69.87663269042969,70.42087111711885,69.31295294010593,70.1973477981683,7062600
2025-06-10,70.76101684570312,71.00398147699829,69.9057840128333,70.26537433643931,9888000
2025-06-11,70.94566345214844,71.42187199372741,70.51804338192746,70.78044930308712,12000200
2025-06-12,71.76202392578125,72.33542426322,71.19835166358489,71.3538451589417,11022200
2025-06-13,72.67556762695312,73.13234224660472,71.32468508759976,71.7134299180282,13213400
2025-06-16,71.70372009277344,73.180949188675,70.5180515174212,73.08375740536385,14546000
2025-06-17,69.8377456665039,71.54821853762243,68.46742175463562,71.26637871004615,12971300
2025-06-18,69.555908203125,70.40142771459291,69.37125272695936,69.94465306177777,7203300
2025-06-20,69.51703643798828,70.51804949395647,69.48788186970833,69.84747217944204,15182700
2025-06-23,68.73955535888672,70.28480682363369,68.15643432381273,69.76972300205136,8671300
2025-06-24,69.39069366455078,69.5947830459102,68.69095440578053,69.02138271426014,9001300
2025-06-25,68.36051940917969,69.12828846989665,68.16615068620717,68.65207990832995,12839000
2025-06-26,68.99223327636719,69.19632267289829,68.31193528793017,68.41884031678342,8010800
2025-06-27,68.8950424194336,69.79887104162043,68.37023798577434,69.49759730578857,14275000
2025-06-30,67.4664077758789,67.71909303384786,65.3088809598395,65.92115649204538,20894500
2025-07-01,71.00397491455078,71.09144602937255,65.6393196138391,67.61219105126513,23841100
2025-07-02,70.96510314941406,71.67456310430067,70.5374904589856,70.74157985060432,11240100
2025-07-03,71.80089569091797,72.93797565041244,70.43057920698114,70.94566297096772,8560900
2025-07-07,72.64641571044922,72.75332072808136,71.43159270525776,71.62596142021192,11368300
2025-07-08,70.42086791992188,71.33441730726734,69.2546406543383,70.8096128133471,19550700
2025-07-09,71.57737731933594,71.81062127446106,70.63467342339524,70.8193289041606,8818700
2025-07-10,72.53951263427734,72.73388135443362,70.94566540198345,71.23722589690925,6955100
2025-07-11,72.30625915527344,72.34513437711819,71.41215129691543,71.77173412327113,8094100
2025-07-14,72.92826080322266,73.69602988770359,72.08274126126959,72.30627197282904,10420500
2025-07-15,72.59782409667969,73.41418905985009,72.10218161997113,73.21981291876588,8880100
2025-07-16,72.66585540771484,73.1906598775487,72.17021292067047,72.94769525714553,8906300
2025-07-17,73.06431579589844,73.34615562546985,72.27711285396222,72.41317243862548,7174600
2025-07-18,73.81263732910156,74.20138214473214,72.86022031623183,73.13233946276604,7986300
2025-07-21,74.02645111083984,74.93027970187464,73.82236174056631,74.19166525610541,8349900
2025-07-22,75.35790252685547,75.41621165916104,74.2013886381865,74.2013886381865,9032600
2025-07-23,70.7707290649414,76.25200989993178,70.04183525800448,75.31902671681546,21219500
2025-07-24,69.94464874267578,70.91650712194944,69.34209387823735,70.87763189701558,11166100
2025-07-25,69.82803344726562,70.67355303220235,69.07970564645586,70.07099807819883,8074800
2025-07-28,69.33238220214844,70.2653728920725,68.9727993006261,69.8766280070528,8157200
2025-07-29,69.92520904541016,70.2459240975382,69.05054241552088,69.62393531354567,7588500
2025-07-30,68.99223327636719,69.98353310488051,68.93392413869886,69.87662807602727,6940300
2025-07-31,69.06026458740234,69.21576551084546,67.72882315020831,68.42856247631806,8845200
2025-08-01,68.41883087158203,69.76971341548366,68.36051432727231,69.41984380838919,6628500
2025-08-04,68.54517364501953,69.20603767172673,68.20502467863157,68.51601907857076,6543600
2025-08-05,69.17688751220703,69.91550203962548,68.67152436062084,68.86589309245586,7178900
2025-08-06,68.55490112304688,69.49760507699452,68.50630523100524,69.4295752769515,7720200
2025-08-07,70.53749084472656,70.6152413032994,68.68123757343237,68.68123757343237,7418600
2025-08-08,70.37227630615234,70.94566925201381,70.1973414826419,70.61524092687841,5575700
2025-08-11,70.41114044189453,70.9650994516206,69.11857436232796,70.75129682489292,8420000
2025-08-12,69.8377456665039,70.73185362073062,69.13800642765126,70.64438992321965,8671100
2025-08-13,70.26536560058594,70.2750788460518,69.19631542404487,69.87662075590656,8122300
2025-08-14,70.20704650878906,70.46945242067716,69.34209315345156,69.77943386836807,6781000
2025-08-15,73.28784942626953,74.53182705851108,69.75999850001558,70.20705249818418,23398400
2025-08-18,73.58912658691406,75.13437803825413,73.19066104405013,73.9681508076085,12568400
2025-08-19,74.35688781738281,74.4249176083901,73.32671287752662,73.66686924725421,8047300
2025-08-20,74.03617095947266,75.0857797791129,73.69602201274414,74.56097536929278,11011600
2025-08-21,73.93899536132812,75.24128217293345,73.45306611854552,74.31801957752322,8637100
2025-08-22,74.17223358154297,74.92056129505053,73.30728018950421,74.49294863648531,13128900
2025-08-25,73.20037841796875,74.055611187724,72.99628903250529,73.67658698405019,6337700
2025-08-26,72.73388671875,73.6182815144777,72.33542858863488,73.31700775160833,7162700
2025-08-27,71.81061553955078,72.89909960102597,71.33440700658272,72.80191524537611,10119000
2025-08-28,70.6030502319336,71.96438662219013,70.41697429993609,71.74892320111314,10917200
2025-08-29,70.56388092041016,71.32779124170233,70.33862167263057,70.90666023483246,11280500
2025-09-02,71.15149688720703,71.16129271583635,70.01541987109955,70.77933011957214,8661500
2025-09-03,70.15254211425781,71.13191590741972,69.88811447779688,70.63244065276807,7722300
2025-09-04,69.40821075439453,71.00458705621111,68.71285638469428,70.56387191846639,14596800
2025-09-05,69.4375991821289,70.25048117401677,68.81080059060851,69.78037849436215,10067600
2025-09-08,68.3309097290039,69.37883944198836,67.81184278781012,69.36905108342091,12596500
2025-09-09,68.62471771240234,68.86956114757889,68.10565082535264,68.22317836416771,7294500
2025-09-10,69.57471466064453,69.85873395525479,68.18400567768035,68.556165026465,9254400
2025-09-11,69.84893035888672,69.96645789008063,69.05564007140528,69.50615106627302,7418300
2025-09-12,70.16233825683594,70.99480449032527,69.34945621160428,69.68244718821747,9345600
2025-09-15,70.02522277832031,70.71078141111477,69.82935101810152,70.1035744712193,10399100
2025-09-16,68.38966369628906,70.06439173927242,68.33089619637578,69.81954832704629,7930200
2025-09-17,68.8597640991211,69.54533018869746,68.65409651385674,68.83038408294455,10799600
2025-09-18,69.32986450195312,69.62367212611845,67.93915565363037,68.556158389203,8488500
2025-09-19,69.6138916015625,69.92729091915078,68.91853709916441,69.51595571582162,14819300
2025-09-22,70.85768127441406,71.04376465683929,69.7999559511989,69.92727930634369,9856700
2025-09-23,70.82830810546875,71.12212321432037,70.24068535979414,70.61284468858139,7795900
2025-09-24,72.30716705322266,72.356131258384,70.56388294246682,70.70099467216478,11281800
2025-09-25,73.1102523803711,73.36489164910112,72.0721111180235,72.53241797887166,12916500
2025-09-26,74.28548431396484,74.29528014190159,73.09064735461433,73.18859068992693,8271500
2025-09-29,74.63807678222656,74.71642847991338,73.71746301447945,74.11900986110248,10366000
2025-09-30,73.93291473388672,75.11795595354388,73.57055126554562,74.88290836975128,9392700
2025-10-01,77.04732513427734,77.07670514897055,74.64786262197596,74.7555943238698,15044800
2025-10-02,76.56743621826172,77.2627906491031,75.94063764758701,77.01794722393241,9266600
2025-10-03,78.40865325927734,79.68184201308263,76.04836661116605,76.83186106025323,12116600
2025-10-06,80.4163818359375,80.67102111141978,78.496810119905,78.496810119905,15767600
2025-10-07,81.49368286132812,82.86480750512878,80.7101884020336,81.41533117379021,16109700
2025-10-08,82.30656433105469,82.6493436220137,81.1606989275511,81.97357339696012,13775600
2025-10-09,81.98336791992188,83.07047327680952,81.7287286769679,82.71789816257417,7486100
2025-10-10,81.63079833984375,83.08027473797048,81.4838907869481,82.16945687645165,10285600
2025-10-13,82.56121063232422,83.27614928997818,81.29781759024623,81.4153376588859,8424300
2025-10-14,82.89419555664062,83.09006732244721,81.70915418784425,82.43388868776333,8912900
2025-10-15,84.02046966552734,84.70602825893097,83.0802718208474,83.31531941401032,9268600
2025-10-16,83.29573822021484,84.95087473289884,83.2271823584117,84.44160368407958,8333700
2025-10-17,82.78645324707031,84.04984614928503,82.43387813612537,83.68747520969497,9142200
2025-10-20,83.0215072631836,83.57974998676322,82.57099624696394,83.43284990584374,5225700
2025-10-21,82.25759887695312,83.35450016297128,81.31740097694987,83.24676845309321,7282200
2025-10-22,81.13131713867188,82.4828576836968,80.76895363650729,82.3359501281034,9208900
2025-10-23,81.53286743164062,82.1596660549744,80.86689296034486,82.1596660549744,5630800
2025-10-24,82.66893768310547,83.03130117035595,81.6405923083048,81.85605571803663,6249800
2025-10-27,84.25552368164062,85.48953671586645,82.06172854348381,82.25760030737986,18741000
2025-10-28,81.84626770019531,85.72458702942646,81.199884881338,85.71479119931419,13998100
2025-10-29,80.07359313964844,82.06172048896721,79.37823873243038,81.58182948410393,11681500
2025-10-30,79.9560775756836,80.87669135187551,79.76020580169899,80.13236516108142,7620100
2025-10-31,79.72102355957031,80.33802632296991,79.19216084578697,79.6622560544642,9407300
2025-11-03,80.09318542480469,80.40658473118772,78.93752408151184,79.62309020124457,8508200
2025-11-04,80.00503540039062,80.51430640777555,79.13339345465532,80.09317544181135,6474500
2025-11-05,80.44575500488281,80.92564602502674,79.43700129085384,79.74060474636943,7291000
2025-11-06,80.30864715576172,81.25864088471423,80.29885132613566,80.4261746951883,6212700
2025-11-07,82.19883728027344,82.26739314234425,79.93648635990812,80.22050563763821,9167100
2025-11-10,83.0215072631836,83.70707335293149,81.96378932042066,82.44368035282422,11701700
2025-11-11,83.99109649658203,84.05965236151046,82.80605513308859,82.94316686294543,11733900
2025-11-12,84.118408203125,84.48077916941256,83.25656201955682,83.66789718862151,7604800
2025-11-13,82.25759887695312,84.15758633622585,82.19883884321189,84.01067877984406,11859300
2025-11-14,82.14985656738281,82.74727507343022,80.82770367459985,81.7874931100289,8352100
2025-11-17,83.98129272460938,84.00087691043875,81.96378534291559,81.96378534291559,11607900
2025-11-18,82.89419555664062,84.90191478028827,82.87461136887153,84.34367202850768,11061200
2025-11-19,82.53181457519531,83.579744086606,82.18903529053351,83.36428815912429,11138700
2025-11-20,82.56121063232422,84.70603407731491,82.46326727908611,83.04110168067005,10967000
2025-11-21,82.3117446899414,83.4850861514871,80.49749060880431,83.00194554967416,13930100
2025-11-24,83.05125427246094,83.6034149963973,81.84832624734901,82.59768508051245,13291500
2025-11-25,83.64285278320312,84.14571019844256,83.0019476698657,83.5048126077305,7916800
2025-11-26,84.3429183959961,84.490820737837,83.50481515573178,84.05697587447051,6550600
2025-11-28,85.0824203491211,85.25990165014609,83.95837461683792,84.24431713085738,4123300
2025-12-01,83.46537017822266,84.47109251560566,83.20900663237003,84.39221026724712,7986600
2025-12-02,83.39635467529297,84.08655557980269,83.07097102489881,83.72173832568713,7087000
2025-12-03,83.76116943359375,84.76689931891258,83.31746994000484,83.47523444069229,9615100
2025-12-04,82.2229995727539,83.62312560336994,81.5820944813064,83.33718310033566,12489600
2025-12-05,81.96663665771484,83.02166226949443,81.89761657180871,82.34132357202685,8194600
2025-12-08,79.42274475097656,81.9962196662121,79.2847045850166,81.97649534386076,18136600
2025-12-09,78.52548217773438,80.00449051737924,78.38744200117755,79.66925223791993,13760400
2025-12-10,80.1326675415039,80.77357265195303,78.525481207101,78.9297470924671,13341100
2025-12-11,80.07351684570312,81.25672812320069,79.93547665838898,80.11295797388232,9494100
2025-12-12,80.50735473632812,81.11867336341211,80.19183326094193,80.69469067561579,7783100
2025-12-15,80.50735473632812,81.08909440050486,79.40302581116377,80.86231733646576,9489800
2025-12-16,80.18196868896484,80.70455041161918,79.0677851580721,80.497490154867,6616600
2025-12-17,79.1663818359375,80.17210412757535,78.53533892302259,79.8368658712377,10212000
2025-12-18,79.71854400634766,80.04392763018939,78.88044082708488,79.27484453574532,9201300
2025-12-19,78.4268798828125,80.0044872086641,78.41701772128762,79.44246436374743,30492300
2025-12-22,78.91988372802734,79.05792390077434,77.61835672596618,77.91415387215609,7136200
2025-12-23,78.67338562011719,79.57064678032629,78.63394449445819,78.91002485144561,7875000
2025-12-24,79.32414245605469,79.34386677946817,78.57478366409777,79.01848314677292,3011300
2025-12-26,79.28471374511719,79.51149081998415,78.92975112803127,79.35373383607136,3636400
2025-12-29,79.14665985107422,80.11294857149157,79.0973640886053,79.29456218373123,5854600
2025-12-30,79.40302276611328,79.54106293613691,79.0283433792813,79.07763914136113,4075900
2025-12-31,79.15652465820312,79.5607905461354,79.08750457033973,79.5607905461354,5036200
2026-01-02,79.79743194580078,79.88616883720222,78.4761805559166,79.32414595711637,8852900
2026-01-05,80.18196868896484,80.20168548943523,78.14093756083602,80.02421171732632,8301900
2026-01-06,79.91575622558594,80.44819262525499,79.37345014103789,80.1129543348985,7254500
2026-01-07,77.27326202392578,79.65939378419917,77.26339986153394,79.54107040337436,9859900
2026-01-08,78.37757873535156,78.84100254553336,77.28311197761913,77.35213206492544,8696700
2026-01-09,78.77198028564453,79.78756476626633,78.75226348522595,79.07763958919573,5842200
2026-01-12,79.98477172851562,80.0143506909534,78.40715685399786,78.73254048606404,11088100
2026-01-13,80.49749755859375,80.78344008877721,79.29456950838258,80.02421907752347,8543000
2026-01-14,80.8327407836914,81.47363839279183,79.80729407745493,79.80729407745493,10282400
2026-01-15,81.03980255126953,81.51308102589849,80.39889740769318,80.83274227829115,7419300
2026-01-16,82.45964050292969,82.87376854642707,80.99049435643083,81.8384597216215,12874900
2026-01-20,82.34132385253906,82.75544436938667,81.36517296230878,81.84832108792283,10054800
2026-01-21,82.67656707763672,83.20901099805445,82.03566194069172,82.86391054666119,8296600
2026-01-22,83.8794937133789,84.31333857232103,82.49908440798396,83.3963530894096,9802300
2026-01-23,83.62313079833984,84.05697566060249,83.02166679297592,84.05697566060249,13301700
2026-01-26,84.27389526367188,85.07255734910338,83.65270695489153,84.07668964079505,10990600
2026-01-27,85.93038940429688,87.71505713014427,82.62727215421232,83.3174730640357,15472300
2026-01-28,86.3445053100586,87.37981414178215,85.84164037556785,86.49240764639414,8200000
2026-01-29,86.94596862792969,87.94183632748651,86.41352473477926,87.34037234759207,11202400
2026-01-30,86.66989135742188,87.05443292902059,84.95424376701025,86.66989135742188,10205300
2026-02-02,85.12186431884766,87.50799603921932,85.11200215662073,86.90653202801293,9423100
2026-02-03,87.57701110839844,87.6460311947784,85.46695987035359,85.46695987035359,9600200
2026-02-04,88.7109146118164,89.42083976401815,87.71504696649869,88.47427540195744,12182700
2026-02-05,87.96155548095703,89.2236413995329,86.85722654089041,88.7405007794024,9799400
2026-02-06,88.2179183959961,89.7166435328098,87.15303058891443,89.26308187926584,8225200
2026-02-09,88.22777557373047,88.52357271057046,87.5079882477657,88.08972788272183,6528800
2026-02-10,89.55888366699219,90.67306720241825,88.02070993216375,88.47427909370462,7213700
2026-02-11,90.08147430419922,90.30825138478122,89.19406773912073,90.08147430419922,7305000
2026-02-12,90.64349365234375,92.28025901027698,89.95329275248496,90.10118757200783,9181600
2026-02-13,92.4873275756836,93.61137334920363,89.8053911607496,90.23922850601785,10402800
2026-02-17,91.4125747680664,94.22268911578732,90.988592075419,93.58179151846315,9455400
2026-02-18,89.94342803955078,91.7083788878514,89.3222397246689,91.69851672595436,9064800
2026-02-19,90.35755157470703,90.8899954954854,89.75608756360327,89.78566652765335,8483500
2026-02-20,90.8899917602539,91.15620994838972,90.03216422492682,90.89985392207386,7175600
2026-02-23,92.74368286132812,92.87186840178039,91.29425344864153,91.63936142128166,8433600
2026-02-24,94.34101104736328,94.49876802313399,92.60563917813347,93.07892515069626,11597600
2026-02-25,93.77899169921875,94.56779917549565,92.4971814309252,94.36073138293811,9025500
2026-02-26,90.70264434814453,93.67052302615019,90.56460417917916,93.29584364219059,20015700
2026-02-27,93.08817291259766,93.45548528206558,89.99086401473404,90.2390462058536,25138500
2026-03-02,92.03588104248047,92.96904848645897,91.08286235612591,92.7208663002025,10147800
2026-03-03,91.91675567626953,92.42304948342338,89.67319404833219,90.68577408872024,11307700
2026-03-04,91.92668151855469,92.42304589778438,90.96373341102199,91.88697145934599,9384300
2026-03-05,90.46736907958984,91.70828002831969,89.24631694743452,91.6288674837797,12086800
2026-03-06,90.35816955566406,90.96373471290475,89.35551894849199,89.89159339460272,9745100
2026-03-09,91.34097290039062,91.51966437539765,88.99813248315141,89.61361945068293,9563600
2026-03-10,90.8743896484375,91.4700253768669,90.39787652134245,91.04315171627398,7485900
2026-03-11,90.99352264404297,91.78770111525807,90.43758938288101,90.87439246509696,9734300
2026-03-12,91.0630111694336,92.05573991506652,90.14969496727265,90.53685857215596,8730000
2026-03-13,92.10537719726562,93.21723618404253,91.63879344769032,92.05574530143147,7504400
2026-03-16,92.14508056640625,93.75330383824844,91.5692960843236,93.21722941430104,8466100
2026-03-17,91.85719299316406,93.02861325896413,91.59908138912824,92.89956124390599,5496600
2026-03-18,90.2986068725586,91.8571907188635,89.95115332222042,91.58915728686532,7053700
2026-03-19,91.73806762695312,91.7876995202119,89.64340935388229,89.99086290237096,10538400
2026-03-20,88.84922790527344,93.5249796604683,88.52162558240713,92.06566710762716,21860800
2026-03-23,89.57392120361328,90.74534146764603,89.49450108342675,90.37802909222304,10284300
2026-03-24,90.95381164550781,91.82741022700237,89.39522779650358,89.63348057801674,8808000
2026-03-25,90.49716186523438,91.8969055475064,90.40781233398481,91.73807287650237,8639900
2026-03-26,90.49716186523438,91.33105042932499,89.9114479294776,91.03322875705277,6537800
2026-03-27,90.73541259765625,91.54944989960052,90.04049790277924,90.55672111313582,7749600
2026-03-30,91.38068389892578,92.3039219336425,90.83468006025274,92.03588093141418,9362100
2026-03-31,92.20464324951172,92.31384401754168,90.69569888733652,91.58915627398203,13914200
2026-04-01,92.17486572265625,93.18745331980982,91.56930056084782,92.0557431163461,7759400
2026-04-02,92.47268676757812,93.59446755503751,92.0656643349562,92.36348599657806,10419000
2026-04-06,92.05574035644531,92.97897839726735,91.85719006201518,92.25428307695614,4790100
2026-04-07,92.98889923095703,92.98889923095703,91.48988428721577,92.19472078354003,6125400
2026-04-08,93.48526763916016,93.65402971446049,91.3508992417986,92.4031969016138,6935100
2026-04-09,93.79301452636719,95.51043100221786,93.28672074914081,93.3165013994625,7349000
2026-04-10,93.39592742919922,94.13054462134694,93.23708718553502,93.66396087298295,5323100
2026-04-13,91.62886810302734,93.35621403463566,91.26155573310996,93.16759314549978,6111500
2026-04-14,90.64606475830078,91.20199803935027,89.92137697206657,91.0233065514986,9370600
2026-04-15,90.57656860351562,90.62620807035,89.3257358376175,89.51434914896574,9144800
2026-04-16,91.16228485107422,91.19206550237463,89.911444479021,90.13977542885654,7734300
2026-04-17,91.31119537353516,91.35089785918882,89.80224340543516,90.39787915119277,8148800
2026-04-20,91.34097290039062,92.40319234239932,90.90416983394695,91.41046360878674,7734800
2026-04-21,89.94122314453125,91.91675123434199,89.90151308570098,91.82740928241333,8625800
2026-04-22,89.34558868408203,91.5097376907199,89.24631732255025,90.69570040788837,9477100
2026-04-23,95.55014038085938,95.99686528034509,91.64871616416985,91.92667899708711,17524900
2026-04-24,94.58719635009766,96.92010745360221,94.44821492768764,96.53294383775726,9761900
2026-04-27,94.14047241210938,96.19542069219955,94.08090353479923,95.16298184788532,7773800
2026-04-28,95.80825805664062,95.91745882992498,94.45814629050653,95.17291223421513,7245100
2026-04-29,93.48526763916016,96.29469191164259,92.97898141325916,95.87774764069368,9091700
2026-04-30,97.16828918457031,97.31720001470643,93.75330736942416,93.90221062564086,17551200
2026-05-01,96.24504852294922,98.03196328840686,95.97701509509018,97.28741673178604,7106200
2026-05-04,94.8155288696289,96.12593056969368,94.28938382266708,95.37145456846862,6806600
2026-05-05,95.57992553710938,96.35425277214735,94.60705557603279,95.23247197958203,7187400
2026-05-06,94.69639587402344,96.00679753514588,94.32908350596601,95.4310130362189,8242900
2026-05-07,92.64144897460938,94.16032278844317,92.04581322442822,93.63417774955114,9681800
2026-05-08,92.42304992675781,93.68381974635648,91.9068342823802,93.19737718028408,6230100
2026-05-11,94.150390625,95.10341688610613,93.31650211393122,93.31650211393122,7233800
2026-05-12,93.90221405029297,94.38865661807304,92.91941465382254,94.01141482478077,6922400
2026-05-13,94.16032409667969,94.70632796005148,92.6414502617431,93.41577750512884,6775700
2026-05-14,94.98429107666016,95.02400113719176,93.52497854128218,94.09083364949818,5438200
2026-05-15,92.68115997314453,94.38865469516486,92.02595533956575,93.97171042320721,11418400
2026-05-18,88.39257049560547,90.93395372044678,86.00009052697014,90.45744815274875,39950600
2026-05-19,89.4051513671875,89.61362350180013,86.72478669483134,88.30322181714963,25749400
2026-05-20,87.62816619873047,90.03057560581719,87.44947471512765,89.36544156612253,15748800
2026-05-21,89.03784942626953,89.1966820974914,87.81678965698246,88.32308347097171,12490600
2026-05-22,87.90613555908203,89.18674900654646,87.31049223831228,89.05769699313672,10755400
2026-05-26,87.01268005371094,88.84922680244115,86.89354987216923,88.48191442312726,11759500
2026-05-27,87.01268005371094,87.44947557152464,86.2979141122999,86.89354987216923,10856200
2026-05-28,86.61558532714844,87.81678623198411,86.39718378555659,87.07223965324071,12968200
2026-05-29,86.37733459472656,86.57587732420716,85.06693288796356,86.38725642945684,25347000
2026-06-01,83.05168914794922,85.57321345590623,82.96233962385358,85.26546997340608,14192200
2026-06-02,85.05699920654297,85.13641932391346,83.49841537926363,83.6771068563876,11709800
2026-06-03,83.96500396728516,85.67249872010565,83.90543508884558,85.03715289216123,11903000
2026-06-04,85.05699920654297,85.28533015050331,83.65724804008535,84.42165341541758,9488900
2026-06-05,85.83999633789062,86.0999984741211,84.61000061035156,85.08000183105469,11843200
2026-06-08,84.01000213623047,86.13999938964844,83.9800033569336,85.70999908447266,9541700
2026-06-09,84.83000183105469,85.05999755859375,83.37999725341797,84.11000061035156,12217300
2026-06-10,85.12000274658203,85.33000183105469,84.51000213623047,85.29000091552734,9142900
2026-06-11,84.83999633789062,85.87999725341797,84.7300033569336,85.2699966430664,8639100
2026-06-12,85.98999786376953,86.0199966430664,84.87999725341797,85.19000244140625,9973600
2026-06-15,86.12000274658203,86.66000366210938,85.06999969482422,85.52999877929688,10284300
2026-06-16,86.2300033569336,87.38999938964844,85.87000274658203,86.25,10342600
2026-06-17,85.7300033569336,86.91000366210938,85.27999877929688,86.26000213623047,9603400
2026-06-18,86.75,87.58000183105469,85.66999816894531,85.7699966430664,19306600
2026-06-22,86.08000183105469,87.4000015258789,86.0199966430664,86.88999938964844,11538900
2026-06-23,86.43000030517578,86.83000183105469,85.66000366210938,86.0,12881700
2026-06-24,87.62000274658203,87.68000030517578,86.37000274658203,86.73999786376953,14080300
2026-06-25,87.69999694824219,88.4800033569336,86.83999633789062,87.69000244140625,13477200
2026-06-26,88.55999755859375,88.55999755859375,87.6500015258789,87.93000030517578,15654200
2026-06-29,88.66000366210938,89.19000244140625,86.94999694824219,89.0,11131300
2026-06-30,87.7699966430664,88.88999938964844,87.43000030517578,88.27999877929688,15742700
2026-07-01,86.37000274658203,88.05000305175781,86.31999969482422,88.05000305175781,9709200
2026-07-02,88.33999633789062,88.37000274658203,86.3499984741211,86.69000244140625,14281800
2026-07-06,87.44000244140625,88.5199966430664,87.16000366210938,88.18000030517578,10274100
2026-07-07,88.47000122070312,89.25,88.01000213623047,88.11000061035156,13106300
2026-07-08,87.44000244140625,88.52999877929688,87.33999633789062,88.1500015258789,13581300
2026-07-09,87.0999984741211,88.38999938964844,86.83999633789062,88.2699966430664,9389300
2026-07-10,87.95999908447266,87.97000122070312,87.06999969482422,87.12999725341797,11223100
2026-07-13,88.37999725341797,88.7300033569336,87.68000030517578,87.75,6741200
2026-07-14,89.54000091552734,89.86000061035156,88.80000305175781,89.23999786376953,10677700
2026-07-15,89.0999984741211,89.9800033569336,88.44999694824219,89.87999725341797,10258000
2026-07-16,89.3499984741211,89.98999786376953,88.7300033569336,89.19999694824219,8336600
2026-07-17,88.80000305175781,90.72000122070312,88.41999816894531,90.2300033569336,9450700
2026-07-20,88.0,89.41999816894531,87.69999694824219,88.9800033569336,8418000
2026-07-21,87.93000030517578,88.08999633789062,87.44999694824219,87.68000030517578,7096900
2026-07-22,89.41000366210938,89.73999786376953,88.33999633789062,88.58999633789062,8708200
2026-07-23,89.79000091552734,90.48999786376953,88.5999984741211,88.80999755859375,9883000
2026-07-24,89.77999877929688,90.91000366210938,88.43000030517578,90.91000366210938,11653100
2026-07-27,88.83000183105469,90.16000366210938,88.29000091552734,89.66000366210938,10180900
2026-07-28,89.27999877929688,90.98999786376953,89.11000061035156,89.38999938964844,13254700
2026-07-29,88.45999908447266,90.5199966430664,88.0,90.0199966430664,10402300
2026-07-30,87.93000030517578,89.22000122070312,86.86000061035156,88.9000015258789,11687700
2026-07-31,86.91999816894531,88.11000061035156,86.91999816894531,87.81999969482422,13184200
2026-08-03,86.55000305175781,87.37999725341797,85.70999908447266,86.75,11862300
2026-08-04,87.19999694824219,87.30999755859375,85.4800033569336,86.12999725341797,11420100
2026-08-05,85.91000366210938,87.02999877929688,84.97000122070312,86.9000015258789,11841100
2026-08-06,84.5999984741211,86.87999725341797,83.94000244140625,86.70999908447266,18596400
2026-08-07,84.6500015258789,85.37000274658203,83.48999786376953,83.88999938964844,9327400
2026-08-10,84.69999694824219,84.76000213623047,83.6500015258789,84.18000030517578,10046700
2026-08-11,85.73999786376953,85.79000091552734,84.37999725341797,84.48999786376953,6668700
2026-08-12,85.77999877929688,86.0999984741211,85.26000213623047,85.48999786376953,7473300
2026-08-13,86.01000213623047,86.23999786376953,85.45999908447266,85.75,8871100
2026-08-14,86.19000244140625,86.52999877929688,85.83709716796875,86.0199966430664,7236659
