Date,Close,High,Low,Open,Volume
2021-08-16,127.20426940917969,127.24824480805913,126.09616182221909,126.35119766466761,6040800
2021-08-17,127.41535949707031,128.04856774722478,126.54469479825556,126.99321171736108,7577000
2021-08-18,126.02581787109375,127.41535742975358,125.92027421817421,127.25704866007885,7162000
2021-08-19,127.51211547851562,127.76715138436022,125.90271209920242,125.90271209920242,5787200
2021-08-20,127.60004425048828,128.3827581823129,127.3274155152722,127.74076018460306,5273800
2021-08-23,126.94922637939453,127.81987749863963,126.84368274417778,126.89644785208272,4522200
2021-08-24,125.92027282714844,126.77334465702474,125.74438463343775,126.65022157948636,4560400
2021-08-25,125.47177124023438,125.87632621263276,125.10240196251966,125.82356109001789,3861500
2021-08-26,125.25186920166016,125.50691844195595,124.41639037120787,125.3749922564699,4749400
2021-08-27,125.15514373779297,125.55969863472276,124.56591094616226,125.30464936378212,4741200
2021-08-30,125.70038604736328,125.7531645732107,124.92647545388597,125.41017796193836,3845800
2021-08-31,125.22550201416016,126.22807941760482,124.92649076141888,125.79714196318956,9642400
2021-09-01,126.50069427490234,126.8085086257257,125.08477241604702,125.17272320754132,6214200
2021-09-02,126.59745025634766,127.28342357177296,126.27205644296622,126.61504310067886,5392500
2021-09-03,126.68540954589844,126.96682797700969,126.21929978545694,126.43036025393808,5466400
2021-09-07,126.2104721069336,127.08113662831467,126.01699110218225,126.9228413077399,6520600
2021-09-08,127.16911315917969,127.46812443816931,125.77077044736944,125.83233869743697,6897800
2021-09-09,126.63263702392578,127.41535086072896,126.33361234538093,127.14272215860998,6354700
2021-09-10,126.7557373046875,127.04595879910322,126.04338155448805,126.6941690697784,5750000
2021-09-13,128.11892700195312,129.48208418087285,127.38899156530493,127.38899156530493,9952500
2021-09-14,127.89903259277344,128.71693207104906,127.47689828559669,128.51466133919047,5831800
2021-09-15,127.62643432617188,128.19808780989703,127.292250737233,127.82871852565245,6237100
2021-09-16,126.73815155029297,127.68796374347237,125.60366148087154,127.3801493905266,6142100
2021-09-17,126.94043731689453,128.64658089841066,126.84369680187842,126.9668198737709,18737400
2021-09-20,125.66522216796875,127.3889584700257,124.85612583660568,126.8348979766132,10238700
2021-09-21,125.85873413085938,127.10755791151324,125.65646335313514,125.74440075155795,6651300
2021-09-22,126.28965759277344,126.94924839478429,125.63885650380209,126.48313863491603,6332500
2021-09-23,126.80852508544922,127.24825226118382,126.19290972330248,126.69419172554753,5171200
2021-09-24,126.24569702148438,127.03720070912821,125.84114204417945,126.46556064798663,5009400
2021-09-27,124.58351135253906,125.91148264239852,124.4603882754621,125.89388979727069,5749700
2021-09-28,123.64250946044922,124.32848292200738,122.73667236584264,124.04706444979924,7015300
2021-09-29,124.90011596679688,125.48054566424501,123.28190969379433,123.3610707874814,5460000
2021-09-30,122.94772338867188,125.53332137892522,122.71026695176468,125.44537057431998,6934900
2021-10-01,122.75424194335938,123.3258819131548,121.64613427384772,123.0620429196305,5587200
2021-10-04,122.05945587158203,123.47537782531602,121.01291653135048,122.58713381709327,5816000
2021-10-05,122.53439331054688,123.58094628032717,121.99792554534059,122.0682835134967,6902700
2021-10-06,124.17015075683594,124.23170557775744,121.90994683746248,122.23535404315801,5332900
2021-10-07,125.16394805908203,125.78835312535881,124.66265264417046,124.66265264417046,5334600
2021-10-08,124.64507293701172,125.42778684501103,124.03824723159694,125.13756527201222,6131800
2021-10-11,125.16394805908203,125.55969982803902,124.6802454883976,125.2079100405375,5995600
2021-10-12,124.97924041748047,125.79712640519254,124.61866096467112,125.41017781859941,6734800
2021-10-13,125.26948547363281,125.55090390037364,124.02945156292688,125.23429978315956,5689800
2021-10-14,126.68540954589844,126.91406285988941,125.59488125424537,125.6124740997552,6777800
2021-10-15,127.01078796386719,127.4065397136402,126.35998695309299,127.09873876133123,6923700
2021-10-18,125.18152618408203,126.37758461035145,124.97046573318092,126.24567182853825,9119000
2021-10-19,123.70405578613281,123.84477170699337,122.06827010950303,122.3145162613046,9555300
2021-10-20,124.187744140625,124.8473348472114,122.99168578923872,123.25551133634745,7352700
2021-10-21,123.29399108886719,124.91337116843005,123.16124704802552,124.6478965893447,6545500
2021-10-22,124.62136840820312,124.78064507700714,123.28516462148082,123.3471010473713,5265000
2021-10-25,124.6390609741211,124.70099739536899,123.04622689247567,124.24970003165234,5382100
2021-10-26,126.40885925292969,126.70086642399453,124.98415969496409,125.32041487766213,6234900
2021-10-27,125.50626373291016,127.14333230700703,125.38237738945095,126.66548884012113,9643500
2021-10-28,126.2584457397461,126.43543783173565,125.40009890608081,125.55937558575039,4538500
2021-10-29,126.53276062011719,126.96635607889442,125.6744004023024,125.7982867480386,6239500
2021-11-01,126.22305297851562,127.24954768073259,126.09032241469473,126.86018669005715,5038900
2021-11-02,127.4795913696289,127.93974639730631,125.90445933527697,126.29382024311187,9954300
2021-11-03,128.35568237304688,128.4087745992585,127.00177659424794,127.54157006506718,7620100
2021-11-04,128.59458923339844,128.65652565267928,125.95755875319136,126.4000119005632,6402500
2021-11-05,129.23171997070312,129.52374069229492,128.13444471664863,128.70078425175407,6062700
2021-11-08,128.26718139648438,129.2848318692867,127.44422491664098,128.75388262238113,5854400
2021-11-09,128.65652465820312,129.04588558529645,127.93975272541694,128.3379578544539,4873100
2021-11-10,129.9219512939453,130.3555467454453,128.8335068076033,128.96625085604924,7334900
2021-11-11,129.55026245117188,130.05466546708897,129.3821416151299,129.95732524485567,4096300
2021-11-12,129.69183349609375,130.1519884404489,129.17858634711982,129.85112361254545,5687400
2021-11-15,130.43521118164062,130.74493385407837,129.61225462746265,130.10780010128184,5510200
2021-11-16,130.2493438720703,131.4882071332798,130.0900537370023,130.42632240901497,7603900
2021-11-17,130.1697235107422,130.77145331987276,129.56798019901288,130.05468136969128,4900200
2021-11-18,130.18739318847656,131.03690906442702,129.64759987729687,130.11659907359763,5509300
2021-11-19,129.9219512939453,131.1696589327052,129.89539168217712,130.92188624539125,6274300
2021-11-22,130.78915405273438,131.79794669626727,129.93079386013375,130.05468020223083,6625400
2021-11-23,132.24038696289062,132.29347917538826,130.674099181224,130.81568741628254,7912800
2021-11-24,131.55018615722656,131.7448666417239,130.682968179884,131.64752639947523,5665200
2021-11-26,130.49713134765625,132.48817049529143,130.35554310097857,131.4793778672602,6299800
2021-11-29,131.86871337890625,132.43505275386642,129.89536301548623,130.7802691327737,7113300
2021-11-30,127.93977355957031,131.4439954688531,127.53271065970382,130.79801755421775,11696400
2021-12-01,129.55026245117188,130.85107564710881,128.17866864142624,128.17866864142624,8313500
2021-12-02,130.31129455566406,131.37319289882598,130.02813156605967,130.09006798460504,9468800
2021-12-03,132.62977600097656,132.7359604485033,130.6652827061307,130.98384955131112,11200800
2021-12-06,134.63853454589844,134.8509169920296,132.90412516160532,132.90412516160532,11935100
2021-12-07,134.28453063964844,135.01900448685257,133.85977939759493,134.46150919862086,7913400
2021-12-08,134.88624572753906,135.0897838756244,132.98370279656393,134.2137218757621,8329300
2021-12-09,135.67384338378906,136.44370756090427,134.15180343407704,134.78007935945186,8334300
2021-12-10,137.56753540039062,137.8684002931528,135.77116324043263,136.14283575807787,7172300
2021-12-13,139.52320861816406,140.10725015876562,137.08087149737818,137.42598449816967,8944000
2021-12-14,140.0364227294922,140.3726914461355,138.6294249455352,139.72670012178403,8677500
2021-12-15,140.57623291015625,141.2664588301285,139.4966460091534,139.4966460091534,9152600
2021-12-16,142.56724548339844,142.75308173574552,140.1868455270827,140.46116430225408,10852900
2021-12-17,139.33737182617188,143.10706834126907,139.20462776066674,142.1690696898083,24349400
2021-12-20,139.69129943847656,140.22224858295297,138.54977633122917,138.57632243819322,9202600
2021-12-21,139.60281372070312,139.94792663931392,138.74445352523034,139.50547348711552,6946000
2021-12-22,140.98329162597656,141.21336242495545,139.16923083766665,139.61168402981053,6626300
2021-12-23,141.6735076904297,142.3991238538209,141.08946627672037,141.14255849567596,5640900
2021-12-27,143.32827758789062,143.34597949500068,142.12480445378503,142.17789667251634,4548600
2021-12-28,144.09817504882812,144.57603213298424,143.30176457870394,143.31946648990282,5929400
2021-12-29,145.29275512695312,145.9918251030011,144.31050867788488,144.42555080787403,5346100
2021-12-30,144.03623962402344,145.64676248676938,143.89465133864297,145.47862808570534,5911500
2021-12-31,144.7529754638672,144.88570600901022,143.76188471986944,144.1158418419833,5327000
2022-01-03,144.15122985839844,144.18663367160542,141.47882257300412,143.0805008043599,9317300
2022-01-04,144.6556396484375,145.46975185624558,143.51410291494423,143.6114431518886,9253800
2022-01-05,145.3104705810547,146.29271712170853,144.5936851303624,144.62908894408972,9330200
2022-01-06,144.08932495117188,146.18654900529575,143.8946444437526,145.42552888609362,7556000
2022-01-07,144.00967407226562,144.70874419525418,143.31059044667683,144.3547870321765,6098500
2022-01-10,142.04518127441406,144.34592984793227,141.73545862865186,143.80613639559834,8055000
2022-01-11,140.39923095703125,141.779682567179,138.85064499646327,141.779682567179,11957900
2022-01-12,140.70892333984375,141.01864589622016,139.66474055452238,140.0452437212626,7127500
2022-01-13,140.07179260253906,141.0982870069166,139.62049531389223,140.9744006824294,6551000
2022-01-14,141.41685485839844,142.01859808382105,139.4258159478651,139.87712674258125,10708000
2022-01-18,138.69139099121094,140.2842253805559,138.08080335007855,140.2842253805559,10988400
2022-01-19,143.3548583984375,145.2928058668327,138.90377961602752,139.4701192572506,14088300
2022-01-20,144.12887573242188,146.2018420556589,142.4562646822291,142.4562646822291,10799100
2022-01-21,144.6804656982422,147.10931376565628,144.21783960726364,145.0185500978469,10900400
2022-01-24,143.50607299804688,146.01497553703572,141.210685991863,145.40109122921274,14838100
2022-01-25,141.9402313232422,143.50608442451403,140.4722576163053,142.74984731760384,9369600
2022-01-26,140.7035675048828,141.96693116531927,139.12883605828478,139.98292538940487,10707100
2022-01-27,141.57546997070312,143.5505702441433,141.08614088034537,141.21958809794052,9083000
2022-01-28,142.79434204101562,143.1946972942537,139.9651522476609,141.11283911701085,9494200
2022-01-31,142.74986267089844,142.92779684004262,141.34415965629768,141.771217952852,8950100
2022-02-01,142.11819458007812,143.50610010751444,140.3299202019908,143.05235236357854,6284100
2022-02-02,144.6626739501953,144.87618949584984,141.8779577212392,142.47404457870007,7558800
2022-02-03,146.0327606201172,146.7800920724694,143.79075268755733,144.11103953506588,10474500
2022-02-04,143.710693359375,146.34416466757128,143.60393559536166,145.13419356523852,8959900
2022-02-07,142.63417053222656,144.36014639296963,142.0558676850137,144.0131701148431,6430500
2022-02-08,142.31390380859375,143.4793880466426,142.0380902775818,143.34592725895848,5048700
2022-02-09,141.9935760498047,142.91884146408046,141.69997869201984,142.6697310227177,8077400
2022-02-10,139.8316192626953,141.90458441327834,139.3689798258508,141.53981075008366,7033000
2022-02-11,139.04873657226562,141.08612097683283,138.4170683974198,140.5789944705027,9341400
2022-02-14,139.4490966796875,139.73378854459102,136.4419599490352,138.91528076667734,9472200
2022-02-15,139.52027893066406,141.74448936961355,138.88859719278102,140.36547618236423,6659200
2022-02-16,140.57899475097656,141.26405538220033,139.03095294015066,139.52917391722124,9315700
2022-02-17,142.1893310546875,142.68755201952058,139.99181006118908,140.90818367340063,7925500
2022-02-18,142.260498046875,143.2925349762492,141.29965105801327,141.90462979733388,8063200
2022-02-22,140.50784301757812,143.13242271306652,139.37795366633003,142.4473619617505,8179500
2022-02-23,138.75511169433594,141.10387672648747,138.43482493651985,140.83696883239082,6273000
2022-02-24,135.01846313476562,138.7729313732348,133.9508448586542,138.47044201717875,13145100
2022-02-25,140.7836151123047,141.40639125942366,135.45440253270434,135.52557888887532,8888800
2022-02-28,138.69288635253906,139.84947866905281,136.85124689262923,139.0487546458486,8669200
2022-03-01,136.39747619628906,138.2569128298251,135.53448147632204,137.2871603549765,8311900
2022-03-02,136.82455444335938,137.97225489262507,135.765841437553,136.08612835647526,6111300
2022-03-03,137.33164978027344,138.6661760426204,136.8067393752044,136.8067393752044,7451200
2022-03-04,138.02560424804688,138.21244390056526,135.72132546150567,136.228438388907,8639100
2022-03-07,135.97930908203125,137.47398536879433,134.46684888834943,137.44729593291478,8374500
2022-03-08,130.5967559814453,136.07721467686312,130.4099298756387,135.39215394605952,9517200
2022-03-09,132.3583526611328,133.87081343371034,131.5042496595736,132.41173155332277,7044100
2022-03-10,128.95083618164062,131.92237829120234,128.06115193981947,131.49533365626934,9221000
2022-03-11,127.42057800292969,130.03625184192597,127.251535825164,129.36008313086322,7086100
2022-03-14,129.04872131347656,129.92950015643416,127.5362605910236,128.51490525825494,7964600
2022-03-15,133.69285583496094,133.93306080771393,130.68571873060586,130.79247649627385,9868400
2022-03-16,133.23912048339844,135.04517858874607,131.70886234849718,134.01315508247995,6908900
2022-03-17,133.65724182128906,133.87077089770895,132.11809209166486,133.4437263203715,6003800
2022-03-18,133.5861053466797,134.22667919169027,131.88681848401896,134.22667919169027,15570300
2022-03-21,134.09320068359375,134.71597689443715,132.77647189845294,133.84409019925639,6937500
2022-03-22,135.12525939941406,136.65551752189796,133.9152881764153,136.50425924045587,7292100
2022-03-23,134.1822052001953,136.13060259611925,134.06654188620888,135.40996041775603,5531900
2022-03-24,134.4134979248047,134.8405425630463,133.59499004504812,134.24445574546831,4203100
2022-03-25,135.970458984375,136.94021165452227,134.79606914215563,134.9028404940428,5047700
2022-03-28,136.9046173095703,136.92240122028196,135.79251199239616,136.6910882014913,4234000
2022-03-29,138.310302734375,139.20887883091183,137.02915539739,138.23022084418645,5643400
2022-03-30,137.35836791992188,137.39394932113098,135.17864395107847,135.67686502104198,5779300
2022-03-31,135.9437713623047,137.31387928775158,135.58788947708706,137.10036373212682,7538600
2022-04-01,137.98110961914062,138.31030198133922,135.2853677687046,136.58431258260404,5742600
2022-04-04,137.0825653076172,137.32278388156,134.57364894211736,136.8423467336744,5992000
2022-04-05,137.56298828125,140.00962021579846,136.60212756516665,136.6644119851979,7653000
2022-04-06,139.52915954589844,139.93840663112442,136.95797303044972,137.38501759888183,8884700
2022-04-07,141.33522033691406,141.80675183611098,139.65371788729624,140.45442816787525,6889700
2022-04-08,142.43844604492188,142.82100373520316,141.38861162822485,142.08256421913325,6045400
2022-04-11,141.89572143554688,143.42597916754093,141.13059256954983,142.3049685176488,6158400
2022-04-12,141.4686737060547,142.90997127977167,141.1928737879276,141.73558166974323,7221500
2022-04-13,141.8690643310547,142.71426170023778,141.20180110661988,141.53097995317944,5247700
2022-04-14,141.07723999023438,142.61638996288391,140.9704686474145,142.33168448270357,7806500
2022-04-18,139.73377990722656,141.44197171756701,139.26224842926547,140.99712967605643,6034500
2022-04-19,141.82455444335938,142.37615427544117,139.05763617757347,139.47578881657188,7897000
2022-04-20,145.59683227539062,146.33527188364857,142.34948996574906,142.79433212189204,10196100
2022-04-21,145.4832000732422,147.53200119348296,145.32215136614195,146.56576355754672,9365700
2022-04-22,144.26646423339844,146.297382001973,143.96227775575636,146.046873884895,9394600
2022-04-25,145.42950439453125,146.09155552354713,142.9691467840942,144.66902476336665,6986800
2022-04-26,142.96018981933594,146.4046958991291,142.9244088066488,145.5458014263286,7769500
2022-04-27,142.57553100585938,144.4454000855141,142.3518620637475,143.33601086970728,6754900
2022-04-28,146.19894409179688,146.46734950400165,142.49498762803708,143.6312158187599,9306800
2022-04-29,143.64016723632812,145.7873831697096,143.32702532236308,145.35794271336653,10637000
2022-05-02,141.69874572753906,144.93746748427105,139.73940370505886,144.5796026548537,10351600
2022-05-03,139.75729370117188,142.2444909944846,138.6836719659763,141.55558689978983,10344000
2022-05-04,140.7861328125,140.95612333643726,138.80889401275286,139.41728043254594,7771000
2022-05-05,138.1916046142578,140.72352464830686,137.01062622304048,139.83780450656064,8217100
2022-05-06,139.56939697265625,139.78412403644492,137.66373353007322,138.4689497805308,7304800
2022-05-09,139.220458984375,140.24933037740766,136.66168643693598,137.74424982886467,8540800
2022-05-10,138.48683166503906,140.12408966953754,137.72636558753962,139.16679386570493,7447400
2022-05-11,136.5364227294922,139.47989899117928,136.3038120240946,137.80686024665889,7692200
2022-05-12,135.9817657470703,137.43113602521467,134.09399945749078,137.35061848791062,9600800
2022-05-13,137.4400634765625,137.5384783401852,134.57710424162886,136.509606844584,5675500
2022-05-16,138.78208923339844,139.4799351823268,136.01754461636153,137.3058797995117,5971000
2022-05-17,138.388427734375,140.24041294617754,136.94801299408522,138.7910427120138,6509100
2022-05-18,129.76376342773438,138.4600127196957,129.31642555737287,138.37949517943105,9670700
2022-05-19,126.77552795410156,128.31437105595415,125.79139299935046,128.30542921468347,9694100
2022-05-20,126.85604095458984,127.44653009737277,124.52093720964423,127.17812470050184,7786900
2022-05-23,129.77273559570312,130.29164923019388,127.11554721222069,127.79549594793092,7134500
2022-05-24,132.08096313476562,132.3583103863693,129.5669268842079,129.62954707731217,7207400
2022-05-25,129.91587829589844,131.6425960287393,128.3859766785692,131.61575684700276,8217800
2022-05-26,131.05209350585938,131.85730983172832,129.7637583058034,131.05209350585938,5702600
2022-05-27,133.05615234375,133.05615234375,131.18628367208714,131.49047009058748,6028800
2022-05-31,132.3046417236328,133.29773225796134,130.76579848752613,131.77677270595626,12416700
2022-06-01,130.30055236816406,132.5193440086699,129.46851062234916,132.41198730641406,7036000
2022-06-02,131.7052001953125,131.74992305367815,127.60758433672201,130.59579754418772,6479800
2022-06-03,130.52420043945312,131.7051785824971,129.83529652267748,130.94469899174933,4720700
2022-06-06,130.01426696777344,132.08990729639612,129.36114393940667,131.84834105779927,4751100
2022-06-07,131.463623046875,131.67833643453392,128.32330323571276,128.53803027503673,4918600
2022-06-08,129.82638549804688,131.00735026973757,129.7190287874388,130.8910517171345,4369600
2022-06-09,127.48235321044922,131.41892107072874,127.34814365623394,130.09480477615014,4625700
2022-06-10,126.99920654296875,128.07281459902464,124.76251740465769,126.05085253259159,6630800
2022-06-13,123.59944152832031,125.69299302522532,123.13421999715715,124.80725917454753,8549500
2022-06-14,119.7433853149414,123.08947714923382,118.58030424353849,123.0268433011453,9980200
2022-06-15,118.553466796875,120.69174107829625,115.86049797476444,120.28019791961295,12178100
2022-06-16,119.27816009521484,120.84384242869238,116.84464131904785,117.22934528247382,9683300
2022-06-17,118.41927337646484,120.11915170529436,117.58721789642317,118.59820578186783,17113300
2022-06-21,122.0069351196289,122.57058524512976,119.37658606951742,120.44125246138819,9017000
2022-06-22,123.91258239746094,124.97724864709221,121.38064857020079,121.38959041245228,8374500
2022-06-23,127.31233215332031,127.47336719782339,124.27042712438606,124.40463664647065,6418300
2022-06-24,129.14645385742188,129.94271475280377,128.04599282262268,129.0122442998842,19440600
2022-06-27,128.16226196289062,129.51321701732437,127.67914321248536,128.94062525863527,5618500
2022-06-28,126.07769775390625,128.91381807903977,125.77351129291426,128.42174371468934,6077300
2022-06-29,127.22285461425781,127.81334372643397,126.28344259973483,126.68605750000529,5174600
2022-06-30,128.64541625976562,129.22696367097114,126.35504859214966,126.76660543164384,7410100
2022-07-01,130.7210693359375,130.84632339003903,128.2964921402326,129.04803011650975,5937200
2022-07-05,129.4595489501953,130.71210290728126,127.52704649183333,129.3521922530637,5760900
2022-07-06,130.66738891601562,131.95572411026114,129.7011375203315,130.18425639233968,5485200
2022-07-07,130.6226348876953,130.79262543243215,129.3700945343701,129.98740921815227,6623400
2022-07-08,129.745849609375,131.34731280660426,129.3432483498852,130.6136859684597,4294200
2022-07-11,130.658447265625,131.14157984049044,129.4416876367699,129.86218635310235,5482900
2022-07-12,129.5042724609375,131.44571656533012,129.164291418587,130.4973627647356,5204400
2022-07-13,130.35426330566406,131.4815635678208,129.02120508052502,129.20013751290355,5075600
2022-07-14,129.9695281982422,130.2021389395775,128.35910938835778,128.6185593055523,4867000
2022-07-15,129.79058837890625,130.35422469135136,128.92275200469317,130.0321409478118,6264600
2022-07-18,128.21591186523438,129.80843276743622,128.09065787242056,129.67423693644332,6047500
2022-07-19,128.8690643310547,129.73690073440466,128.5111995602915,129.34325494723151,5943600
2022-07-20,126.64134979248047,129.03013230585879,125.82719161797662,128.83330255704098,8635300
2022-07-21,126.7611083984375,127.29239054287277,125.12222128677193,126.60802780124222,8310200
2022-07-22,128.7871856689453,128.92225273102525,126.67104342775187,126.75208366499983,5292700
2022-07-25,129.66065979003906,130.04786120624658,128.34594747254496,128.5890819317285,5262100
2022-07-26,129.91278076171875,130.11088826505355,127.60754480323054,128.49001493790084,5375700
2022-07-27,131.14645385742188,131.65973619439887,129.24643257999614,129.56160739115307,5500000
2022-07-28,133.3256378173828,133.82090668734276,130.64219976781789,131.59671045885347,7115700
2022-07-29,125.08621215820312,128.3189458111434,124.47387600867839,127.35542151743147,18694700
2022-08-01,128.67913818359375,129.61564909318176,124.50990725241611,124.57293397770559,12590000
2022-08-02,127.82366943359375,129.4175295666207,127.66158894902763,128.86823391288212,7495000
2022-08-03,130.4621124267578,130.81330059975542,126.88719022815164,127.5625531562466,6811000
2022-08-04,130.25498962402344,131.88487701217133,129.6786804821254,130.43509739485526,6124700
2022-08-05,130.3180389404297,130.42609261803057,128.5620979779417,129.44456840570328,4580300
2022-08-08,130.8132781982422,131.89385595008855,130.3270092787218,130.59715715175628,4486800
2022-08-09,130.50709533691406,131.41659266276096,130.11089405291003,131.0834180924634,3977300
2022-08-10,131.7407989501953,131.92089298436773,130.9213552933727,131.37159724895074,4641300
2022-08-11,130.80422973632812,132.6322101626878,130.5070685291476,132.19998192510158,5954300
2022-08-12,132.07394409179688,132.12797091594825,130.53412464231891,131.3895814187279,5038700
2022-08-15,133.77589416503906,133.96500184133103,132.14602040483038,132.2540740825431,6008000
2022-08-16,135.009521484375,135.61285768583895,133.59576914766748,133.59576914766748,7093000
2022-08-17,134.38819885253906,134.8474406153083,134.06402415520446,134.26213167803624,4834600
2022-08-18,134.86544799804688,135.0635555118603,133.7398433696937,134.05500442145805,3829000
2022-08-19,134.82943725585938,135.63988093042843,133.9199535527008,134.36119556686484,6502500
2022-08-22,134.46925354003906,135.18964336044056,134.02801151172358,134.15407869977187,6380700
2022-08-23,131.87582397460938,133.6677913327088,131.31752852467343,133.65877770268423,5268200
2022-08-24,131.3085479736328,132.60523304120173,130.67819835182323,132.01992409556905,5903200
2022-08-25,131.20050048828125,131.2725408485709,130.11092267209784,130.77727195926312,5097600
2022-08-26,128.1298370361328,131.94789338939265,127.88671629710967,131.47063806277177,6086600
2022-08-29,127.58953857421875,128.49002228073135,126.98621613969021,127.23835047829047,5272100
2022-08-30,126.22979736328125,128.23788588967423,125.98667665942347,128.23788588967423,5203700
2022-08-31,124.21273803710938,126.86016261750243,124.14069768400364,126.427920498868,8406900
2022-09-01,125.7435531616211,125.8516068171865,123.1501555057163,124.11367973548079,7446500
2022-09-02,123.51036071777344,127.10328226888439,122.96106505277633,126.44593294529516,7077800
2022-09-06,122.13260650634766,124.21272161876779,121.82643161104514,122.35772742743711,8217200
2022-09-07,123.97860717773438,124.05064753300361,122.48381446184948,122.49281435364833,6609400
2022-09-08,124.14069366455078,124.70800283920724,122.51982012288373,123.37527696034101,7380500
2022-09-09,126.03173828125,127.0492757899942,123.63644770331007,124.22175676816032,6434300
2022-09-12,127.05828857421875,127.68862457991374,125.26632059918391,125.53646852742303,5818700
2022-09-13,124.42884826660156,127.35542069605091,124.14070058773108,126.77011170627814,6350200
2022-09-14,124.72595977783203,125.76152400664799,123.96955696497868,124.8610405417405,6137800
2022-09-15,123.76248168945312,125.06818030389468,123.04209198277444,124.96912654747273,5320700
2022-09-16,124.51891326904297,125.22128961563408,123.46534874915628,123.76251008660545,9321500
2022-09-19,124.25776672363281,124.68099521640104,123.5733902296454,124.44686063044004,6056000
2022-09-20,123.81651306152344,124.23974151448432,122.9430427428843,123.73547282337127,5589800
2022-09-21,122.22265625,124.44685222463985,122.20465646790541,124.33879857090567,6413900
2022-09-22,122.65491485595703,123.42933153930929,121.78144439658436,122.23168633480559,5061600
2022-09-23,122.08758544921875,122.91602882985977,120.61979257618876,122.17762557781312,6523600
2022-09-26,122.20465087890625,123.20418835110891,121.55630150556986,122.08758359918714,7396400
2022-09-27,118.84584045410156,123.31224586136081,118.60271973670551,122.42977564124315,7722200
2022-09-28,118.84584045410156,119.7823512405987,118.13446434345693,119.7823512405987,10455100
2022-09-29,115.89225769042969,118.74678957376256,115.49604263578304,118.74678957376256,7128500
2022-09-30,113.68608093261719,116.19842471502315,113.65006075582494,116.16241140837715,9431900
2022-10-03,115.72115325927734,116.25244907534315,114.0732733392246,114.58654876418765,8477700
2022-10-04,117.15294647216797,117.84630909684827,115.89226092310048,116.25246268295928,7211600
2022-10-05,116.34249114990234,117.14392109231225,115.34295369451101,116.34249114990234,5071100
2022-10-06,113.8931884765625,116.21643134562596,113.7761211913945,116.06335075594794,5530800
2022-10-07,111.90312194824219,113.9832442564047,111.44388014384016,113.91120390154488,6095400
2022-10-10,111.44387817382812,111.88511331678859,110.02111210615578,111.09269003777747,6923300
2022-10-11,111.86709594726562,113.19080124934396,111.29978680480073,111.38083391235811,5516200
2022-10-12,112.04717254638672,113.28983741810602,112.02916589758406,112.41636724306971,6823500
2022-10-13,113.7400894165039,114.13630442716298,110.68745034474998,111.21873927905602,6910500
2022-10-14,112.63250732421875,114.37944109999525,112.35335269441791,114.13631351419008,5516800
2022-10-17,114.66759490966797,115.51405181452967,113.33488283621088,113.46995676977433,6664600
2022-10-18,115.5950927734375,117.12592611660588,114.95575701555123,116.45956320557622,7114200
2022-10-19,116.66666412353516,119.76433020086107,116.62163719119098,118.53967183866921,9993700
2022-10-20,115.16398620605469,117.68510302697734,114.88285733636135,116.642189091056,8168000
2022-10-21,116.60592651367188,116.94146565530194,114.70149142061649,114.75590167733412,6394600
2022-10-24,117.32234191894531,118.29270421225802,116.39733995301665,117.43117626149429,6946000
2022-10-25,118.6736068725586,118.96379953951582,116.50617720214824,117.53094989511393,6776000
2022-10-26,119.50792694091797,120.22436558368457,118.25643563540146,118.48315427261488,6612800
2022-10-27,119.59860229492188,120.72311771348272,119.25398558907624,119.70742279663926,6676700
2022-10-28,122.62757873535156,122.89056626831226,120.54176448616639,120.76848312547331,6996400
2022-10-31,122.1287841796875,123.03565865685557,121.75696232297506,122.60942654556206,8346300
2022-11-01,122.31922149658203,123.58884010066437,121.37606438685948,122.1559769115972,6428300
2022-11-02,120.55989837646484,123.82463827736662,120.4420002632372,122.17413388121328,7318100
2022-11-03,119.73463439941406,120.28782837607959,118.76428591839455,119.46256929259711,5204000
2022-11-04,121.92020416259766,122.42805164425822,120.17900686641605,120.90450919927656,5555400
2022-11-07,123.78836059570312,124.41410617100505,122.48245919295229,122.74546052873708,6746800
2022-11-08,124.06950378417969,124.71339079715337,123.15356547905536,124.0785813857896,5266200
2022-11-09,123.77021789550781,125.12146577305451,123.6432560292676,124.12389836844882,5690700
2022-11-10,128.0325164794922,128.44062101484954,125.33003474065859,126.47270529917164,8068700
2022-11-11,127.84207916259766,128.4406195590533,126.15529230573465,128.05065639003965,7175200
2022-11-14,127.85115814208984,130.1908959212464,127.19820742056679,127.42492603671212,8516200
2022-11-15,127.4068374633789,129.86446026460433,126.69039866814775,128.85782874764425,7732400
2022-11-16,128.54037475585938,129.60141607991346,127.8511413968536,128.32271993125687,6193700
2022-11-17,127.75138854980469,128.4950321781218,126.8354504143016,127.96904338102537,5186300
2022-11-18,129.29310607910156,129.46540061297173,128.11416644355924,128.70362934242695,5671400
2022-11-21,130.93453979492188,131.6691058981407,129.5288816054284,129.7374588579681,6377200
2022-11-22,132.05905151367188,132.2132185079223,131.3516905575554,131.88674315603734,5372900
2022-11-23,132.81175231933594,132.97499690601978,132.01371226180905,132.31296863475345,4296000
2022-11-25,133.05657958984375,133.49187531771125,132.76637321273097,133.12005358621113,2411100
2022-11-28,132.94781494140625,133.61889325410883,132.53064655859026,132.75736519673194,6628200
2022-11-29,131.93211364746094,132.45810257884472,131.0705855403598,132.1769736653725,5634200
2022-11-30,135.2694091796875,135.2694091796875,131.6147059047718,132.0862707005106,12396800
2022-12-01,135.35101318359375,136.35764438791864,134.7343451928104,135.60493692542292,6927400
2022-12-02,136.58438110351562,136.72948435744922,134.28998952219612,134.64367005502936,4938300
2022-12-05,135.20591735839844,135.73190623467136,134.46228745594837,134.86131445434899,5402500
2022-12-06,135.37820434570312,136.10370660657986,134.47132997905837,135.77723128107556,6866700
2022-12-07,136.2488250732422,136.42111959842939,135.1333595142236,135.1333595142236,6175500
2022-12-08,137.22824096679688,137.2826512167943,135.13334947725977,135.54145402785082,5187100
2022-12-09,136.865478515625,137.79955801144615,136.23066922299967,136.6659650468278,5868200
2022-12-12,138.2711639404297,138.35277932897094,136.9743261364418,137.1375707513318,6142400
2022-12-13,138.06256103515625,139.86723220094322,136.7475821096992,139.12360240261918,7680600
2022-12-14,138.60665893554688,140.0576632904181,137.99905484031294,138.56131245486907,7385600
2022-12-15,137.03781127929688,137.84492906041464,135.79539759678485,137.5910052981174,7117200
2022-12-16,136.43019104003906,137.00152635726457,135.14243101397042,136.35763942532745,19966400
2022-12-19,136.39390563964844,137.28265252408684,135.34194184146867,136.2306748881018,5881800
2022-12-20,136.44833374023438,136.84734686834986,135.36915094725813,135.41449743662295,5646100
2022-12-21,137.69981384277344,138.4162524109611,136.68411888188618,136.71132400849524,5024700
2022-12-22,138.0172119140625,138.21672538151793,136.82920870918085,137.05592730057978,5904900
2022-12-23,138.40719604492188,138.67926119055915,137.54566794857726,138.12606713495967,3401800
2022-12-27,139.61331176757812,139.94886470686023,138.4434498747228,138.4797187622587,4215100
2022-12-28,137.8086395263672,140.24812003177317,137.7542154387634,139.91258093281132,4197500
2022-12-29,138.37998962402344,138.9694664070432,137.9718988282762,138.57950313977682,3809100
2022-12-30,137.44589233398438,138.46158731136143,136.43019735660732,138.2348686940679,4532000
2023-01-03,137.45497131347656,137.58193318692204,135.23311777147083,136.89269972724105,6447300
2023-01-04,138.05349731445312,139.10547502545822,137.14662284037416,137.83585629687022,7313400
2023-01-05,136.33949279785156,138.28020344358438,136.14905692466658,138.035357320918,5373800
2023-01-06,139.58615112304688,140.07587120657016,137.61823469925204,137.70892770369997,7882200
2023-01-09,137.88121032714844,140.38419311985967,137.844941431197,139.150843090384,5727000
2023-01-10,137.7451934814453,138.47975975227513,136.88366530995123,137.93564325134642,4716400
2023-01-11,136.6296844482422,138.35274007163412,135.4416813372105,138.13509909727935,8691300
2023-01-12,135.85887145996094,137.6000689013138,135.59588393424818,137.57286377237136,7801600
2023-01-13,136.82923889160156,136.98340590722313,135.5051959371343,135.6775043186548,5535800
2023-01-17,136.43019104003906,137.96281103603374,136.39390831378046,136.74758878687112,9611800
2023-01-18,132.77548217773438,135.96767005329252,132.43992924520091,135.72282393228767,10461200
2023-01-19,129.96754455566406,133.4352953792186,129.80328949029365,130.77972709193565,12683700
2023-01-20,130.4694366455078,130.63369168369059,127.8959963168681,129.8762748858851,8603300
2023-01-23,128.7173309326172,131.135623268407,128.38880688656266,130.8253544262001,7473100
2023-01-24,129.41998291015625,129.93101711351267,127.58571823604909,128.3887799411164,6822500
2023-01-25,129.32872009277344,129.35609593032206,126.60014557844595,128.115006904446,6902600
2023-01-26,128.8085479736328,129.34697192221373,128.43440689533813,129.33783736017713,5398600
2023-01-27,128.2792510986328,129.0001712226841,127.11115524855093,128.73553353590538,6870800
2023-01-30,128.68080139160156,129.69374922260286,128.01463275894042,128.6351842757261,6369300
2023-01-31,129.93101501464844,130.01314252643883,128.45265017923393,128.88155686254484,9373400
2023-02-01,130.6702117919922,131.50064945685625,128.99109518420357,129.65726387404496,7207900
2023-02-02,129.7393798828125,130.23217283949757,128.86332517592118,129.7393798828125,6444300
2023-02-03,130.14089965820312,130.84357863113522,128.82680378531512,130.29603404255278,5993100
2023-02-06,129.0366973876953,130.16828310542616,128.68079756170033,129.59336264626575,6108100
2023-02-07,127.77735900878906,128.48002405400163,126.64577336217972,127.73172797250113,6278300
2023-02-08,126.45416259765625,127.33933800403646,126.30814882818838,126.90131062027233,7123800
2023-02-09,125.06705474853516,127.14770214588856,125.02142370678008,126.73705061937072,6547400
2023-02-10,126.17124938964844,126.2077597925098,123.9537228158581,124.97579130175599,8108900
2023-02-13,127.82299041748047,128.16975566007707,126.60927725679915,126.79178747784535,5081600
2023-02-14,127.10205841064453,127.97812698107803,126.49976213876135,127.88686490668209,5253500
2023-02-15,126.81002807617188,127.13855200608303,125.99784585009091,126.94690724503664,5530300
2023-02-16,125.14920043945312,126.11651739669523,124.61079027263209,125.37734175671365,7595700
2023-02-17,127.76823425292969,127.79561009187609,124.6472632912955,124.6472632912955,8034700
2023-02-21,127.6769790649414,128.5712889120837,126.72790361828476,126.72790361828476,6899500
2023-02-22,128.21539306640625,129.200965018585,127.64960717566285,127.74085532840064,6126300
2023-02-23,127.80476379394531,128.7994565569929,126.93782960665942,127.96901885222161,5835400
2023-02-24,127.08382415771484,127.23895857004831,126.0070039104685,126.78267597213582,5260700
2023-02-27,126.97431945800781,128.1880328266787,126.41765413740899,127.40322620951706,5820900
2023-02-28,125.53245544433594,126.47239640220583,125.2769383251852,126.34463784263046,6709900
2023-03-01,125.62371826171875,126.23513522359858,124.57426001475349,125.97961810295145,7101800
2023-03-02,127.69523620605469,128.15151878623723,125.73322668112554,125.933992130377,5924600
2023-03-03,128.62608337402344,128.89073512348034,127.73177322939169,128.8451040710248,5259400
2023-03-06,128.07855224609375,128.79947274464647,127.70439711125296,128.4253176098057,4943100
2023-03-07,125.53245544433594,128.32490247836796,125.33169000434056,128.15151287795024,5606800
2023-03-08,125.55070495605469,125.65108767150336,124.65639507955431,125.20392577093416,5518800
2023-03-09,124.62903594970703,126.44503178450778,124.20012919207352,126.07087671088877,4467200
2023-03-10,125.1948013305664,125.9248561548707,124.42825003113381,124.97578070588384,5928000
2023-03-13,126.06172943115234,128.9636933924086,125.05790235422538,125.05790235422538,8337100
2023-03-14,127.62223052978516,127.85949243496758,125.3864349699688,126.1986173247769,9219700
2023-03-15,129.42913818359375,129.72115183881098,126.67318707840379,126.67318707840379,8823500
2023-03-16,130.3964080810547,130.60629412537682,129.2283260327561,129.52947414398506,7063400
2023-03-17,130.4329071044922,130.85269312598442,129.15532169062303,130.0405108433169,16018800
2023-03-20,132.44053649902344,132.68691897415957,130.706654989954,130.95305138972415,8379200
2023-03-21,131.4823760986328,132.53182035243,130.35079040634676,132.23980677274713,7753200
2023-03-22,131.4002685546875,133.00637829863078,131.2542547803363,131.4458856751123,5729100
2023-03-23,131.21775817871094,132.4314716969896,130.67022735425292,131.6284237028562,5788400
2023-03-24,133.89157104492188,133.92806752711257,131.68316486941674,131.68316486941674,6144800
2023-03-27,133.18885803222656,134.53032968680193,133.11585116178148,134.0466713541604,5917200
2023-03-28,133.5630340576172,133.9828201476333,133.05199980865075,133.73642366165342,4213800
2023-03-29,133.97369384765625,134.41172124169552,133.47178020623636,134.22009034883322,4987700
2023-03-30,134.55770874023438,134.63983624971019,133.50826454234465,134.07405039602742,4117700
2023-03-31,135.6892852783203,135.6892852783203,134.66721698542167,134.82235135669123,7685900
2023-04-03,136.43759155273438,136.948639662223,134.22918586840515,135.45201965710498,5721700
2023-04-04,137.09466552734375,138.44527204347142,136.95778631776855,136.95778631776855,6714300
2023-04-05,138.0345916748047,139.0292982140918,137.93420895706518,138.09847791547452,6094800
2023-04-06,138.91067504882812,139.58597830576488,138.18062010815265,138.59127166083266,5399700
2023-04-10,137.76084899902344,138.40876249454286,136.4376183166203,138.39050729160655,4891800
2023-04-11,137.48704528808594,138.1988448691768,137.35928674595775,138.03457592950528,6311800
2023-04-12,137.86123657226562,139.084070643806,136.82089883794094,137.16767808271584,6137900
2023-04-13,138.5,138.59124814920455,136.72050095718058,137.70605894655947,5489500
2023-04-14,137.79733276367188,138.33574284116634,137.35017084315825,138.1167361247014,4478800
2023-04-17,137.84291076660156,138.2261862975807,137.1949836555392,137.9524140827004,4296400
2023-04-18,137.98899841308594,138.3357637414255,136.97605042247997,137.77909837857644,4158400
2023-04-19,138.01637268066406,138.61865515969828,137.53271421473627,137.9524864296801,3837600
2023-04-20,138.52232360839844,138.99064062037095,138.08153981991052,138.08153981991052,5370900
2023-04-21,143.3157501220703,145.18903233085985,141.87404597131618,142.27809080367578,14876900
2023-04-24,143.5728759765625,144.39932117666095,142.53521659338642,142.53521659338642,8109800
2023-04-25,143.6095733642578,145.03290783478005,143.05860066217892,143.71976229994644,8341800
2023-04-26,141.94749450683594,143.25144831650388,141.72710261901753,142.60865615847294,4843700
2023-04-27,143.68304443359375,143.81160286886313,142.34235159851139,142.60866022202418,4805600
2023-04-28,143.60040283203125,144.50948962073267,143.0310606081517,143.50856937313563,5754700
2023-05-01,143.77487182617188,144.5370306526566,143.06779345611452,143.27899358832772,3844600
2023-05-02,143.6462860107422,144.10542521913067,142.94839945824572,143.7932139202625,5262900
2023-05-03,143.46263122558594,144.69313493671532,142.72800569955166,143.83912873430327,5775000
2023-05-04,142.80149841308594,143.80243272465302,142.41582308690292,143.34329342988954,4892600
2023-05-05,143.27899169921875,143.53610855551904,142.04850188523633,142.70047176663425,3989200
2023-05-08,142.60865783691406,143.00351087727384,142.21379078473598,142.65457456556058,4950700
2023-05-09,141.14859008789062,143.23307213069754,141.02920940275615,143.11370545738058,4472100
2023-05-10,141.4424591064453,141.70876776112763,139.98239941817815,140.9098558089009,4754900
2023-05-11,141.77301025390625,142.2321494818821,140.85473179795457,142.15868552398788,3495300
2023-05-12,143.2147216796875,143.29736338222887,141.77301770242633,142.0576817968364,5252900
2023-05-15,143.26060485839844,143.94013590308785,142.0025679629947,143.8115774905051,5414900
2023-05-16,143.01271057128906,144.09627256605958,142.26889315427678,143.1320772582162,5591500
2023-05-17,142.40664672851562,143.76569513090715,141.32307069620254,143.49020874900927,4286900
2023-05-18,140.0649871826172,141.0934543889957,139.2109950941382,140.78124313160433,6997600
2023-05-19,140.65274047851562,140.79049068441955,139.43142818096666,140.00994821975837,4754100
2023-05-22,136.9704132080078,140.12929323125672,136.66737964640137,140.03745978404865,7876200
2023-05-23,135.49200439453125,136.7133165613279,135.05123460883178,136.63066084190643,6116000
2023-05-24,134.37171936035156,136.08889598816336,134.15132743546374,135.52874543941644,5755400
2023-05-25,133.50852966308594,134.26152486653183,132.55352605159987,133.60036313095688,6510300
2023-05-26,133.51768493652344,134.0778353679051,132.9024400384186,133.4534127292856,4716400
2023-05-30,131.4791259765625,132.26884614957842,130.71696705299786,132.10356272378937,5561000
2023-05-31,130.8546905517578,132.21373885312659,130.3037178289178,131.46075774451816,19854800
2023-06-01,132.1953887939453,132.34230271582007,130.80877918891656,131.54340484556624,6091100
2023-06-02,134.54617309570312,134.69308701038204,132.59023535818665,132.70042429715042,6124400
2023-06-05,134.0135955810547,135.7675112590747,133.82075088905324,134.11460679842287,4753700
2023-06-06,132.68206787109375,134.35332748469807,131.81888382383755,134.13294960833866,4635900
2023-06-07,132.96673583984375,133.26057768748257,131.74542369613374,132.24128794419488,6194400
2023-06-08,134.4727020263672,134.6655326593638,133.0769148220394,133.4625900998502,4863700
2023-06-09,134.58287048339844,134.78489283796515,132.90241944958376,133.7747810651316,5569500
2023-06-12,133.52687072753906,134.99610781789423,132.73715071218953,134.98693007778928,5354000
2023-06-13,133.2054901123047,133.77481835470203,132.48923393257277,132.70043408510415,5321200
2023-06-14,134.454345703125,134.88593774929066,132.99428614872738,133.43505593628123,5693300
2023-06-15,136.31842041015625,136.79592908301342,134.56450537109336,135.14302522452002,5863000
2023-06-16,137.31936645507812,137.82442245351749,136.73166875102646,136.75003824510205,11244900
2023-06-20,136.05215454101562,137.99890060054986,136.00623781074344,137.5122140856663,5340700
2023-06-21,137.22750854492188,137.37443643270709,135.7858049181818,136.14393288727416,4649700
2023-06-22,137.6958465576172,138.75187514986212,137.26425457839113,138.06316633345676,6666800
2023-06-23,136.32763671875,138.22846598956153,135.86849745378453,137.97134912212633,13843300
2023-06-26,136.4653778076172,136.79595865076925,134.72983188402358,135.99706078474298,4353100
2023-06-27,137.76014709472656,137.89788326760035,136.26334862767976,136.30926535591044,5445400
2023-06-28,137.7326202392578,138.01728437986174,135.86851569418667,137.1265529653022,6733300
2023-06-29,137.17245483398438,137.46629668501942,135.07878085251684,136.34599572857218,7343000
2023-06-30,139.339599609375,139.6426332283608,137.54894513247524,137.5856841230417,7058300
2023-07-03,140.0374755859375,140.065022820845,138.17337129416524,139.10082756362732,3996100
2023-07-05,139.7987060546875,140.00072841986753,139.06408054601616,139.2385556806549,8279800
2023-07-06,139.56915283203125,139.75280572778965,138.43966020007244,138.84370497783158,7958300
2023-07-07,136.63983154296875,139.50485572632914,136.5939148196576,139.31202510496578,9169500
2023-07-10,136.69496154785156,138.03565455331568,136.58477259270833,136.76842552188717,5529200
2023-07-11,135.97869873046875,136.8694301062602,134.95023116741868,136.57557422434897,5150300
2023-07-12,136.68576049804688,137.19080246421447,135.5746373464787,135.932765401447,6764600
2023-07-13,136.77757263183594,137.30099807518187,136.08886379279164,136.82348935680233,5561400
2023-07-14,137.78770446777344,138.32030772843825,136.57557001002198,137.0714482924909,6128900
2023-07-17,136.81431579589844,137.88869993620943,136.7959463029873,137.42036894378987,4625300
2023-07-18,137.07142639160156,138.18253545519127,136.2541591420871,136.4929064917618,5351200
2023-07-19,138.00807189941406,138.4947724033964,136.6949403482061,137.32855476565481,6203600
2023-07-20,139.12713623046875,139.30271072554245,136.89090203554383,138.19383624625547,6445400
2023-07-21,141.317138671875,142.00095129139902,139.25647934696133,139.67230543852128,9938400
2023-07-24,141.76995849609375,142.25971149987853,140.7350108805642,141.23399945230773,5549500
2023-07-25,142.1026153564453,142.1765421968434,140.8736080725203,141.82539322997823,5883800
2023-07-26,142.25045776367188,143.0821099770603,141.2801874479841,141.49271828472078,7013800
2023-07-27,140.55941772460938,142.8603428501491,140.3838432559804,142.4537523122929,7191600
2023-07-28,144.53289794921875,145.52163940039415,142.86034385229726,142.91578545328443,9397300
2023-07-31,144.43124389648438,145.70644296283336,143.28539915995643,144.52364186065674,7955200
2023-08-01,144.3850555419922,145.23519305701106,144.0339065748811,144.04315624250174,5718800
2023-08-02,144.69921875,145.75265143992522,144.12630342217622,144.12630342217622,5636000
2023-08-03,145.07810974121094,145.72495199646949,144.34810507458423,144.85632921079215,5792700
2023-08-04,143.4886932373047,145.75264779231676,143.3685603747604,145.47542570188438,4785900
2023-08-07,145.0041961669922,145.21672704886066,143.6827907317646,143.84911556972125,4107400
2023-08-08,145.1612548828125,145.66025749186275,144.64378114016927,145.33682935265975,4625500
2023-08-09,144.97647094726562,146.08534546686818,144.86558772533672,145.3645763241213,4293200
2023-08-10,144.25567626953125,146.35330614704253,143.9692185968517,145.2351821567976,4307800
2023-08-11,145.09658813476562,145.50317870464124,143.9599788325852,144.5513794523762,3862300
2023-08-14,143.95997619628906,145.56785321132458,143.6920037438345,145.19823311826258,4297600
2023-08-15,143.03591918945312,144.1263224900083,142.7309903521158,143.95998356953902,6921100
2023-08-16,141.57591247558594,143.9045446040692,141.2617198645112,143.0082010109255,6356800
2023-08-17,140.55941772460938,141.89930810610684,140.26371038794963,141.57589406924987,6419500
2023-08-18,140.9567413330078,141.28016943035723,139.6907779407147,140.1066039943781,5448200
2023-08-21,140.2452392578125,141.1785391014759,139.7739574525126,140.54093249437736,4504700
2023-08-22,140.30068969726562,140.59638295245898,139.46902333557236,139.921819935831,4195600
2023-08-23,141.61288452148438,141.82541540829953,140.89211534001964,140.89211534001964,4522500
2023-08-24,140.9567413330078,142.93423807940954,140.90129973919937,140.96599099870932,4088900
2023-08-25,141.88082885742188,142.37983148405888,140.88285180435287,141.75146041720163,3541500
2023-08-28,142.1026153564453,142.64780994176527,141.42805232545447,142.0379381836614,3614700
2023-08-29,142.185791015625,142.34288027857252,140.4855158283178,142.25971786291285,4034600
2023-08-30,142.34286499023438,143.10984008585132,142.03793616556644,142.39832069482233,3712200
2023-08-31,142.6200714111328,143.37781085594722,142.14880372479058,142.4167761503339,5451400
2023-09-01,142.7771453857422,143.48867872251887,141.89928727159162,143.13752983681874,4126300
2023-09-05,140.86439514160156,143.0913939786199,140.82742466540992,142.12112343011637,5097000
2023-09-06,140.58714294433594,140.8736006231663,140.03269872072065,140.7257469501886,3877400
2023-09-07,141.92703247070312,142.48147669081328,140.7996728965541,140.9105702006375,4824800
2023-09-08,141.317138671875,141.80690569538504,140.78119381614974,141.76993522941,3384700
2023-09-11,142.99893188476562,143.3223599878731,141.45574639585644,141.68676244090454,4288500
2023-09-12,140.4854736328125,143.36854931057036,140.06041201370724,143.22070976050338,4537800
2023-09-13,141.4650115966797,141.92704378356552,140.1436063102358,140.439299577789,4040600
2023-09-14,143.01744079589844,143.1560448058359,141.72374226937032,142.16730330137565,4606800
2023-09-15,141.81614685058594,143.52567141671503,141.59436634629992,142.33362059381798,10262400
2023-09-18,142.3520965576172,142.7494374059735,141.85309398049404,142.72171660725567,3536500
2023-09-19,141.93629455566406,142.36135627484822,140.2175342430723,142.07489857276684,4704200
2023-09-20,141.81614685058594,143.026668807097,141.71449921530095,142.09336895591795,5446400
2023-09-21,140.58714294433594,142.03793067273799,140.52246577497215,141.79766492912358,5096400
2023-09-22,140.06967163085938,141.69601976165958,139.8848615864666,140.86436751184073,6327000
2023-09-25,139.21954345703125,139.79245886299404,138.6281428153622,139.7000467845662,5527000
2023-09-26,137.9812774658203,138.9422980600994,137.49151045227387,138.59114914098726,6366500
2023-09-27,136.15164184570312,138.3324343381867,135.49556403446425,138.07369744078213,5403700
2023-09-28,135.22756958007812,136.74303450507995,134.61768374316088,136.59519492954757,6237100
2023-09-29,134.7840118408203,135.62491369092106,133.82299122649192,135.41236876170782,6683300
2023-10-02,134.16488647460938,134.54375618916342,132.9728357337151,133.7860167600553,5153800
2023-10-03,134.442138671875,135.36620309964212,133.99857759447175,134.1464312869395,4670600
2023-10-04,134.88565063476562,135.19982907462517,133.9246159833005,134.53450173133407,4727800
2023-10-05,132.8804473876953,134.99654840242633,132.77879975204698,134.61767866045506,5205700
2023-10-06,133.1483917236328,133.5827029751788,130.70886308308258,132.6956093423055,7406700
2023-10-09,132.4738311767578,133.0375108470242,130.8474834216102,132.4738311767578,5062200
2023-10-10,133.7860565185547,134.19264715255528,132.80655040942884,133.04680210219956,5988900
2023-10-11,132.14120483398438,134.506807363807,131.73461425540174,134.11870202064267,5469100
2023-10-12,132.43692016601562,133.0005859291953,130.90296983640994,131.94715304864405,5965600
2023-10-13,133.70285034179688,134.01702878339415,132.31675405229055,132.31675405229055,7078900
2023-10-16,134.97808837890625,135.89290307493843,134.4144085530234,134.78402865847636,6509800
2023-10-17,135.15365600585938,135.67114392136654,134.21112045641956,135.0150519839135,6160100
2023-10-18,138.63734436035156,139.81090978788512,137.47302859845294,138.6650651570563,10508500
2023-10-19,137.85719299316406,139.74488225787513,136.8621966612995,139.12185313894523,8146000
2023-10-20,137.6711883544922,139.37290075961872,137.55029726134964,138.60108491319988,7284200
2023-10-23,137.76419067382812,139.01955689669487,137.215555025238,137.49452687355256,5981800
2023-10-24,139.39149475097656,139.54958965947935,137.6897964583237,137.73627993707575,6322000
2023-10-25,140.04244995117188,140.59108560370717,138.66619260668296,139.14974286796547,6172900
2023-10-26,139.29855346679688,140.7677922188466,139.24276192505198,140.46092455014949,7582100
2023-10-27,136.84361267089844,139.43801842722468,136.02529896924486,138.53601742129254,8131800
2023-10-30,138.79637145996094,139.0660494393856,137.19694805699837,137.53171142480676,5412800
2023-10-31,139.51242065429688,139.72629295283846,138.2198646245983,138.98238683806778,6762100
2023-11-01,139.12184143066406,140.11682348969413,138.74988843813074,140.11682348969413,5896900
2023-11-02,140.8235321044922,141.01880242897138,138.47089502989567,139.0567201924282,5859200
2023-11-03,139.5496063232422,141.61396396906363,139.131141451736,141.14901561325476,6587700
2023-11-06,140.3585968017578,140.64686248105036,139.57748705352716,139.8192550644282,6480800
2023-11-07,140.0331268310547,140.64686199788306,139.59607429004927,140.3399944144689,6003800
2023-11-08,139.4937744140625,140.6003535634014,139.02882614553994,140.37718747553143,4832600
2023-11-09,139.8099822998047,139.8099822998047,138.66619907901318,139.24274471367912,6581500
2023-11-10,140.79568481445312,140.82358058469646,139.41013340626813,140.26563680163008,5387200
2023-11-13,141.77206420898438,142.18120685858563,140.83285941403363,140.83285941403363,6297500
2023-11-14,141.4558868408203,142.73914887611372,141.04673000701092,141.85574981535152,7982600
2023-11-15,140.80494689941406,141.70694777132718,139.8378606413209,141.40008017880137,7672600
2023-11-16,142.1161346435547,142.1719261832605,140.70268748490955,141.33502470947434,7590500
2023-11-17,140.4795379638672,142.12544533652067,140.3121491358254,142.01386224389367,8495600
2023-11-20,139.73558044433594,140.44229682503607,139.16834289236033,139.67978891284613,6856500
2023-11-21,139.12184143066406,139.4937944231974,138.39652316285608,139.34502173964233,7310400
2023-11-22,140.43301391601562,140.86075848352132,139.57751059190556,139.57751059190556,4372700
2023-11-24,140.76779174804688,141.10255518649683,140.44232217015664,140.5818010240524,2132500
2023-11-27,140.63758850097656,141.00954152248855,140.17264012953746,140.89795845385459,6021300
2023-11-28,141.6139373779297,142.06029793184257,140.553855893303,140.553855893303,6110400
2023-11-29,140.53529357910156,141.76274985147506,140.40510860795442,141.61396297327897,5342700
2023-11-30,142.7577362060547,142.86002540406176,139.55888949284787,140.32139735963972,9771300
2023-12-01,141.95802307128906,142.72983897758803,141.55816014169238,142.5810521112685,5685400
2023-12-04,141.40008544921875,141.83713801949156,141.02813245664908,141.13042165797032,6578300
2023-12-05,136.4716339111328,141.91153525495366,135.9322921251,141.47448267298049,11895800
2023-12-06,136.36935424804688,136.84361067691228,135.4301636280424,136.70411764938189,7610000
2023-12-07,136.2298583984375,136.78780206069095,135.7835119820928,136.294957974309,6119600
2023-12-08,134.97451782226562,135.9881161403437,134.38869247392813,135.69054234701085,6385300
2023-12-11,135.59751892089844,135.6440023961586,134.5095274935481,134.64902048661364,8471200
2023-12-12,135.70912170410156,135.9787854940345,134.9094100037906,135.6347282681311,6069200
2023-12-13,138.16404724121094,138.22913262898427,135.2534661592033,135.63472719462288,9055500
2023-12-14,134.5188446044922,138.13614178519694,134.258474693472,138.0524544971753,10565200
2023-12-15,133.86795043945312,134.13761426999852,132.51029485944395,133.1426178767775,14550000
2023-12-18,135.92298889160156,137.15045925565838,134.0445937234676,134.06319562904025,8421800
2023-12-19,135.92298889160156,136.0810696162277,135.19767065433038,135.45804057596123,5233600
2023-12-20,133.82144165039062,135.83002199003317,133.75634206860593,135.36507362562136,7663800
2023-12-21,134.14691162109375,134.6397558059884,133.09613785152007,134.38869387797763,6104700
2023-12-22,135.0953826904297,135.4208521899873,134.17477990898414,134.37006444653804,4413800
2023-12-26,135.70912170410156,135.92299396433094,134.8071208029684,134.9187038623755,3634900
2023-12-27,135.82070922851562,136.05318340265427,135.16978437874687,135.4394481775448,4569400
2023-12-28,135.51382446289062,135.774194369841,134.87219355322867,135.76490051212699,5023000
2023-12-29,136.2670440673828,136.6576131330864,135.51383007756198,135.76490613720102,5300900
2024-01-02,138.31283569335938,138.93586475906991,136.0531794087344,136.09967708001668,7238400
2024-01-03,137.47593688964844,138.74059708113856,136.8622016079476,137.94088528079774,7697500
2024-01-04,138.22914123535156,138.80568684818172,137.41084177339877,137.6712117188971,7067400
2024-01-05,137.0853729248047,138.43372033260897,136.2763673179417,138.29424150008015,5294200
2024-01-08,138.26634216308594,138.4802144304732,137.2992416522001,137.54102387447034,8255300
2024-01-09,138.83358764648438,138.9265688080479,137.6712167087025,138.1547669917673,9786800
2024-01-10,139.42872619628906,139.4845177331265,138.79638900423413,138.88009049858917,8591100
2024-01-11,139.958740234375,140.2284182098308,138.82426518178136,139.5309957195854,6659400
2024-01-12,140.04244995117188,140.69337480918813,139.3822170450497,140.36790528563114,5684700
2024-01-16,139.2892303466797,140.87936005986572,138.44303507326936,139.62399375002946,8120100
2024-01-17,139.42872619628906,140.04246147969855,138.56391480801224,138.70340783920471,6541400
2024-01-18,138.6248779296875,138.86817283262403,137.48323812280995,138.7090937485454,6526200
2024-01-19,138.0915069580078,139.0740534743877,137.84819775846248,138.727823341138,7848100
2024-01-22,138.3628692626953,138.6903942765055,136.88435184160357,137.53003503649833,11084100
2024-01-23,144.0897674560547,146.35432767869824,143.06978224230966,143.27565265152342,19101600
2024-01-24,142.3492431640625,144.3237172608298,142.32117122305655,144.0429835720617,11592700
2024-01-25,145.62442016601562,145.66185893570295,142.293083599193,142.61124174800034,10352500
2024-01-26,146.1110382080078,146.12975759464345,145.36241980837397,145.8022325827073,8356600
2024-01-29,146.12974548339844,147.22459391215463,145.41855163727135,146.61633526592976,8987400
2024-01-30,147.3743133544922,147.77668730287252,145.81158032466664,146.2981700838187,7794700
2024-01-31,147.04681396484375,148.31946101536687,146.6350731133938,147.84222372593655,8870000
2024-02-01,148.95578002929688,149.0680820772157,146.5602124280964,146.70058641831767,7601100
2024-02-02,147.935791015625,149.3488120434806,147.4117624008079,148.75927271245692,7937700
2024-02-05,148.04808044433594,148.78733197466045,147.4398217778439,148.01064167292012,6931900
2024-02-06,148.7499237060547,148.8528589206138,147.7299241149835,148.14166497322006,6185400
2024-02-07,148.89964294433594,149.56404559282174,148.54406023269763,148.88093783441963,7209300
2024-02-08,148.45046997070312,148.88093021481555,147.6363550910032,148.60019651462997,6121600
2024-02-09,147.30885314941406,148.1697594938637,146.87840711654493,148.0948962101666,5978000
2024-02-12,147.01873779296875,147.48662251457088,145.5027958641646,147.2526801537698,5482000
2024-02-13,146.23269653320312,148.75927120254582,145.49343066867561,147.61763132669245,6046800
2024-02-14,145.63377380371094,146.1297303668331,144.96001879744958,146.1297303668331,5727300
2024-02-15,146.92515563964844,147.30882453956437,146.12039334459215,146.260767328778,6249200
2024-02-16,147.39305114746094,148.272676776036,146.60700818185714,146.9532383331734,6617600
2024-02-20,148.32879638671875,149.52658002743036,147.97321373878415,148.50659485003968,6622100
2024-02-21,150.09744262695312,150.09744262695312,148.9651693730969,148.9651693730969,7121000
2024-02-22,150.24713134765625,150.7430879832937,148.44110327424215,149.21779358331966,6619500
2024-02-23,150.68695068359375,151.35135326378727,149.8728358459089,150.28457668110394,5486500
2024-02-26,149.92897033691406,150.81794838702007,149.7886106422106,150.68694124572767,4531900
2024-02-27,149.0680694580078,149.53595416171862,148.74991128637438,149.17100466397252,3868200
2024-02-28,149.7698974609375,149.83539389494314,148.450459161237,148.85284743390176,3802900
2024-02-29,148.731201171875,149.8260497333646,148.02000723952665,149.6576038045999,8348100
2024-03-01,148.64697265625,148.81540429192614,147.48661347744175,147.8983542918159,4819800
2024-03-04,149.31137084960938,149.49852188348186,147.54276716390362,147.6082778790487,3841600
2024-03-05,149.08682250976562,149.71378644086903,148.5814989195734,149.2178296852393,4481600
2024-03-06,149.3207244873047,149.71374590731898,148.70311327926478,149.4236454099373,5405700
2024-03-07,150.3032989501953,150.5746801128812,149.22716969064652,149.6763350718214,4783900
2024-03-08,150.05064392089844,150.89283075315325,148.12294677111444,149.58275917437703,5080200
2024-03-11,151.17355346679688,152.17481932663384,150.49044578457477,150.97703560491223,5170900
2024-03-12,151.5291290283203,152.0812438149892,150.87409331728932,151.4262081039582,4229100
2024-03-13,151.8753662109375,152.27774017196245,150.96766881198943,151.95022947132264,5410500
2024-03-14,151.12677001953125,152.17482726100613,150.78053988341023,151.8192445704823,5848100
2024-03-15,151.0144805908203,151.12676835725497,150.00384785678185,150.37814993070327,10956900
2024-03-18,150.85540771484375,152.2684145226669,150.65888983677232,151.10805519973772,6086300
2024-03-19,151.43556213378906,151.7537202995762,150.81795090934978,151.4074901943789,6148100
2024-03-20,151.58529663085938,151.9689512492003,151.0986925243262,151.60400173897753,4870300
2024-03-21,151.463623046875,152.02509035161998,150.77114860818375,151.678845992921,5211500
2024-03-22,151.2764892578125,151.97831632927847,151.0986907817811,151.78179846663633,6393200
2024-03-25,149.90090942382812,151.2764916479319,149.47044919722953,150.81795948032777,7145600
2024-03-26,150.23779296875,150.78989353542366,149.854124054807,150.0599944828394,5842700
2024-03-27,152.1654510498047,152.2871056316729,150.97702000479615,150.9957393894005,6599700
2024-03-28,151.82859802246094,152.66143228792268,151.31392195308365,152.3619934794635,7191500
2024-04-01,150.26583862304688,151.66014004557897,149.53593969815267,151.388758947599,5971900
2024-04-02,150.2565155029297,150.3875226618111,149.38624244280302,149.38624244280302,6771200
2024-04-03,146.12037658691406,150.5465758414634,145.68056385524673,150.31263350669172,9601800
2024-04-04,145.46534729003906,146.99065594888532,145.42792279746402,146.80350492859498,6801700
2024-04-05,146.07362365722656,146.97195437497328,144.75418524440747,145.31563837332183,5121200
2024-04-08,146.01747131347656,146.63508263073757,145.6338166576416,145.95197487124517,5476800
2024-04-09,146.59762573242188,146.68184154469668,145.6992808987038,146.23267626719098,4608100
2024-04-10,147.140380859375,147.4585390182425,145.65249670945718,145.65249670945718,7784900
2024-04-11,145.83030700683594,147.4772703698203,145.7648105705583,147.43047904178852,8209800
2024-04-12,145.3530731201172,145.95196500825082,144.80097256110676,145.25013790752973,6770500
2024-04-15,145.46534729003906,146.74736105037863,145.35305953360637,146.3730447310903,5754000
2024-04-16,145.93324279785156,146.85965969321748,145.67122849428094,145.83967442012414,6103300
2024-04-17,146.87838745117188,147.02809971980992,145.73674751538877,146.26077615239555,6621900
2024-04-18,148.1375732421875,148.4578001794136,146.88497618153588,147.2428548970473,7819300
2024-04-19,148.93812561035156,148.9757917612091,144.58695945543425,145.9619967108138,12034200
2024-04-22,151.19845581054688,151.90481464074688,148.099901398602,149.21123239341455,8926300
2024-04-23,152.1025848388672,152.66767758972676,151.08542650986328,152.27210404158168,7707300
2024-04-24,153.1385955810547,153.38346146138127,150.1436267572117,151.8200505146867,7217600
2024-04-25,153.0915069580078,154.75851782423877,152.64885427391874,153.48706617914772,7094600
2024-04-26,151.90481567382812,153.81670680847324,151.15137774654985,153.04441425083354,5659800
2024-04-29,152.25331115722656,152.37573692875517,151.07604631350975,151.79181816496242,4621000
2024-04-30,153.70367431640625,153.84495470107404,152.19678414296416,152.42280976498176,8106100
2024-05-01,153.8920440673828,154.68317690999012,152.78071302917263,153.77903124882795,7543000
2024-05-02,154.30642700195312,154.9186132355389,153.1762558249798,154.02388061498326,5647500
2024-05-03,154.89036560058594,155.1258185363718,152.72419571717444,154.02388615049594,5581500
2024-05-06,154.8715362548828,155.38010830881785,153.76019084679103,155.19174882109775,5472400
2024-05-07,156.11471557617188,156.37842172506296,155.0127975173968,155.38010353698849,6433000
2024-05-08,155.46487426757812,156.68921806000503,155.3330068249833,156.32191204809556,4579400
2024-05-09,156.37840270996094,156.65153614082644,155.4460183579378,155.4460183579378,4671100
2024-05-10,157.14132690429688,157.62164581701168,156.05823455787143,156.4255406372203,4879400
2024-05-13,156.21832275390625,157.8947466520881,155.73800389686807,157.1413086891046,5725500
2024-05-14,156.11471557617188,156.40668929971523,154.41003855265896,155.89810289049146,6009800
2024-05-15,156.82106018066406,156.9811664443255,155.5119424992855,155.690889020703,5102700
2024-05-16,158.092529296875,158.54459493694665,156.8964242872173,157.2166368501469,6793600
2024-05-17,157.88531494140625,158.22436773281282,157.16954321328407,157.91356814311462,4700800
2024-05-20,157.57452392578125,158.11136352926354,157.08477778467747,157.80056392265385,3804600
2024-05-21,158.55401611328125,158.73294827676142,157.5556835725372,157.99833625099808,5147100
2024-05-22,158.04544067382812,158.62935940892794,157.87592144269902,158.23380016538536,4536700
2024-05-23,155.86044311523438,158.32798548256764,155.70033683049752,157.55569289287556,4729800
2024-05-24,155.70973205566406,156.6327035094885,155.54019847464784,156.1994781697144,3820100
2024-05-28,153.6189422607422,155.17292617445767,152.81839638342854,154.91864730408128,6466200
2024-05-29,152.24386596679688,153.27045171188155,152.027253284839,153.18567773119625,4360400
2024-05-30,153.1197509765625,153.23276378413553,152.08375233745534,152.24385860515258,4748200
2024-05-31,154.9656982421875,155.1823252906506,152.54524952973603,152.98790219968166,10341400
2024-06-03,155.0692901611328,156.5667816812364,154.1086525772548,154.39118458962713,5828400
2024-06-04,157.29197692871094,157.3955767971898,154.8338476592645,155.20115367097918,6277000
2024-06-05,156.3878631591797,157.29199450245912,155.3801175649379,157.29199450245912,5243300
2024-06-06,158.66702270507812,158.77062256982413,155.47428152724137,156.18064032208054,6302000
2024-06-07,157.33908081054688,159.1379448410319,157.13188105986757,158.6011052040242,4558200
2024-06-10,157.61219787597656,157.96066361542344,156.41609296176082,157.07535829486565,4110600
2024-06-11,157.734619140625,157.75345939843672,156.35958210939677,157.25430034822162,3947700
2024-06-12,155.56846618652344,157.8853295371354,154.6643349064609,157.75347646000512,5474500
2024-06-13,156.7268829345703,157.28254836901237,154.89976600147762,154.89976600147762,4902200
2024-06-14,157.08477783203125,157.2166309041866,155.63439403832254,156.3313399173762,3695000
2024-06-17,157.7534637451172,158.89306225417627,155.77565337666658,156.19948014912487,6759400
2024-06-18,158.7517852783203,158.83654488626752,157.22605485164374,157.31081445959092,5112600
2024-06-20,157.91357421875,158.95898583489966,157.150709001461,158.57283956882034,8483600
2024-06-21,158.46923828125,159.0531713325701,157.45207987701244,157.73462627334067,14682000
2024-06-24,158.648193359375,159.55233900216,157.73463477220434,158.9401527153127,7565200
2024-06-25,157.14132690429688,159.08145718859666,156.24659407045118,158.81775099680308,7968200
2024-06-26,157.70639038085938,158.04544321948677,156.02055350354232,156.38785954781298,5164000
2024-06-27,156.92466735839844,158.31855907921485,155.86984280937557,157.7440533435706,5007000
2024-06-28,155.32359313964844,157.50860331251303,155.00338059149286,156.34075156106056,9253100
2024-07-01,153.25161743164062,156.538545791156,152.7618712711922,155.95461270223024,7638600
2024-07-02,154.36294555664062,154.49479863148525,152.30038982248004,153.1197614753782,5449200
2024-07-03,154.29702758789062,154.65492066749468,153.4964818164313,153.71310887561663,2980500
2024-07-05,155.59674072265625,155.9922999717431,153.98623614981634,154.46655501565579,6509200
2024-07-08,156.83050537109375,156.97177139310114,155.9828661263265,156.2936657456504,5144500
2024-07-09,156.02052307128906,157.0565072749229,155.5307769841518,156.93408153131767,4393100
2024-07-10,157.09420776367188,157.2072205785711,155.90751572360082,156.2465685392058,5037100
2024-07-11,155.90750122070312,156.93408688720234,155.1917295080787,156.62328730423351,5831500
2024-07-12,156.91526794433594,157.88533296950627,156.35960241941467,156.54796190928027,4684600
2024-07-15,155.00338745117188,156.9246771960391,154.8903746340937,156.78341117469134,5752500
2024-07-16,157.23548889160156,157.34851608826926,155.03165256384855,155.31419899915477,6378300
2024-07-17,159.58059692382812,160.26811552790048,157.5933734107384,157.988932650242,7982300
2024-07-18,158.6387939453125,160.97448336293277,158.48810059684445,158.9778467939113,5926300
2024-07-19,159.13809204101562,160.16135350606817,158.35168514351167,159.14756159736942,6597100
2024-07-22,159.41287231445312,159.83923371743694,158.89175750754418,159.1096729877644,6383000
2024-07-23,157.8684844970703,159.57394459909017,157.58425319451692,159.2802292815584,4863400
2024-07-24,159.17601013183594,159.44130232546846,156.8831193398177,157.5842569700409,5907000
2024-07-25,158.13375854492188,161.15620967898195,158.10533541792694,159.47918735692753,7338300
2024-07-26,160.2277069091797,160.42668328004495,158.2569546026695,158.46540053125597,5581600
2024-07-29,161.00460815429688,161.58256915869072,159.2802091548953,159.98134667972428,6797800
2024-07-30,153.20689392089844,153.85118523483354,149.73912766614475,153.29216330650573,15746300
2024-07-31,152.31626892089844,154.3059747266237,150.84769237471113,152.36364562243276,9660900
2024-08-01,156.98733520507812,157.574765827646,152.24047015065204,152.42997695810968,12532700
2024-08-02,161.14674377441406,161.40256638050434,156.47567888209835,158.64540734080515,11899000
2024-08-05,159.23284912109375,161.90473896579726,157.9158577709473,161.90473896579726,10338800
2024-08-06,159.26126098632812,161.3836127456826,159.03387596530558,159.08123820645957,7454900
2024-08-07,161.0898895263672,162.70059599446395,159.18545332500958,159.71605208173574,8385500
2024-08-08,161.89524841308594,162.5490092830414,160.12347260294035,160.52141085914388,6386900
2024-08-09,161.5825653076172,162.26474924596548,160.7393121695669,161.1846270864703,5377300
2024-08-12,158.04849243164062,160.73932119660915,157.47053140856357,160.5024521618618,7208100
2024-08-13,158.50328063964844,158.9865027345382,157.71688814834175,158.55065733917434,3770000
2024-08-14,159.93397521972656,160.56878249823416,157.11050037241282,157.7547772076724,5476600
2024-08-15,159.10018920898438,160.76774198469752,157.991643877379,160.55931053790442,9491400
2024-08-16,159.07177734375,159.50762275342854,158.03903176392524,159.0054615281068,5640800
2024-08-19,159.5739288330078,160.35086620279787,159.33705979938964,159.3465293560925,3885300
2024-08-20,161.45941162109375,161.60152725839603,159.28021361931525,159.9055513381222,4513600
2024-08-21,161.22254943847656,162.8616791734839,160.69196509354973,161.25097256714486,4082000
2024-08-22,161.21304321289062,162.24580308912655,160.25609761244363,161.90471113476195,4097300
2024-08-23,160.28453063964844,161.17516048980931,159.41285435960575,161.11831423679274,4771300
2024-08-26,161.40255737304688,161.98998792125627,159.83921315345088,159.83921315345088,6472400
2024-08-27,160.36032104492188,162.11315751579235,160.19925185172175,161.85733493490412,4456400
2024-08-28,160.18032836914062,162.20792691340796,159.7255438289578,160.52142038861268,5644800
2024-08-29,161.099365234375,161.6394335680211,160.06661972239095,160.83407307455045,4413200
2024-08-30,162.53004455566406,162.85219741867377,160.77722243727072,161.2225373628384,7301600
2024-09-03,165.35353088378906,165.8083153578589,162.00894145058612,162.04683413286787,10101400
2024-09-04,166.6610565185547,166.7558099207636,164.51029597033826,164.51029597033826,7517500
2024-09-05,166.25364685058594,167.27692286226335,165.49566301334275,166.7463385133949,6061900
2024-09-06,166.36734008789062,167.741177666601,166.13047104130817,166.52840930468597,5785700
2024-09-09,166.81265258789062,167.55168284572378,165.48619172955912,166.31996093022218,6450200
2024-09-10,168.4517822265625,168.59391232673886,166.67053685453237,166.67053685453237,6396300
2024-09-11,164.78504943847656,167.70327770057628,164.5102877175973,167.32429302543133,6828200
2024-09-12,164.35870361328125,165.43882594269866,163.38280424798918,164.76611145473674,4838900
2024-09-13,164.9366455078125,165.37247642902582,163.7238772248927,164.26393109810718,3918000
2024-09-16,167.9306640625,167.99697986966785,165.16403566950333,165.53355075897426,6892300
2024-09-17,166.64212036132812,167.67486595997195,166.14942868430904,167.35272751848777,4757100
2024-09-18,164.78504943847656,166.6610481579197,163.5059653168584,165.85570210890205,5102900
2024-09-19,162.53004455566406,164.0649656754808,161.43098326235256,163.7996735228879,8692000
2024-09-20,165.06932067871094,165.3725055742049,162.49218400897834,162.50165356725162,28647500
2024-09-23,164.64295959472656,165.98837419682138,163.52493005040833,164.87034465250315,10265000
2024-09-24,164.14077758789062,165.33459236248484,163.55333252902187,163.79968558695813,5422400
2024-09-25,163.21221923828125,165.5051095453831,163.02272691966752,164.9271630336792,8916500
2024-09-26,164.11236572265625,165.43882667435446,162.35952889752497,162.4921749926948,4957200
2024-09-27,164.43450927734375,165.28723213599378,163.51545614038025,163.92286399628134,4599500
2024-09-30,164.10287475585938,164.86085860643732,163.63862067110173,164.60503598468264,6296600
2024-10-01,163.9512939453125,164.8608775620574,163.15541731649893,164.14080077275096,7130600
2024-10-02,162.8900909423828,163.3922521236212,162.09421448049608,162.97536032244108,6212700
2024-10-03,161.1846466064453,162.36899185709774,160.85303861066632,162.36899185709774,4794300
2024-10-04,160.00978088378906,161.15621895816415,159.42233582494669,159.98135775515755,6002800
2024-10-07,158.3422088623047,160.67300654223934,158.10533982585085,160.27506829587753,6325300
2024-10-08,159.3275909423828,159.73499874247275,157.53686161865892,158.08639951394701,7473000
2024-10-09,160.37930297851562,160.8909337734417,159.17600413727988,159.53604972536766,8758800
2024-10-10,160.0760955810547,160.87197209186107,159.52655766911533,159.93397993888888,6932300
2024-10-11,162.10369873046875,162.40689805238733,160.0950538234461,160.55932236363165,7036500
2024-10-14,163.44911193847656,163.761780815304,161.77208949550115,162.03738167147486,5909000
2024-10-15,164.45346069335938,165.72307540663704,163.74285350135975,163.80916932146272,7172200
2024-10-16,163.32594299316406,163.52490488810344,161.91419832822191,162.8522049192378,6117000
2024-10-17,163.231201171875,164.55766209000626,162.73850949199496,163.13644776743433,7045600
2024-10-18,163.2378692626953,164.12421042756347,160.55028460961736,162.30388738746097,8372500
2024-10-21,161.5795440673828,163.42845714031776,160.5407265712995,162.95193375213202,5522500
2024-10-22,161.73202514648438,162.7136621027001,160.65509224386585,160.65509224386585,7511400
2024-10-23,161.61769104003906,162.17998520693592,160.8075953781874,161.58910079713525,4837800
2024-10-24,161.6558074951172,161.97985448722437,160.99820281966566,161.46520102715738,5861200
2024-10-25,160.32156372070312,161.44615217384447,160.15000770273244,160.98869369649398,4877900
2024-10-28,161.350830078125,161.69392751617465,160.47402874585154,161.33176506980547,5753800
2024-10-29,159.3208465576172,160.93149812547313,158.99681410578646,160.93149812547313,5681000
2024-10-30,158.35824584960938,159.46378353053237,158.16763941484237,159.24457231532844,5518100
2024-10-31,157.42428588867188,159.19695377110617,157.3385151546046,157.9770548565645,6056500
2024-11-01,157.34803771972656,158.5393462592692,157.24320198655317,157.548169410659,5454800
2024-11-04,157.32899475097656,158.46312296627218,156.8524712684048,157.9389442269747,5130200
2024-11-05,157.97703552246094,158.5107539568029,156.61418555126698,156.61418555126698,4397400
2024-11-06,153.48818969726562,158.24388391128628,152.30640643272727,157.8340807685472,11473700
2024-11-07,155.73739624023438,156.25203516370826,153.89800817514086,154.35548115416375,9056700
2024-11-08,159.8354949951172,159.873610470817,156.23296449199248,156.31874976141378,7506200
2024-11-11,158.23435974121094,160.60745151896046,157.99609804015603,159.15881630469127,6364400
2024-11-12,158.05328369140625,159.21600199397292,157.7959715163354,158.33920065049227,6507500
2024-11-13,158.758544921875,158.96821639081452,157.90079403739315,158.26295649144154,5412300
2024-11-14,159.23507690429688,160.1499937794559,158.6918331940187,158.88245420682324,7444300
2024-11-15,161.5795440673828,162.56119562599793,159.044450694413,160.05467795059235,9939400
2024-11-18,162.7327423095703,163.399872166061,160.90289418505012,161.1697461276464,6681000
2024-11-19,162.74227905273438,163.13303176143734,161.6939362161997,162.6755733335375,5683700
2024-11-20,162.86618041992188,163.0377364200006,161.5509710745696,162.02749451362868,7081100
2024-11-21,164.6388397216797,165.3631500765296,162.22763240752224,163.60002216815616,6240400
2024-11-22,168.0030975341797,169.0705053525008,165.71579091139424,165.97310309037752,10609800
2024-11-25,169.06100463867188,170.42386939368376,168.5940063792558,169.14677537743924,19357000
2024-11-26,170.89083862304688,171.03380438454846,168.87990906692835,168.87990906692835,6276700
2024-11-27,170.9384765625,171.95822908801352,170.33805241816216,171.54842593970312,5522900
2024-11-29,170.8431854248047,171.19582267354482,169.90920351625851,170.309481477064,3823700
2024-12-02,171.2625274658203,171.70093544470765,169.65187585505817,170.7097585108501,5728200
2024-12-03,167.1834716796875,171.1862654214533,166.97380021557373,170.37618434859593,8127300
2024-12-04,166.8880615234375,166.92617700498278,165.3155397831029,165.99219501251983,6823500
2024-12-05,167.7648468017578,168.1746645360474,166.25903093530584,166.64978365949452,5022200
2024-12-06,165.65863037109375,168.4415257627118,165.59191010324568,167.1358415323853,5741200
2024-12-09,162.77085876464844,165.6014089621415,162.42776133033593,165.48704799815076,7164300
2024-12-10,164.19090270996094,164.81037731743672,161.95123689707427,162.4182350676426,6219900
2024-12-11,162.61837768554688,165.24878157864254,162.39916645436733,164.8866191465545,5237500
2024-12-12,162.82806396484375,163.75252059444978,162.03703331567874,163.38081835356996,4072800
2024-12-13,163.0281982421875,163.72391839817794,162.13233184120017,162.75182104345424,3884500
2024-12-16,163.1044158935547,164.66741194046583,163.06630042319347,163.39985805145574,5943600
2024-12-17,162.33245849609375,163.8763896139103,162.03701632340932,162.65649090856445,6069200
2024-12-18,161.14114379882812,162.55164889564804,161.0839633214669,161.78920859870732,7517100
2024-12-19,161.24598693847656,162.1132629979191,159.49238435448757,161.07443095616256,8585200
2024-12-20,160.16905212402344,161.8940646047935,159.63534821199966,160.9410177497965,21999300
2024-12-23,160.2167205810547,160.7599497711612,158.54888844733938,160.1690653259087,6983900
2024-12-24,161.00775146484375,161.23647342205837,159.55911605233527,159.74972253079483,2460800
2024-12-26,162.1704559326172,162.30388191029087,160.1785915007954,160.40731343832692,3629400
2024-12-27,161.57003784179688,162.74228144278015,161.3127111100498,161.46520210236966,4367900
2024-12-30,159.2445831298828,161.04584096408414,158.88243524193308,160.7503987887805,4354500
2024-12-31,159.77830505371094,160.18812277781842,158.76807767858944,159.5019278546526,3957600
2025-01-02,158.18670654296875,160.7885348226987,158.1200008278256,160.19763590763188,5401700
2025-01-03,157.37661743164062,158.68228685007153,156.53793162236786,158.44402515810444,5256600
2025-01-06,153.059326171875,155.8231561521326,152.9068351894543,155.16555151499134,8731700
2025-01-07,153.72647094726562,154.9749600844142,153.1927669993861,153.87896194447174,8447400
2025-01-08,154.48890686035156,154.77480929380116,153.03074628039263,153.43102422956358,4974800
2025-01-10,151.11509704589844,153.6406797706565,150.07627953255212,152.6304379553493,8501500
2025-01-13,151.38197326660156,152.57328194795357,150.97217006054078,151.86803651569227,6772200
2025-01-14,152.23971557617188,152.55422279522622,150.8768509602697,151.39150442502827,5982200
2025-01-15,152.15391540527344,153.58348560153598,151.85847322482024,153.0497817217057,8059200
2025-01-16,152.96400451660156,153.04025000225133,151.6678603452346,152.12531871679369,5774400
2025-01-17,153.564453125,154.15533755512408,152.1062925173868,152.23971850297423,7262700
2025-01-21,154.12672424316406,154.72714835961315,153.40241393585976,153.40241393585976,13914700
2025-01-22,157.0049285888672,160.24528175822692,156.71901165219674,159.25411952575413,14356700
2025-01-23,158.34873962402344,158.66324685207476,155.65162964308436,156.1853335904411,7614300
2025-01-24,157.36781311035156,159.0841775908773,156.48566526597054,159.0841775908773,6199800
2025-01-27,162.67990112304688,162.94838027398046,159.2759512646192,159.860855407228,9170800
2025-01-28,159.3526611328125,162.6127734577469,159.27595071409428,161.96075684516657,6716300
2025-01-29,159.39100646972656,160.40739389715955,159.05541485311127,159.8608522902073,4850300
2025-01-30,160.52247619628906,160.70466161956537,159.10335533656666,160.5895886711179,4136500
2025-01-31,159.160888671875,159.7649594297241,158.41298039566868,159.1704719873591,5464700
2025-02-03,161.81689453125,162.41139652747765,158.43212646560642,158.66225768650236,8668600
2025-02-04,161.2128448486328,162.32510931695919,159.43895120518133,162.32510931695919,6410900
2025-02-05,162.056640625,162.18129688947073,159.75538649195505,161.1744927196322,7536800
2025-02-06,161.9320068359375,162.93879642353048,161.11697136586753,162.4018380752095,4957900
2025-02-07,161.05941772460938,162.16209883438245,160.963526049405,162.1333342580242,4535600
2025-02-10,160.6375274658203,161.54843991121908,159.55401292083164,160.79094830300772,7062900
2025-02-11,162.45932006835938,162.59357424747802,159.64987287193784,160.79091634633906,5438100
2025-02-12,162.6031951904297,163.08262434904128,161.0594327144597,161.42380355692987,6037400
2025-02-13,163.9839324951172,164.32912203032524,162.18127440780677,162.65112019020563,6328300
2025-02-14,156.1884307861328,163.00591401027376,155.62270789012945,162.8045473259078,13179500
2025-02-18,158.6239013671875,158.94032632165633,155.5267935488626,156.629489232196,7075300
2025-02-19,159.6403045654297,160.00466072681678,158.44173183359695,159.26635045833845,7910700
2025-02-20,160.3306884765625,160.87723005067357,156.10212023937504,156.43771183582493,6162600
2025-02-21,163.2264404296875,163.53328210127665,159.09376359595313,160.5512322739693,9813700
2025-02-24,163.52366638183594,165.86328266486194,162.80452275210325,163.2168393746109,8564100
2025-02-25,165.546875,166.79339368124596,163.77299597335656,164.23324384776473,7314900
2025-02-26,164.25241088867188,165.54686066668486,163.62914428650427,165.1920878182762,5519000
2025-02-27,164.8948516845703,165.96876822481073,163.6099851623519,163.82093514432992,5467000
2025-02-28,166.6879119873047,167.46458481634903,164.77979346434776,166.43861411348044,10240100
2025-03-03,168.3659210205078,169.03711888690304,166.37149405249326,166.43862115464086,7615300
2025-03-04,166.05508422851562,172.58492196851873,165.79620300492076,169.4782156062228,12117600
2025-03-05,167.42625427246094,168.63441050604445,165.90167303295902,166.2468626184139,6989100
2025-03-06,167.4741973876953,168.60564318041457,165.7290682254807,167.69473070422222,6702500
2025-03-07,168.7111358642578,171.53018195653624,166.88931072091708,166.9276586200216,9566700
2025-03-10,169.00836181640625,172.58491387588145,168.59605976266923,169.48779097527262,11047000
2025-03-11,165.99754333496094,168.7494765904781,165.23046840383657,168.59605575184665,11032300
2025-03-12,161.44296264648438,164.76061870672632,160.8676564616383,162.71824590453323,10158800
2025-03-13,161.65390014648438,162.3250979591185,160.39779824762303,160.8005169352035,6609000
2025-03-14,161.05941772460938,161.65390514403325,159.76495326442756,160.8868156354446,6790500
2025-03-17,162.7757568359375,164.05103995120876,161.21282797595538,161.44294457172407,9931700
2025-03-18,160.8101348876953,163.25521189284325,160.68547862447778,163.0730411025473,6099900
2025-03-19,161.63475036621094,161.80733783701584,160.23481081305528,160.96353785259234,7569200
2025-03-20,160.65670776367188,162.24841602014828,159.19923908117443,161.94157434761567,8789200
2025-03-21,159.8320770263672,161.22241850171096,157.3678044090142,160.26356029374767,16027300
2025-03-24,158.83486938476562,160.0046776653547,158.55680691919048,159.5827776781237,6102100
2025-03-25,156.1500701904297,158.56638242018698,155.5268035560038,158.49926995153487,8366700
2025-03-26,159.7266082763672,159.9567395224316,156.28431068678373,156.6295002403725,7756000
2025-03-27,161.76898193359375,162.07580896572813,159.76495706980666,160.96352988333243,6211700
2025-03-28,161.116943359375,162.7278327553393,160.72380798304272,162.41140779129248,5479100
2025-03-31,163.4086151123047,164.09899419702705,161.1840716634333,161.1840716634333,11520100
2025-04-01,163.54287719726562,164.01272305409958,162.10458967787454,163.55247514457926,7021100
2025-04-02,162.52647399902344,163.84970307102904,161.38543033617987,163.07303022650953,6274500
2025-04-03,165.29757690429688,167.60842885097355,163.70586866153081,167.06187261311374,9393300
2025-04-04,157.01303100585938,166.45779017373235,156.74455187904812,164.70307790356338,13454200
2025-04-07,153.6378631591797,157.92396098218373,152.64065695283966,156.9267547758437,15708000
2025-04-08,151.87356567382812,156.56238217935612,150.2626907514213,155.63228845712723,11541100
2025-04-09,155.6418914794922,157.90478309732836,150.24351438818601,150.88594771493024,10670200
2025-04-10,156.8308563232422,158.27874167500485,154.13646692510954,156.1980063535055,10581600
2025-04-11,160.0430145263672,161.10734763947644,155.9295049415068,156.64864854141808,8602800
2025-04-14,162.17169189453125,163.11136883295822,158.95951107516356,160.1676671388554,9877300
2025-04-15,161.53884887695312,163.15932164365276,161.3566634703752,162.18128214208562,8765000
2025-04-16,159.54443359375,162.69907099556946,158.96911275542232,162.32511683996148,5897500
2025-04-17,163.6099853515625,164.58801021712011,160.46493151063655,160.6375189700824,7227100
2025-04-21,159.9214324951172,163.97373734240534,158.50312359023386,163.91584958664956,8062400
2025-04-22,161.97653198242188,162.8352346891698,158.75397134699128,160.02756082965539,7907400
2025-04-23,159.90213012695312,160.7511897957603,157.37426666855274,160.5485679303526,9309200
2025-04-24,153.920166015625,155.29988807653487,151.07390497698984,154.8560573844486,20077700
2025-04-25,155.35775756835938,156.11032779592298,152.22204337943904,154.25784610328827,12892800
2025-04-28,156.1585693359375,156.84359402351663,154.74990358950222,155.3770405257046,8127000
2025-04-29,156.5541534423828,156.6795867288435,153.6017601012058,155.61826212544543,8266200
2025-04-30,156.853271484375,157.42252074065007,154.32539315331638,156.7374812448725,12475500
2025-05-01,154.35433959960938,155.67617390687255,153.45704988129256,155.0104352269768,6792800
2025-05-02,154.87533569335938,156.11996650518572,154.2771279151578,155.27090689884503,5750200
2025-05-05,153.2447509765625,155.25160962389677,152.4632369507026,155.23230880090108,7576200
2025-05-06,153.65000915527344,154.09383983531853,152.1062669106664,152.48255205848452,7703800
2025-05-07,153.68858337402344,154.42186750455582,152.96495701713445,153.42808848553886,6430000
2025-05-08,153.0710906982422,154.37362403996582,152.45359679097098,152.8105958076703,7230800
2025-05-09,152.11590576171875,153.53421453987482,151.87469698614413,152.46324698743484,6453200
2025-05-12,155.24197387695312,155.38670798663398,151.18002603180958,151.89399463958932,7378400
2025-05-13,153.14828491210938,155.06831223175277,151.8264654187392,154.39293054617005,7780800
2025-05-14,152.46327209472656,153.56318370358915,152.02909917163672,152.55974678751446,5988900
2025-05-15,156.69886779785156,157.18128533453194,153.1193231979086,153.9780258243111,8727300
2025-05-16,157.5382843017578,157.68300368738093,156.15857708476327,156.93043343770822,7100800
2025-05-19,158.97589111328125,159.34251845761898,157.66371472595938,157.72160247915923,8119900
2025-05-20,159.81527709960938,160.1626183065121,158.81185512534296,158.82149817584613,5576600
2025-05-21,159.61265563964844,160.51960294438933,158.8311416028186,159.02412039105548,6424200
2025-05-22,159.22674560546875,160.35560097833135,158.25226739185646,158.6574963932264,6245600
2025-05-23,160.02755737304688,160.3748986133421,157.7312450220831,159.0337783537442,5349800
2025-05-27,161.86074829101562,162.07301321336868,159.45831805871828,159.45831805871828,11423800
2025-05-28,161.47482299804688,162.9027750013373,161.18536948762147,161.75461873405396,5385900
2025-05-29,162.6326141357422,163.047500914997,160.58716828348201,160.87662177934547,4842500
2025-05-30,163.91586303710938,164.97718772044348,162.6712320195792,162.81595142084396,12587500
2025-06-02,161.8800506591797,163.09573772605825,160.38455313643564,163.07645162181834,7574400
2025-06-03,160.98275756835938,161.52306291996987,160.06615235878803,160.91521203829973,6223000
2025-06-04,160.11439514160156,162.14055490804583,160.0854512639852,160.8283784746436,4939000
2025-06-05,157.07516479492188,159.62232899279775,156.79535435799542,159.6126712191145,10351800
2025-06-06,158.25225830078125,159.42935830856607,157.53827502192667,157.54791807299478,5697700
2025-06-09,156.84359741210938,158.25226318897876,156.37083761750816,157.6444123419591,6544200
2025-06-10,157.11376953125,157.76020738601147,156.226122862523,156.96905013175774,7680000
2025-06-11,156.409423828125,157.04621854853897,156.00419483937495,156.91114221895563,5960100
2025-06-12,157.44178771972656,157.56722099635968,155.99453504060176,156.27434546967328,6509900
2025-06-13,154.64376831054688,157.2970648297189,154.28678403543987,157.03655523107082,7104500
2025-06-16,155.22268676757812,156.2550527433062,154.38327015907464,155.22268676757812,6332000
2025-06-17,152.9456787109375,154.73061498225755,152.7430568429046,154.43151842838438,6809700
2025-06-18,152.46327209472656,153.07110829816526,152.11593081181115,152.97463360537736,7211200
2025-06-20,153.4859619140625,153.73681372770824,152.29921892174085,152.47288216452299,16173400
2025-06-23,155.36740112304688,155.52177827848718,153.40878697032252,153.4763324966586,6588200
2025-06-24,154.72097778320312,156.05245510923004,154.03593829340483,155.512135014775,7470100
2025-06-25,153.37985229492188,154.7016718024103,153.12900044394513,154.19996810045683,5933700
2025-06-26,153.05181884765625,153.94910855428188,151.64315291933934,153.93946550187917,7410400
2025-06-27,154.23855590820312,154.49906553484155,152.72375757511017,153.10004271482484,19257000
2025-06-30,153.71754455566406,154.27713599217773,152.56938836121975,153.65964207947863,11238200
2025-07-01,155.55072021484375,156.81465187453895,153.77542711606904,154.25784467914147,10664900
2025-07-02,155.5314178466797,155.67615194749453,154.2385423238073,155.47353009523997,8848700
2025-07-03,155.17442321777344,156.32257928548856,154.1709865190079,156.1006566234798,6999600
2025-07-07,154.85604858398438,155.51212944901576,153.68859152186872,155.23233372062688,7225700
2025-07-08,152.3378143310547,154.16135209290832,151.903641477702,153.91050026529052,12034800
2025-07-09,151.98086547851562,152.63694643700475,150.46606694200943,152.54047173722512,18770900
2025-07-10,152.91671752929688,153.99732811061546,151.51769488186443,152.21237731905921,7200500
2025-07-11,151.52737426757812,152.49220948771907,150.93882419440345,152.49220948771907,8053800
2025-07-14,148.35305786132812,150.32132995104223,147.4847120537712,150.1090650252453,11491700
2025-07-15,147.31101989746094,148.63285403052757,146.55844967733398,148.160079519026,9142600
2025-07-16,148.32411193847656,148.35305581684844,146.91546078365556,147.36893450777083,8479000
2025-07-17,150.1476287841797,150.27306205430645,148.46882518569416,148.62318760791004,8320000
2025-07-18,150.6693115234375,151.12588636258516,149.24130337936217,149.38701244594296,7337300
2025-07-21,150.60130310058594,151.4853109598331,150.46530303169374,150.64016873335274,6328400
2025-07-22,153.79733276367188,153.84589257212104,150.47501771271098,150.49445052982847,8187000
2025-07-23,153.75845336914062,154.34131924733188,153.17558749094937,153.7001697459005,4804800
2025-07-24,154.2733154296875,154.4773229387162,153.53503147980788,154.33159905429704,7027400
2025-07-25,153.7779083251953,153.913908406635,152.53447477406192,152.84532575039668,5799900
2025-07-28,152.62188720703125,153.5738876959294,151.76702115493734,153.1270366762591,7885000
2025-07-29,152.13616943359375,154.11788683997233,150.4167283452607,154.11788683997233,11466100
2025-07-30,148.51272583007812,152.51502623377806,147.70643442219668,152.51502623377806,8162900
2025-07-31,146.1715850830078,147.65787700120129,145.62758474993012,147.463593285516,11845400
2025-08-01,146.346435546875,149.10531766386632,146.22015928464705,147.4441600304472,8594200
2025-08-04,146.4532928466797,147.1333080794207,145.73444162322934,145.95786715298576,7679400
2025-08-05,146.21041870117188,147.73557607686698,146.02585882786025,146.40471721690304,6670100
2025-08-06,148.49330139160156,149.09558532088482,145.91900896202327,146.55043470576243,7376200
2025-08-07,149.1053009033203,149.61043554124578,148.33786030399077,148.74586050672855,6719000
2025-08-08,149.12472534179688,149.39672548871127,148.21159046166792,148.40587416333585,5811000
2025-08-11,150.55274963378906,150.95104089970837,148.93045757578616,149.15388311546616,7331700
2025-08-12,150.6595916748047,151.0967337089651,149.90187486282096,150.6304498607204,6938000
2025-08-13,150.970458984375,152.5247434352289,150.52359312573043,150.7761752808803,5812400
2025-08-14,149.34817504882812,150.28074280449118,148.89160016867532,150.2224591726244,6343700
2025-08-15,149.95045471191406,151.1550374199343,149.8047456364223,150.05731297490695,7121700
2025-08-18,151.27159118652344,152.43730815516315,149.76586664153675,150.00872496095732,8274500
2025-08-19,153.8750457763672,154.16647876311623,151.2230367250355,151.2813203578058,7868100
2025-08-20,154.95333862304688,156.42992156361632,153.88477076074994,154.04991266248044,7840400
2025-08-21,154.19561767578125,154.5161924728786,152.68989295834731,153.4184680000511,6417500
2025-08-22,154.13731384277344,156.08988936239084,153.7875972756738,154.82703798059876,5797300
2025-08-25,151.68931579589844,154.16647387030105,151.43674845427702,153.86533189528018,4692500
2025-08-26,151.51446533203125,152.2236075484004,150.902457559839,151.4658906984943,6338000
2025-08-27,152.4761962890625,152.64133819189217,151.33960614229167,151.68932276678322,4551200
2025-08-28,151.20359802246094,152.52474799780023,150.60131407674197,152.5150390003488,5857400
2025-08-29,152.5538787841797,153.05902825017412,151.20358709120853,151.63102011451954,5318200
2025-09-02,153.47674560546875,154.32188779570916,152.49558852927274,152.86473791024906,6432800
2025-09-03,153.65159606933594,154.10817088473445,152.0293043132392,153.1464466266385,6592500
2025-09-04,154.64248657226562,155.18648690901549,153.30190372606242,153.99162796773294,6934900
2025-09-05,155.44876098632812,155.97332844682737,153.8847527787027,154.02075284793554,6436200
2025-09-08,154.46762084960938,155.69163643018345,153.72933679586913,155.05048682349204,7178400
2025-09-09,154.90476989746094,155.30304630911894,153.68075437886807,154.07904561342278,4984900
2025-09-10,152.85504150390625,154.39961695221885,151.43674230983228,154.06933317513875,6205500
2025-09-11,154.09848022460938,154.79791343683286,152.8938975095807,153.21447230042455,5819500
2025-09-12,153.38931274414062,154.58418638032518,153.2727454910088,153.41845455742356,5957000
2025-09-15,152.34988403320312,153.9916086583258,151.73787631965206,153.3698919481564,5995000
2025-09-16,153.5350341796875,153.86531794021303,152.40816800776975,152.65102632984363,6559600
2025-09-17,155.74989318847656,157.05161017292053,153.90416113825933,153.90416113825933,6764200
2025-09-18,152.82589721679688,154.47733089837243,152.670464327899,153.6321738293003,7651500
2025-09-19,151.5824432373047,153.11730960602793,151.51445061527477,153.10760060942238,17224800
2025-09-22,148.69729614257812,151.62130491735067,148.67786332697798,151.62130491735067,8712900
2025-09-23,148.14358520507812,148.91101102603324,146.65729337213102,148.82358558242376,8853400
2025-09-24,148.0658721923828,149.24131308990073,147.45386442713078,147.70644658949988,6483300
2025-09-25,147.80357360839844,149.48416392334155,147.44414802356945,148.85272337203298,7511400
2025-09-26,148.14358520507812,148.31843609229708,147.20129367400753,147.8812940513532,5721100
2025-09-29,149.1441650390625,149.32873975217544,147.4538656284933,148.06587339873155,8139700
2025-09-30,149.26072692871094,149.9698839401892,148.47386829409467,149.0761670451376,7762600
2025-10-01,148.80413818359375,149.4938623134623,147.08471200284347,149.30928762422022,7566000
2025-10-02,147.70643615722656,148.4350111318697,147.2984359501739,148.35729468916026,6892100
2025-10-03,147.920166015625,149.04701747934675,147.65787485067642,147.65787485067642,5212600
2025-10-06,146.11329650878906,147.96873780005848,146.10357268845038,147.1721553229241,6737000
2025-10-07,148.1824493408203,148.79445714690902,145.76358957941798,146.45329901599294,6844400
2025-10-08,146.3852996826172,148.42530090469947,146.32701605097157,148.42530090469947,5254700
2025-10-09,146.2784423828125,146.56015154525875,145.30700898791235,146.43387528349186,6134500
2025-10-10,145.4138641357422,147.1818651686376,145.18071478972323,146.62815585332586,7374000
2025-10-13,143.27670288085938,145.16127103330547,142.77155341399862,144.74356182892342,7511100
2025-10-14,144.89898681640625,144.98641225122373,142.8784038819969,143.35441150971715,8585300
2025-10-15,143.20870971679688,145.14186751455213,143.06300063629408,144.28700138120954,10003100
2025-10-16,145.32643127441406,146.10356607569742,143.6944155813474,143.78184102305738,8809700
2025-10-17,147.0749969482422,147.68700467580112,146.1327054533545,146.26872034649733,8612900
2025-10-20,147.6190185546875,148.0367277806686,146.9778689854687,147.25957813521214,5601300
2025-10-21,147.2886962890625,147.92984575528536,146.56012139278042,147.61899484077665,6013400
2025-10-22,147.85214233398438,149.07615775412103,146.48241785092458,146.97785831065437,6394400
2025-10-23,147.86187744140625,148.92073624053725,146.27843632991357,147.99787751814878,8205400
2025-10-24,149.1697540283203,153.9728344665201,148.23065008567193,152.99460803426382,11968500
2025-10-27,148.4361114501953,148.45566523531306,146.86116600811286,148.3089372141624,7775300
2025-10-28,148.0741424560547,149.83495316428636,147.34047257150416,147.8295858278712,5819300
2025-10-29,145.53074645996094,147.68284156577917,145.23727555313337,147.37959376845916,7405500
2025-10-30,146.32313537597656,147.516573011961,146.08835562041213,146.21552985382868,6760700
2025-10-31,147.09591674804688,147.81003285336692,145.29598353714172,145.47207207220424,7930300
2025-11-03,144.79708862304688,146.94918390672686,144.5525320015707,146.83180150491484,8946400
2025-11-04,143.96559143066406,146.2448609544514,143.06562484674595,145.36446307986137,9295400
2025-11-05,142.61563110351562,144.21014503293102,142.478679994192,143.67211748681987,11199900
2025-11-06,142.94822692871094,143.4862395011485,141.31459065109382,142.70367033158473,10024500
2025-11-07,143.77972412109375,144.71882811134077,142.8210663483271,143.75037852076275,8500100
2025-11-10,142.3319549560547,143.42756385344666,140.9526520163762,143.1927990477494,10208100
2025-11-11,145.30575561523438,145.41336112572125,142.4982503778291,142.78194441754522,7332500
2025-11-12,144.78729248046875,145.90247004402823,144.29817925212598,145.29597441737957,7851100
2025-11-13,144.73838806152344,145.75573697338695,144.42534844153425,144.9535841420777,7566800
2025-11-14,144.45469665527344,146.12747043595405,144.39600545710059,145.85356822678017,9150800
2025-11-17,142.64498901367188,144.75794681497158,141.85261304581445,144.53295890947066,9902300
2025-11-18,143.78952026367188,144.18080489755508,142.34173427988958,143.14388718386778,10735200
2025-11-19,143.78952026367188,144.3275329036233,142.68411952945138,143.7601746624582,6367000
2025-11-20,144.96337890625,145.4231465283615,142.94823482289357,143.44712493502374,9021300
2025-11-21,147.63394165039062,148.2013148118135,145.07099299581822,145.1492529070371,12018000
2025-11-24,143.77972412109375,147.1350487156044,143.34930208083685,146.8318008944829,13846900
2025-11-25,145.25685119628906,145.4133560843928,144.01449942311194,144.112328038909,10477700
2025-11-26,145.02207946777344,145.72640374599067,144.39601510119724,144.6992629297112,9238500
2025-11-28,144.9340362548828,145.4720637945254,143.9753635745919,144.58187413134868,4707200
2025-12-01,144.22972106933594,145.64814654365367,144.14168426455913,144.87535415747024,8240700
2025-12-02,142.6841278076172,143.00694436624823,139.40706283414838,142.12653149910372,16376800
2025-12-03,143.51560974121094,145.0611944043203,142.68411128406947,142.74280248310512,9125300
2025-12-04,142.1950225830078,144.21016703908398,141.35374708977125,143.47649707149003,10479300
2025-12-05,140.3265838623047,142.45912532454915,140.1309415539968,141.9993576904224,12791700
2025-12-08,135.32785034179688,139.79835260870635,135.13220802723131,139.79835260870635,17507500
2025-12-09,136.5897674560547,137.81255054958365,135.97348000041964,136.15934541888427,10375700
2025-12-10,136.775634765625,138.2038370797448,136.50171761645993,136.60932312724032,13650400
2025-12-11,137.69515991210938,138.75164634743118,137.30387527379114,137.92993965103162,11798000
2025-12-12,139.72987365722656,139.99399899918353,137.77342060150548,137.92994042833573,10268800
2025-12-15,141.97000122070312,142.15586662365797,140.0820165200331,140.15049953230076,13877700
2025-12-16,142.04827880859375,143.34930693815744,141.50045942189865,142.91889980986795,10251700
2025-12-17,144.59165954589844,145.21772392169242,143.26127088151722,143.49605061989703,9833300
2025-12-18,142.3515167236328,144.2884009089423,142.18522001885609,143.42755685922654,12239900
2025-12-19,141.31459045410156,142.86996682728406,140.8059085533541,142.34171621935977,19345600
2025-12-22,139.5831298828125,141.25588869764735,139.31900457068835,140.58092500796434,11731400
2025-12-23,140.0624542236328,140.60048174982583,138.98641409779762,139.38749051973704,9541600
2025-12-24,141.34396362304688,141.58852026753695,139.72010392126,139.78857201990965,3259200
2025-12-26,141.5885009765625,142.46889880615424,141.16785584354352,141.16785584354352,4711500
2025-12-29,141.4221954345703,141.91130862634532,140.81568492671528,141.6471833233528,7662100
2025-12-30,140.9135284423828,141.31460488443864,140.44398390804153,141.14829324627766,6006400
2025-12-31,140.1896514892578,141.00158135746835,140.11139157016547,140.8646302306951,5293200
2026-01-02,138.70272827148438,140.21898232528127,138.164715640037,139.9939944106823,8946100
2026-01-05,137.31365966796875,138.27233245936685,136.56043595172406,138.02777581541787,12297300
2026-01-06,136.86366271972656,138.34077924808673,136.47236319375153,137.3332072243459,10421800
2026-01-07,135.0343780517578,136.75606622638384,134.62352471732706,136.75606622638384,14369100
2026-01-08,138.44837951660156,138.69293611363173,134.81916797554175,134.88763606090416,9297100
2026-01-09,138.78099060058594,139.23098136417676,137.76364159491175,138.6146938845888,9528500
2026-01-12,140.33636474609375,140.7472180394953,138.6244685603122,139.18204984187494,12812000
2026-01-13,141.09938049316406,141.19719417666795,139.85702879291816,140.86460078496438,15549200
2026-01-14,143.1634521484375,143.70146477431476,141.22655295969358,141.52980078200304,13475000
2026-01-15,141.48089599609375,143.16344668131725,141.20699378469,142.5080218255822,10102800
2026-01-16,141.38307189941406,141.57871421001954,140.5320196386769,140.6298333307039,11729300
2026-01-20,143.79928588867188,143.79928588867188,140.98198898047917,141.31459731242754,12901400
2026-01-21,142.8797607421875,144.16123507378632,141.81349743552684,143.85798724588759,14126800
2026-01-22,146.6654815673828,147.62415421643684,144.2883985058945,144.85577162679866,18501900
2026-01-23,147.92355346679688,149.401311303758,147.57875232435734,148.6033244770038,14562600
2026-01-26,147.2733612060547,148.642749624448,146.31774320553586,147.8940093166009,12655700
2026-01-27,146.14039611816406,147.42112259537095,145.73647203113578,145.87441052844025,9546000
2026-01-28,145.1552276611328,146.50492341901068,144.61338009647605,145.80544473872092,7465800
2026-01-29,147.67726135253906,147.90386171227883,144.9286383741246,145.1059620999764,11035600
2026-01-30,149.51954650878906,149.71657788628465,146.9383858562462,148.19940471125457,12651400
2026-02-02,150.91848754882812,151.45047376679855,149.0072516350481,150.15990096775937,10554900
2026-02-03,153.01690673828125,154.20895631917858,149.94316018786608,150.3273766276017,12424700
2026-02-04,154.54391479492188,156.02167267984566,153.45037335877703,153.81489719251235,12178500
2026-02-05,156.25811767578125,157.2826898506833,153.80503420142952,156.4847030065954,13077700
2026-02-06,156.80979919433594,157.61764731475964,155.66699625777377,155.89359660327557,10441700
2026-02-09,154.99710083007812,156.9181830781391,153.7065280129841,156.40588946781264,11439900
2026-02-10,156.7211456298828,157.77527173233983,154.39613937463824,155.1941261981174,9910100
2026-02-11,157.62750244140625,158.75059779500006,155.84434372524265,156.2876680693531,10217300
2026-02-12,158.81956481933594,160.72093932530024,157.2826840647245,157.64720788113706,13512900
2026-02-13,157.6964874267578,160.15941739819442,157.34182490956968,159.34172284377368,13998900
2026-02-17,157.18417358398438,159.765319051939,156.52411024036732,157.57823631576093,13319100
2026-02-18,154.53407287597656,156.62263260223827,153.46023905691038,156.62263260223827,14434300
2026-02-19,156.20884704589844,157.58809666349603,154.5045039445223,154.5045039445223,10724600
2026-02-20,158.39593505859375,158.6717819848204,155.8147895206744,156.77040745529172,11508100
2026-02-23,162.72085571289062,162.90804079611343,157.92307293410906,157.94278058300924,14772400
2026-02-24,162.8292236328125,164.39564347302232,161.50909678757395,162.4548534700461,9709500
2026-02-25,160.9672393798828,162.5533667721119,159.69637421761428,162.10018107467624,7878500
2026-02-26,161.3218994140625,162.06077834267654,160.44509702007508,161.7849314119297,7028600
2026-02-27,164.72073364257812,164.76999524257963,161.26278579090197,161.6075869258529,14878500
2026-03-02,161.08546447753906,164.08039570453482,161.02635656414978,162.8390693932343,9095500
2026-03-03,157.35165405273438,159.78502980166675,156.2679589705066,159.78502980166675,10161000
2026-03-04,155.95272827148438,157.24330116695603,154.97740259437612,157.0758237333674,8752700
2026-03-05,151.70663452148438,154.77051989797488,151.48989548912576,154.6128887776175,10060300
2026-03-06,151.3519744873047,152.14010003689327,149.63776984863387,151.3815284437877,8187900
2026-03-09,152.9183807373047,153.91339892648327,150.63277475529094,150.8790677258081,12494900
2026-03-10,153.69667053222656,154.8197659541039,151.32241755707258,153.1843919415674,7756800
2026-03-11,151.04656982421875,153.07602162573,149.18458041692423,152.92823681446026,8855100
2026-03-12,148.26837158203125,150.78056294424613,148.10089416222095,149.9530221525258,8489300
2026-03-13,148.41615295410156,150.28798873789205,147.95312092033714,149.1254779831649,7298900
2026-03-16,149.86434936523438,150.3766429785721,148.41614542375342,149.60821007483085,6944000
2026-03-17,149.2338409423828,151.18449220282605,148.95799400237624,150.74115280475118,6147700
2026-03-18,144.53457641601562,147.4014152272885,144.2882834404146,147.09601434274808,10059300
2026-03-19,142.69229125976562,145.1946362491204,142.6430296593396,144.0518332623683,10340300
2026-03-20,142.14060974121094,143.65778298375244,142.111055784898,142.84008844985587,60620900
2026-03-23,141.85491943359375,143.9828794949957,141.35247210077165,143.9828794949957,10315600
2026-03-24,141.03721618652344,143.07651425140372,140.12099848068462,141.20469360962718,8567600
2026-03-25,141.78594970703125,141.96328848053437,140.12100665387263,141.60862596605958,8418100
2026-03-26,140.30819702148438,142.4263258800331,140.13087327383215,141.559369693648,6443200
2026-03-27,140.59390258789062,141.94358341607483,139.90427016258346,140.60374889616895,11558300
2026-03-30,142.57408142089844,143.4114835656516,140.45596780656587,140.91898477889455,11616300
2026-03-31,142.29823303222656,142.77111133974066,140.1702580996175,142.67260316829584,10407500
2026-04-01,141.95343017578125,142.82038634804553,141.08648903604873,141.7859527393269,8061700
2026-04-02,140.997802734375,142.07165156982936,140.4658165030053,141.95342071533437,5941700
2026-04-06,140.6529998779297,141.53964859701762,139.8155977290451,140.8894315190035,6823100
2026-04-07,139.2047882080078,140.6529920592033,138.65309436612947,140.40669909175548,7207500
2026-04-08,142.75140380859375,142.95829652409785,139.766334122587,141.02735296533763,10849700
2026-04-09,144.48532104492188,144.76116798688773,140.87958811882837,142.24897652091994,6794800
2026-04-10,143.007568359375,144.71191167727235,142.6134905474848,144.71191167727235,9790300
2026-04-13,141.4509735107422,142.93857756606974,140.51506327639626,142.84991570895394,7121400
2026-04-14,142.2391357421875,142.57409060866175,140.65300824796367,141.1160402826616,6621600
2026-04-15,141.2539520263672,142.25881654232523,140.15054927473156,142.21941628058443,7698200
2026-04-16,140.9879608154297,142.15045652101287,140.54463643673324,141.07662268466274,6947100
2026-04-17,144.75131225585938,145.40152937248862,141.03722470313383,141.2835176988996,10886000
2026-04-20,142.34750366210938,144.4853250376877,141.4608398676902,143.89421584140823,8084700
2026-04-21,140.20968627929688,142.4755698536542,140.20968627929688,142.4755698536542,11197200
2026-04-22,140.7318115234375,141.175135870657,140.1111484178121,140.38699534641668,7236300
2026-04-23,143.54940795898438,144.06168653710807,141.27364818248435,141.27364818248435,11288800
2026-04-24,147.08203125,151.29061979953673,146.5261830755894,150.88365411979794,13786200
2026-04-27,147.30039978027344,148.59077024600995,146.3276654919543,146.3276654919543,9166400
2026-04-28,148.064697265625,150.06973396702963,147.33017497116106,148.91832555270014,7965700
2026-04-29,145.37478637695312,147.64781156823693,144.80900261897824,147.2011489489405,9002400
2026-04-30,146.00010681152344,146.62544356094526,144.86855445040024,146.00010681152344,9491700
2026-05-01,146.16883850097656,148.17387509806076,145.37477839724775,146.77431917479143,6814800
2026-05-04,142.3572998046875,144.97773760551402,142.20841731714523,144.97773760551402,9642800
2026-05-05,143.82632446289062,144.8189147356386,141.12647770935808,142.31759815323613,7664300
2026-05-06,146.80410766601562,147.8463305694715,144.85863904890977,145.31522213128636,9399500
2026-05-07,144.9777374267578,146.89344458988742,144.93804047870418,146.89344458988742,9545800
2026-05-08,145.33506774902344,146.42692312109028,145.12663227072707,145.46410933273836,5741000
2026-05-11,142.29774475097656,144.86854997018716,140.91804485205006,144.70973188862237,7489500
2026-05-12,142.8436737060547,144.77922176188346,141.80145086192348,143.280415861365,9051200
2026-05-13,141.18605041503906,143.59803758588825,140.61034622073603,142.0892960817053,6685900
2026-05-14,141.65257263183594,143.2109315738657,141.57316358796368,142.11907615278005,9636200
2026-05-15,140.52101135253906,142.33743821269604,140.1537426546991,142.33743821269604,6989400
2026-05-18,141.33493041992188,143.35980794213955,140.58056725394388,141.0470859006894,7731200
2026-05-19,140.2530059814453,142.64515212961857,139.80634339609261,141.41433476165247,8355800
2026-05-20,141.3845672607422,142.15878649680377,139.57804561278098,140.40189739386727,8375600
2026-05-21,142.3374481201172,142.65508429757702,139.0519765313656,140.82872171436264,6297300
2026-05-22,143.3697509765625,143.5682660152007,142.46649013317318,142.80396721343075,4616700
2026-05-26,141.9007110595703,144.53106920558864,141.47388936950904,143.43921385494397,8157200
2026-05-27,146.39715576171875,147.43936350970256,142.39701787414097,142.39701787414097,10048900
2026-05-28,144.828857421875,145.612997111615,143.93551704523207,145.612997111615,10196700
2026-05-29,142.4962615966797,144.56085124616453,142.13892848146642,144.44174525633545,12355800
2026-06-01,139.24057006835938,140.76916765583465,137.8310936193964,140.47138752814354,11093800
2026-06-02,139.77658081054688,140.07434579993173,137.99983559667405,139.08175544671062,9599500
2026-06-03,139.1512451171875,141.3944938803485,138.96265052530114,139.88575229098456,9351000
2026-06-04,139.7368621826172,142.07937591254404,138.85345741537546,141.64263375422658,8194000
2026-06-05,145.4541778564453,147.13165790934903,140.7493094643581,141.16619557848443,10963200
2026-06-08,144.0248565673828,145.4641094530425,143.94544752700992,144.70973114236304,7200700
2026-06-09,147.5684051513672,148.37240090955876,143.45908171837834,143.59804376120496,8259300
2026-06-10,147.94558715820312,149.31535147231375,147.28055347507657,148.7992154215363,7345900
2026-06-11,147.2408447265625,148.51135912703037,146.67507611881535,147.598177848302,6684700
2026-06-12,148.50143432617188,149.08705896400699,147.20114346579274,148.2731427996088,6832000
2026-06-15,149.3451385498047,150.37742576552802,147.65772297578928,147.65772297578928,9158900
2026-06-16,151.360107421875,151.88617909397178,149.43447972594635,150.38735797717848,8518900
2026-06-17,149.44439697265625,151.80676679379997,148.6602572796902,151.25091863487825,7055800
2026-06-18,149.26573181152344,151.16156774393545,149.06720163806705,149.75209135760457,17076100
2026-06-22,146.58572387695312,149.77194530936566,146.47655348709506,148.99772611003655,10533000
2026-06-23,149.74217224121094,150.24838783829253,148.2632072518497,148.55106691849042,7259600
2026-06-24,150.91342163085938,152.21372763836797,149.8017253482469,150.8638042327417,8618500
2026-06-25,147.399658203125,151.16156874163084,146.72470407524094,150.44691766622896,11197200
2026-06-26,147.9158172607422,149.76203590587528,147.3202569962244,149.22602863866396,16724600
2026-06-29,147.3500213623047,147.94558157778496,145.95046545793386,147.62794542400204,10387700
2026-06-30,145.55343627929688,146.4368410119005,143.1017371059213,146.4368410119005,9353800
2026-07-01,146.33758544921875,146.40707404244185,144.47152592322945,145.44426020826734,9571700
2026-07-02,150.28810119628906,150.54616922223693,146.64529660699972,147.4790688253476,9256000
2026-07-06,148.2036590576172,150.09951021404746,145.8710808804345,149.56350295674108,8323100
2026-07-07,151.6181640625,152.35268631631146,149.49402148604588,151.5288345729856,8061400
2026-07-08,147.30039978027344,149.95062930520396,147.25078238006273,149.84144376243256,14272300
2026-07-09,145.7618865966797,146.56588228869282,144.5211487643815,145.68247755792555,7748000
2026-07-10,145.95046997070312,147.4889879534934,145.62292850235943,146.01003811067335,12473000
2026-07-13,147.27061462402344,148.93817416597793,146.01995632685183,146.98277010767168,7816100
2026-07-14,144.99758911132812,147.64780332666248,144.5112144243791,147.2706141757336,7668100
2026-07-15,146.9530029296875,147.48899504939956,143.5881222814616,144.20352344589517,6180000
2026-07-16,150.37742614746094,150.3972821936961,147.08201917579933,148.38232515400534,6485400
2026-07-17,148.86868286132812,153.17653609779785,148.20364920502914,151.72734765498078,8917400
2026-07-20,148.02499389648438,148.98780768360248,147.33016858111816,148.45180044864716,5788300
2026-07-21,147.00262451171875,147.3103250709858,145.7916631750561,146.76439739532225,7027600
2026-07-22,148.02499389648438,149.3451407916641,147.71729333176688,148.3922474549245,5371200
2026-07-23,145.88099670410156,146.51625388635964,144.51121725190643,145.05714494268898,6499200
2026-07-24,147.41000366210938,147.99000549316406,145.39999389648438,146.4499969482422,6620700
2026-07-27,148.6300048828125,150.25,147.85000610351562,147.85000610351562,7301800
2026-07-28,148.8800048828125,153.67999267578125,148.52000427246094,151.5,12848800
2026-07-29,146.10000610351562,146.3800048828125,140.1999969482422,141.3800048828125,14616800
2026-07-30,143.9600067138672,144.4499969482422,142.25,143.75999450683594,9571100
2026-07-31,144.49000549316406,144.6999969482422,141.4600067138672,143.50999450683594,9152600
2026-08-03,144.97000122070312,147.14999389648438,144.25999450683594,145.85000610351562,8843600
2026-08-04,148.00999450683594,148.25,143.7899932861328,144.0399932861328,7362300
2026-08-05,146.8000030517578,147.85000610351562,144.66000366210938,147.85000610351562,9753300
2026-08-06,146.97000122070312,148.5,145.4499969482422,147.82000732421875,8766700
2026-08-07,145.7899932861328,146.0,143.8800048828125,144.89999389648438,7565500
2026-08-10,146.44000244140625,146.4600067138672,144.14999389648438,144.72999572753906,7386500
2026-08-11,145.2100067138672,145.7100067138672,143.92999267578125,145.41000366210938,7936700
2026-08-12,144.0800018310547,144.94000244140625,143.7899932861328,144.0500030517578,7195000
2026-08-13,144.25999450683594,145.8000030517578,144.0,144.58999633789062,7489600
2026-08-14,144.5500030517578,144.90499877929688,143.42999267578125,144.3249969482422,7248954
