Date,Close,High,Low,Open,Volume
2021-08-25,125.47175598144531,125.87631090464524,125.10238674865009,125.8235457884472,3861500
2021-08-26,125.25186920166016,125.50691844195595,124.41639037120787,125.3749922564699,4749400
2021-08-27,125.1551513671875,125.55970628877876,124.56591853963745,125.30465700229044,4741200
2021-08-30,125.70038604736328,125.7531645732107,124.92647545388597,125.41017796193836,3845800
2021-08-31,125.22547912597656,126.2280563461744,124.92646792788727,125.79711897052405,9642400
2021-09-01,126.50070190429688,126.80851627368483,125.08477996004576,125.17273075684446,6214200
2021-09-02,126.59744262695312,127.28341590103825,126.27204883318154,126.6150354702241,5392500
2021-09-03,126.68539428710938,126.96681268432482,126.21928458280908,126.43034502586876,5466400
2021-09-07,126.21052551269531,127.08119040249669,126.01704442607277,126.92289501493951,6520600
2021-09-08,127.16912078857422,127.46813208550275,125.77077799287169,125.83234624663294,6897800
2021-09-09,126.63265228271484,127.4153662138323,126.33362756813857,127.14273747886253,6354700
2021-09-10,126.75575256347656,127.04597409282898,126.0433967275241,126.6941843211559,5750000
2021-09-13,128.118896484375,129.48205333859443,127.38896122159545,127.38896122159545,9952500
2021-09-14,127.89904022216797,128.71693974923267,127.4769058898102,128.5146690053083,5831800
2021-09-15,127.62641906738281,128.1980724827621,127.29223551839833,127.82870324267864,6237100
2021-09-16,126.7381820678711,127.68799448975801,125.60369172527312,127.38018006269289,6142100
2021-09-17,126.94044494628906,128.6465886303481,126.84370442545863,126.96682750475107,18737400
2021-09-20,125.66522216796875,127.3889584700257,124.85612583660568,126.8348979766132,10238700
2021-09-21,125.85870361328125,127.10752709112674,125.65643288460258,125.74437026170278,6651300
2021-09-22,126.28965759277344,126.94924839478429,125.63885650380209,126.48313863491603,6332500
2021-09-23,126.80854034423828,127.24826757288497,126.19292490801493,126.69420697057892,5171200
2021-09-24,126.24569702148438,127.03720070912821,125.84114204417945,126.46556064798663,5009400
2021-09-27,124.58349609375,125.91146722096167,124.46037303175295,125.89387437798857,5749700
2021-09-28,123.64248657226562,124.32845990683926,122.7366496453438,124.04704148672612,7015300
2021-09-29,124.90010070800781,125.48053033454606,123.28189463269818,123.3610557167143,5460000
2021-09-30,122.94772338867188,125.53332137892522,122.71026695176468,125.44537057431998,6934900
2021-10-01,122.7542495727539,123.32588957807776,121.64614183437138,123.06205056815541,5587200
2021-10-04,122.05948638916016,123.47540869690611,121.01294678727051,122.58716446660262,5816000
2021-10-05,122.53438568115234,123.5809385857708,121.9979179493483,122.0682759131237,6902700
2021-10-06,124.17015075683594,124.23170557775744,121.90994683746248,122.23535404315801,5332900
2021-10-07,125.16397094726562,125.78837612772463,124.66267544068435,124.66267544068435,5334600
2021-10-08,124.64503479003906,125.42774845849286,124.03820927034012,125.13752697431487,6131800
2021-10-11,125.16397094726562,125.559722788592,124.68026828812862,125.20793293676023,5995600
2021-10-12,124.97925567626953,125.79714176383779,124.61867617943683,125.41019313000187,6734800
2021-10-13,125.26947021484375,125.55088860730565,124.0294364551835,125.23428452865639,5689800
2021-10-14,126.68539428710938,126.9140475735599,125.5948661268064,125.61245897019724,6777800
2021-10-15,127.01078033447266,127.40653206047331,126.35997936279134,127.09873112665359,6923700
2021-10-18,125.1815414428711,126.37760001493201,124.97048096624313,126.24568721703953,9119000
2021-10-19,123.70405578613281,123.84477170699337,122.06827010950303,122.3145162613046,9555300
2021-10-20,124.1877670288086,124.84735785695959,122.99170845698508,123.25553405271768,7352700
2021-10-21,123.29399108886719,124.91337116843005,123.16124704802552,124.6478965893447,6545500
2021-10-22,124.62135314941406,124.78062979871605,123.28514952629814,123.34708594460504,5265000
2021-10-25,124.63906860351562,124.70100502855476,123.04623442436979,124.24970763721333,5382100
2021-10-26,126.40887451171875,126.70088171803172,124.98417478177795,125.32043000506528,6234900
2021-10-27,125.50625610351562,127.14332457809681,125.38236976758733,126.66548114025852,9643500
2021-10-28,126.25840759277344,126.43539963128767,125.40006101844395,125.55933764999062,4538500
2021-10-29,126.53277587890625,126.96637138997144,125.67441555758042,125.79830191825629,6239500
2021-11-01,126.22303771972656,127.24953229785314,126.09030717195112,126.86017135424657,5038900
2021-11-02,127.47962188720703,127.9397770250418,125.90448947578128,126.29385047682602,9954300
2021-11-03,128.35568237304688,128.4087745992585,127.00177659424794,127.54157006506718,7620100
2021-11-04,128.59457397460938,128.65651038654096,125.95754380730732,126.39999690217851,6402500
2021-11-05,129.23170471191406,129.5237253990261,128.13442958741825,128.70076905565423,6062700
2021-11-08,128.2671661376953,129.28481648943693,127.44420975575161,128.7538673056936,5854400
2021-11-09,128.65650939941406,129.0458702803288,127.93973755163772,128.33794263344717,4873100
2021-11-10,129.92193603515625,130.35553143573227,128.8334916766475,128.9662357095032,7334900
2021-11-11,129.55030822753906,130.0547114216861,129.3821873320919,129.95737116505782,4096300
2021-11-12,129.6918487548828,130.1520037533771,129.1786015455232,129.85113889007565,5687400
2021-11-15,130.43521118164062,130.74493385407837,129.61225462746265,130.10780010128184,5510200
2021-11-16,130.24935913085938,131.48822253720243,130.09006897713044,130.4263376885372,7603900
2021-11-17,130.16970825195312,130.77143799054758,129.56796501076155,130.05466612438772,4900200
2021-11-18,130.18743896484375,131.03695513950018,129.64764546386243,130.11664482507226,5509300
2021-11-19,129.92193603515625,131.1696435273781,129.89537642650737,130.92187086916402,6274300
2021-11-22,130.7891387939453,131.7979313197853,129.93077870148704,130.05466502913066,6625400
2021-11-23,132.2404022216797,132.29349444030345,130.6741142592842,130.81570251068015,7912800
2021-11-24,131.5501708984375,131.7448513603534,130.68295302168542,131.64751112939547,5665200
2021-11-26,130.4971466064453,132.48818598688902,130.35555834321198,131.47939324090154,6299800
2021-11-29,131.8687286376953,132.43506807818773,129.89537804593502,130.78028426561673,7113300
2021-11-30,127.93978118896484,131.44400330721388,127.5327182648241,130.7980253540571,11696400
2021-12-01,129.55030822753906,130.85112188311615,128.1787139331431,128.1787139331431,8313500
2021-12-02,130.311279296875,131.37317751569404,130.02811634042754,130.0900527517205,9468800
2021-12-03,132.6297607421875,132.73594517749797,130.66526767335264,130.98383448188258,11200800
2021-12-06,134.63845825195312,134.85084057773614,132.9040498504762,132.9040498504762,11935100
2021-12-07,134.2845458984375,135.0190198291001,133.8597946081194,134.46152447752004,7913400
2021-12-08,134.8862762451172,135.08981443925236,132.98373288369785,134.21375224118387,8329300
2021-12-09,135.67384338378906,136.44370756090427,134.15180343407704,134.78007935945186,8334300
2021-12-10,137.56752014160156,137.86838500099222,135.7711481808945,136.1428206573144,7172300
2021-12-13,139.52316284179688,140.10720419077944,137.08082652232085,137.42593940988374,8944000
2021-12-14,140.03640747070312,140.3726761507056,138.6294098400568,139.72668489674328,8677500
2021-12-15,140.57623291015625,141.2664588301285,139.4966460091534,139.4966460091534,9152600
2021-12-16,142.56723022460938,142.75306645706667,140.18683052306483,140.4611492688762,10852900
2021-12-17,139.3373565673828,143.1070526696618,139.20461251641441,142.16905412092095,24349400
2021-12-20,139.69131469726562,140.2222638997388,138.54979146532716,138.5763375751909,9202600
2021-12-21,139.6028289794922,139.94794193582433,138.7444686901994,139.50548873526517,6946000
2021-12-22,140.9832763671875,141.21334714126553,139.16921577521555,139.61166891947218,6626300
2021-12-23,141.67349243164062,142.39910851688018,141.08945108083486,141.14254329407223,5640900
2021-12-27,143.3282928466797,143.3459947556743,142.1248195844518,142.17791180883535,4548600
2021-12-28,144.09815979003906,144.5760168235941,143.30174940424806,143.31945131357247,5929400
2021-12-29,145.29275512695312,145.9918251030011,144.31050867788488,144.42555080787403,5346100
2021-12-30,144.03622436523438,145.6467470573661,143.89463609485338,145.47861267411375,5911500
2021-12-31,144.75294494628906,144.88567546344913,143.76185441123823,144.115811458729,5327000
2022-01-03,144.15122985839844,144.18663367160542,141.47882257300412,143.0805008043599,9317300
2022-01-04,144.65565490722656,145.46976720091007,143.51411805331995,143.61145830053212,9253800
2022-01-05,145.31048583984375,146.29273248364154,144.59370031388312,144.62910413132815,9330200
2022-01-06,144.0893096923828,146.18653352441459,143.89462920557986,145.42551348580307,7556000
2022-01-07,144.0096435546875,144.70871352953375,143.31056007724388,144.3547564414643,6098500
2022-01-10,142.04515075683594,144.34589883605176,141.73542817761583,143.80610549968927,8055000
2022-01-11,140.3992156982422,141.7796671583605,138.85062990597677,141.7796671583605,11957900
2022-01-12,140.7089385986328,141.01866118859624,139.66475570007796,140.0452589080808,7127500
2022-01-13,140.0718231201172,141.09831774813804,139.62052573314577,140.97443139665964,6551000
2022-01-14,141.4168701171875,142.01861340753783,139.42583099182232,139.87714183523462,10708000
2022-01-18,138.69134521484375,140.28417907845912,138.08075777524144,140.28417907845912,10988400
2022-01-19,143.35482788085938,145.29277493670168,138.9037500460011,139.47008956666104,14088300
2022-01-20,144.12884521484375,146.20181109915475,142.4562345188065,142.4562345188065,10799100
2022-01-21,144.68043518066406,147.1092827357591,144.21780918726765,145.01851950895636,10900400
2022-01-24,143.50608825683594,146.0149910625927,141.21070100658693,145.4011066894963,14838100
2022-01-25,141.9402313232422,143.50608442451403,140.4722576163053,142.74984731760384,9369600
2022-01-26,140.7035675048828,141.96693116531927,139.12883605828478,139.98292538940487,10707100
2022-01-27,141.5754852294922,143.55058571580568,141.08615608639528,141.21960331837317,9083000
2022-01-28,142.79434204101562,143.1946972942537,139.9651522476609,141.11283911701085,9494200
2022-01-31,142.74981689453125,142.92775100661632,141.34411433070485,141.7711724903121,8950100
2022-02-01,142.11819458007812,143.50610010751444,140.3299202019908,143.05235236357854,6284100
2022-02-02,144.66265869140625,144.8761742145395,141.87794275617756,142.47402955076416,7558800
2022-02-03,146.03277587890625,146.78010740934624,143.79076771208167,144.11105459305662,10474500
2022-02-04,143.71070861816406,146.34418020597477,143.6039508428155,145.13420897517074,8959900
2022-02-07,142.6342315673828,144.3602081666951,142.05592847270609,144.01323174009255,6430500
2022-02-08,142.3139190673828,143.47940343039403,142.03810550679833,143.3459426284003,5048700
2022-02-09,141.99359130859375,142.9188568222996,141.6999939192586,142.66974635416716,8077400
2022-02-10,139.83168029785156,141.90464635326393,139.36904065906938,141.53987253084904,7033000
2022-02-11,139.04873657226562,141.08612097683283,138.4170683974198,140.5789944705027,9341400
2022-02-14,139.4490966796875,139.73378854459102,136.4419599490352,138.91528076667734,9472200
2022-02-15,139.52029418945312,141.74450487165583,138.88861238248552,140.36549153358922,6659200
2022-02-16,140.5789794921875,141.2640400490531,139.03093784938986,139.5291587723823,9315700
2022-02-17,142.18930053710938,142.68752139501112,139.9917800152569,140.9081534307905,7925500
2022-02-18,142.26048278808594,143.29251960676436,141.2996359022842,141.9046145767151,8063200
2022-02-22,140.50782775878906,143.13240716925486,139.37793853024402,142.44734649233467,8179500
2022-02-23,138.7551727294922,141.103938794811,138.4348858307894,140.83703078330774,6273000
2022-02-24,135.01846313476562,138.7729313732348,133.9508448586542,138.47044201717875,13145100
2022-02-25,140.78363037109375,141.40640658571212,135.45441721388832,135.52559357777375,8888800
2022-02-28,138.69288635253906,139.84947866905281,136.85124689262923,139.0487546458486,8669200
2022-03-01,136.39749145507812,138.25692829662938,135.53449663856784,137.28717571329454,8311900
2022-03-02,136.82452392578125,137.9722241190619,135.765811156112,136.0860980035969,6111300
2022-03-03,137.3316650390625,138.66619144968743,136.80675457567114,136.80675457567114,7451200
2022-03-04,138.02560424804688,138.21244390056526,135.72132546150567,136.228438388907,8639100
2022-03-07,135.9793243408203,137.47400079530706,134.4668639774192,137.44731135643258,8374500
2022-03-08,130.59674072265625,136.07719877774298,130.4099146386782,135.39213812698117,9517200
2022-03-09,132.3583221435547,133.87078256740742,131.50421933892414,132.4117010234372,7044100
2022-03-10,128.9508514404297,131.9223939016148,128.06116709333193,131.4953492161495,9221000
2022-03-11,127.42060852050781,130.03628298596516,127.25156630225607,129.36011411295814,7086100
2022-03-14,129.04869079589844,129.9294694305685,127.53623043111378,128.5148748669142,7964600
2022-03-15,133.69284057617188,133.9330455215095,130.68570381503088,130.79246156851426,9868400
2022-03-16,133.23915100097656,135.04520951999038,131.70889251557932,134.0131857773458,6908900
2022-03-17,133.6572723388672,133.8708014640416,132.11812225781333,133.44375678919826,6003800
2022-03-18,133.58607482910156,134.22664852777385,131.88678835464077,134.22664852777385,15570300
2022-03-21,134.09323120117188,134.7160075537497,132.7765021163636,133.84412066014076,6937500
2022-03-22,135.12525939941406,136.65551752189796,133.9152881764153,136.50425924045587,7292100
2022-03-23,134.18218994140625,136.1305871157644,134.0665266405727,135.4099450193504,5531900
2022-03-24,134.4134979248047,134.8405425630463,133.59499004504812,134.24445574546831,4203100
2022-03-25,135.97042846679688,136.9401809192902,134.79603888816072,134.90281021608385,5047700
2022-03-28,136.90460205078125,136.9223859595108,135.79249685755747,136.69107296650125,4234000
2022-03-29,138.310302734375,139.20887883091183,137.02915539739,138.23022084418645,5643400
2022-03-30,137.35833740234375,137.39391879564758,135.17861391778024,135.67683487705156,5779300
2022-03-31,135.9437713623047,137.31387928775158,135.58788947708706,137.10036373212682,7538600
2022-04-01,137.9811248779297,138.31031727653237,135.28538272938215,136.5843276869268,5742600
2022-04-04,137.08258056640625,137.32279916708802,134.5736639216366,136.84236196572448,5992000
2022-04-05,137.56297302246094,140.0096046856236,136.60211241295838,136.6643968260809,7653000
2022-04-06,139.52915954589844,139.93840663112442,136.95797303044972,137.38501759888183,8884700
2022-04-07,141.3352813720703,141.80681307489655,139.65377819630112,140.45448882266427,6889700
2022-04-08,142.43844604492188,142.82100373520316,141.38861162822485,142.08256421913325,6045400
2022-04-11,141.89576721191406,143.42602543757798,141.1306380990821,142.30501442604142,6158400
2022-04-12,141.46868896484375,142.90998669401887,141.19288901696893,141.73559695732095,7221500
2022-04-13,141.8690643310547,142.71426170023778,141.20180110661988,141.53097995317944,5247700
2022-04-14,141.07725524902344,142.61640538814606,140.97048389465527,142.33169987717224,7806500
2022-04-18,139.7338409423828,141.4420334988546,139.26230925845866,140.9971912630388,6034500
2022-04-19,141.82456970214844,142.37616959357638,139.05765113867204,139.47580382265915,7897000
2022-04-20,145.59681701660156,146.3352565474698,142.34947504728686,142.79431715680963,10196100
2022-04-21,145.4832000732422,147.53200119348296,145.32215136614195,146.56576355754672,9365700
2022-04-22,144.26646423339844,146.297382001973,143.96227775575636,146.046873884895,9394600
2022-04-25,145.42958068847656,146.09163216481184,142.96922178730836,144.66910065835583,6986800
2022-04-26,142.960205078125,146.40471152556592,142.92442406161882,145.54581696109173,7769500
2022-04-27,142.5754852294922,144.44535370879277,142.35181635919315,143.33596484917473,6754900
2022-04-28,146.19894409179688,146.46734950400165,142.49498762803708,143.6312158187599,9306800
2022-04-29,143.6401824951172,145.78739865659585,143.32704054788732,145.35795815463362,10637000
2022-05-02,141.69874572753906,144.93746748427105,139.73940370505886,144.5796026548537,10351600
2022-05-03,139.7572784423828,142.24447546414177,138.68365682440592,141.55557144466198,10344000
2022-05-04,140.78619384765625,140.95618444528967,138.80895419071473,139.4173408742622,7771000
2022-05-05,138.19161987304688,140.7235401866645,137.01064135142872,139.8378199471192,8217100
2022-05-06,139.5694122314453,139.78413931870958,137.66374858052063,138.46896491901057,7304800
2022-05-09,139.22048950195312,140.24936112051773,136.66171639362284,137.74428002285293,8540800
2022-05-10,138.48683166503906,140.12408966953754,137.72636558753962,139.16679386570493,7447400
2022-05-11,136.53646850585938,139.47994575440146,136.30385772247476,137.8069064489638,7692200
2022-05-12,135.98175048828125,137.43112060378883,134.09398441053182,137.35060307551984,9600800
2022-05-13,137.44004821777344,137.53846307047,134.57708930068955,136.50959168909554,5675500
2022-05-16,138.78208923339844,139.4799351823268,136.01754461636153,137.3058797995117,5971000
2022-05-17,138.388427734375,140.24041294617754,136.94801299408522,138.7910427120138,6509100
2022-05-18,129.7637481689453,138.45999643832354,129.3164103511858,138.37947890752685,9670700
2022-05-19,126.77552795410156,128.31437105595415,125.79139299935046,128.30542921468347,9694100
2022-05-20,126.8560562133789,127.44654542718841,124.520952187557,127.17813999803252,7786900
2022-05-23,129.772705078125,130.29161859058715,127.11551731951153,127.79546589532384,7134500
2022-05-24,132.0809326171875,132.35827980470955,129.56689694750304,129.62951712613878,7207400
2022-05-25,129.9158935546875,131.6426114903336,128.3859917576693,131.61577230544475,8217800
2022-05-26,131.05206298828125,131.85727912664265,129.76372808823476,131.05206298828125,5702600
2022-05-27,133.05615234375,133.05615234375,131.18628367208714,131.49047009058748,6028800
2022-05-31,132.30462646484375,133.29771688463845,130.765783406213,131.7767575080467,12416700
2022-06-01,130.30055236816406,132.5193440086699,129.46851062234916,132.41198730641406,7036000
2022-06-02,131.7052001953125,131.74992305367815,127.60758433672201,130.59579754418772,6479800
2022-06-03,130.5242156982422,131.70519397934714,129.835311700931,130.94471429969633,4720700
2022-06-06,130.01425170898438,132.08989179400487,129.3611287572697,131.84832558375885,4751100
2022-06-07,131.46363830566406,131.67835171824447,128.32331813000954,128.53804519425657,4918600
2022-06-08,129.8263702392578,131.00733487214703,129.71901354126757,130.89103633321278,4369600
2022-06-09,127.48235321044922,131.41892107072874,127.34814365623394,130.09480477615014,4625700
2022-06-10,126.99919891357422,128.0728069051338,124.7625099096308,126.0508449601688,6630800
2022-06-13,123.59941864013672,125.6929697493572,123.13419719512342,124.80723606269989,8549500
2022-06-14,119.74340057373047,123.08949283441227,118.58031935411721,123.02685897834239,9980200
2022-06-15,118.553466796875,120.69174107829625,115.86049797476444,120.28019791961295,12178100
2022-06-16,119.27813720703125,120.84381924007137,116.84461889783009,117.22932278743555,9683300
2022-06-17,118.41925811767578,120.11913622746928,117.58720274484773,118.59819050002262,17113300
2022-06-21,122.00692749023438,122.5705775804888,119.3765786046051,120.44124492989967,9017000
2022-06-22,123.91255950927734,124.97722556225162,121.38062614969664,121.38956799029646,8374500
2022-06-23,127.31233978271484,127.47337483686819,124.27043457148957,124.40464410161688,6418300
2022-06-24,129.14642333984375,129.9426840470675,128.0459625650858,129.01221381402007,19440600
2022-06-27,128.1622772216797,129.51323243695592,127.67915841375509,128.940640610095,5618500
2022-06-28,126.07770538330078,128.9138258800577,125.77351890390142,128.42175148593014,6077300
2022-06-29,127.2228775024414,127.81336672085023,126.28346531891235,126.68608029161574,5174600
2022-06-30,128.6454315185547,129.22697899873828,126.35506357927542,126.76662046758487,7410100
2022-07-01,130.7210693359375,130.84632339003903,128.2964921402326,129.04803011650975,5937200
2022-07-05,129.45957946777344,130.71213372012468,127.52707655386146,129.35222274533456,5760900
2022-07-06,130.66737365722656,131.95570870102569,129.7011223743772,130.1842411899688,5485200
2022-07-07,130.62266540527344,130.79265598972546,129.3701247593152,129.98743958732157,6623400
2022-07-08,129.74586486816406,131.34732825373376,129.34326356132624,130.61370132931083,4294200
2022-07-11,130.65843200683594,131.1415645252793,129.44167252007864,129.86217118730363,5482900
2022-07-12,129.50430297851562,131.44574754040798,129.16432185604884,130.49739351633465,5204400
2022-07-13,130.35423278808594,131.48153278632745,129.02117487503267,129.20010726552084,5075600
2022-07-14,129.96957397460938,130.20218479787218,128.35915459752184,128.61860460609682,4867000
2022-07-15,129.79063415527344,130.3542706665097,128.92279747497963,130.03218680937314,6264600
2022-07-18,128.21595764160156,129.80847911237416,128.09070360406886,129.67428323346994,6047500
2022-07-19,128.8690643310547,129.73690073440466,128.5111995602915,129.34325494723151,5943600
2022-07-20,126.64132690429688,129.030108985945,125.82716887693772,128.83327927270068,8635300
2022-07-21,126.76110076904297,127.29238288150187,125.12221375601742,126.60802018106116,8310200
2022-07-22,128.7871856689453,128.92225273102525,126.67104342775187,126.75208366499983,5292700
2022-07-25,129.66067504882812,130.04787651060246,128.3459625766154,128.58909706441162,5262100
2022-07-26,129.91278076171875,130.11088826505355,127.60754480323054,128.49001493790084,5375700
2022-07-27,131.14642333984375,131.65970555738073,129.24640250455005,129.56157724236627,5500000
2022-07-28,133.3256072998047,133.82087605640004,130.64216986446544,131.59668033701826,7115700
2022-07-29,125.08618927001953,128.31892233143657,124.47385323253961,127.3553982140296,18694700
2022-08-01,128.67909240722656,129.61560298365984,124.50986295921278,124.57288966208111,12590000
2022-08-02,127.82364654541016,129.4175063930395,127.66156608986627,128.86821083765818,7495000
2022-08-03,130.4620819091797,130.8132700000277,126.88716054681605,127.56252331693072,6811000
2022-08-04,130.25497436523438,131.88486156244824,129.6786652908484,130.43508211496737,6124700
2022-08-05,130.3179931640625,130.42604680370775,128.56205281837782,129.44452293615706,4580300
2022-08-08,130.8132781982422,131.89385595008855,130.3270092787218,130.59715715175628,4486800
2022-08-09,130.50711059570312,131.41660802788778,130.11090926537554,131.0834334186357,3977300
2022-08-10,131.7407684326172,131.92086242507105,130.92132496561757,131.37156681689768,4641300
2022-08-11,130.8042755126953,132.6322565787767,130.50711420151998,132.20002818992748,5954300
2022-08-12,132.07395935058594,132.12798618097915,130.5341397232093,131.38959659845105,5038700
2022-08-15,133.77586364746094,133.9649712806128,132.14599025906665,132.25404391212965,6008000
2022-08-16,135.00953674316406,135.61287301281712,133.5957842466741,133.5957842466741,7093000
2022-08-17,134.38818359375,134.84742530437572,134.06400893322305,134.26211643356118,4834600
2022-08-18,134.865478515625,135.06358607426654,133.73987363256813,134.05503475564765,3829000
2022-08-19,134.82943725585938,135.63988093042843,133.9199535527008,134.36119556686484,6502500
2022-08-22,134.46925354003906,135.18964336044056,134.02801151172358,134.15407869977187,6380700
2022-08-23,131.87582397460938,133.6677913327088,131.31752852467343,133.65877770268423,5268200
2022-08-24,131.30856323242188,132.60524845067286,130.67821353736215,132.01993943702402,5903200
2022-08-25,131.2004852294922,131.27252558140344,130.1109075400281,130.77725674969605,5097600
2022-08-26,128.12985229492188,131.9479091028683,127.88673152694585,131.47065371941179,6086600
2022-08-29,127.58954620361328,128.49002996397158,126.98622373300823,127.23835808668522,5272100
2022-08-30,126.22979736328125,128.23788588967423,125.98667665942347,128.23788588967423,5203700
2022-08-31,124.21271514892578,126.86013924148851,124.14067480909463,126.42789720250161,8406900
2022-09-01,125.74356842041016,125.8516220890877,123.1501704498005,124.11369479648718,7446500
2022-09-02,123.51032257080078,127.1032430122147,122.96102707545718,126.44589389165206,7077800
2022-09-06,122.13261413574219,124.2127293781032,121.8264392213135,122.35773507089453,8217200
2022-09-07,123.97859954833984,124.05063989917585,122.48380692444148,122.49280681568649,6609400
2022-09-08,124.14070892333984,124.70801816772727,122.51983518244265,123.37529212504866,7380500
2022-09-09,126.03170776367188,127.0492450260275,123.63641776573242,124.22172668885476,6434300
2022-09-12,127.05828094482422,127.6886169126698,125.26631307739063,125.53646098940834,5818700
2022-09-13,124.42884063720703,127.35541288721267,124.14069297600442,126.77010393332829,6350200
2022-09-14,124.72600555419922,125.76157016308335,123.96960246373428,124.86108636768442,6137800
2022-09-15,123.76249694824219,125.0681957236645,123.04210715274598,124.96914195503011,5320700
2022-09-16,124.51886749267578,125.22124358105522,123.46530336010662,123.7624645883116,9321500
2022-09-19,124.25779724121094,124.68102583792364,123.57342057914138,124.44689119445944,6056000
2022-09-20,123.81651306152344,124.23974151448432,122.9430427428843,123.73547282337127,5589800
2022-09-21,122.22264099121094,124.44683668817285,122.20464121136352,124.33878304792853,6413900
2022-09-22,122.65489959716797,123.42931618417953,121.78142924645871,122.23167112866794,5061600
2022-09-23,122.08759307861328,122.9160365110247,120.61980011385921,122.17763321283437,6523600
2022-09-26,122.20466613769531,123.2042037347028,121.55631668340435,122.08759884335888,7396400
2022-09-27,118.84584045410156,123.31224586136081,118.60271973670551,122.42977564124315,7722200
2022-09-28,118.84584045410156,119.7823512405987,118.13446434345693,119.7823512405987,10455100
2022-09-29,115.89225769042969,118.74678957376256,115.49604263578304,118.74678957376256,7128500
2022-09-30,113.68607330322266,116.19841691702696,113.6500531288477,116.1624036127978,9431900
2022-10-03,115.72116088867188,116.25245673976553,114.07328085997584,114.58655631877868,8477700
2022-10-04,117.15293884277344,117.84630142229965,115.89225337580604,116.25245511220729,7211600
2022-10-05,116.3425064086914,117.1439364562121,115.34296882220669,116.3425064086914,5071100
2022-10-06,113.89319610595703,116.2164391306482,113.776128812947,116.06335853071572,5530800
2022-10-07,111.90312194824219,113.9832442564047,111.44388014384016,113.91120390154488,6095400
2022-10-10,111.4438705444336,111.88510565718732,110.02110457416315,111.09268243242512,6923300
2022-10-11,111.86709594726562,113.19080124934396,111.29978680480073,111.38083391235811,5516200
2022-10-12,112.04719543457031,113.28986056013217,112.02918878208938,112.41639020666972,6823500
2022-10-13,113.74010467529297,114.13631973910623,110.68746519401257,111.21875419959365,6910500
2022-10-14,112.63251495361328,114.37944884772193,112.35336030490333,114.136321245448,5516800
2022-10-17,114.66759490966797,115.51405181452967,113.33488283621088,113.46995676977433,6664600
2022-10-18,115.59510040283203,117.12593384703698,114.95576460274894,116.45957089202668,7114200
2022-10-19,116.66666412353516,119.76433020086107,116.62163719119098,118.53967183866921,9993700
2022-10-20,115.16399383544922,117.68511082339104,114.88286494713162,116.64219681837864,8168000
2022-10-21,116.60592651367188,116.94146565530194,114.70149142061649,114.75590167733412,6394600
2022-10-24,117.3223648071289,118.29272728974769,116.39736266074345,117.43119917091016,6946000
2022-10-25,118.67359924316406,118.9637918914651,116.50616971209534,117.53094233917955,6776000
2022-10-26,119.5079116821289,120.22435023342052,118.25642053640298,118.48313914466894,6612800
2022-10-27,119.5986099243164,120.72312541461197,119.2539931964871,119.70743043297564,6676700
2022-10-28,122.62757110595703,122.8905586225557,120.54175698654282,120.76847561174422,6996400
2022-10-31,122.12879180908203,123.03566634290263,121.75696992914186,122.60943420498238,8346300
2022-11-01,122.31924438476562,123.58886322641703,121.37608709856097,122.1559997692347,6428300
2022-11-02,120.55990600585938,123.82464611336374,120.44200788517078,122.17414161276152,7318100
2022-11-03,119.7346420288086,120.28783604072319,118.76429348595927,119.46257690465589,5204000
2022-11-04,121.92020416259766,122.42805164425822,120.17900686641605,120.90450919927656,5555400
2022-11-07,123.78837585449219,124.41412150692672,122.48247429076923,122.74547565897292,6746800
2022-11-08,124.06950378417969,124.71339079715337,123.15356547905536,124.0785813857896,5266200
2022-11-09,123.77021789550781,125.12146577305451,123.6432560292676,124.12389836844882,5690700
2022-11-10,128.0325164794922,128.44062101484954,125.33003474065859,126.47270529917164,8068700
2022-11-11,127.84207153320312,128.4406118939389,126.15528477700464,128.05064874819757,7175200
2022-11-14,127.85115051269531,130.1908881522303,127.19819983013647,127.42491843275259,8516200
2022-11-15,127.40678405761719,129.86440582866854,126.69034556269925,128.85777473366323,7732400
2022-11-16,128.5404052734375,129.60144684940008,127.85117175079651,128.3227503971602,6193700
2022-11-17,127.75140380859375,128.4950475257326,126.83546556368984,127.9690586658114,5186300
2022-11-18,129.29310607910156,129.46540061297173,128.11416644355924,128.70362934242695,5671400
2022-11-21,130.93453979492188,131.6691058981407,129.5288816054284,129.7374588579681,6377200
2022-11-22,132.0590362548828,132.21320323132,131.3516753804985,131.88672791715769,5372900
2022-11-23,132.81175231933594,132.97499690601978,132.01371226180905,132.31296863475345,4296000
2022-11-25,133.05662536621094,133.4919212438362,132.76641888925647,133.1200993844157,2411100
2022-11-28,132.9477996826172,133.61887791829824,132.53063134768075,132.7573499598013,6628200
2022-11-29,131.9320831298828,132.45807193959865,131.0705552220641,132.17694309115512,5634200
2022-11-30,135.26939392089844,135.26939392089844,131.61469105824406,132.08625580078896,12396800
2022-12-01,135.3509979248047,136.35762901564706,134.73433000354137,135.60492163800777,6927400
2022-12-02,136.58436584472656,136.72946908244967,134.28997451972947,134.6436550130506,4938300
2022-12-05,135.20591735839844,135.73190623467136,134.46228745594837,134.86131445434899,5402500
2022-12-06,135.3782196044922,136.10372194714193,134.47134513563154,135.77724658483987,6866700
2022-12-07,136.24880981445312,136.4211043203447,135.13334438035784,135.13334438035784,6175500
2022-12-08,137.22824096679688,137.2826512167943,135.13334947725977,135.54145402785082,5187100
2022-12-09,136.865478515625,137.79955801144615,136.23066922299967,136.6659650468278,5868200
2022-12-12,138.27114868164062,138.3527640611753,136.9743110207641,137.13755561763938,6142400
2022-12-13,138.0625762939453,139.86724765918603,136.7475972231557,139.12361777867545,7680600
2022-12-14,138.60667419433594,140.05767870894385,137.99907003221267,138.56132770866606,7385600
2022-12-15,137.0377960205078,137.8449137117552,135.7953824763352,137.59098997773168,7117200
2022-12-16,136.43017578125,137.00151103457554,135.14241589920854,136.35762417465278,19966400
2022-12-19,136.39390563964844,137.28265252408684,135.34194184146867,136.2306748881018,5881800
2022-12-20,136.44834899902344,136.84736217175987,135.369166085364,135.41451257979983,5646100
2022-12-21,137.69984436035156,138.41628308731921,136.68414917436198,136.71135430700033,5024700
2022-12-22,138.01722717285156,138.21674066236463,136.82922383662765,137.05594245309194,5904900
2022-12-23,138.4071807861328,138.67924590177608,137.54565278476792,138.12605190716383,3401800
2022-12-27,139.6133270263672,139.94888000232297,138.44346500565388,138.47973389715375,4215100
2022-12-28,137.80865478515625,140.2481355606724,137.75423069152637,139.9125964245582,4197500
2022-12-29,138.37994384765625,138.96942043567597,137.97185318690623,138.5794572974102,3809100
2022-12-30,137.44590759277344,138.4616026829096,136.4302125026373,138.2348840404465,4532000
2023-01-03,137.45497131347656,137.58193318692204,135.23311777147083,136.89269972724105,6447300
2023-01-04,138.05349731445312,139.10547502545822,137.14662284037416,137.83585629687022,7313400
2023-01-05,136.33950805664062,138.28021891957314,136.14907216214252,138.03537276950414,5373800
2023-01-06,139.5861358642578,140.0758558942476,137.61821965558477,137.70891265011863,7882200
2023-01-09,137.88119506835938,140.38417758407505,137.8449261764217,139.15082769108952,5727000
2023-01-10,137.74513244628906,138.47969839163116,136.88360465653975,137.9355821318015,4716400
2023-01-11,136.62969970703125,138.35275552285384,135.4416964633235,138.13511452419294,8691300
2023-01-12,135.85885620117188,137.6000534469647,135.59586870499615,137.57284832107774,7801600
2023-01-13,136.82920837402344,136.98337535526053,135.5051657148628,135.67747405795268,5535800
2023-01-17,136.43017578125,137.96279560583156,136.39389305904936,136.74757349258326,9611800
2023-01-18,132.77549743652344,135.96768567893338,132.43994446542766,135.72283952979038,10461200
2023-01-19,129.96754455566406,133.4352953792186,129.80328949029365,130.77972709193565,12683700
2023-01-20,130.46946716308594,130.63372223968892,127.8960262325032,129.87630526471915,8603300
2023-01-23,128.71731567382812,131.13560772294161,128.38879166671848,130.82533891751552,7473100
2023-01-24,129.41998291015625,129.93101711351267,127.58571823604909,128.3887799411164,6822500
2023-01-25,129.32870483398438,129.3560806683031,126.60013064158649,128.11499178885632,6902600
2023-01-26,128.80857849121094,129.3470025673563,128.434437324274,129.33786800315553,5398600
2023-01-27,128.279296875,129.00021725631115,127.11120060808386,128.73557947509664,6870800
2023-01-30,128.68080139160156,129.69374922260286,128.01463275894042,128.6351842757261,6369300
2023-01-31,129.93099975585938,130.0131272580049,128.4526350940605,128.88154172700166,9373400
2023-02-01,130.67019653320312,131.50063410109425,128.99108012149046,129.65724873354117,7207900
2023-02-02,129.73939514160156,130.23218815624455,128.8633403316765,129.73939514160156,6444300
2023-02-03,130.14088439941406,130.8435632899583,128.82678868060148,130.29601876557447,5993100
2023-02-06,129.03671264648438,130.16829849802699,128.6808127784037,129.59337797088133,6108100
2023-02-07,127.77735900878906,128.48002405400163,126.64577336217972,127.73172797250113,6278300
2023-02-08,126.45413970947266,127.33931495563625,126.30812596643325,126.90128765115502,7123800
2023-02-09,125.06707000732422,127.14771765852673,125.02143896000193,126.7370660819074,6547400
2023-02-10,126.1712417602539,126.20775216090753,123.95371532055421,124.97578374464909,8108900
2023-02-13,127.82300567626953,128.16977096026102,126.60929237070197,126.79180261353521,5081600
2023-02-14,127.10208129882812,127.9781500270216,126.4997849184851,127.88688793619143,5253500
2023-02-15,126.81004333496094,127.1385673044027,125.99786101115177,126.94692252029611,5530300
2023-02-16,125.1491928100586,126.11650970833075,124.61078267606032,125.3773341134111,7595700
2023-02-17,127.76823425292969,127.79561009187609,124.6472632912955,124.6472632912955,8034700
2023-02-21,127.67698669433594,128.5712965949181,126.72791119096686,126.72791119096686,6899500
2023-02-22,128.21539306640625,129.200965018585,127.64960717566285,127.74085532840064,6126300
2023-02-23,127.80476379394531,128.7994565569929,126.93782960665942,127.96901885222161,5835400
2023-02-24,127.08382415771484,127.23895857004831,126.0070039104685,126.78267597213582,5260700
2023-02-27,126.97430419921875,128.18801742203496,126.41763894551565,127.40321089918531,5820900
2023-02-28,125.53245544433594,126.47239640220583,125.2769383251852,126.34463784263046,6709900
2023-03-01,125.62371826171875,126.23513522359858,124.57426001475349,125.97961810295145,7101800
2023-03-02,127.69525146484375,128.1515340995492,125.73324170546663,125.9340071787083,5924600
2023-03-03,128.62608337402344,128.89073512348034,127.73177322939169,128.8451040710248,5259400
2023-03-06,128.0784912109375,128.79941136593936,127.70433625439837,128.42525640940025,4943100
2023-03-07,125.53245544433594,128.32490247836796,125.33169000434056,128.15151287795024,5606800
2023-03-08,125.55071258544922,125.65109530699789,124.65640265460392,125.20393337925582,5518800
2023-03-09,124.62901306152344,126.44500856281564,124.20010638265886,126.07085355791041,4467200
2023-03-10,125.19481658935547,125.9248715026391,124.42826519649532,124.97579593797859,5928000
2023-03-13,126.0617446899414,128.96370900245776,125.05791749150902,125.05791749150902,8337100
2023-03-14,127.6222152709961,127.85947714781098,125.38641997849629,126.19860223619811,9219700
2023-03-15,129.42910766601562,129.72112125238013,126.67315721064033,126.67315721064033,8823500
2023-03-16,130.39642333984375,130.60630940872642,129.22834115485796,129.52948930132683,7063400
2023-03-17,130.43295288085938,130.85273904967855,129.15536701861242,130.0405564819698,16018800
2023-03-20,132.44056701660156,132.6869495485103,130.70668510800286,130.95308156454888,8379200
2023-03-21,131.48239135742188,132.53183573300916,130.3508055338131,132.2398221194375,7753200
2023-03-22,131.4002685546875,133.00637829863078,131.2542547803363,131.4458856751123,5729100
2023-03-23,131.21775817871094,132.4314716969896,130.67022735425292,131.6284237028562,5788400
2023-03-24,133.89154052734375,133.9280370012159,131.68313485519522,131.68313485519522,6144800
2023-03-27,133.1888885498047,134.5303605117516,133.11588166263152,134.04670206828936,5917200
2023-03-28,133.5630340576172,133.9828201476333,133.05199980865075,133.73642366165342,4213800
2023-03-29,133.9737091064453,134.41173655037323,133.47179540786053,134.22010563568537,4987700
2023-03-30,134.55772399902344,134.63985151781247,133.50827968212718,134.07406559996983,4117700
2023-03-31,135.68930053710938,135.68930053710938,134.6672321292752,134.8223665179902,7685900
2023-04-03,136.43759155273438,136.948639662223,134.22918586840515,135.45201965710498,5721700
2023-04-04,137.09463500976562,138.4452412252453,136.95775583066006,136.95775583066006,6714300
2023-04-05,138.0345916748047,139.0292982140918,137.93420895706518,138.09847791547452,6094800
2023-04-06,138.91065979003906,139.58596297279644,138.18060492955726,138.5912564371288,5399700
2023-04-10,137.76087951660156,138.4087931556505,136.43764854106874,138.39053794867021,4891800
2023-04-11,137.48707580566406,138.1988755447509,137.35931723517768,138.0346065686171,6311800
2023-04-12,137.86122131347656,139.08405524967094,136.82088369429877,137.16766290069137,6137900
2023-04-13,138.5,138.59124814920455,136.72050095718058,137.70605894655947,5489500
2023-04-14,137.79736328125,138.3357734779846,137.35020126170474,138.1167667130169,4478800
2023-04-17,137.8429412841797,138.2262169000137,137.19501402967026,137.9524446245219,4296400
2023-04-18,137.989013671875,138.33577903855976,136.97606556925749,137.7791136141548,4158400
2023-04-19,138.01634216308594,138.61862450894608,137.5326838041026,137.95245592622823,3837600
2023-04-20,138.52230834960938,138.9906253099949,138.08152460967557,138.08152460967557,5370900
2023-04-21,143.31573486328125,145.18901687262294,141.87403086602495,142.27807565536605,14876900
2023-04-24,143.5728759765625,144.39932117666095,142.53521659338642,142.53521659338642,8109800
2023-04-25,143.60958862304688,145.03292324480108,143.05861586242608,143.71977757044328,8341800
2023-04-26,141.947509765625,143.2514637154628,141.72711785411536,142.60867148833427,4843700
2023-04-27,143.68304443359375,143.81160286886313,142.34235159851139,142.60866022202418,4805600
2023-04-28,143.6003875732422,144.50947426534523,143.03104540986018,143.50855412410465,5754700
2023-05-01,143.7748565673828,144.53701531297983,143.0677782723675,143.2789783821661,3844600
2023-05-02,143.64630126953125,144.10544052669164,142.94841464290195,143.79322919465892,5262900
2023-05-03,143.462646484375,144.69315032638167,142.72802088020543,143.83914403313688,5775000
2023-05-04,142.801513671875,143.80244809039505,142.41583830448135,143.3433087465711,4892600
2023-05-05,143.27902221679688,143.5361391278615,142.0485321407274,142.70050216099105,3989200
2023-05-08,142.608642578125,143.00349557623642,142.21377556819675,142.65455930185854,4950700
2023-05-09,141.1486053466797,143.23308761482838,141.02922464863963,143.11372092860734,4472100
2023-05-10,141.4424285888672,141.70873718609081,139.98236921562201,140.90982540623708,4754900
2023-05-11,141.77301025390625,142.2321494818821,140.85473179795457,142.15868552398788,3495300
2023-05-12,143.21473693847656,143.29737864982297,141.7730328076093,142.05769693234882,5252900
2023-05-15,143.2606658935547,143.94019722775346,142.00262846217333,143.81163876039932,5414900
2023-05-16,143.01271057128906,144.09627256605958,142.26889315427678,143.1320772582162,5591500
2023-05-17,142.4066162109375,143.76566432208654,141.3230404108335,143.49017799922507,4286900
2023-05-18,140.06500244140625,141.09346975982677,139.2110102598927,140.7812584684229,6997600
2023-05-19,140.65272521972656,140.79047541068658,139.43141305467233,140.00993303070297,4754100
2023-05-22,136.97044372558594,140.12932445264644,136.66741009646233,140.03749098497752,7876200
2023-05-23,135.4920196533203,136.71333195765826,135.05124981798238,136.6306762289283,6116000
2023-05-24,134.37167358398438,136.08884962680622,134.1512817341774,135.5286992688856,5755400
2023-05-25,133.50851440429688,134.2615095216824,132.55351090195887,133.6003478616721,6510300
2023-05-26,133.51771545410156,134.07786601351447,132.90247041537276,133.45344323217327,4716400
2023-05-30,131.47911071777344,132.2688307991385,130.71695188266102,132.1035473925314,5561000
2023-05-31,130.8546905517578,132.21373885312659,130.3037178289178,131.46075774451816,19854800
2023-06-01,132.1953887939453,132.34230271582007,130.80877918891656,131.54340484556624,6091100
2023-06-02,134.5461883544922,134.69310228583254,132.59025039515416,132.70043934661436,6124400
2023-06-05,134.0135498046875,135.76746488360493,133.82070517855794,134.1145609875523,4753700
2023-06-06,132.6820526123047,134.35331203370973,131.81886866431694,134.13293418269436,4635900
2023-06-07,132.9667205810547,133.26056239497328,131.74540857749813,132.24127276865565,6194400
2023-06-08,134.4727020263672,134.6655326593638,133.0769148220394,133.4625900998502,4863700
2023-06-09,134.5828857421875,134.78490811965918,132.902434517846,133.7747962323008,5569500
2023-06-12,133.52688598632812,134.99612324458042,132.7371658807333,134.98694550342668,5354000
2023-06-13,133.2054901123047,133.77481835470203,132.48923393257277,132.70043408510415,5321200
2023-06-14,134.45436096191406,134.8859530570597,132.99430124181902,133.4350710793944,5693300
2023-06-15,136.31845092773438,136.79595970749133,134.56453549602287,135.14305547896265,5863000
2023-06-16,137.3193817138672,137.82443776842786,136.73168394451116,136.75005344062794,11244900
2023-06-20,136.0521697998047,137.99891607767424,136.00625306438278,137.51222950820684,5340700
2023-06-21,137.22755432128906,137.3744822580865,135.78585021362537,136.14397830218206,4649700
2023-06-22,137.6958770751953,138.75190590148824,137.2642850003154,138.0631969324441,6666800
2023-06-23,136.32766723632812,138.22849693264914,135.86852786858216,137.97138000765713,13843300
2023-06-26,136.4653778076172,136.79595865076925,134.72983188402358,135.99706078474298,4353100
2023-06-27,137.7601318359375,137.89786799355517,136.26333353468127,136.30925025782605,5445400
2023-06-28,137.73260498046875,138.017269089536,135.86850064191353,137.12653777365665,6733300
2023-06-29,137.17242431640625,137.46626610206852,135.0787508007309,136.34596539486137,7343000
2023-06-30,139.33958435058594,139.64261793638715,137.54893006977701,137.58566905632026,7058300
2023-07-03,140.03749084472656,140.06503808263568,138.17338634983744,139.10084272035718,3996100
2023-07-05,139.7987060546875,140.00072841986753,139.06408054601616,139.2385556806549,8279800
2023-07-06,139.56918334960938,139.7528362855245,138.43969047068066,138.84373533678647,7958300
2023-07-07,136.6398468017578,139.50487130506005,136.5939300733191,139.31204066216299,9169500
2023-07-10,136.69493103027344,138.03562373642362,136.58474209973022,136.76839498790795,5529200
2023-07-11,135.97869873046875,136.8694301062602,134.95023116741868,136.57557422434897,5150300
2023-07-12,136.68576049804688,137.19080246421447,135.5746373464787,135.932765401447,6764600
2023-07-13,136.77757263183594,137.30099807518187,136.08886379279164,136.82348935680233,5561400
2023-07-14,137.78770446777344,138.32030772843825,136.57557001002198,137.0714482924909,6128900
2023-07-17,136.8143310546875,137.8887153148237,136.79596155972763,137.42038427017155,4625300
2023-07-18,137.07142639160156,138.18253545519127,136.2541591420871,136.4929064917618,5351200
2023-07-19,138.00808715820312,138.49478771599723,136.69495546180946,137.32856994931342,6203600
2023-07-20,139.1271209716797,139.30269544749723,136.89088702201408,138.1938210898262,6445400
2023-07-21,141.31712341308594,142.00093595877493,139.256464310673,139.6722903573339,9938400
2023-07-24,141.7699432373047,142.25969618837706,140.73499573316718,141.23398425120428,5549500
2023-07-25,142.10263061523438,142.17655746357065,140.87362319934022,141.82540845899956,5883800
2023-07-26,142.25047302246094,143.08212532505823,141.2802026026951,141.49273346222935,7013800
2023-07-27,140.55943298339844,142.860358358721,140.38385849570952,142.45376777672632,7191600
2023-07-28,144.53289794921875,145.52163940039415,142.86034385229726,142.91578545328443,9397300
2023-07-31,144.43125915527344,145.70645835634392,143.28541429768993,144.5236571292074,7955200
2023-08-01,144.3850555419922,145.23519305701106,144.0339065748811,144.04315624250174,5718800
2023-08-02,144.69921875,145.75265143992522,144.12630342217622,144.12630342217622,5636000
2023-08-03,145.07809448242188,145.72493666964792,144.3480898925744,144.85631397532916,5792700
2023-08-04,143.48870849609375,145.7526632918579,143.36857562077432,145.47544117194536,4785900
2023-08-07,145.004150390625,145.2166812053996,143.68274537255184,143.8490701580014,4107400
2023-08-08,145.16127014160156,145.66027280310502,144.6437963445635,145.3368446299045,4625500
2023-08-09,144.9764404296875,146.08531471587173,144.86555723109956,145.36454572484692,4293200
2023-08-10,144.2556915283203,146.3533216277105,143.9692338253404,145.23519751919488,4307800
2023-08-11,145.09658813476562,145.50317870464124,143.9599788325852,144.5513794523762,3862300
2023-08-14,143.95997619628906,145.56785321132458,143.6920037438345,145.19823311826258,4297600
2023-08-15,143.03590393066406,144.12630711489717,142.73097512585596,143.9599682121726,6921100
2023-08-16,141.57589721679688,143.9045290943045,141.26170463958525,143.00818559776704,6356800
2023-08-17,140.55943298339844,141.89932351035114,140.26372561463742,141.57590943838514,6419500
2023-08-18,140.9567413330078,141.28016943035723,139.6907779407147,140.1066039943781,5448200
2023-08-21,140.24522399902344,141.1785237411431,139.77394224499935,140.54091720341665,4504700
2023-08-22,140.3007049560547,140.59639824340698,139.46903850391124,139.92183515341503,4195600
2023-08-23,141.6128692626953,141.82540012661028,140.8921001588935,140.8921001588935,4522500
2023-08-24,140.9567413330078,142.93423807940954,140.90129973919937,140.96599099870932,4088900
2023-08-25,141.88082885742188,142.37983148405888,140.88285180435287,141.75146041720163,3541500
2023-08-28,142.10263061523438,142.6478252590966,141.42806751180984,142.03795343550553,3614700
2023-08-29,142.18576049804688,142.34284972727806,140.48548567567263,142.25968732946768,4034600
2023-08-30,142.3428497314453,143.1098247448445,142.03792093946495,142.39830543008856,3712200
2023-08-31,142.62008666992188,143.3778261958061,142.14881893315913,142.41679138737257,5451400
2023-09-01,142.77719116210938,143.4887247270137,141.89933276650513,143.13757572873027,4126300
2023-09-05,140.8643798828125,143.09137847859665,140.8274094106256,142.1211080351953,5097000
2023-09-06,140.58714294433594,140.8736006231663,140.03269872072065,140.7257469501886,3877400
2023-09-07,141.92703247070312,142.48147669081328,140.7996728965541,140.9105702006375,4824800
2023-09-08,141.31712341308594,141.80689038371312,140.78117861522958,141.76991992173,3384700
2023-09-11,142.99896240234375,143.32239057447444,141.45577658410147,141.68679267845098,4288500
2023-09-12,140.48548889160156,143.36856488250385,140.06042722632836,143.22072531637934,4537800
2023-09-13,141.46502685546875,141.9270590921906,140.14362142649463,140.43931472594207,4040600
2023-09-14,143.0174560546875,143.15606007941287,141.72375739013233,142.167318469462,4606800
2023-09-15,141.81613159179688,143.52565597398868,141.59435111137347,142.33360527935102,10262400
2023-09-18,142.35211181640625,142.74945270735375,141.85310918579478,142.7217319056645,3536500
2023-09-19,141.93629455566406,142.36135627484822,140.2175342430723,142.07489857276684,4704200
2023-09-20,141.81613159179688,143.02665341806113,141.7144839674487,142.09335366730102,5446400
2023-09-21,140.58714294433594,142.03793067273799,140.52246577497215,141.79766492912358,5096400
2023-09-22,140.0696563720703,141.69600432570078,139.8848463478102,140.86435216647976,6327000
2023-09-25,139.21954345703125,139.79245886299404,138.6281428153622,139.7000467845662,5527000
2023-09-26,137.98130798339844,138.9423287902283,137.4915408615293,138.59117979345186,6366500
2023-09-27,136.15164184570312,138.3324343381867,135.49556403446425,138.07369744078213,5403700
2023-09-28,135.22755432128906,136.74301907528908,134.61766855319001,136.5951795164386,6237100
2023-09-29,134.7840118408203,135.62491369092106,133.82299122649192,135.41236876170782,6683300
2023-10-02,134.1648712158203,134.5437408872849,132.9728206104999,133.7860015443557,5153800
2023-10-03,134.44210815429688,135.36617237230678,133.9985471775794,134.14640083648524,4670600
2023-10-04,134.8856658935547,135.19984436895533,133.9246311333736,134.53451695039982,4727800
2023-10-05,132.88046264648438,134.9965639042093,132.77881499916373,134.61769411873203,5205700
2023-10-06,133.1484375,133.58274890086201,130.70890802074075,132.69565496300626,7406700
2023-10-09,132.47384643554688,133.03752617073982,130.84749849307096,132.47384643554688,5062200
2023-10-10,133.78602600097656,134.19261654223087,132.80652011528323,133.04677175325077,5988900
2023-10-11,132.1411895751953,134.50679183185386,131.73459904356307,134.11868653350535,5469100
2023-10-12,132.4368896484375,133.0005552817311,130.9029396723016,131.94712264392348,5965600
2023-10-13,133.70286560058594,134.01704407803874,132.31676915289188,132.31676915289188,7078900
2023-10-16,134.97808837890625,135.89290307493843,134.4144085530234,134.78402865847636,6509800
2023-10-17,135.15365600585938,135.67114392136654,134.21112045641956,135.0150519839135,6160100
2023-10-18,138.63735961914062,139.81092517583986,137.47304372909437,138.66508041889637,10508500
2023-10-19,137.857177734375,139.7448667901463,136.86218151264208,139.12183774017666,8146000
2023-10-20,137.67120361328125,139.3729162070171,137.55031250673974,138.60110027505405,7284200
2023-10-23,137.76417541503906,139.01954149886117,137.2155398272159,137.4945116446315,5981800
2023-10-24,139.39149475097656,139.54958965947935,137.6897964583237,137.73627993707575,6322000
2023-10-25,140.0424346923828,140.5910702851397,138.66617749784857,139.14972770644428,6172900
2023-10-26,139.29855346679688,140.7677922188466,139.24276192505198,140.46092455014949,7582100
2023-10-27,136.84359741210938,139.43800287914559,136.02528380170213,138.53600197379137,8131800
2023-10-30,138.79637145996094,139.0660494393856,137.19694805699837,137.53171142480676,5412800
2023-10-31,139.51239013671875,139.72626238847695,138.21983438975974,138.98235643643164,6762100
2023-11-01,139.12184143066406,140.11682348969413,138.74988843813074,140.11682348969413,5896900
2023-11-02,140.82354736328125,141.01881770891876,138.47091003376715,139.05673525977616,5859200
2023-11-03,139.54957580566406,141.6139330000389,139.13111102567035,141.14898474590782,6587700
2023-11-06,140.3585968017578,140.64686248105036,139.57748705352716,139.8192550644282,6480800
2023-11-07,140.03314208984375,140.64687732354815,139.59608950121466,140.34000970669595,6003800
2023-11-08,139.49380493164062,140.60038432307002,139.02885656139958,140.37721818637715,4832600
2023-11-09,139.80995178222656,139.80995178222656,138.66616881109888,139.242714319917,6581500
2023-11-10,140.79568481445312,140.82358058469646,139.41013340626813,140.26563680163008,5387200
2023-11-13,141.7720489501953,142.18119155576093,140.83284425633025,140.83284425633025,6297500
2023-11-14,141.4558868408203,142.73914887611372,141.04673000701092,141.85574981535152,7982600
2023-11-15,140.80494689941406,141.70694777132718,139.8378606413209,141.40008017880137,7672600
2023-11-16,142.11610412597656,142.17189565370185,140.70265727085066,141.33499435962932,7590500
2023-11-17,140.4794921875,142.12539902382156,140.31210341400316,142.0138159675548,8495600
2023-11-20,139.735595703125,140.44231216099686,139.16835808920843,139.6798041655429,6856500
2023-11-21,139.12184143066406,139.4937944231974,138.39652316285608,139.34502173964233,7310400
2023-11-22,140.43301391601562,140.86075848352132,139.57751059190556,139.57751059190556,4372700
2023-11-24,140.76776123046875,141.10252459634407,140.44229172313825,140.5817705467959,2132500
2023-11-27,140.63758850097656,141.00954152248855,140.17264012953746,140.89795845385459,6021300
2023-11-28,141.6139678955078,142.0603285456107,140.55388618243526,140.55388618243526,6110400
2023-11-29,140.53530883789062,141.76276524353668,140.40512385260848,141.61397834918586,5342700
2023-11-30,142.75772094726562,142.86001013433943,139.5588745759704,140.32138236126093,9771300
2023-12-01,141.9580535888672,142.7298696610881,141.55819057330956,142.58108276278296,5685400
2023-12-04,141.40008544921875,141.83713801949156,141.02813245664908,141.13042165797032,6578300
2023-12-05,136.4716339111328,141.91153525495366,135.9322921251,141.47448267298049,11895800
2023-12-06,136.36935424804688,136.84361067691228,135.4301636280424,136.70411764938189,7610000
2023-12-07,136.22987365722656,136.787817381974,135.7835271908876,136.2949732403897,6119600
2023-12-08,134.97451782226562,135.9881161403437,134.38869247392813,135.69054234701085,6385300
2023-12-11,135.5975341796875,135.64401766017846,134.50954262990547,134.64903563866818,8471200
2023-12-12,135.7091064453125,135.97877020492513,134.9093948349191,135.63471301770667,6069200
2023-12-13,138.16404724121094,138.22913262898427,135.2534661592033,135.63472719462288,9055500
2023-12-14,134.5188446044922,138.13614178519694,134.258474693472,138.0524544971753,10565200
2023-12-15,133.867919921875,134.13758369094572,132.51026465136752,133.14258752455183,14550000
2023-12-18,135.9229736328125,137.1504438590728,134.0445786755482,134.0631805790326,8421800
2023-12-19,135.9229736328125,136.0810543396924,135.19765547696593,135.4580253693675,5233600
2023-12-20,133.82144165039062,135.83002199003317,133.75634206860593,135.36507362562136,7663800
2023-12-21,134.14688110351562,134.6397251762913,133.09610757298637,134.38866330539557,6104700
2023-12-22,135.0953826904297,135.4208521899873,134.17477990898414,134.37006444653804,4413800
2023-12-26,135.7091064453125,135.9229786814946,134.807105645598,134.91868869245903,3634900
2023-12-27,135.82070922851562,136.05318340265427,135.16978437874687,135.4394481775448,4569400
2023-12-28,135.51385498046875,135.77422494605418,134.87222392631216,135.76493108624717,5023000
2023-12-29,136.2670440673828,136.6576131330864,135.51383007756198,135.76490613720102,5300900
2024-01-02,138.31283569335938,138.93586475906991,136.0531794087344,136.09967708001668,7238400
2024-01-03,137.47592163085938,138.74058168198178,136.8621864172785,137.94086997040293,7697500
2024-01-04,138.2291259765625,138.80567152574915,137.41082660493984,137.67119652169654,7067400
2024-01-05,137.0853729248047,138.43372033260897,136.2763673179417,138.29424150008015,5294200
2024-01-08,138.26634216308594,138.4802144304732,137.2992416522001,137.54102387447034,8255300
2024-01-09,138.83360290527344,138.92658407705625,137.67123183973885,138.1547821759492,9786800
2024-01-10,139.42872619628906,139.4845177331265,138.79638900423413,138.88009049858917,8591100
2024-01-11,139.958740234375,140.2284182098308,138.82426518178136,139.5309957195854,6659400
2024-01-12,140.0424346923828,140.6933594794754,139.3822018581985,140.36788999138102,5684700
2024-01-16,139.28921508789062,140.8793446268819,138.4430199071789,139.6239784545679,8120100
2024-01-17,139.42872619628906,140.04246147969855,138.56391480801224,138.70340783920471,6541400
2024-01-18,138.6249237060547,138.86821868933146,137.48328352218763,138.70913955272212,6526200
2024-01-19,138.09152221679688,139.07406884174588,137.84821299036645,138.72783867023853,7848100
2024-01-22,138.36285400390625,138.69037898159667,136.88433674586682,137.53001986955505,11084100
2024-01-23,144.08975219726562,146.35431218009722,143.0697670915348,143.27563747894732,19101600
2024-01-24,142.34925842285156,144.32373273126794,142.32118647883652,144.04299901240725,11592700
2024-01-25,145.62442016601562,145.66185893570295,142.293083599193,142.61124174800034,10352500
2024-01-26,146.11102294921875,146.1297423338995,145.36240462776524,145.80221735616766,8356600
2024-01-29,146.12977600097656,147.22462465837972,145.4185820063245,146.61636588512675,8987400
2024-01-30,147.37432861328125,147.7767026033224,145.811595421654,146.2981852311864,7794700
2024-01-31,147.04681396484375,148.31946101536687,146.6350731133938,147.84222372593655,8870000
2024-02-01,148.95579528808594,149.06809734750883,146.5602274414874,146.70060144608837,7601100
2024-02-02,147.93580627441406,149.34882744801524,147.4117776055462,148.75928805618375,7937700
2024-02-05,148.04808044433594,148.78733197466045,147.4398217778439,148.01064167292012,6931900
2024-02-06,148.74990844726562,148.85284365126566,147.72990896082615,148.14164977682626,6185400
2024-02-07,148.89962768554688,149.56403026594668,148.54404501034762,148.8809225775474,7209300
2024-02-08,148.45045471191406,148.88091491178074,147.6363399158946,148.60018124045095,6121600
2024-02-09,147.308837890625,148.16974414589882,146.87839190234305,148.09488086995634,5978000
2024-02-12,147.01873779296875,147.48662251457088,145.5027958641646,147.2526801537698,5482000
2024-02-13,146.23268127441406,148.75925568011894,145.49341548702597,147.61761592339107,6046800
2024-02-14,145.63380432128906,146.129760988339,144.96004917384224,146.129760988339,5727300
2024-02-15,146.9251708984375,147.30883983819905,146.1204085198033,146.26078251856757,6249200
2024-02-16,147.39303588867188,148.27266142618416,146.60699300444276,146.95322311991575,6617600
2024-02-20,148.32879638671875,149.52658002743036,147.97321373878415,148.50659485003968,6622100
2024-02-21,150.097412109375,150.097412109375,148.9651390857308,148.9651390857308,7121000
2024-02-22,150.24713134765625,150.7430879832937,148.44110327424215,149.21779358331966,6619500
2024-02-23,150.68695068359375,151.35135326378727,149.8728358459089,150.28457668110394,5486500
2024-02-26,149.92898559570312,150.81796373628347,149.78862588671478,150.68695658165805,4531900
2024-02-27,149.06808471679688,149.53596946840094,148.74992651259637,149.17101993329814,3868200
2024-02-28,149.7698974609375,149.83539389494314,148.450459161237,148.85284743390176,3802900
2024-02-29,148.73121643066406,149.82606510447755,148.02002242535215,149.65761915843143,8348100
2024-03-01,148.64698791503906,148.81541956800493,147.48662861711858,147.8983694737584,4819800
2024-03-04,149.31134033203125,149.49849132765215,147.54273700780834,147.60824770956378,3841600
2024-03-05,149.0867919921875,149.71375579495347,148.58146850543335,149.21779914084445,4481600
2024-03-06,149.32073974609375,149.71376120627014,148.7031284749414,149.42366067924368,5405700
2024-03-07,150.30328369140625,150.57466482654152,149.22715454110607,149.6763198766817,4783900
2024-03-08,150.05064392089844,150.89283075315325,148.12294677111444,149.58275917437703,5080200
2024-03-11,151.17355346679688,152.17481932663384,150.49044578457477,150.97703560491223,5170900
2024-03-12,151.52914428710938,152.0812591293755,150.87410851011714,151.42622335238326,4229100
2024-03-13,151.8753662109375,152.27774017196245,150.96766881198943,151.95022947132264,5410500
2024-03-14,151.1267547607422,152.17481189639807,150.78052465957893,151.8192292417763,5848100
2024-03-15,151.0144805908203,151.12676835725497,150.00384785678185,150.37814993070327,10956900
2024-03-18,150.85540771484375,152.2684145226669,150.65888983677232,151.10805519973772,6086300
2024-03-19,151.43556213378906,151.7537202995762,150.81795090934978,151.4074901943789,6148100
2024-03-20,151.58529663085938,151.9689512492003,151.0986925243262,151.60400173897753,4870300
2024-03-21,151.463623046875,152.02509035161998,150.77114860818375,151.678845992921,5211500
2024-03-22,151.2764892578125,151.97831632927847,151.0986907817811,151.78179846663633,6393200
2024-03-25,149.9009246826172,151.2765070467449,149.47046441220095,150.81797483246567,7145600
2024-03-26,150.23776245117188,150.78986290569816,149.85409361516295,150.05996400137718,5842700
2024-03-27,152.16546630859375,152.2871209026612,150.97703514441218,150.9957545308937,6599700
2024-03-28,151.8285675048828,152.6614016029447,151.31389153895552,152.36196285467278,7191500
2024-04-01,150.26585388183594,151.66015544595277,149.53595488282392,151.38877432041534,5971900
2024-04-02,150.2565155029297,150.3875226618111,149.38624244280302,149.38624244280302,6771200
2024-04-03,146.1204071044922,150.5466072834635,145.68059428096893,150.31266489983238,9601800
2024-04-04,145.4653778076172,146.99068678646216,145.42795330719076,146.80353572690888,6801700
2024-04-05,146.07359313964844,146.97192366971663,144.75415500248528,145.31560801410131,5121200
2024-04-08,146.01742553710938,146.63503666074968,145.63377100154986,145.95192911541108,5476800
2024-04-09,146.59764099121094,146.68185681225143,145.69929606398753,146.23269148799386,4608100
2024-04-10,147.140380859375,147.4585390182425,145.65249670945718,145.65249670945718,7784900
2024-04-11,145.83030700683594,147.4772703698203,145.7648105705583,147.43047904178852,8209800
2024-04-12,145.3530731201172,145.95196500825082,144.80097256110676,145.25013790752973,6770500
2024-04-15,145.4653778076172,146.74739183691395,145.35309002762733,146.37307543909677,5754000
2024-04-16,145.93324279785156,146.85965969321748,145.67122849428094,145.83967442012414,6103300
2024-04-17,146.87838745117188,147.02809971980992,145.73674751538877,146.26077615239555,6621900
2024-04-18,148.1375732421875,148.4578001794136,146.88497618153588,147.2428548970473,7819300
2024-04-19,148.93812561035156,148.9757917612091,144.58695945543425,145.9619967108138,12034200
2024-04-22,151.19845581054688,151.90481464074688,148.099901398602,149.21123239341455,8926300
2024-04-23,152.1025848388672,152.66767758972676,151.08542650986328,152.27210404158168,7707300
2024-04-24,153.13861083984375,153.38347674456887,150.14364171758092,151.82006564209544,7217600
2024-04-25,153.09152221679688,154.75853324918054,152.64886948858816,153.48708147736258,7094600
2024-04-26,151.9048309326172,153.81672225931115,151.1513929296563,153.0444296240949,5659800
2024-04-29,152.25331115722656,152.37573692875517,151.07604631350975,151.79181816496242,4621000
2024-04-30,153.70370483398438,153.84498524670312,152.19681436135207,152.4228400282466,8106100
2024-05-01,153.89202880859375,154.68316157275822,152.78069788057488,153.7790160012444,7543000
2024-05-02,154.3064422607422,154.9186285548648,153.17627097201043,154.02389584583233,5647500
2024-05-03,154.89036560058594,155.1258185363718,152.72419571717444,154.02388615049594,5581500
2024-05-06,154.8715057373047,155.38007769102515,153.76016054820454,155.19171824042147,5472400
2024-05-07,156.11473083496094,156.3784370096269,155.01281266848343,155.38011872397593,6433000
2024-05-08,155.46485900878906,156.68920268104733,155.33299157913694,156.32189670518872,4579400
2024-05-09,156.37841796875,156.65155142626676,155.44603352574845,155.44603352574845,4671100
2024-05-10,157.1413116455078,157.62163051158257,156.05821940425315,156.42552544793577,4879400
2024-05-13,156.21832275390625,157.8947466520881,155.73800389686807,157.1413086891046,5725500
2024-05-14,156.11473083496094,156.40670458704204,154.4100536448314,155.89811812810862,6009800
2024-05-15,156.82106018066406,156.9811664443255,155.5119424992855,155.690889020703,5102700
2024-05-16,158.09254455566406,158.5446102393682,156.89643943056058,157.2166520243965,6793600
2024-05-17,157.88531494140625,158.22436773281282,157.16954321328407,157.91356814311462,4700800
2024-05-20,157.57452392578125,158.11136352926354,157.08477778467747,157.80056392265385,3804600
2024-05-21,158.55401611328125,158.73294827676142,157.5556835725372,157.99833625099808,5147100
2024-05-22,158.04542541503906,158.62934409376336,157.8759062002765,158.23378488841078,4536700
2024-05-23,155.86044311523438,158.32798548256764,155.70033683049752,157.55569289287556,4729800
2024-05-24,155.7097625732422,156.63273420795994,155.54022895899905,156.19950878327793,3820100
2024-05-28,153.61892700195312,155.1729107613132,152.81838120415674,154.91863191619404,6466200
2024-05-29,152.24388122558594,153.27046707356115,152.02726852191782,153.1856930843793,4360400
2024-05-30,153.11973571777344,153.23274851408442,152.0837371819063,152.2438434336485,4748200
2024-05-31,154.9656982421875,155.1823252906506,152.54524952973603,152.98790219968166,10341400
2024-06-03,155.06930541992188,156.56679708737832,154.10866774151728,154.39119978169074,5828400
2024-06-04,157.29197692871094,157.3955767971898,154.8338476592645,155.20115367097918,6277000
2024-06-05,156.38784790039062,157.29197915545382,155.38010240447477,157.29197915545382,5243300
2024-06-06,158.66700744628906,158.770607301072,155.47426657549383,156.18062530240343,6302000
2024-06-07,157.33908081054688,159.1379448410319,157.13188105986757,158.6011052040242,4558200
2024-06-10,157.61221313476562,157.96067890794825,156.4161081047523,157.07537350168207,4110600
2024-06-11,157.734619140625,157.75345939843672,156.35958210939677,157.25430034822162,3947700
2024-06-12,155.5684814453125,157.88534502317185,154.6643500765691,157.7534919331089,5474500
2024-06-13,156.7269287109375,157.28259430767682,154.8998112441854,154.8998112441854,4902200
2024-06-14,157.0847625732422,157.21661563258968,155.6343789204198,156.33132473177406,3695000
2024-06-17,157.7534942626953,158.89309299221094,155.77568351163515,156.1995103660832,6759400
2024-06-18,158.75180053710938,158.83656015320344,157.22606996378374,157.3108295798778,5112600
2024-06-20,157.91358947753906,158.95900119470423,157.15072418653634,158.57285489131255,8483600
2024-06-21,158.46925354003906,159.05318664758528,157.45209503786072,157.73464146139494,14682000
2024-06-24,158.648193359375,159.55233900216,157.73463477220434,158.9401527153127,7565200
2024-06-25,157.1413116455078,159.08144174141643,156.24657889854277,158.81773557522934,7968200
2024-06-26,157.70639038085938,158.04544321948677,156.02055350354232,156.38785954781298,5164000
2024-06-27,156.9246368408203,158.3185282905627,155.86981249693213,157.7440226666442,5007000
2024-06-28,155.3236083984375,157.5086187859547,155.00339581882466,156.34076691977396,9253100
2024-07-01,153.2515869140625,156.53851461903932,152.7618408511391,155.95458164639436,7638600
2024-07-02,154.36294555664062,154.49479863148525,152.30038982248004,153.1197614753782,5449200
2024-07-03,154.29702758789062,154.65492066749468,153.4964818164313,153.71310887561663,2980500
2024-07-05,155.59674072265625,155.9922999717431,153.98623614981634,154.46655501565579,6509200
2024-07-08,156.83050537109375,156.97177139310114,155.9828661263265,156.2936657456504,5144500
2024-07-09,156.0205535888672,157.05653799513928,155.53080740593572,156.9341122275876,4393100
2024-07-10,157.09420776367188,157.2072205785711,155.90751572360082,156.2465685392058,5037100
2024-07-11,155.9075164794922,156.93410224646414,155.19174469681462,156.6233026330771,5831500
2024-07-12,156.91525268554688,157.88531761638592,156.35958721465974,156.54794668620886,4684600
2024-07-15,155.0033721923828,156.92466174811508,154.89035938642976,156.7833957406738,5752500
2024-07-16,157.23545837402344,157.34848554875387,155.03162247400942,155.31416885447666,6378300
2024-07-17,159.58056640625,160.26808487884392,157.59334327318922,157.98890243704759,7982300
2024-07-18,158.63877868652344,160.9744678794837,158.48808535254992,158.97783150251018,5926300
2024-07-19,159.1381072998047,160.16136886297159,158.35170032689695,159.14757685706647,6597100
2024-07-22,159.41287231445312,159.83923371743694,158.89175750754418,159.1096729877644,6383000
2024-07-23,157.8684539794922,159.57391375182934,157.58422273188359,159.2801984910757,4863400
2024-07-24,159.17599487304688,159.4412870412482,156.88310430082768,157.58424186383905,5907000
2024-07-25,158.13377380371094,161.15622522941615,158.10535067397336,159.47920274554093,7338300
2024-07-26,160.2277069091797,160.42668328004495,158.2569546026695,158.46540053125597,5581600
2024-07-29,161.00460815429688,161.58256915869072,159.2802091548953,159.98134667972428,6797800
2024-07-30,153.2069091796875,153.8512005577914,149.73914257955826,153.29217857378728,15746300
2024-07-31,152.31625366210938,154.30595926850924,150.84767726304162,152.36363035889755,9660900
2024-08-01,156.98733520507812,157.574765827646,152.24047015065204,152.42997695810968,12532700
2024-08-02,161.1467742919922,161.4025969465295,156.47570851508158,158.64543738468626,11899000
2024-08-05,159.23284912109375,161.90473896579726,157.9158577709473,161.90473896579726,10338800
2024-08-06,159.26129150390625,161.38364366994492,159.03390643931232,159.08126868954182,7454900
2024-08-07,161.08990478515625,162.70061140582268,159.18546840340625,159.7160672103919,8385500
2024-08-08,161.89523315429688,162.54899396263474,160.12345751114293,160.5213957298404,6386900
2024-08-09,161.58258056640625,162.2647645691755,160.7393273487247,161.1846423076807,5377300
2024-08-12,158.0485076904297,160.73933671518424,157.4705466115534,160.50246765756836,7208100
2024-08-13,158.50328063964844,158.9865027345382,157.71688814834175,158.55065733917434,3770000
2024-08-14,159.93397521972656,160.56878249823416,157.11050037241282,157.7547772076724,5476600
2024-08-15,159.10018920898438,160.76774198469752,157.991643877379,160.55931053790442,9491400
2024-08-16,159.07176208496094,159.50760745283148,158.0390166042012,159.00544627567902,5640800
2024-08-19,159.5739288330078,160.35086620279787,159.33705979938964,159.3465293560925,3885300
2024-08-20,161.4594268798828,161.60154253061577,159.2802286721583,159.90556645006305,4513600
2024-08-21,161.22254943847656,162.8616791734839,160.69196509354973,161.25097256714486,4082000
2024-08-22,161.21307373046875,162.2458338022058,160.25612794887226,161.9047417832726,4097300
2024-08-23,160.2845458984375,161.17517583338469,159.41286953541285,161.11832957495645,4771300
2024-08-26,161.40257263183594,161.99000323558028,159.8392282644434,159.8392282644434,6472400
2024-08-27,160.36033630371094,162.11317294136936,160.19926709518458,161.85735033613878,4456400
2024-08-28,160.18032836914062,162.20792691340796,159.7255438289578,160.52142038861268,5644800
2024-08-29,161.09939575195312,161.63946418790616,160.06665004433273,160.83410354187342,4413200
2024-08-30,162.53005981445312,162.85221270770748,160.7772375314998,161.22255249887493,7301600
2024-09-03,165.35354614257812,165.80833065861538,162.0089564007372,162.04684908651566,10101400
2024-09-04,166.66104125976562,166.75579465329932,164.51028090846384,164.51028090846384,7517500
2024-09-05,166.25363159179688,167.27690750955784,165.4956478241216,166.7463232093865,6061900
2024-09-06,166.3673553466797,167.74119305139496,166.13048627837222,166.52842457824792,5785700
2024-09-09,166.81268310546875,167.55171349850394,165.48622200446755,166.31999135766472,6450200
2024-09-10,168.45179748535156,168.59392759840242,166.6705519519717,166.6705519519717,6396300
2024-09-11,164.78504943847656,167.70327770057628,164.5102877175973,167.32429302543133,6828200
2024-09-12,164.3586883544922,165.43881058363286,163.382789079801,164.76609615812464,4838900
2024-09-13,164.93666076660156,165.37249172813492,163.7238923714849,164.2639462946614,3918000
2024-09-16,167.93067932128906,167.9969951344826,165.16405067690653,165.53356579995292,6892300
2024-09-17,166.64212036132812,167.67486595997195,166.14942868430904,167.35272751848777,4757100
2024-09-18,164.78504943847656,166.6610481579197,163.5059653168584,165.85570210890205,5102900
2024-09-19,162.53005981445312,164.0649810783727,161.4309984179586,163.79968890087338,8692000
2024-09-20,165.06932067871094,165.3725055742049,162.49218400897834,162.50165356725162,28647500
2024-09-23,164.64292907714844,165.98834342986245,163.52489974006383,164.87031409277782,10265000
2024-09-24,164.14080810546875,165.33462310202083,163.55336293738034,163.79971604111932,5422400
2024-09-25,163.2122344970703,165.50512501853558,163.02274216074085,164.92717845279918,8916500
2024-09-26,164.11236572265625,165.43882667435446,162.35952889752497,162.4921749926948,4957200
2024-09-27,164.43447875976562,165.2872014601579,163.51542579337018,163.92283357366,4599500
2024-09-30,164.10287475585938,164.86085860643732,163.63862067110173,164.60503598468264,6296600
2024-10-01,163.95126342773438,164.86084687517112,163.15538694706373,164.1407702198984,7130600
2024-10-02,162.89010620117188,163.3922674294504,162.09422966473113,162.9753755892178,6212700
2024-10-03,161.1846466064453,162.36899185709774,160.85303861066632,162.36899185709774,4794300
2024-10-04,160.00979614257812,161.1562343262794,159.42235102771605,159.98137301123614,6002800
2024-10-07,158.3422088623047,160.67300654223934,158.10533982585085,160.27506829587753,6325300
2024-10-08,159.32760620117188,159.73501404027922,157.53687670595,158.08641465386728,7473000
2024-10-09,160.37928771972656,160.89091846597512,159.17598899297494,159.53603454680731,8758800
2024-10-10,160.0760955810547,160.87197209186107,159.52655766911533,159.93397993888888,6932300
2024-10-11,162.10369873046875,162.40689805238733,160.0950538234461,160.55932236363165,7036500
2024-10-14,163.44912719726562,163.76179610328225,161.7721045977318,162.03739679847186,5909000
2024-10-15,164.4534454345703,165.72306003004698,163.74283830850425,163.80915412245415,7172200
2024-10-16,163.32595825195312,163.52492016548058,161.91421345511816,162.8522201337677,6117000
2024-10-17,163.23118591308594,164.55764670722013,162.7384942792625,163.13643251750275,7045600
2024-10-18,163.23785400390625,164.12419508592296,160.5502696020524,162.3038722159766,8372500
2024-10-21,161.57957458496094,163.42848800710067,160.54075689267583,162.95196452891383,5522500
2024-10-22,161.73204040527344,162.7136774541028,160.6551074010505,160.6551074010505,7511400
2024-10-23,161.61770629882812,162.1800005188128,160.807610560493,161.589116053225,4837800
2024-10-24,161.65582275390625,161.97986977660042,160.99821801638302,161.46521626795496,5861200
2024-10-25,160.32154846191406,161.4461368080214,160.14999246027142,160.98867837421005,4877900
2024-10-28,161.350830078125,161.69392751617465,160.47402874585154,161.33176506980547,5753800
2024-10-29,159.3208465576172,160.93149812547313,158.99681410578646,160.93149812547313,5681000
2024-10-30,158.3582763671875,159.46381426116116,158.16766989568828,159.24460300371254,5518100
2024-10-31,157.4242706298828,159.1969383404963,157.33849990412912,157.97703954419677,6056500
2024-11-01,157.34803771972656,158.5393462592692,157.24320198655317,157.548169410659,5454800
2024-11-04,157.3289794921875,158.463107597488,156.85245605583208,157.9389289090288,5130200
2024-11-05,157.97703552246094,158.5107539568029,156.61418555126698,156.61418555126698,4397400
2024-11-06,153.48817443847656,158.24386817971728,152.30639129142335,157.83406507771815,11473700
2024-11-07,155.73739624023438,156.25203516370826,153.89800817514086,154.35548115416375,9056700
2024-11-08,159.8354949951172,159.873610470817,156.23296449199248,156.31874976141378,7506200
2024-11-11,158.234375,160.60746700659053,157.99611327596912,159.15883165262713,6364400
2024-11-12,158.0532989501953,159.2160173650132,157.79598675028302,158.33921593688433,6507500
2024-11-13,158.75852966308594,158.96820111187327,157.90077886104524,158.26294128028505,5412300
2024-11-14,159.2350616455078,160.14997843299443,158.69181798728627,158.88243898182444,7444300
2024-11-15,161.57957458496094,162.5612263289809,159.04448073318727,160.05470818016855,9939400
2024-11-18,162.7327423095703,163.399872166061,160.90289418505012,161.1697461276464,6681000
2024-11-19,162.74227905273438,163.13303176143734,161.6939362161997,162.6755733335375,5683700
2024-11-20,162.86619567871094,163.0377516948626,161.55098621013784,162.02750969384198,7081100
2024-11-21,164.63885498046875,165.36316540244798,162.22764744283967,163.6000373306672,6240400
2024-11-22,168.00308227539062,169.070489996765,165.71577586034851,165.97308801596157,10609800
2024-11-25,169.0609893798828,170.4238540118878,168.5939911626162,169.14676011090882,19357000
2024-11-26,170.89080810546875,171.03377384143963,168.87987890846074,168.87987890846074,6276700
2024-11-27,170.9384765625,171.95822908801352,170.33805241816216,171.54842593970312,5522900
2024-11-29,170.84317016601562,171.19580738326013,169.90918834088765,170.3094662659425,3823700
2024-12-02,171.26251220703125,171.70092014685824,169.65186073977154,170.70974330131048,5728200
2024-12-03,167.1834716796875,171.1862654214533,166.97380021557373,170.37618434859593,8127300
2024-12-04,166.88803100585938,166.92614648043474,165.31550955308012,165.99216465876214,6823500
2024-12-05,167.7648468017578,168.1746645360474,166.25903093530584,166.64978365949452,5022200
2024-12-06,165.6586151123047,168.44151024759068,165.59189485060222,167.1358261375306,5741200
2024-12-09,162.77085876464844,165.6014089621415,162.42776133033593,165.48704799815076,7164300
2024-12-10,164.19088745117188,164.8103620010779,161.95122184642454,162.41821997359324,6219900
2024-12-11,162.61837768554688,165.24878157864254,162.39916645436733,164.8866191465545,5237500
2024-12-12,162.8280487060547,163.75250524902893,162.037018131018,163.3808030429817,4072800
2024-12-13,163.02821350097656,163.72393372208364,162.1323470161397,162.75183627637549,3884500
2024-12-16,163.1044158935547,164.66741194046583,163.06630042319347,163.39985805145574,5943600
2024-12-17,162.3324737548828,163.87640501782448,162.03703155442767,162.65650619781164,6069200
2024-12-18,161.1411590576172,162.55166428800075,161.08397857484144,161.78922391886297,7517100
2024-12-19,161.24600219726562,162.11327833877894,159.49239944733233,161.0744461987172,8585200
2024-12-20,160.16905212402344,161.8940646047935,159.63534821199966,160.9410177497965,21999300
2024-12-23,160.21670532226562,160.75993446063583,158.54887334739203,160.16905007165823,6983900
2024-12-24,161.00775146484375,161.23647342205837,159.55911605233527,159.74972253079483,2460800
2024-12-26,162.1704559326172,162.30388191029087,160.1785915007954,160.40731343832692,3629400
2024-12-27,161.57003784179688,162.74228144278015,161.3127111100498,161.46520210236966,4367900
2024-12-30,159.24456787109375,161.04582553269887,158.88242001784496,160.75038338570445,4354500
2024-12-31,159.77828979492188,160.18810747989187,158.76806251627684,159.5019126222575,3957600
2025-01-02,158.18670654296875,160.7885348226987,158.1200008278256,160.19763590763188,5401700
2025-01-03,157.37661743164062,158.68228685007153,156.53793162236786,158.44402515810444,5256600
2025-01-06,153.05931091308594,155.82314061781182,152.90681994586737,155.16553604622845,8731700
2025-01-07,153.72647094726562,154.9749600844142,153.1927669993861,153.87896194447174,8447400
2025-01-08,154.48892211914062,154.77482458082866,153.03076139515994,153.43103938386614,4974800
2025-01-10,151.1151123046875,153.6406952844653,150.07629468644697,152.63045336714933,8501500
2025-01-13,151.3819580078125,152.57326656908464,150.9721548430585,151.86802120790966,6772200
2025-01-14,152.23971557617188,152.55422279522622,150.8768509602697,151.39150442502827,5982200
2025-01-15,152.1539306640625,153.5835010036898,151.85848845398084,153.04979707033692,8059200
2025-01-16,152.96401977539062,153.04026526864618,151.66787547472794,152.1253338919204,5774400
2025-01-17,153.564453125,154.15533755512408,152.1062925173868,152.23971850297423,7262700
2025-01-21,154.12672424316406,154.72714835961315,153.40241393585976,153.40241393585976,13914700
2025-01-22,157.00494384765625,160.24529733193518,156.7190268831985,159.25413500313462,14356700
2025-01-23,158.3487091064453,158.6632162738836,155.65159964530366,156.18530348980292,7614300
2025-01-24,157.36781311035156,159.0841775908773,156.48566526597054,159.0841775908773,6199800
2025-01-27,162.67990112304688,162.94838027398046,159.2759512646192,159.860855407228,9170800
2025-01-28,159.35267639160156,162.61278902870748,159.27596596553795,161.96077235369341,6716300
2025-01-29,159.39102172851562,160.40740925324923,159.05543007977354,159.86086759397554,4850300
2025-01-30,160.52247619628906,160.70466161956537,159.10335533656666,160.5895886711179,4136500
2025-01-31,159.160888671875,159.7649594297241,158.41298039566868,159.1704719873591,5464700
2025-02-03,161.81690979003906,162.41141184232623,158.43214140522323,158.66227264781978,8668600
2025-02-04,161.2128448486328,162.32510931695919,159.43895120518133,162.32510931695919,6410900
2025-02-05,162.056640625,162.18129688947073,159.75538649195505,161.1744927196322,7536800
2025-02-06,161.93202209472656,162.93881177718893,161.11698654785613,162.40185337827057,4957900
2025-02-07,161.05941772460938,162.16209883438245,160.963526049405,162.1333342580242,4535600
2025-02-10,160.6375274658203,161.54843991121908,159.55401292083164,160.79094830300772,7062900
2025-02-11,162.45933532714844,162.59358951887677,159.64988786685308,160.7909314484254,5438100
2025-02-12,162.6031951904297,163.08262434904128,161.0594327144597,161.42380355692987,6037400
2025-02-13,163.98394775390625,164.32913732123438,162.18128949885755,162.65113532497583,6328300
2025-02-14,156.18841552734375,163.0058980854524,155.62269268660853,162.8045314207589,13179500
2025-02-18,158.62391662597656,158.9403416108838,155.5268085097261,156.62950429913303,7075300
2025-02-19,159.64031982421875,160.00467602043184,158.44174697782367,159.26636568138414,7910700
2025-02-20,160.33071899414062,160.8772606722812,156.1021499520813,156.4377416124082,6162600
2025-02-21,163.22645568847656,163.53329738875001,159.0937784684099,160.55124728267367,9813700
2025-02-24,163.52369689941406,165.86331361907057,162.8045531354713,163.2168698349275,8564100
2025-02-25,165.546875,166.79339368124596,163.77299597335656,164.23324384776473,7314900
2025-02-26,164.25241088867188,165.54686066668486,163.62914428650427,165.1920878182762,5519000
2025-02-27,164.8948516845703,165.96876822481073,163.6099851623519,163.82093514432992,5467000
2025-02-28,166.6879119873047,167.46458481634903,164.77979346434776,166.43861411348044,10240100
2025-03-03,168.3659210205078,169.03711888690304,166.37149405249326,166.43862115464086,7615300
2025-03-04,166.0550537109375,172.584890250888,165.79617253491978,169.4781844595421,12117600
2025-03-05,167.4262237548828,168.63437976824994,165.90164279327357,166.2468323158091,6989100
2025-03-06,167.47418212890625,168.605627818538,165.72905312569256,167.69471542534006,6702500
2025-03-07,168.71112060546875,171.53016644278338,166.88929562689984,166.92764352253604,9566700
2025-03-10,169.00836181640625,172.58491387588145,168.59605976266923,169.48779097527262,11047000
2025-03-11,165.99752807617188,168.74946107872645,165.23045321555838,168.5960402541977,11032300
2025-03-12,161.44297790527344,164.7606342790838,160.86767166605227,162.71826128385575,10158800
2025-03-13,161.65391540527344,162.32511328126307,160.39781338784647,160.80053211344025,6609000
2025-03-14,161.05941772460938,161.65390514403325,159.76495326442756,160.8868156354446,6790500
2025-03-17,162.77577209472656,164.05105532954434,161.21284308823368,161.44295970557377,9931700
2025-03-18,160.8101348876953,163.25521189284325,160.68547862447778,163.0730411025473,6099900
2025-03-19,161.63475036621094,161.80733783701584,160.23481081305528,160.96353785259234,7569200
2025-03-20,160.65670776367188,162.24841602014828,159.19923908117443,161.94157434761567,8789200
2025-03-21,159.83209228515625,161.22243389323265,157.36781943254502,160.2635755937294,16027300
2025-03-24,158.83485412597656,160.00466229418566,158.55679168711404,159.58276234748533,6102100
2025-03-25,156.15008544921875,158.56639791509505,155.52681875388805,158.49928543988477,8366700
2025-03-26,159.7266082763672,159.9567395224316,156.28431068678373,156.6295002403725,7756000
2025-03-27,161.7689971923828,162.07582425345853,159.76497213956694,160.96354506614756,6211700
2025-03-28,161.116943359375,162.7278327553393,160.72380798304272,162.41140779129248,5479100
2025-03-31,163.40863037109375,164.09900952028244,161.18408671449868,161.18408671449868,11520100
2025-04-01,163.5428924560547,164.01273835672595,162.10460480246928,163.55249040426384,7021100
2025-04-02,162.52647399902344,163.84970307102904,161.38543033617987,163.07303022650953,6274500
2025-04-03,165.29757690429688,167.60842885097355,163.70586866153081,167.06187261311374,9393300
2025-04-04,157.01303100585938,166.45779017373235,156.74455187904812,164.70307790356338,13454200
2025-04-07,153.63784790039062,157.92394529771406,152.6406417930897,156.92673919041314,15708000
2025-04-08,151.87356567382812,156.56238217935612,150.2626907514213,155.63228845712723,11541100
2025-04-09,155.64187622070312,157.90476761669038,150.24349965864195,150.88593292240344,10670200
2025-04-10,156.83084106445312,158.27872627534444,154.13645192846988,156.19799115628928,10581600
2025-04-11,160.0430145263672,161.10734763947644,155.9295049415068,156.64864854141808,8602800
2025-04-14,162.1717071533203,163.1113841801618,158.95952603171744,160.1676822090851,9877300
2025-04-15,161.53884887695312,163.15932164365276,161.3566634703752,162.18128214208562,8765000
2025-04-16,159.54443359375,162.69907099556946,158.96911275542232,162.32511683996148,5897500
2025-04-17,163.6099853515625,164.58801021712011,160.46493151063655,160.6375189700824,7227100
2025-04-21,159.9214324951172,163.97373734240534,158.50312359023386,163.91584958664956,8062400
2025-04-22,161.97653198242188,162.8352346891698,158.75397134699128,160.02756082965539,7907400
2025-04-23,159.90211486816406,160.75117445594904,157.37425165098708,160.54855260987668,9309200
2025-04-24,153.920166015625,155.29988807653487,151.07390497698984,154.8560573844486,20077700
2025-04-25,155.3577423095703,156.11031246321866,152.22202842863075,154.2578309525293,12892800
2025-04-28,156.1585693359375,156.84359402351663,154.74990358950222,155.3770405257046,8127000
2025-04-29,156.5541534423828,156.6795867288435,153.6017601012058,155.61826212544543,8266200
2025-04-30,156.853271484375,157.42252074065007,154.32539315331638,156.7374812448725,12475500
2025-05-01,154.3543243408203,155.67615851741277,153.4570347112056,155.010419903329,6792800
2025-05-02,154.87533569335938,156.11996650518572,154.2771279151578,155.27090689884503,5750200
2025-05-05,153.24476623535156,155.25162508251148,152.46325213167523,155.232324257594,7576200
2025-05-06,153.65000915527344,154.09383983531853,152.1062669106664,152.48255205848452,7703800
2025-05-07,153.68858337402344,154.42186750455582,152.96495701713445,153.42808848553886,6430000
2025-05-08,153.07110595703125,154.37363942859704,152.45361198820558,152.8106110404921,7230800
2025-05-09,152.11590576171875,153.53421453987482,151.87469698614413,152.46324698743484,6453200
2025-05-12,155.24197387695312,155.38670798663398,151.18002603180958,151.89399463958932,7378400
2025-05-13,153.1482696533203,155.06829678166355,151.8264502916484,154.39291516337187,7780800
2025-05-14,152.4632568359375,153.563168334719,152.02908395630044,152.55973151907006,5988900
2025-05-15,156.69886779785156,157.18128533453194,153.1193231979086,153.9780258243111,8727300
2025-05-16,157.5382843017578,157.68300368738093,156.15857708476327,156.93043343770822,7100800
2025-05-19,158.97589111328125,159.34251845761898,157.66371472595938,157.72160247915923,8119900
2025-05-20,159.81529235839844,160.16263359846445,158.81187028832764,158.8215133397515,5576600
2025-05-21,159.6126708984375,160.51961828988152,158.8311567868958,159.0241355935812,6424200
2025-05-22,159.2267303466797,160.35558561136347,158.2522522264522,158.6574811889888,6245600
2025-05-23,160.02757263183594,160.3749139052505,157.73126006191646,159.03379351777542,5349800
2025-05-27,161.86073303222656,162.07299793456917,159.45830302640894,159.45830302640894,11423800
2025-05-28,161.47482299804688,162.9027750013373,161.18536948762147,161.75461873405396,5385900
2025-05-29,162.6326141357422,163.047500914997,160.58716828348201,160.87662177934547,4842500
2025-05-30,163.9158477783203,164.9771723628566,162.6712168766518,162.81593626444473,12587500
2025-06-02,161.8800506591797,163.09573772605825,160.38455313643564,163.07645162181834,7574400
2025-06-03,160.9827423095703,161.52304760996782,160.06613718687962,160.915196785913,6223000
2025-06-04,160.1143798828125,162.14053945616516,160.08543600795448,160.82836314781247,4939000
2025-06-05,157.07518005371094,159.62234449902658,156.79536958960279,159.61268672440514,10351800
2025-06-06,158.2522735595703,159.4293736808519,157.53829021187298,157.54793326387085,5697700
2025-06-09,156.84359741210938,158.25226318897876,156.37083761750816,157.6444123419591,6544200
2025-06-10,157.11376953125,157.76020738601147,156.226122862523,156.96905013175774,7680000
2025-06-11,156.40943908691406,157.04623386945164,156.0042100586312,156.9111575266907,5960100
2025-06-12,157.44178771972656,157.56722099635968,155.99453504060176,156.27434546967328,6509900
2025-06-13,154.64378356933594,157.29708035031024,154.2867992590051,157.03657072595755,7104500
2025-06-16,155.22268676757812,156.2550527433062,154.38327015907464,155.22268676757812,6332000
2025-06-17,152.94566345214844,154.7305995453924,152.74304160433033,154.43150302135894,6809700
2025-06-18,152.4632568359375,153.0710929785429,152.1159155877846,152.97461829541035,7211200
2025-06-20,153.48597717285156,153.7368290114357,152.29923406255,152.47289732259685,16173400
2025-06-23,155.36740112304688,155.52177827848718,153.40878697032252,153.4763324966586,6588200
2025-06-24,154.72097778320312,156.05245510923004,154.03593829340483,155.512135014775,7470100
2025-06-25,153.37985229492188,154.7016718024103,153.12900044394513,154.19996810045683,5933700
2025-06-26,153.05181884765625,153.94910855428188,151.64315291933934,153.93946550187917,7410400
2025-06-27,154.23855590820312,154.49906553484155,152.72375757511017,153.10004271482484,19257000
2025-06-30,153.71754455566406,154.27713599217773,152.56938836121975,153.65964207947863,11238200
2025-07-01,155.5507354736328,156.81466725731372,153.77544220071027,154.25785981110556,10664900
2025-07-02,155.5314178466797,155.67615194749453,154.2385423238073,155.47353009523997,8848700
2025-07-03,155.1744384765625,156.3225946571794,154.17100167912588,156.1006719733483,6999600
2025-07-07,154.85604858398438,155.51212944901576,153.68859152186872,155.23233372062688,7225700
2025-07-08,152.3378143310547,154.16135209290832,151.903641477702,153.91050026529052,12034800
2025-07-09,151.98085021972656,152.63693111234554,150.46605183530522,152.5404564222519,18770900
2025-07-10,152.91673278808594,153.9973434772332,151.51771000105205,152.2123925075657,7200500
2025-07-11,151.52735900878906,152.4921941317712,150.93880899488133,152.4921941317712,8053800
2025-07-14,148.35304260253906,150.3213144898074,147.48469688429546,150.10904958584285,11491700
2025-07-15,147.31101989746094,148.63285403052757,146.55844967733398,148.160079519026,9142600
2025-07-16,148.32411193847656,148.35305581684844,146.91546078365556,147.36893450777083,8479000
2025-07-17,150.1476287841797,150.27306205430645,148.46882518569416,148.62318760791004,8320000
2025-07-18,150.66929626464844,151.12587105755722,149.2412882651923,149.38699731701666,7337300
2025-07-21,150.60130310058594,151.4853109598331,150.46530303169374,150.64016873335274,6328400
2025-07-22,153.79734802246094,153.8459078357279,150.47503264188117,150.49446546092665,8187000
2025-07-23,153.7584686279297,154.3413345639638,153.1756026918956,153.70018499890557,4804800
2025-07-24,154.2733154296875,154.4773229387162,153.53503147980788,154.33159905429704,7027400
2025-07-25,153.77789306640625,153.91389313435116,152.53445963865397,152.8453105841442,5799900
2025-07-28,152.62188720703125,153.5738876959294,151.76702115493734,153.1270366762591,7885000
2025-07-29,152.13616943359375,154.11788683997233,150.4167283452607,154.11788683997233,11466100
2025-07-30,148.51272583007812,152.51502623377806,147.70643442219668,152.51502623377806,8162900
2025-07-31,146.1715850830078,147.65787700120129,145.62758474993012,147.463593285516,11845400
2025-08-01,146.34642028808594,149.1053021174228,146.22014403902418,147.44414465720405,8594200
2025-08-04,146.4532928466797,147.1333080794207,145.73444162322934,145.95786715298576,7679400
2025-08-05,146.21041870117188,147.73557607686698,146.02585882786025,146.40471721690304,6670100
2025-08-06,148.49330139160156,149.09558532088482,145.91900896202327,146.55043470576243,7376200
2025-08-07,149.1053009033203,149.61043554124578,148.33786030399077,148.74586050672855,6719000
2025-08-08,149.1247100830078,149.3967102020905,148.21157529631293,148.40585897810132,5811000
2025-08-11,150.55271911621094,150.95101030139517,148.93042738705242,149.15385288144327,7331700
2025-08-12,150.6595916748047,151.0967337089651,149.90187486282096,150.6304498607204,6938000
2025-08-13,150.970458984375,152.5247434352289,150.52359312573043,150.7761752808803,5812400
2025-08-14,149.34817504882812,150.28074280449118,148.89160016867532,150.2224591726244,6343700
2025-08-15,149.95045471191406,151.1550374199343,149.8047456364223,150.05731297490695,7121700
2025-08-18,151.27159118652344,152.43730815516315,149.76586664153675,150.00872496095732,8274500
2025-08-19,153.87503051757812,154.16646347542766,151.22302172922898,151.28130535621966,7868100
2025-08-20,154.9533233642578,156.429906159423,153.88475560718643,154.04989749265482,7840400
2025-08-21,154.1956024169922,154.51617718236628,152.68987784856074,153.41845281816668,6417500
2025-08-22,154.1373291015625,156.0899048144747,153.78761249984277,154.82705330766692,5797300
2025-08-25,151.68931579589844,154.16647387030105,151.43674845427702,153.86533189528018,4692500
2025-08-26,151.5144500732422,152.2235922181947,150.9024423626843,151.4658754445971,6338000
2025-08-27,152.47618103027344,152.64132291657683,151.33959099724487,151.68930758673915,4551200
2025-08-28,151.20359802246094,152.52474799780023,150.60131407674197,152.5150390003488,5857400
2025-08-29,152.5538787841797,153.05902825017412,151.20358709120853,151.63102011451954,5318200
2025-09-02,153.4767608642578,154.32190313852297,152.49560369051432,152.8647531081918,6432800
2025-09-03,153.65159606933594,154.10817088473445,152.0293043132392,153.1464466266385,6592500
2025-09-04,154.64248657226562,155.18648690901549,153.30190372606242,153.99162796773294,6934900
2025-09-05,155.44876098632812,155.97332844682737,153.8847527787027,154.02075284793554,6436200
2025-09-08,154.4676055908203,155.69162105048235,153.72932161001006,155.05047150712568,7178400
2025-09-09,154.90476989746094,155.30304630911894,153.68075437886807,154.07904561342278,4984900
2025-09-10,152.85504150390625,154.39961695221885,151.43674230983228,154.06933317513875,6205500
2025-09-11,154.09848022460938,154.79791343683286,152.8938975095807,153.21447230042455,5819500
2025-09-12,153.3893280029297,154.58420175797733,153.27276073820204,153.41846981911158,5957000
2025-09-15,152.34988403320312,153.9916086583258,151.73787631965206,153.3698919481564,5995000
2025-09-16,153.53504943847656,153.86533323182672,152.40818315456733,152.65104150077724,6559600
2025-09-17,155.74990844726562,157.05162555923857,153.90417621622237,153.90417621622237,6764200
2025-09-18,152.82589721679688,154.47733089837243,152.670464327899,153.6321738293003,7651500
2025-09-19,151.5824737548828,153.1173404326155,151.51448111916417,153.10763143405526,17224800
2025-09-22,148.6973114013672,151.62132047619116,148.67787858377295,151.62132047619116,8712900
2025-09-23,148.1436004638672,148.91102636386717,146.65730847783203,148.82360091125287,8853400
2025-09-24,148.0658721923828,149.24131308990073,147.45386442713078,147.70644658949988,6483300
2025-09-25,147.8035888671875,149.48417935562964,147.4441632452525,148.85273873913306,7511400
2025-09-26,148.1436004638672,148.31845136909578,147.20130883574058,147.88130928312628,5721100
2025-09-29,149.14414978027344,149.3287244745027,147.45385054263704,148.06585825026144,8139700
2025-09-30,149.26071166992188,149.96986860890365,148.47385311574547,149.07615180521594,7762600
2025-10-01,148.80413818359375,149.4938623134623,147.08471200284347,149.30928762422022,7566000
2025-10-02,147.70643615722656,148.4350111318697,147.2984359501739,148.35729468916026,6892100
2025-10-03,147.920166015625,149.04701747934675,147.65787485067642,147.65787485067642,5212600
2025-10-06,146.11329650878906,147.96873780005848,146.10357268845038,147.1721553229241,6737000
2025-10-07,148.18243408203125,148.79444182509968,145.7635745697061,146.45328393525963,6844400
2025-10-08,146.3852996826172,148.42530090469947,146.32701605097157,148.42530090469947,5254700
2025-10-09,146.2784423828125,146.56015154525875,145.30700898791235,146.43387528349186,6134500
2025-10-10,145.41384887695312,147.18184972432596,145.18069955539934,146.62814046711688,7374000
2025-10-13,143.27671813964844,145.1612864927987,142.77156861898987,144.74357724393113,7511100
2025-10-14,144.89898681640625,144.98641225122373,142.8784038819969,143.35441150971715,8585300
2025-10-15,143.2086944580078,145.14185204978645,143.0629853930302,144.28698600752924,10003100
2025-10-16,145.32643127441406,146.10356607569742,143.6944155813474,143.78184102305738,8809700
2025-10-17,147.07501220703125,147.687019998085,146.13272061438238,146.26873552163653,8612900
2025-10-20,147.6190185546875,148.0367277806686,146.9778689854687,147.25957813521214,5601300
2025-10-21,147.28871154785156,147.92986108049612,146.56013657609068,147.61901013378392,6013400
2025-10-22,147.85214233398438,149.07615775412103,146.48241785092458,146.97785831065437,6394400
2025-10-23,147.8618927001953,148.92075160859653,146.27845142529745,147.99789279097254,8205400
2025-10-24,149.16976928710938,153.9728502166232,148.2306652483987,152.99462368430272,11968500
2025-10-27,148.43609619140625,148.45564997451393,146.8611509112235,148.30892196844644,7775300
2025-10-28,148.07412719726562,149.83493772404873,147.34045738831853,147.82957059428327,5819300
2025-10-29,145.53074645996094,147.68284156577917,145.23727555313337,147.37959376845916,7405500
2025-10-30,146.3231201171875,147.51655762871852,146.08834038610624,146.21551460626088,6760700
2025-10-31,147.0959014892578,147.81001752050003,145.29596846506624,145.47205698186244,7930300
2025-11-03,144.79708862304688,146.94918390672686,144.5525320015707,146.83180150491484,8946400
2025-11-04,143.96559143066406,146.2448609544514,143.06562484674595,145.36446307986137,9295400
2025-11-05,142.61563110351562,144.21014503293102,142.478679994192,143.67211748681987,11199900
2025-11-06,142.9482421875,143.4862548173669,141.3146057355029,142.70368556426897,10024500
2025-11-07,143.77972412109375,144.71882811134077,142.8210663483271,143.75037852076275,8500100
2025-11-10,142.3319549560547,143.42756385344666,140.9526520163762,143.1927990477494,10208100
2025-11-11,145.30575561523438,145.41336112572125,142.4982503778291,142.78194441754522,7332500
2025-11-12,144.78729248046875,145.90247004402823,144.29817925212598,145.29597441737957,7851100
2025-11-13,144.73838806152344,145.75573697338695,144.42534844153425,144.9535841420777,7566800
2025-11-14,144.45469665527344,146.12747043595405,144.39600545710059,145.85356822678017,9150800
2025-11-17,142.64498901367188,144.75794681497158,141.85261304581445,144.53295890947066,9902300
2025-11-18,143.78952026367188,144.18080489755508,142.34173427988958,143.14388718386778,10735200
2025-11-19,143.78952026367188,144.3275329036233,142.68411952945138,143.7601746624582,6367000
2025-11-20,144.96337890625,145.4231465283615,142.94823482289357,143.44712493502374,9021300
2025-11-21,147.63394165039062,148.2013148118135,145.07099299581822,145.1492529070371,12018000
2025-11-24,143.77972412109375,147.1350487156044,143.34930208083685,146.8318008944829,13846900
2025-11-25,145.25685119628906,145.4133560843928,144.01449942311194,144.112328038909,10477700
2025-11-26,145.02207946777344,145.72640374599067,144.39601510119724,144.6992629297112,9238500
2025-11-28,144.9340362548828,145.4720637945254,143.9753635745919,144.58187413134868,4707200
2025-12-01,144.22972106933594,145.64814654365367,144.14168426455913,144.87535415747024,8240700
2025-12-02,142.68411254882812,143.00692907293683,139.40704792581207,142.12651629994457,16376800
2025-12-03,143.51560974121094,145.0611944043203,142.68411128406947,142.74280248310512,9125300
2025-12-04,142.19500732421875,144.210151564052,141.35373192125851,143.47648167518736,10479300
2025-12-05,140.3265838623047,142.45912532454915,140.1309415539968,141.9993576904224,12791700
2025-12-08,135.32785034179688,139.79835260870635,135.13220802723131,139.79835260870635,17507500
2025-12-09,136.5897674560547,137.81255054958365,135.97348000041964,136.15934541888427,10375700
2025-12-10,136.77561950683594,138.20382166162446,136.50170238822926,136.60930788700512,13650400
2025-12-11,137.6951446533203,138.7516309715668,137.30386005836257,137.92992436622526,11798000
2025-12-12,139.72987365722656,139.99399899918353,137.77342060150548,137.92994042833573,10268800
2025-12-15,141.9700164794922,142.15588190242363,140.08203157590353,140.15051459553166,13877700
2025-12-16,142.04827880859375,143.34930693815744,141.50045942189865,142.91889980986795,10251700
2025-12-17,144.59164428710938,145.21770859683463,143.26125576312435,143.4960354767278,9833300
2025-12-18,142.3515167236328,144.2884009089423,142.18522001885609,143.42755685922654,12239900
2025-12-19,141.31460571289062,142.8699822540187,140.805923757217,142.34173158905526,19345600
2025-12-22,139.58314514160156,141.25590413929717,139.31901980060408,140.58094037582921,11731400
2025-12-23,140.06246948242188,140.6004970672291,138.98642923935992,139.3875057049937,9541600
2025-12-24,141.3439483642578,141.58850498234676,139.72008883777474,139.78855692903292,3259200
2025-12-26,141.58851623535156,142.4689141598225,141.16787105700027,141.16787105700027,4711500
2025-12-29,141.42221069335938,141.9113239379074,140.81570012006472,141.64719860641702,7662100
2025-12-30,140.9135284423828,141.31460488443864,140.44398390804153,141.14829324627766,6006400
2025-12-31,140.18963623046875,141.00156601030568,140.11137631989453,140.8646148984387,5293200
2026-01-02,138.70274353027344,140.21899775087456,138.1647308396389,139.99400981152448,8946100
2026-01-05,137.3136444091797,138.2723170940466,136.56042077663597,138.02776047727366,12297300
2026-01-06,136.86366271972656,138.34077924808673,136.47236319375153,137.3332072243459,10421800
2026-01-07,135.0343780517578,136.75606622638384,134.62352471732706,136.75606622638384,14369100
2026-01-08,138.44839477539062,138.69295139937407,134.8191828343451,134.88765092725356,9297100
2026-01-09,138.78099060058594,139.23098136417676,137.76364159491175,138.6146938845888,9528500
2026-01-12,140.3363800048828,140.7472333429565,138.6244836329666,139.18206497515524,12812000
2026-01-13,141.09939575195312,141.1972094460348,139.85704391735666,140.86461601836388,15549200
2026-01-14,143.1634521484375,143.70146477431476,141.22655295969358,141.52980078200304,13475000
2026-01-15,141.48089599609375,143.16344668131725,141.20699378469,142.5080218255822,10102800
2026-01-16,141.38307189941406,141.57871421001954,140.5320196386769,140.6298333307039,11729300
2026-01-20,143.79930114746094,143.79930114746094,140.98200394032003,141.31461230756202,12901400
2026-01-21,142.8797607421875,144.16123507378632,141.81349743552684,143.85798724588759,14126800
2026-01-22,146.6654815673828,147.62415421643684,144.2883985058945,144.85577162679866,18501900
2026-01-23,147.92355346679688,149.401311303758,147.57875232435734,148.6033244770038,14562600
2026-01-26,147.27334594726562,148.6427342237785,146.31772804575706,147.8939939935073,12655700
2026-01-27,146.14039611816406,147.42112259537095,145.73647203113578,145.87441052844025,9546000
2026-01-28,145.15521240234375,146.50490801834093,144.61336489464628,145.80542941158075,7465800
2026-01-29,147.67726135253906,147.90386171227883,144.9286383741246,145.1059620999764,11035600
2026-01-30,149.51954650878906,149.71657788628465,146.9383858562462,148.19940471125457,12651400
2026-02-02,150.91848754882812,151.45047376679855,149.0072516350481,150.15990096775937,10554900
2026-02-03,153.01690673828125,154.20895631917858,149.94316018786608,150.3273766276017,12424700
2026-02-04,154.54391479492188,156.02167267984566,153.45037335877703,153.81489719251235,12178500
2026-02-05,156.25811767578125,157.2826898506833,153.80503420142952,156.4847030065954,13077700
2026-02-06,156.809814453125,157.6176626521585,155.6670114053594,155.89361177291113,10441700
2026-02-09,154.99710083007812,156.9181830781391,153.7065280129841,156.40588946781264,11439900
2026-02-10,156.72116088867188,157.77528709376142,154.3961544070585,155.19414130823176,9910100
2026-02-11,157.6275177001953,158.75061316250793,155.8443588114169,156.28768319844238,10217300
2026-02-12,158.81956481933594,160.72093932530024,157.2826840647245,157.64720788113706,13512900
2026-02-13,157.6964874267578,160.15941739819442,157.34182490956968,159.34172284377368,13998900
2026-02-17,157.18417358398438,159.765319051939,156.52411024036732,157.57823631576093,13319100
2026-02-18,154.53407287597656,156.62263260223827,153.46023905691038,156.62263260223827,14434300
2026-02-19,156.2088623046875,157.58811205701292,154.50451903682776,154.50451903682776,10724600
2026-02-20,158.39593505859375,158.6717819848204,155.8147895206744,156.77040745529172,11508100
2026-02-23,162.72084045410156,162.90802551977148,157.92305812522147,157.94276577227362,14772400
2026-02-24,162.8292236328125,164.39564347302232,161.50909678757395,162.4548534700461,9709500
2026-02-25,160.9672393798828,162.5533667721119,159.69637421761428,162.10018107467624,7878500
2026-02-26,161.3218994140625,162.06077834267654,160.44509702007508,161.7849314119297,7028600
2026-02-27,164.72073364257812,164.76999524257963,161.26278579090197,161.6075869258529,14878500
2026-03-02,161.08544921875,164.08038016205148,161.0263413109597,162.83905396833535,9095500
2026-03-03,157.35166931152344,159.78504529642643,156.26797412420703,159.78504529642643,10161000
2026-03-04,155.9527130126953,157.24328578189423,154.97738743101527,157.075808364692,8752700
2026-03-05,151.7066192626953,154.7705043310175,151.4898802521365,154.61287322651478,10060300
2026-03-06,151.35195922851562,152.14008469864805,149.63775476266505,151.3815131820191,8187900
2026-03-09,152.9183807373047,153.91339892648327,150.63277475529094,150.8790677258081,12494900
2026-03-10,153.6966552734375,154.8197505838155,151.32240253399604,153.18437673363664,7756800
2026-03-11,151.04656982421875,153.07602162573,149.18458041692423,152.92823681446026,8855100
2026-03-12,148.26837158203125,150.78056294424613,148.10089416222095,149.9530221525258,8489300
2026-03-13,148.4161376953125,150.28797328665797,147.9531057091528,149.12546265144954,7298900
2026-03-16,149.86434936523438,150.3766429785721,148.41614542375342,149.60821007483085,6944000
2026-03-17,149.2338409423828,151.18449220282605,148.95799400237624,150.74115280475118,6147700
2026-03-18,144.53457641601562,147.4014152272885,144.2882834404146,147.09601434274808,10059300
2026-03-19,142.69229125976562,145.1946362491204,142.6430296593396,144.0518332623683,10340300
2026-03-20,142.14059448242188,143.6577675620949,142.11104052928158,142.84007311597782,60620900
2026-03-23,141.8549041748047,143.98286400731013,141.3524568960289,143.98286400731013,10315600
2026-03-24,141.03721618652344,143.07651425140372,140.12099848068462,141.20469360962718,8567600
2026-03-25,141.7859344482422,141.9632732026604,140.1209915742622,141.60861072635382,8418100
2026-03-26,140.3081817626953,142.4263103908934,140.1308580343274,141.55935429879148,6443200
2026-03-27,140.59388732910156,141.94356801080363,139.90425497864086,140.60373363631126,11558300
2026-03-30,142.57408142089844,143.4114835656516,140.45596780656587,140.91898477889455,11616300
2026-03-31,142.29823303222656,142.77111133974066,140.1702580996175,142.67260316829584,10407500
2026-04-01,141.95343017578125,142.82038634804553,141.08648903604873,141.7859527393269,8061700
2026-04-02,140.997802734375,142.07165156982936,140.4658165030053,141.95342071533437,5941700
2026-04-06,140.6529998779297,141.53964859701762,139.8155977290451,140.8894315190035,6823100
2026-04-07,139.2047882080078,140.6529920592033,138.65309436612947,140.40669909175548,7207500
2026-04-08,142.75140380859375,142.95829652409785,139.766334122587,141.02735296533763,10849700
2026-04-09,144.48532104492188,144.76116798688773,140.87958811882837,142.24897652091994,6794800
2026-04-10,143.00755310058594,144.71189623663125,142.61347533074348,144.71189623663125,9790300
2026-04-13,141.4509735107422,142.93857756606974,140.51506327639626,142.84991570895394,7121400
2026-04-14,142.2391357421875,142.57409060866175,140.65300824796367,141.1160402826616,6621600
2026-04-15,141.2539520263672,142.25881654232523,140.15054927473156,142.21941628058443,7698200
2026-04-16,140.9879608154297,142.15045652101287,140.54463643673324,141.07662268466274,6947100
2026-04-17,144.75131225585938,145.40152937248862,141.03722470313383,141.2835176988996,10886000
2026-04-20,142.3474884033203,144.48530954973714,141.46082470394612,143.894200416821,8084700
2026-04-21,140.2096710205078,142.47555434827277,140.2096710205078,142.47555434827277,11197200
2026-04-22,140.7318115234375,141.175135870657,140.1111484178121,140.38699534641668,7236300
2026-04-23,143.54940795898438,144.06168653710807,141.27364818248435,141.27364818248435,11288800
2026-04-24,147.08203125,151.29061979953673,146.5261830755894,150.88365411979794,13786200
2026-04-27,147.30039978027344,148.59077024600995,146.3276654919543,146.3276654919543,9166400
2026-04-28,148.064697265625,150.06973396702963,147.33017497116106,148.91832555270014,7965700
2026-04-29,145.37478637695312,147.64781156823693,144.80900261897824,147.2011489489405,9002400
2026-04-30,146.00010681152344,146.62544356094526,144.86855445040024,146.00010681152344,9491700
2026-05-01,146.16883850097656,148.17387509806076,145.37477839724775,146.77431917479143,6814800
2026-05-04,142.3572998046875,144.97773760551402,142.20841731714523,144.97773760551402,9642800
2026-05-05,143.82632446289062,144.8189147356386,141.12647770935808,142.31759815323613,7664300
2026-05-06,146.80410766601562,147.8463305694715,144.85863904890977,145.31522213128636,9399500
2026-05-07,144.9777374267578,146.89344458988742,144.93804047870418,146.89344458988742,9545800
2026-05-08,145.33506774902344,146.42692312109028,145.12663227072707,145.46410933273836,5741000
2026-05-11,142.29774475097656,144.86854997018716,140.91804485205006,144.70973188862237,7489500
2026-05-12,142.8436737060547,144.77922176188346,141.80145086192348,143.280415861365,9051200
2026-05-13,141.18605041503906,143.59803758588825,140.61034622073603,142.0892960817053,6685900
2026-05-14,141.65257263183594,143.2109315738657,141.57316358796368,142.11907615278005,9636200
2026-05-15,140.52101135253906,142.33743821269604,140.1537426546991,142.33743821269604,6989400
2026-05-18,141.33493041992188,143.35980794213955,140.58056725394388,141.0470859006894,7731200
2026-05-19,140.2530059814453,142.64515212961857,139.80634339609261,141.41433476165247,8355800
2026-05-20,141.3845672607422,142.15878649680377,139.57804561278098,140.40189739386727,8375600
2026-05-21,142.3374481201172,142.65508429757702,139.0519765313656,140.82872171436264,6297300
2026-05-22,143.3697509765625,143.5682660152007,142.46649013317318,142.80396721343075,4616700
2026-05-26,141.9007110595703,144.53106920558864,141.47388936950904,143.43921385494397,8157200
2026-05-27,146.39715576171875,147.43936350970256,142.39701787414097,142.39701787414097,10048900
2026-05-28,144.828857421875,145.612997111615,143.93551704523207,145.612997111615,10196700
2026-05-29,142.4962615966797,144.56085124616453,142.13892848146642,144.44174525633545,12355800
2026-06-01,139.24057006835938,140.76916765583465,137.8310936193964,140.47138752814354,11093800
2026-06-02,139.77658081054688,140.07434579993173,137.99983559667405,139.08175544671062,9599500
2026-06-03,139.1512451171875,141.3944938803485,138.96265052530114,139.88575229098456,9351000
2026-06-04,139.7368621826172,142.07937591254404,138.85345741537546,141.64263375422658,8194000
2026-06-05,145.4541778564453,147.13165790934903,140.7493094643581,141.16619557848443,10963200
2026-06-08,144.0248565673828,145.4641094530425,143.94544752700992,144.70973114236304,7200700
2026-06-09,147.5684051513672,148.37240090955876,143.45908171837834,143.59804376120496,8259300
2026-06-10,147.94558715820312,149.31535147231375,147.28055347507657,148.7992154215363,7345900
2026-06-11,147.2408447265625,148.51135912703037,146.67507611881535,147.598177848302,6684700
2026-06-12,148.50143432617188,149.08705896400699,147.20114346579274,148.2731427996088,6832000
2026-06-15,149.3451385498047,150.37742576552802,147.65772297578928,147.65772297578928,9158900
2026-06-16,151.360107421875,151.88617909397178,149.43447972594635,150.38735797717848,8518900
2026-06-17,149.44439697265625,151.80676679379997,148.6602572796902,151.25091863487825,7055800
2026-06-18,149.26573181152344,151.16156774393545,149.06720163806705,149.75209135760457,17076100
2026-06-22,146.58572387695312,149.77194530936566,146.47655348709506,148.99772611003655,10533000
2026-06-23,149.74217224121094,150.24838783829253,148.2632072518497,148.55106691849042,7259600
2026-06-24,150.91342163085938,152.21372763836797,149.8017253482469,150.8638042327417,8618500
2026-06-25,147.399658203125,151.16156874163084,146.72470407524094,150.44691766622896,11197200
2026-06-26,147.9158172607422,149.76203590587528,147.3202569962244,149.22602863866396,16724600
2026-06-29,147.3500213623047,147.94558157778496,145.95046545793386,147.62794542400204,10387700
2026-06-30,145.55343627929688,146.4368410119005,143.1017371059213,146.4368410119005,9353800
2026-07-01,146.33758544921875,146.40707404244185,144.47152592322945,145.44426020826734,9571700
2026-07-02,150.28810119628906,150.54616922223693,146.64529660699972,147.4790688253476,9256000
2026-07-06,148.2036590576172,150.09951021404746,145.8710808804345,149.56350295674108,8323100
2026-07-07,151.6181640625,152.35268631631146,149.49402148604588,151.5288345729856,8061400
2026-07-08,147.30039978027344,149.95062930520396,147.25078238006273,149.84144376243256,14272300
2026-07-09,145.7618865966797,146.56588228869282,144.5211487643815,145.68247755792555,7748000
2026-07-10,145.95046997070312,147.4889879534934,145.62292850235943,146.01003811067335,12473000
2026-07-13,147.27061462402344,148.93817416597793,146.01995632685183,146.98277010767168,7816100
2026-07-14,144.99758911132812,147.64780332666248,144.5112144243791,147.2706141757336,7668100
2026-07-15,146.9530029296875,147.48899504939956,143.5881222814616,144.20352344589517,6180000
2026-07-16,150.37742614746094,150.3972821936961,147.08201917579933,148.38232515400534,6485400
2026-07-17,148.86868286132812,153.17653609779785,148.20364920502914,151.72734765498078,8917400
2026-07-20,148.02499389648438,148.98780768360248,147.33016858111816,148.45180044864716,5788300
2026-07-21,147.00262451171875,147.3103250709858,145.7916631750561,146.76439739532225,7027600
2026-07-22,148.02499389648438,149.3451407916641,147.71729333176688,148.3922474549245,5371200
2026-07-23,145.88099670410156,146.51625388635964,144.51121725190643,145.05714494268898,6499200
2026-07-24,147.41000366210938,147.99000549316406,145.39999389648438,146.4499969482422,6620700
2026-07-27,148.6300048828125,150.25,147.85000610351562,147.85000610351562,7301800
2026-07-28,148.8800048828125,153.67999267578125,148.52000427246094,151.5,12848800
2026-07-29,146.10000610351562,146.3800048828125,140.1999969482422,141.3800048828125,14616800
2026-07-30,143.9600067138672,144.4499969482422,142.25,143.75999450683594,9571100
2026-07-31,144.49000549316406,144.6999969482422,141.4600067138672,143.50999450683594,9152600
2026-08-03,144.97000122070312,147.14999389648438,144.25999450683594,145.85000610351562,8843600
2026-08-04,148.00999450683594,148.25,143.7899932861328,144.0399932861328,7362300
2026-08-05,146.8000030517578,147.85000610351562,144.66000366210938,147.85000610351562,9753300
2026-08-06,146.97000122070312,148.5,145.4499969482422,147.82000732421875,8766700
2026-08-07,145.7899932861328,146.0,143.8800048828125,144.89999389648438,7565500
2026-08-10,146.44000244140625,146.4600067138672,144.14999389648438,144.72999572753906,7386500
2026-08-11,145.2100067138672,145.7100067138672,143.92999267578125,145.41000366210938,7936700
2026-08-12,144.0800018310547,144.94000244140625,143.7899932861328,144.0500030517578,7195000
2026-08-13,144.25999450683594,145.8000030517578,144.0,144.58999633789062,7491300
2026-08-14,144.5500030517578,144.91000366210938,143.4199981689453,144.3300018310547,7249600
2026-08-17,143.1199951171875,143.97000122070312,142.47999572753906,143.63999938964844,9867500
2026-08-18,143.4499969482422,144.4199981689453,142.67999267578125,143.27999877929688,12746100
2026-08-19,144.3800048828125,146.22999572753906,143.6199951171875,144.3000030517578,13948500
2026-08-20,142.97000122070312,144.9199981689453,142.55999755859375,144.47000122070312,15794100
2026-08-21,144.67999267578125,145.27000427246094,142.13999938964844,143.02000427246094,9785200
2026-08-24,146.60000610351562,146.8000030517578,145.0,145.24000549316406,7061800
2026-08-25,145.39999389648438,146.11000061035156,144.9600067138672,145.72999572753906,8827402
