Date,Close,High,Low,Open,Volume
2021-08-13,126.32481384277344,126.63262821243593,125.48933495007061,125.71798823478066,4888800
2021-08-16,127.20426940917969,127.24824480805913,126.09616182221909,126.35119766466761,6040800
2021-08-17,127.4153823852539,128.04859074915439,126.54471753003781,126.99323452971241,7577000
2021-08-18,126.02579498291016,127.41533428920872,125.92025134915893,127.25702554828523,7162000
2021-08-19,127.51207733154297,127.76711316109012,125.90267443370452,125.90267443370452,5787200
2021-08-20,127.60005950927734,128.3827735347012,127.32743074145952,127.74077546021935,5273800
2021-08-23,126.94923400878906,127.81988518035854,126.84369036722936,126.89645547830536,4522200
2021-08-24,125.92024993896484,126.77332161378061,125.74436177722487,126.65019855862197,4560400
2021-08-25,125.47174072265625,125.8762955966577,125.10237153478052,125.8235304868765,3861500
2021-08-26,125.25188446044922,125.50693373181635,124.41640552821485,125.3750075302584,4749400
2021-08-27,125.1551513671875,125.55970628877876,124.56591853963745,125.30465700229044,4741200
2021-08-30,125.70040130615234,125.75317983840655,124.92649061872991,125.41019318549903,3845800
2021-08-31,125.22551727294922,126.22809479855843,124.92650598377325,125.79715729163323,9642400
2021-09-01,126.50070190429688,126.80851627368483,125.08477996004576,125.17273075684446,6214200
2021-09-02,126.59744262695312,127.28341590103825,126.27204883318154,126.6150354702241,5392500
2021-09-03,126.68536376953125,126.9667820989551,126.21925417751335,126.43031456973013,5466400
2021-09-07,126.21051788330078,127.0811827204707,126.01703680837413,126.92288734248243,6520600
2021-09-08,127.16911315917969,127.46812443816931,125.77077044736944,125.83233869743697,6897800
2021-09-09,126.63262939453125,127.4153431841773,126.33360473400212,127.14271449848373,6354700
2021-09-10,126.7557373046875,127.04595879910322,126.04338155448805,126.6941690697784,5750000
2021-09-13,128.118896484375,129.48205333859443,127.38896122159545,127.38896122159545,9952500
2021-09-14,127.8990707397461,128.71697046196715,127.4769363066642,128.51469966977962,5831800
2021-09-15,127.62641143798828,128.19806481919463,127.29222790898099,127.82869560119174,6237100
2021-09-16,126.73817443847656,127.6879868031866,125.60368416417272,127.38017239465131,6142100
2021-09-17,126.94039916992188,128.6465422387234,126.84365868397732,126.96678171887,18737400
2021-09-20,125.6652603149414,127.38899714025625,124.8561637379688,126.834936478653,10238700
2021-09-21,125.8587417602539,127.10756561660986,125.65647097026827,125.74440837402173,6651300
2021-09-22,126.2896499633789,126.94924072554264,125.63884891372366,126.48313099383294,6332500
2021-09-23,126.80851745605469,127.24824460533324,126.19290213094624,126.69418410303182,5171200
2021-09-24,126.24566650390625,127.03717000021862,125.84111162439505,126.46553007726052,5009400
2021-09-27,124.58349609375,125.91146722096167,124.46037303175295,125.89387437798857,5749700
2021-09-28,123.64248657226562,124.32845990683926,122.7366496453438,124.04704148672612,7015300
2021-09-29,124.90011596679688,125.48054566424501,123.28190969379433,123.3610707874814,5460000
2021-09-30,122.94776153564453,125.533360328131,122.71030502506176,125.44540949623726,6934900
2021-10-01,122.75426483154297,123.32590490792371,121.64615695541872,123.06206586520523,5587200
2021-10-04,122.05947875976562,123.47540097900858,121.0129392232905,122.58715680422529,5816000
2021-10-05,122.53437042236328,123.58092319665808,121.99790275736375,122.0682607123777,6902700
2021-10-06,124.17012786865234,124.23168267822749,121.90992436590044,122.23533151161392,5332900
2021-10-07,125.16394805908203,125.78835312535881,124.66265264417046,124.66265264417046,5334600
2021-10-08,124.64508819580078,125.42780219961828,124.03826241609967,125.13758059109117,6131800
2021-10-11,125.16394805908203,125.55969982803902,124.6802454883976,125.2079100405375,5995600
2021-10-12,124.97923278808594,125.79711872586992,124.61865335728828,125.41017016289818,6734800
2021-10-13,125.26949310302734,125.55091154690766,124.02945911679856,125.23430741041115,5689800
2021-10-14,126.68536376953125,126.9140170009009,125.59483587192848,125.61242871108135,6777800
2021-10-15,127.01079559326172,127.40654736680709,126.35999454339463,127.09874639600888,6923700
2021-10-18,125.18152618408203,126.37758461035145,124.97046573318092,126.24567182853825,9119000
2021-10-19,123.70404815673828,123.84476406892024,122.06826258099488,122.31450871760933,9555300
2021-10-20,124.1877670288086,124.84735785695959,122.99170845698508,123.25553405271768,7352700
2021-10-21,123.29399108886719,124.91337116843005,123.16124704802552,124.6478965893447,6545500
2021-10-22,124.6213607788086,124.7806374378616,123.2851570738895,123.34709349598818,5265000
2021-10-25,124.63906860351562,124.70100502855476,123.04623442436979,124.24970763721333,5382100
2021-10-26,126.40887451171875,126.70088171803172,124.98417478177795,125.32043000506528,6234900
2021-10-27,125.50625610351562,127.14332457809681,125.38236976758733,126.66548114025852,9643500
2021-10-28,126.25843811035156,126.43543019164606,125.40009132855344,125.55936799859845,4538500
2021-10-29,126.53276062011719,126.96635607889442,125.6744004023024,125.7982867480386,6239500
2021-11-01,126.22299194335938,127.24948614921482,126.09026144372034,126.86012534681488,5038900
2021-11-02,127.47960662841797,127.93976171117406,125.90447440552911,126.29383535996894,9954300
2021-11-03,128.35562133789062,128.40871353885603,127.0017162028953,127.5415094170342,7620100
2021-11-04,128.59457397460938,128.65651038654096,125.95754380730732,126.39999690217851,6402500
2021-11-05,129.231689453125,129.52371010575723,128.1344144581879,128.7007538595544,6062700
2021-11-08,128.26715087890625,129.2848011095872,127.44419459486228,128.7538519890061,5854400
2021-11-09,128.65650939941406,129.0458702803288,127.93973755163772,128.33794263344717,4873100
2021-11-10,129.92196655273438,130.35556205515834,128.8335219385591,128.9662660025953,7334900
2021-11-11,129.55029296875,130.05469610348706,129.38217209310457,129.95735585832378,4096300
2021-11-12,129.69183349609375,130.1519884404489,129.17858634711982,129.85112361254545,5687400
2021-11-15,130.43519592285156,130.7449185590568,129.61223946494604,130.10778488079453,5510200
2021-11-16,130.24937438964844,131.48823794112508,130.09008421725858,130.42635296805938,7603900
2021-11-17,130.1697540283203,130.77148397852315,129.5680105755156,130.0547118602984,4900200
2021-11-18,130.18740844726562,131.03692442278475,129.64761507281872,130.11661432408917,5509300
2021-11-19,129.92196655273438,131.1696743380323,129.89540693784687,130.9219016216185,6274300
2021-11-22,130.78915405273438,131.79794669626727,129.93079386013375,130.05468020223083,6625400
2021-11-23,132.2404022216797,132.29349444030345,130.6741142592842,130.81570251068015,7912800
2021-11-24,131.55018615722656,131.7448666417239,130.682968179884,131.64752639947523,5665200
2021-11-26,130.49713134765625,132.48817049529143,130.35554310097857,131.4793778672602,6299800
2021-11-29,131.86874389648438,132.435083402509,129.8953930763838,130.78029939845976,7113300
2021-11-30,127.93975067138672,131.44397195377084,127.53268784434303,130.79799415469972,11696400
2021-12-01,129.55029296875,130.8511064711137,128.17869883590413,128.17869883590413,8313500
2021-12-02,130.31126403808594,131.37316213256207,130.02810111479542,130.09003751883594,9468800
2021-12-03,132.6297607421875,132.73594517749797,130.66526767335264,130.98383448188258,11200800
2021-12-06,134.6385040283203,134.8508864263122,132.9040950371537,132.9040950371537,11935100
2021-12-07,134.28451538085938,135.01898914460503,133.85976418707045,134.46149391972168,7913400
2021-12-08,134.88624572753906,135.0897838756244,132.98370279656393,134.2137218757621,8329300
2021-12-09,135.673828125,136.44369221553112,134.1517883464668,134.7800642011815,8334300
2021-12-10,137.56753540039062,137.8684002931528,135.77116324043263,136.14283575807787,7172300
2021-12-13,139.5231475830078,140.10718886811736,137.08081153063506,137.42592438045506,8944000
2021-12-14,140.0364227294922,140.3726914461355,138.6294249455352,139.72670012178403,8677500
2021-12-15,140.57623291015625,141.2664588301285,139.4966460091534,139.4966460091534,9152600
2021-12-16,142.56724548339844,142.75308173574552,140.1868455270827,140.46116430225408,10852900
2021-12-17,139.33738708496094,143.10708401287636,139.20464300491903,142.16908525869565,24349400
2021-12-20,139.69129943847656,140.22224858295297,138.54977633122917,138.57632243819322,9202600
2021-12-21,139.6028289794922,139.94794193582433,138.7444686901994,139.50548873526517,6946000
2021-12-22,140.98329162597656,141.21336242495545,139.16923083766665,139.61168402981053,6626300
2021-12-23,141.67347717285156,142.3990931799394,141.08943588494935,141.14252809246847,5640900
2021-12-27,143.32827758789062,143.34597949500068,142.12480445378503,142.17789667251634,4548600
2021-12-28,144.09815979003906,144.5760168235941,143.30174940424806,143.31945131357247,5929400
2021-12-29,145.2927703857422,145.9918404352072,144.31052383351744,144.42556597558843,5346100
2021-12-30,144.03622436523438,145.6467470573661,143.89463609485338,145.47861267411375,5911500
2021-12-31,144.75296020507812,144.8856907362297,143.76186956555384,144.11582665035615,5327000
2022-01-03,144.15126037597656,144.18666419667875,141.4788525248195,143.08053109525903,9317300
2022-01-04,144.6556396484375,145.46975185624558,143.51410291494423,143.6114431518886,9253800
2022-01-05,145.31045532226562,146.29270175977555,144.5936699468417,144.6290737568513,9330200
2022-01-06,144.08929443359375,146.18651804353343,143.89461396740708,145.4254980855125,7556000
2022-01-07,144.00965881347656,144.70872886239394,143.31057526196034,144.35477173682037,6098500
2022-01-10,142.045166015625,144.345914341992,141.73544340313384,143.8061209476438,8055000
2022-01-11,140.39926147460938,141.77971338481606,138.85067517743636,141.77971338481606,11957900
2022-01-12,140.708984375,141.01870706572444,139.66480113674461,140.0453044685353,7127500
2022-01-13,140.07180786132812,141.09830237752732,139.620510523519,140.97441603954454,6551000
2022-01-14,141.41685485839844,142.01859808382105,139.4258159478651,139.87712674258125,10708000
2022-01-18,138.69134521484375,140.28417907845912,138.08075777524144,140.28417907845912,10988400
2022-01-19,143.35484313964844,145.2927904017672,138.9037648310143,139.47010441195582,14088300
2022-01-20,144.12887573242188,146.2018420556589,142.4562646822291,142.4562646822291,10799100
2022-01-21,144.68045043945312,147.1092982507077,144.21782439726564,145.01853480340165,10900400
2022-01-24,143.50607299804688,146.01497553703572,141.210685991863,145.40109122921274,14838100
2022-01-25,141.940185546875,143.50603814315213,140.47221231336627,142.7498012801318,9369600
2022-01-26,140.7035369873047,141.96690037372676,139.12880588225443,139.98289502812878,10707100
2022-01-27,141.57545471191406,143.55055477248092,141.08612567429543,141.21957287750786,9083000
2022-01-28,142.79434204101562,143.1946972942537,139.9651522476609,141.11283911701085,9494200
2022-01-31,142.7498321533203,142.92776628442508,141.34412943923581,141.77118764449207,8950100
2022-02-01,142.11817932128906,143.5060846997103,140.3299051352032,143.05233700449185,6284100
2022-02-02,144.66268920898438,144.87620477716018,141.8779726863008,142.474059606636,7558800
2022-02-03,146.03277587890625,146.78010740934624,143.79076771208167,144.11105459305662,10474500
2022-02-04,143.71070861816406,146.34418020597477,143.6039508428155,145.13420897517074,8959900
2022-02-07,142.6342010498047,144.36017727983236,142.0558980788599,144.0132009274678,6430500
2022-02-08,142.31393432617188,143.47941881414542,142.03812073601486,143.34595799784216,5048700
2022-02-09,141.9936065673828,142.91887218051872,141.70000914649737,142.66976168561658,8077400
2022-02-10,139.83169555664062,141.90466183826032,139.36905586737404,141.5398879760404,7033000
2022-02-11,139.04873657226562,141.08612097683283,138.4170683974198,140.5789944705027,9341400
2022-02-14,139.44911193847656,139.7338038345316,136.44197487877756,138.91529596705521,9472200
2022-02-15,139.5203094482422,141.74452037369812,138.88862757219002,140.3655068848142,6659200
2022-02-16,140.57901000976562,141.26407071534754,139.03096803091148,139.52918906206017,9315700
2022-02-17,142.18936157226562,142.68758264403007,139.9918401071213,140.90821391601077,7925500
2022-02-18,142.26051330566406,143.292550345734,141.29966621374237,141.9046450179527,8063200
2022-02-22,140.50787353515625,143.1324538006898,139.377983938502,142.44739290058212,8179500
2022-02-23,138.75518798828125,141.10395431189187,138.43490105435677,140.837046271037,6273000
2022-02-24,135.01846313476562,138.7729313732348,133.9508448586542,138.47044201717875,13145100
2022-02-25,140.78363037109375,141.40640658571212,135.45441721388832,135.52559357777375,8888800
2022-02-28,138.69288635253906,139.84947866905281,136.85124689262923,139.0487546458486,8669200
2022-03-01,136.39747619628906,138.2569128298251,135.53448147632204,137.2871603549765,8311900
2022-03-02,136.8245391845703,137.97223950584348,135.7658262968325,136.08611318003608,6111300
2022-03-03,137.3316650390625,138.66619144968743,136.80675457567114,136.80675457567114,7451200
2022-03-04,138.02561950683594,138.21245918000955,135.72134046555576,136.22845344901862,8639100
2022-03-07,135.97935485839844,137.47403164833256,134.46689415555878,137.4473422034682,8374500
2022-03-08,130.5967254638672,136.0771828786228,130.4098994017177,135.39212230790278,9517200
2022-03-09,132.3583526611328,133.87081343371034,131.5042496595736,132.41173155332277,7044100
2022-03-10,128.95082092285156,131.92236268078983,128.06113678630697,131.49531809638916,9221000
2022-03-11,127.42062377929688,130.03629855798474,127.25158154080208,129.3601296040056,7086100
2022-03-14,129.04867553710938,129.9294540676357,127.53621535115887,128.51485967124384,7964600
2022-03-15,133.69288635253906,133.93309138012276,130.68574856175582,130.792506351793,9868400
2022-03-16,133.2390899658203,135.04514765750176,131.70883218141498,134.01312438761408,6908900
2022-03-17,133.65724182128906,133.87077089770895,132.11809209166486,133.4437263203715,6003800
2022-03-18,133.58609008789062,134.22666385973204,131.88680341932988,134.22666385973204,15570300
2022-03-21,134.09320068359375,134.71597689443715,132.77647189845294,133.84409019925639,6937500
2022-03-22,135.125244140625,136.65550209030712,133.91527305426015,136.5042438259456,7292100
2022-03-23,134.1821746826172,136.13057163540958,134.06651139493653,135.40992962094478,5531900
2022-03-24,134.41348266601562,134.8405272557786,133.5949748791771,134.2444405058691,4203100
2022-03-25,135.97047424316406,136.9402270221383,134.79608426915306,134.90285563302226,5047700
2022-03-28,136.90463256835938,136.92241648105312,135.79252712723482,136.69110343648134,4234000
2022-03-29,138.310302734375,139.20887883091183,137.02915539739,138.23022084418645,5643400
2022-03-30,137.3583221435547,137.39390353290585,135.17859890113112,135.67681980505634,5779300
2022-03-31,135.9437255859375,137.31383305002774,135.587843820556,137.1003175663001,7538600
2022-04-01,137.9811248779297,138.31031727653237,135.28538272938215,136.5843276869268,5742600
2022-04-04,137.08250427246094,137.32272273944793,134.57358902404047,136.84228580547395,5992000
2022-04-05,137.56297302246094,140.0096046856236,136.60211241295838,136.6643968260809,7653000
2022-04-06,139.52920532226562,139.93845254175633,136.95801796326865,137.38506267180443,8884700
2022-04-07,141.3352508544922,141.80678245550376,139.65374804179868,140.45445849526976,6889700
2022-04-08,142.4384307861328,142.8209884354324,141.38859648189984,142.0825489984682,6045400
2022-04-11,141.89573669433594,143.42599459088663,141.1306077460606,142.30498382044635,6158400
2022-04-12,141.46871948242188,142.91001752251324,141.19291947505158,141.73562753247637,7221500
2022-04-13,141.86907958984375,142.7142770499324,141.20181629364114,141.53099517560568,5247700
2022-04-14,141.07725524902344,142.61640538814606,140.97048389465527,142.33169987717224,7806500
2022-04-18,139.73382568359375,141.44201805353273,139.26229405116038,140.99717586629322,6034500
2022-04-19,141.82456970214844,142.37616959357638,139.05765113867204,139.47580382265915,7897000
2022-04-20,145.5968475341797,146.33528721982734,142.34950488421129,142.79434708697445,10196100
2022-04-21,145.48321533203125,147.53201666715748,145.32216660803968,146.56577892987886,9365700
2022-04-22,144.26644897460938,146.29736652837764,143.96226252914053,146.04685843779538,9394600
2022-04-25,145.42953491210938,146.091586180053,142.96917678537986,144.66905512136233,6986800
2022-04-26,142.96022033691406,146.40472715200275,142.9244393165888,145.54583249585482,7769500
2022-04-27,142.5755157470703,144.445384626607,142.35184682889604,143.33599552952975,6754900
2022-04-28,146.198974609375,146.46738007760672,142.49501737245106,143.63124580035026,9306800
2022-04-29,143.6401824951172,145.78739865659585,143.32704054788732,145.35795815463362,10637000
2022-05-02,141.69869995117188,144.9374206616214,139.73935856166523,144.57955594781376,10351600
2022-05-03,139.75729370117188,142.2444909944846,138.6836719659763,141.55558689978983,10344000
2022-05-04,140.7861785888672,140.95616916807657,138.80893914622428,139.41732576383313,7771000
2022-05-05,138.19158935546875,140.7235091099492,137.01061109465223,139.8377890660021,8217100
2022-05-06,139.5694122314453,139.78413931870958,137.66374858052063,138.46896491901057,7304800
2022-05-09,139.2205047607422,140.24937649207277,136.66173137196625,137.74429511984704,8540800
2022-05-10,138.48684692382812,140.12410510872334,137.7263807625388,139.16680919941376,7447400
2022-05-11,136.53646850585938,139.47994575440146,136.30385772247476,137.8069064489638,7692200
2022-05-12,135.98175048828125,137.43112060378883,134.09398441053182,137.35060307551984,9600800
2022-05-13,137.4400634765625,137.5384783401852,134.57710424162886,136.509606844584,5675500
2022-05-16,138.78208923339844,139.4799351823268,136.01754461636153,137.3058797995117,5971000
2022-05-17,138.38844299316406,140.24042840916758,136.9480280940533,138.79105801519543,6509100
2022-05-18,129.76373291015625,138.45998015695136,129.31639514499875,138.37946263562264,9670700
2022-05-19,126.77555847167969,128.3144019439647,125.79142328002628,128.30546010054152,9694100
2022-05-20,126.8560562133789,127.44654542718841,124.520952187557,127.17813999803252,7786900
2022-05-23,129.772705078125,130.29161859058715,127.11551731951153,127.79546589532384,7134500
2022-05-24,132.0809783935547,132.35832567719922,129.56694185256035,129.62956205289888,7207400
2022-05-25,129.9158477783203,131.64256510555066,128.38594652036892,131.6157259301187,8217800
2022-05-26,131.05206298828125,131.85727912664265,129.76372808823476,131.05206298828125,5702600
2022-05-27,133.05615234375,133.05615234375,131.18628367208714,131.49047009058748,6028800
2022-05-31,132.30462646484375,133.29771688463845,130.765783406213,131.7767575080467,12416700
2022-06-01,130.30055236816406,132.5193440086699,129.46851062234916,132.41198730641406,7036000
2022-06-02,131.70523071289062,131.74995358161908,127.6076139048364,130.59582780470478,6479800
2022-06-03,130.52420043945312,131.7051785824971,129.83529652267748,130.94469899174933,4720700
2022-06-06,130.01425170898438,132.08989179400487,129.3611287572697,131.84832558375885,4751100
2022-06-07,131.46363830566406,131.67835171824447,128.32331813000954,128.53804519425657,4918600
2022-06-08,129.8263702392578,131.00733487214703,129.71901354126757,130.89103633321278,4369600
2022-06-09,127.4823226928711,131.41888961078868,127.3481131707838,130.0947736331859,4625700
2022-06-10,126.99922943115234,128.07283768069715,124.76253988973836,126.05087524985994,6630800
2022-06-13,123.59944915771484,125.69300078384802,123.13422759783504,124.80726687849673,8549500
2022-06-14,119.74337768554688,123.08946930664459,118.58029668824913,123.02683546254676,9980200
2022-06-15,118.553466796875,120.69174107829625,115.86049797476444,120.28019791961295,12178100
2022-06-16,119.27818298339844,120.84386561731341,116.84466374026562,117.2293677775121,9683300
2022-06-17,118.41925811767578,120.11913622746928,117.58720274484773,118.59819050002262,17113300
2022-06-21,122.00691986083984,122.57056991584784,119.37657113969277,120.44123739841113,9017000
2022-06-22,123.91259765625,124.97726403698594,121.38066351720357,121.38960536055617,8374500
2022-06-23,127.31233978271484,127.47337483686819,124.27043457148957,124.40464410161688,6418300
2022-06-24,129.14637756347656,129.94263798846316,128.04591717878048,129.0121680852239,19440600
2022-06-27,128.16229248046875,129.5132478565875,127.67917361502482,128.9406559615547,5618500
2022-06-28,126.07768249511719,128.91380247700394,125.77349607093993,128.42172817220774,6077300
2022-06-29,127.22286987304688,127.8133590560448,126.28345774585317,126.68607269441226,5174600
2022-06-30,128.64540100097656,129.22694834320404,126.35503360502388,126.7665903957028,7410100
2022-07-01,130.72105407714844,130.84630811662933,128.29647716445922,129.04801505301094,5937200
2022-07-05,129.45953369140625,130.71208750085952,127.52703146081925,129.35217700692826,5760900
2022-07-06,130.6673583984375,131.95569329179025,129.70110722842293,130.1842259875979,5485200
2022-07-07,130.62265014648438,130.7926407110788,129.37010964684265,129.9874244027369,6623400
2022-07-08,129.74588012695312,131.34734370086326,129.3432787727673,130.61371669016197,4294200
2022-07-11,130.65846252441406,131.14159515570157,129.44170275346116,129.86220151890103,5482900
2022-07-12,129.5042724609375,131.44571656533012,129.164291418587,130.4973627647356,5204400
2022-07-13,130.3542022705078,131.4815020048341,129.0211446695403,129.20007701813813,5075600
2022-07-14,129.9695587158203,130.20216951177395,128.3591395278005,128.61858950591534,4867000
2022-07-15,129.7906036376953,130.35424001640416,128.92276716145534,130.03215623499892,6264600
2022-07-18,128.2159881591797,129.8085100089995,128.0907340918344,129.67431409815435,6047500
2022-07-19,128.8690643310547,129.73690073440466,128.5111995602915,129.34325494723151,5943600
2022-07-20,126.6413345336914,129.0301167592496,125.82717645728403,128.83328703414745,8635300
2022-07-21,126.76112365722656,127.29240586561458,125.12223634828098,126.60804304160429,8310200
2022-07-22,128.7871856689453,128.92225273102525,126.67104342775187,126.75208366499983,5292700
2022-07-25,129.66067504882812,130.04787651060246,128.3459625766154,128.58909706441162,5262100
2022-07-26,129.91281127929688,130.11091882916872,127.60757477928982,128.49004512125958,5375700
2022-07-27,131.14646911621094,131.65975151290795,129.24644761771918,129.56162246554646,5500000
2022-07-28,133.32562255859375,133.8208913718714,130.64218481614165,131.59669539793586,7115700
2022-07-29,125.08618927001953,128.31892233143657,124.47385323253961,127.3553982140296,18694700
2022-08-01,128.67913818359375,129.61564909318176,124.50990725241611,124.57293397770559,12590000
2022-08-02,127.82364654541016,129.4175063930395,127.66156608986627,128.86821083765818,7495000
2022-08-03,130.46209716796875,130.81328529989156,126.88717538748384,127.56253823658867,6811000
2022-08-04,130.25494384765625,131.8848306630021,129.67863490829433,130.43505155519162,6124700
2022-08-05,130.31800842285156,130.42606207514868,128.56206787156577,129.44453809267247,4580300
2022-08-08,130.81326293945312,131.8938405652549,130.32699407665385,130.5971419181768,4486800
2022-08-09,130.50711059570312,131.41660802788778,130.11090926537554,131.0834334186357,3977300
2022-08-10,131.7407684326172,131.92086242507105,130.92132496561757,131.37156681689768,4641300
2022-08-11,130.80426025390625,132.63224110674707,130.50709897739588,132.20001276831886,5954300
2022-08-12,132.07394409179688,132.12797091594825,130.53412464231891,131.3895814187279,5038700
2022-08-15,133.77586364746094,133.9649712806128,132.14599025906665,132.25404391212965,6008000
2022-08-16,135.00953674316406,135.61287301281712,133.5957842466741,133.5957842466741,7093000
2022-08-17,134.38818359375,134.84742530437572,134.06400893322305,134.26211643356118,4834600
2022-08-18,134.86544799804688,135.0635555118603,133.7398433696937,134.05500442145805,3829000
2022-08-19,134.82945251464844,135.63989628093628,133.91996870856264,134.3612107726625,6502500
2022-08-22,134.46923828125,135.18962801990583,134.0279963030041,134.154063476747,6380700
2022-08-23,131.87586975097656,133.6678377310987,131.31757410724668,133.65882409794534,5268200
2022-08-24,131.30856323242188,132.60524845067286,130.67821353736215,132.01993943702402,5903200
2022-08-25,131.2004852294922,131.27252558140344,130.1109075400281,130.77725674969605,5097600
2022-08-26,128.12982177734375,131.94787767591703,127.88670106727349,131.47062240613175,6086600
2022-08-29,127.58954620361328,128.49002996397158,126.98622373300823,127.23835808668522,5272100
2022-08-30,126.22982025146484,128.23790914196758,125.98669950352404,128.23790914196758,5203700
2022-08-31,124.21273040771484,126.86015482549779,124.14069005903396,126.42791273341254,8406900
2022-09-01,125.74356079101562,125.8516144531371,123.1501629777584,124.11368726598398,7446500
2022-09-02,123.51036071777344,127.10328226888439,122.96106505277633,126.44593294529516,7077800
2022-09-06,122.13261413574219,124.2127293781032,121.8264392213135,122.35773507089453,8217200
2022-09-07,123.97860717773438,124.05064753300361,122.48381446184948,122.49281435364833,6609400
2022-09-08,124.14068603515625,124.70799517494721,122.51981259310426,123.37526937798718,7380500
2022-09-09,126.03173065185547,127.04926809900253,123.63644021891567,124.22174924833394,6434300
2022-09-12,127.05825805664062,127.68859391093795,125.2662905120108,125.53643837536424,5818700
2022-09-13,124.4288330078125,127.3554050783744,124.14068536427774,126.77009616037844,6350200
2022-09-14,124.72600555419922,125.76157016308335,123.96960246373428,124.86108636768442,6137800
2022-09-15,123.76249694824219,125.0681957236645,123.04210715274598,124.96914195503011,5320700
2022-09-16,124.51889038085938,125.22126659834466,123.46532605463145,123.76248733745852,9321500
2022-09-19,124.25776672363281,124.68099521640104,123.5733902296454,124.44686063044004,6056000
2022-09-20,123.81651306152344,124.23974151448432,122.9430427428843,123.73547282337127,5589800
2022-09-21,122.22264099121094,124.44683668817285,122.20464121136352,124.33878304792853,6413900
2022-09-22,122.65489959716797,123.42931618417953,121.78142924645871,122.23167112866794,5061600
2022-09-23,122.08758544921875,122.91602882985977,120.61979257618876,122.17762557781312,6523600
2022-09-26,122.20464324951172,123.20418065931196,121.55629391665262,122.08757597710127,7396400
2022-09-27,118.84585571289062,123.3122616935981,118.60273496427995,122.42979136017883,7722200
2022-09-28,118.84585571289062,119.78236661962774,118.13447951091139,119.78236661962774,10455100
2022-09-29,115.89225769042969,118.74678957376256,115.49604263578304,118.74678957376256,7128500
2022-09-30,113.68608093261719,116.19842471502315,113.65006075582494,116.16241140837715,9431900
2022-10-03,115.72116088867188,116.25245673976553,114.07328085997584,114.58655631877868,8477700
2022-10-04,117.15293884277344,117.84630142229965,115.89225337580604,116.25245511220729,7211600
2022-10-05,116.34249877929688,117.14392877426219,115.34296125835886,116.34249877929688,5071100
2022-10-06,113.8931884765625,116.21643134562596,113.7761211913945,116.06335075594794,5530800
2022-10-07,111.90312194824219,113.9832442564047,111.44388014384016,113.91120390154488,6095400
2022-10-10,111.44388580322266,111.88512097638987,110.02111963814845,111.09269764312984,6923300
2022-10-11,111.8670883178711,113.19079352967204,111.29977921409699,111.38082631612691,5516200
2022-10-12,112.04718017578125,113.28984513211473,112.0291735257525,112.41637489760305,6823500
2022-10-13,113.74010467529297,114.13631973910623,110.68746519401257,111.21875419959365,6910500
2022-10-14,112.63250732421875,114.37944109999525,112.35335269441791,114.13631351419008,5516800
2022-10-17,114.6676025390625,115.5140595002431,113.33489037693357,113.46996431948416,6664600
2022-10-18,115.59510040283203,117.12593384703698,114.95576460274894,116.45957089202668,7114200
2022-10-19,116.66665649414062,119.76432236889525,116.621629564741,118.5396640867897,9993700
2022-10-20,115.16398620605469,117.68510302697734,114.88285733636135,116.642189091056,8168000
2022-10-21,116.60592651367188,116.94146565530194,114.70149142061649,114.75590167733412,6394600
2022-10-24,117.32234191894531,118.29270421225802,116.39733995301665,117.43117626149429,6946000
2022-10-25,118.67359924316406,118.9637918914651,116.50616971209534,117.53094233917955,6776000
2022-10-26,119.50789642333984,120.22433488315647,118.25640543740451,118.483124016723,6612800
2022-10-27,119.5986328125,120.7231485179997,119.25401601871967,119.70745334198476,6676700
2022-10-28,122.62757110595703,122.8905586225557,120.54175698654282,120.76847561174422,6996400
2022-10-31,122.12876892089844,123.03564328476148,121.75694711064149,122.60941122672148,8346300
2022-11-01,122.31922912597656,123.58884780924859,121.37607195742665,122.15598453080969,6428300
2022-11-02,120.55989837646484,123.82463827736662,120.4420002632372,122.17413388121328,7318100
2022-11-03,119.73462677001953,120.28782071143598,118.76427835082985,119.46256168053836,5204000
2022-11-04,121.92021179199219,122.42805930543228,120.17901438685176,120.904516765112,5555400
2022-11-07,123.78833770751953,124.41408316712254,122.48243654622686,122.74543783338332,6746800
2022-11-08,124.06951141357422,124.71339846614238,123.15357305212618,124.07858901574234,5266200
2022-11-09,123.77022552490234,125.12147348574213,123.64326365083599,124.12390601964478,5690700
2022-11-10,128.0325469970703,128.44065162970264,125.33006461407848,126.47273544495624,8068700
2022-11-11,127.84208679199219,128.44062722416768,126.15529983446464,128.0506640318817,7175200
2022-11-14,127.85116577148438,130.19090369026253,127.19821501099712,127.42493364067167,8516200
2022-11-15,127.40679168701172,129.86441360523082,126.6903531491919,128.85778244994626,7732400
2022-11-16,128.54039001464844,129.60143146465677,127.85115657382505,128.32273516420852,6193700
2022-11-17,127.75138092041016,128.49502450431635,126.83544283960747,127.96903573863234,5186300
2022-11-18,129.29307556152344,129.46537005472624,128.11413620425105,128.70359896398543,5671400
2022-11-21,130.9345245361328,131.6690905537471,129.52886651045128,129.7374437386839,6377200
2022-11-22,132.0590362548828,132.21320323132,131.3516753804985,131.88672791715769,5372900
2022-11-23,132.81178283691406,132.97502746110837,132.01374259601297,132.31299903772072,4296000
2022-11-25,133.05662536621094,133.4919212438362,132.76641888925647,133.1200993844157,2411100
2022-11-28,132.9477996826172,133.61887791829824,132.53063134768075,132.7573499598013,6628200
2022-11-29,131.93211364746094,132.45810257884472,131.0705855403598,132.1769736653725,5634200
2022-11-30,135.2694091796875,135.2694091796875,131.6147059047718,132.0862707005106,12396800
2022-12-01,135.3509979248047,136.35762901564706,134.73433000354137,135.60492163800777,6927400
2022-12-02,136.58433532714844,136.72943853245056,134.28994451479616,134.64362492909305,4938300
2022-12-05,135.20591735839844,135.73190623467136,134.46228745594837,134.86131445434899,5402500
2022-12-06,135.37820434570312,136.10370660657986,134.47132997905837,135.77723128107556,6866700
2022-12-07,136.24884033203125,136.4211348765141,135.13337464808936,135.13337464808936,6175500
2022-12-08,137.228271484375,137.2826817464725,135.1333795289643,135.54148417031192,5187100
2022-12-09,136.86549377441406,137.79957337437338,136.23068441101543,136.66598028337359,5868200
2022-12-12,138.27113342285156,138.35274879337965,136.9742959050864,137.13754048394696,6142400
2022-12-13,138.06253051757812,139.86720128445756,136.7475518827862,139.1235716505067,7680600
2022-12-14,138.606689453125,140.05769412746963,137.99908522411243,138.56134296246307,7385600
2022-12-15,137.0377960205078,137.8449137117552,135.7953824763352,137.59098997773168,7117200
2022-12-16,136.43019104003906,137.00152635726457,135.14243101397042,136.35763942532745,19966400
2022-12-19,136.3939208984375,137.28266788230266,135.34195698257145,136.23069012862973,5881800
2022-12-20,136.44833374023438,136.84734686834986,135.36915094725813,135.41449743662295,5646100
2022-12-21,137.69979858398438,138.41623707278208,136.6841037356483,136.71130885924268,5024700
2022-12-22,138.01724243164062,138.21675594321133,136.82923896407448,137.05595760560414,5904900
2022-12-23,138.4071807861328,138.67924590177608,137.54565278476792,138.12605190716383,3401800
2022-12-27,139.61329650878906,139.9488494113975,138.44343474379173,138.47970362736368,4215100
2022-12-28,137.80865478515625,140.2481355606724,137.75423069152637,139.9125964245582,4197500
2022-12-29,138.37997436523438,138.96945108325414,137.97188361448622,138.57948785898796,3809100
2022-12-30,137.44590759277344,138.4616026829096,136.4302125026373,138.2348840404465,4532000
2023-01-03,137.4549560546875,137.58191791403905,135.23310275932835,136.89268453086942,6447300
2023-01-04,138.053466796875,139.10544427533392,137.14659252326624,137.83582582740297,7313400
2023-01-05,136.33953857421875,138.28024987155064,136.1491026370944,138.03540366667644,5373800
2023-01-06,139.5861053466797,140.07582526960246,137.61818956825022,137.70888254295596,7882200
2023-01-09,137.8811798095703,140.3841620482904,137.84491092164635,139.15081229179503,5727000
2023-01-10,137.74514770507812,138.47971373179215,136.8836198198926,137.93559741168775,4716400
2023-01-11,136.6297149658203,138.3527709740736,135.4417115894365,138.13512995110656,8691300
2023-01-12,135.85885620117188,137.6000534469647,135.59586870499615,137.57284832107774,7801600
2023-01-13,136.8292236328125,136.98339063124183,135.50518082599854,135.67748918830372,5535800
2023-01-17,136.43019104003906,137.96281103603374,136.39390831378046,136.74758878687112,9611800
2023-01-18,132.77552795410156,135.96771693021503,132.43997490588114,135.72287072479577,10461200
2023-01-19,129.96754455566406,133.4352953792186,129.80328949029365,130.77972709193565,12683700
2023-01-20,130.46946716308594,130.63372223968892,127.8960262325032,129.87630526471915,8603300
2023-01-23,128.71730041503906,131.13559217747618,128.38877644687426,130.8253234088309,7473100
2023-01-24,129.42001342773438,129.931047751594,127.58574832110268,128.3888102155341,6822500
2023-01-25,129.32870483398438,129.3560806683031,126.60013064158649,128.11499178885632,6902600
2023-01-26,128.80856323242188,129.34698724478503,128.4344221098061,129.33785268166633,5398600
2023-01-27,128.27928161621094,129.0002019117688,127.11118548823956,128.7355641620329,6870800
2023-01-30,128.6807861328125,129.69373384369987,128.01461757914473,128.63516902234625,6369300
2023-01-31,129.93099975585938,130.0131272580049,128.4526350940605,128.88154172700166,9373400
2023-02-01,130.67019653320312,131.50063410109425,128.99108012149046,129.65724873354117,7207900
2023-02-02,129.7393798828125,130.23217283949757,128.86332517592118,129.7393798828125,6444300
2023-02-03,130.14088439941406,130.8435632899583,128.82678868060148,130.29601876557447,5993100
2023-02-06,129.03668212890625,130.16826771282535,128.68078234499697,129.59334732165016,6108100
2023-02-07,127.77735900878906,128.48002405400163,126.64577336217972,127.73172797250113,6278300
2023-02-08,126.45416259765625,127.33933800403646,126.30814882818838,126.90131062027233,7123800
2023-02-09,125.06704711914062,127.14769438956947,125.02141608016915,126.73704288810237,6547400
2023-02-10,126.17123413085938,126.20774452930529,123.95370782525035,124.97577618754221,8108900
2023-02-13,127.82302856445312,128.16979391053692,126.60931504155617,126.79182531706998,5081600
2023-02-14,127.1020736694336,127.97814234504041,126.49977732524385,127.88688025968831,5253500
2023-02-15,126.8100814819336,127.13860555020189,125.9978989138039,126.94696070844473,5530300
2023-02-16,125.1491928100586,126.11650970833075,124.61078267606032,125.3773341134111,7595700
2023-02-17,127.76822662353516,127.79560246084687,124.64725584826279,124.64725584826279,8034700
2023-02-21,127.67701721191406,128.57132732625575,126.7279414816953,126.7279414816953,6899500
2023-02-22,128.2153778076172,129.20094964250399,127.64959198420742,127.74084012608584,6126300
2023-02-23,127.80472564697266,128.79941811312585,126.93779171844797,127.96898065622236,5835400
2023-02-24,127.08382415771484,127.23895857004831,126.0070039104685,126.78267597213582,5260700
2023-02-27,126.97428894042969,128.18800201739123,126.41762375362231,127.40319558885355,5820900
2023-02-28,125.53246307373047,126.47240408872648,125.27694593905036,126.34464552138643,6709900
2023-03-01,125.62373352050781,126.23515055665294,124.57427514607092,125.97963340496962,7101800
2023-03-02,127.69522857666016,128.15151112958122,125.733219168955,125.93398460621134,5924600
2023-03-03,128.6260528564453,128.89070454311147,127.73174292399588,128.84507350148223,5259400
2023-03-06,128.07855224609375,128.79947274464647,127.70439711125296,128.4253176098057,4943100
2023-03-07,125.53246307373047,128.32491027747702,125.33169762153331,128.15152066652132,5606800
2023-03-08,125.55072784423828,125.65111057798697,124.65641780470317,125.20394859589912,5518800
2023-03-09,124.6290283203125,126.44502404394373,124.2001215889353,126.07086899322933,4467200
2023-03-10,125.19483184814453,125.92488685040753,124.42828036185682,124.97581117007333,5928000
2023-03-13,126.061767578125,128.9637324175315,125.05794019743445,125.05794019743445,8337100
2023-03-14,127.62224578857422,127.85950772212419,125.38644996144133,126.19863241335571,9219700
2023-03-15,129.42913818359375,129.72115183881098,126.67318707840379,126.67318707840379,8823500
2023-03-16,130.3964385986328,130.60632469207602,129.22835627695986,129.5295044586686,7063400
2023-03-17,130.4329376220703,130.8527237417805,129.15535190928261,130.04054126908548,16018800
2023-03-20,132.44058227539062,132.68696483568567,130.70670016702732,130.95309665196126,8379200
2023-03-21,131.48239135742188,132.53183573300916,130.3508055338131,132.2398221194375,7753200
2023-03-22,131.40025329589844,133.00636285333306,131.25423953850301,131.445870411026,5729100
2023-03-23,131.21771240234375,132.43142549720872,130.67018176889624,131.62837778322506,5788400
2023-03-24,133.89157104492188,133.92806752711257,131.68316486941674,131.68316486941674,6144800
2023-03-27,133.1888885498047,134.5303605117516,133.11588166263152,134.04670206828936,5917200
2023-03-28,133.5630340576172,133.9828201476333,133.05199980865075,133.73642366165342,4213800
2023-03-29,133.97366333007812,134.41169062434008,133.47174980298809,134.220059775129,4987700
2023-03-30,134.5576934814453,134.6398209816079,133.50824940256211,134.074035192085,4117700
2023-03-31,135.68930053710938,135.68930053710938,134.6672321292752,134.8223665179902,7685900
2023-04-03,136.43763732910156,136.94868561005265,134.22923090382707,135.45206510280155,5721700
2023-04-04,137.0946502685547,138.44525663435837,136.95777107421432,136.95777107421432,6714300
2023-04-05,138.0345916748047,139.0292982140918,137.93420895706518,138.09847791547452,6094800
2023-04-06,138.91064453125,139.585947639828,138.18058975096184,138.59124121342495,5399700
2023-04-10,137.76084899902344,138.40876249454286,136.4376183166203,138.39050729160655,4891800
2023-04-11,137.487060546875,138.19886020696387,137.35930199056773,138.0345912490612,6311800
2023-04-12,137.8612060546875,139.08403985553588,136.82086855065663,137.1676477186669,6137900
2023-04-13,138.50001525878906,138.5912634180466,136.7205160199191,137.70607411787864,5489500
2023-04-14,137.7973175048828,138.3357275227572,137.35015563388504,138.11672083054367,4478800
2023-04-17,137.84300231933594,138.22627810487967,137.1950747779323,137.95250570816486,4296400
2023-04-18,137.98898315429688,138.3357484442912,136.97603527570243,137.77908314299805,4158400
2023-04-19,138.01637268066406,138.61865515969828,137.53271421473627,137.9524864296801,3837600
2023-04-20,138.5222930908203,138.99060999961884,138.08150939944062,138.08150939944062,5370900
2023-04-21,143.3157196044922,145.189001414386,141.87401576073376,142.27806050705627,14876900
2023-04-24,143.57284545898438,144.3992904834152,142.53518629637122,142.53518629637122,8109800
2023-04-25,143.6095733642578,145.03290783478005,143.05860066217892,143.71976229994644,8341800
2023-04-26,141.94752502441406,143.25147911442167,141.72713308921317,142.60868681819557,4843700
2023-04-27,143.68304443359375,143.81160286886313,142.34235159851139,142.60866022202418,4805600
2023-04-28,143.60043334960938,144.5095203315075,143.03109100473472,143.50859987119753,5754700
2023-05-01,143.77484130859375,144.53699997330307,143.06776308862047,143.27896317600445,3844600
2023-05-02,143.6462860107422,144.10542521913067,142.94839945824572,143.7932139202625,5262900
2023-05-03,143.46266174316406,144.693165716048,142.7280360608592,143.83915933197048,5775000
2023-05-04,142.80148315429688,143.80241735891096,142.41580786932448,143.34327811320796,4892600
2023-05-05,143.27902221679688,143.5361391278615,142.0485321407274,142.70050216099105,3989200
2023-05-08,142.60867309570312,143.00352617831123,142.2138060012752,142.65458982926262,4950700
2023-05-09,141.14859008789062,143.23307213069754,141.02920940275615,143.11370545738058,4472100
2023-05-10,141.44244384765625,141.70875247360922,139.98238431690007,140.90984060756898,4754900
2023-05-11,141.7730255126953,142.23216479008752,140.8547469579109,142.1587008242865,3495300
2023-05-12,143.21473693847656,143.29737864982297,141.7730328076093,142.05769693234882,5252900
2023-05-15,143.2606201171875,143.94015123425427,142.00258308778936,143.81159280797866,5414900
2023-05-16,143.01268005371094,144.09624181725945,142.26886279542236,143.13204671516635,5591500
2023-05-17,142.40664672851562,143.76569513090715,141.32307069620254,143.49020874900927,4286900
2023-05-18,140.06503295898438,141.09350050148893,139.21104059140168,140.78128914205996,6997600
2023-05-19,140.6527099609375,140.7904601369536,139.431397928378,140.00991784164756,4754100
2023-05-22,136.970458984375,140.12934006334132,136.66742532149283,140.03750658544195,7876200
2023-05-23,135.4919891357422,136.71330116499755,135.05121939968117,136.6306454548846,6116000
2023-05-24,134.37171936035156,136.08889598816336,134.15132743546374,135.52874543941644,5755400
2023-05-25,133.5084991455078,134.26149417683294,132.55349575231787,133.60033259238733,6510300
2023-05-26,133.51771545410156,134.07786601351447,132.90247041537276,133.45344323217327,4716400
2023-05-30,131.47914123535156,132.26886150001832,130.7169822233347,132.10357805504734,5561000
2023-05-31,130.85470581054688,132.21375427039243,130.30373302345868,131.4607730739799,19854800
2023-06-01,132.1953887939453,132.34230271582007,130.80877918891656,131.54340484556624,6091100
2023-06-02,134.5461883544922,134.69310228583254,132.59025039515416,132.70043934661436,6124400
2023-06-05,134.01358032226562,135.76749580058475,133.8207356522215,134.11459152813268,4753700
2023-06-06,132.68206787109375,134.35332748469807,131.81888382383755,134.13294960833866,4635900
2023-06-07,132.9667205810547,133.26056239497328,131.74540857749813,132.24127276865565,6194400
2023-06-08,134.47271728515625,134.66554794003363,133.0769299224467,133.46260524402058,4863700
2023-06-09,134.58290100097656,134.7849234013532,132.90244958610825,133.77481139946997,5569500
2023-06-12,133.52687072753906,134.99610781789423,132.73715071218953,134.98693007778928,5354000
2023-06-13,133.2054901123047,133.77481835470203,132.48923393257277,132.70043408510415,5321200
2023-06-14,134.45436096191406,134.8859530570597,132.99430124181902,133.4350710793944,5693300
2023-06-15,136.31842041015625,136.79592908301342,134.56450537109336,135.14302522452002,5863000
2023-06-16,137.3193817138672,137.82443776842786,136.73168394451116,136.75005344062794,11244900
2023-06-20,136.05213928222656,137.99888512342554,136.00622255710414,137.5121986631258,5340700
2023-06-21,137.22755432128906,137.3744822580865,135.78585021362537,136.14397830218206,4649700
2023-06-22,137.6958465576172,138.75187514986212,137.26425457839113,138.06316633345676,6666800
2023-06-23,136.32765197753906,138.22848146110533,135.86851266118336,137.97136456489173,13843300
2023-06-26,136.46539306640625,136.795973946522,134.72984694875367,135.99707599116746,4353100
2023-06-27,137.76016235351562,137.89789854164556,136.26336372067829,136.30928045399483,5445400
2023-06-28,137.7326202392578,138.01728437986174,135.86851569418667,137.1265529653022,6733300
2023-06-29,137.17247009277344,137.46631197649484,135.07879587840978,136.34601089542758,7343000
2023-06-30,139.33961486816406,139.64264852033446,137.54896019517346,137.58569918976315,7058300
2023-07-03,140.0374755859375,140.065022820845,138.17337129416524,139.10082756362732,3996100
2023-07-05,139.79872131347656,140.00074370070698,139.0640957246221,139.23857087830453,8279800
2023-07-06,139.5691375732422,139.7527904489222,138.43964506476834,138.84368979835415,7958300
2023-07-07,136.63986206054688,139.50488688379096,136.59394532698056,139.3120562193602,9169500
2023-07-10,136.69493103027344,138.03562373642362,136.58474209973022,136.76839498790795,5529200
2023-07-11,135.9786834716797,136.86941474751814,134.95021602403864,136.5755588985818,5150300
2023-07-12,136.68576049804688,137.19080246421447,135.5746373464787,135.932765401447,6764600
2023-07-13,136.77757263183594,137.30099807518187,136.08886379279164,136.82348935680233,5561400
2023-07-14,137.78768920898438,138.320292410668,136.57555488546623,137.071433113021,6128900
2023-07-17,136.81431579589844,137.88869993620943,136.7959463029873,137.42036894378987,4625300
2023-07-18,137.0714569091797,138.1825662201467,136.25418947770888,136.49293688053828,5351200
2023-07-19,138.00808715820312,138.49478771599723,136.69495546180946,137.32856994931342,6203600
2023-07-20,139.1271209716797,139.30269544749723,136.89088702201408,138.1938210898262,6445400
2023-07-21,141.31712341308594,142.00093595877493,139.256464310673,139.6722903573339,9938400
2023-07-24,141.7699432373047,142.25969618837706,140.73499573316718,141.23398425120428,5549500
2023-07-25,142.1026153564453,142.1765421968434,140.8736080725203,141.82539322997823,5883800
2023-07-26,142.25047302246094,143.08212532505823,141.2802026026951,141.49273346222935,7013800
2023-07-27,140.55943298339844,142.860358358721,140.38385849570952,142.45376777672632,7191600
2023-07-28,144.5329132080078,145.52165476356774,142.86035893450958,142.91580054134985,9397300
2023-07-31,144.43124389648438,145.70644296283336,143.28539915995643,144.52364186065674,7955200
2023-08-01,144.3850555419922,145.23519305701106,144.0339065748811,144.04315624250174,5718800
2023-08-02,144.69923400878906,145.75266680980064,144.12631862055036,144.12631862055036,5636000
2023-08-03,145.07810974121094,145.72495199646949,144.34810507458423,144.85632921079215,5792700
2023-08-04,143.48873901367188,145.75269429094024,143.36860611280227,145.4754721120673,4785900
2023-08-07,145.00416564941406,145.2166964865533,143.68276049228942,143.84908529524134,4107400
2023-08-08,145.16122436523438,145.66022686937816,144.6437507313808,145.33679879817018,4625500
2023-08-09,144.97645568847656,146.08533009136997,144.86557247821813,145.3645610244841,4293200
2023-08-10,144.2556915283203,146.3533216277105,143.9692338253404,145.23519751919488,4307800
2023-08-11,145.09658813476562,145.50317870464124,143.9599788325852,144.5513794523762,3862300
2023-08-14,143.9599609375,145.56783778211138,143.69198851344873,145.1982177282266,4297600
2023-08-15,143.03590393066406,144.12630711489717,142.73097512585596,143.9599682121726,6921100
2023-08-16,141.57589721679688,143.9045290943045,141.26170463958525,143.00818559776704,6356800
2023-08-17,140.55943298339844,141.89932351035114,140.26372561463742,141.57590943838514,6419500
2023-08-18,140.95675659179688,141.2801847241579,139.69079306246124,140.10661916113847,5448200
2023-08-21,140.2452392578125,141.1785391014759,139.7739574525126,140.54093249437736,4504700
2023-08-22,140.30068969726562,140.59638295245898,139.46902333557236,139.921819935831,4195600
2023-08-23,141.6128692626953,141.82540012661028,140.8921001588935,140.8921001588935,4522500
2023-08-24,140.95675659179688,142.93425355226574,140.9013149919868,140.96600625849968,4088900
2023-08-25,141.88082885742188,142.37983148405888,140.88285180435287,141.75146041720163,3541500
2023-08-28,142.1026153564453,142.64780994176527,141.42805232545447,142.0379381836614,3614700
2023-08-29,142.18577575683594,142.3428650029253,140.48550075199523,142.25970259619024,4034600
2023-08-30,142.34286499023438,143.10984008585132,142.03793616556644,142.39832069482233,3712200
2023-08-31,142.62008666992188,143.3778261958061,142.14881893315913,142.41679138737257,5451400
2023-09-01,142.77716064453125,143.48869405735047,141.89930243656278,143.13754513412258,4126300
2023-09-05,140.8643798828125,143.09137847859665,140.8274094106256,142.1211080351953,5097000
2023-09-06,140.587158203125,140.8736159130464,140.03271391933245,140.7257622240212,3877400
2023-09-07,141.92703247070312,142.48147669081328,140.7996728965541,140.9105702006375,4824800
2023-09-08,141.31712341308594,141.80689038371312,140.78117861522958,141.76991992173,3384700
2023-09-11,142.99893188476562,143.3223599878731,141.45574639585644,141.68676244090454,4288500
2023-09-12,140.48550415039062,143.36858045443734,140.06044243894948,143.22074087225528,4537800
2023-09-13,141.46499633789062,141.92702847494047,140.14359119397702,140.43928442963596,4040600
2023-09-14,143.0174560546875,143.15606007941287,141.72375739013233,142.167318469462,4606800
2023-09-15,141.816162109375,143.52568685944135,141.5943815812264,142.3336359082849,10262400
2023-09-18,142.3520965576172,142.7494374059735,141.85309398049404,142.72171660725567,3536500
2023-09-19,141.93630981445312,142.36137157933334,140.2175493170869,142.07491384645647,4704200
2023-09-20,141.816162109375,143.02668419613286,141.71451446315317,142.0933842445349,5446400
2023-09-21,140.587158203125,142.03794608898997,140.5224810267414,141.79768031929808,5096400
2023-09-22,140.0696563720703,141.69600432570078,139.8848463478102,140.86435216647976,6327000
2023-09-25,139.21954345703125,139.79245886299404,138.6281428153622,139.7000467845662,5527000
2023-09-26,137.98130798339844,138.9423287902283,137.4915408615293,138.59117979345186,6366500
2023-09-27,136.15164184570312,138.3324343381867,135.49556403446425,138.07369744078213,5403700
2023-09-28,135.22756958007812,136.74303450507995,134.61768374316088,136.59519492954757,6237100
2023-09-29,134.78404235839844,135.62494439889483,133.8230215264773,135.4123994215575,6683300
2023-10-02,134.16490173339844,134.54377149104195,132.9728508569303,133.78603197575492,5153800
2023-10-03,134.44212341308594,135.36618773597445,133.99856238602558,134.14641606171236,4670600
2023-10-04,134.8856658935547,135.19984436895533,133.9246311333736,134.53451695039982,4727800
2023-10-05,132.88046264648438,134.9965639042093,132.77881499916373,134.61769411873203,5205700
2023-10-06,133.1484375,133.58274890086201,130.70890802074075,132.69565496300626,7406700
2023-10-09,132.47386169433594,133.0375414944554,130.84751356453174,132.47386169433594,5062200
2023-10-10,133.78604125976562,134.19263184739305,132.80653526235602,133.04678692772515,5988900
2023-10-11,132.14120483398438,134.506807363807,131.73461425540174,134.11870202064267,5469100
2023-10-12,132.43692016601562,133.0005859291953,130.90296983640994,131.94715304864405,5965600
2023-10-13,133.70286560058594,134.01704407803874,132.31676915289188,132.31676915289188,7078900
2023-10-16,134.9780731201172,135.89288771273286,134.41439335795636,134.78401342162508,6509800
2023-10-17,135.1536407470703,135.6711286041533,134.21110530404235,135.01503674077279,6160100
2023-10-18,138.6373748779297,139.81094056379462,137.4730588597358,138.66509568073644,10508500
2023-10-19,137.85719299316406,139.74488225787513,136.8621966612995,139.12185313894523,8146000
2023-10-20,137.6712188720703,139.37293165441548,137.55032775212985,138.60111563690822,7284200
2023-10-23,137.76419067382812,139.01955689669487,137.215555025238,137.49452687355256,5981800
2023-10-24,139.39151000976562,139.5496049355746,137.6898115308327,137.73629501467315,6322000
2023-10-25,140.04244995117188,140.59108560370717,138.66619260668296,139.14974286796547,6172900
2023-10-26,139.29852294921875,140.7677613793871,139.24273141969667,140.46089377791867,7582100
2023-10-27,136.84361267089844,139.43801842722468,136.02529896924486,138.53601742129254,8131800
2023-10-30,138.79638671875,139.06606472782212,137.1969631399524,137.5317265445635,5412800
2023-10-31,139.5124053955078,139.7262776706577,138.21984950717902,138.9823716372497,6762100
2023-11-01,139.12184143066406,140.11682348969413,138.74988843813074,140.11682348969413,5896900
2023-11-02,140.8235626220703,141.01883298886614,138.47092503763866,139.05675032712412,5859200
2023-11-03,139.54959106445312,141.61394848455126,139.13112623870316,141.1490001795813,6587700
2023-11-06,140.35861206054688,140.6468777711776,139.5775022273995,139.81927026458385,6480800
2023-11-07,140.03314208984375,140.64687732354815,139.59608950121466,140.34000970669595,6003800
2023-11-08,139.4938201904297,140.60039970290433,139.0288717693294,140.37723354180002,4832600
2023-11-09,139.80996704101562,139.80996704101562,138.66618394505605,139.24272951679808,6581500
2023-11-10,140.79568481445312,140.82358058469646,139.41013340626813,140.26563680163008,5387200
2023-11-13,141.7720489501953,142.18119155576093,140.83284425633025,140.83284425633025,6297500
2023-11-14,141.45587158203125,142.7391334788997,141.04671479235745,141.8557345134294,7982600
2023-11-15,140.80494689941406,141.70694777132718,139.8378606413209,141.40008017880137,7672600
2023-11-16,142.1161346435547,142.1719261832605,140.70268748490955,141.33502470947434,7590500
2023-11-17,140.4794921875,142.12539902382156,140.31210341400316,142.0138159675548,8495600
2023-11-20,139.73558044433594,140.44229682503607,139.16834289236033,139.67978891284613,6856500
2023-11-21,139.12184143066406,139.4937944231974,138.39652316285608,139.34502173964233,7310400
2023-11-22,140.43296813964844,140.86071256772402,139.57746509440324,139.57746509440324,4372700
2023-11-24,140.7677764892578,141.10253989142043,140.44230694664745,140.58178578542413,2132500
2023-11-27,140.63758850097656,141.00954152248855,140.17264012953746,140.89795845385459,6021300
2023-11-28,141.6139678955078,142.0603285456107,140.55388618243526,140.55388618243526,6110400
2023-11-29,140.53529357910156,141.76274985147506,140.40510860795442,141.61396297327897,5342700
2023-11-30,142.75775146484375,142.86004067378408,139.55890440972533,140.3214123580185,9771300
2023-12-01,141.95803833007812,142.72985431933807,141.55817535750097,142.58106743702572,5685400
2023-12-04,141.4000701904297,141.8371227135392,141.02811723799826,141.13040642828125,6578300
2023-12-05,136.47161865234375,141.91151938793337,135.93227692661432,141.47446685482672,11895800
2023-12-06,136.3693389892578,136.84359536505718,135.43014847434227,136.7041023531351,7610000
2023-12-07,136.22984313964844,136.78778673940792,135.78349677329794,136.2949427082283,6119600
2023-12-08,134.9744873046875,135.9880853935922,134.3886620888044,135.6905116675404,6385300
2023-12-11,135.59754943847656,135.6440329241983,134.50955776626284,134.6490507907227,8471200
2023-12-12,135.7091064453125,135.97877020492513,134.9093948349191,135.63471301770667,6069200
2023-12-13,138.1640167236328,138.22910209703014,135.25343628451228,135.6346972357192,9055500
2023-12-14,134.51885986328125,138.13615745430454,134.25848992272668,138.05247015679004,10565200
2023-12-15,133.86793518066406,134.13759898047212,132.51027975540575,133.1426027006647,14550000
2023-12-18,135.9230194091797,137.15049004882948,134.0446238193064,134.06322572905557,8421800
2023-12-19,135.9230194091797,136.08110016929828,135.19770100905927,135.45807098914867,5233600
2023-12-20,133.82142639160156,135.83000650221877,133.75632681723974,135.36505819082197,7663800
2023-12-21,134.1468963623047,134.63974049113986,133.09612271225322,134.38867859168658,6104700
2023-12-22,135.0953826904297,135.4208521899873,134.17477990898414,134.37006444653804,4413800
2023-12-26,135.7091064453125,135.9229786814946,134.807105645598,134.91868869245903,3634900
2023-12-27,135.82070922851562,136.05318340265427,135.16978437874687,135.4394481775448,4569400
2023-12-28,135.51385498046875,135.77422494605418,134.87222392631216,135.76493108624717,5023000
2023-12-29,136.2670440673828,136.6576131330864,135.51383007756198,135.76490613720102,5300900
2024-01-02,138.31285095214844,138.93588008659205,136.05319441823625,136.0996920946482,7238400
2024-01-03,137.4759063720703,138.740566282825,136.86217122660943,137.9408546600081,7697500
2024-01-04,138.22914123535156,138.80568684818172,137.41084177339877,137.6712117188971,7067400
2024-01-05,137.0853729248047,138.43372033260897,136.2763673179417,138.29424150008015,5294200
2024-01-08,138.26632690429688,138.48019914808165,137.29922650013825,137.5410086957259,8255300
2024-01-09,138.8336181640625,138.9265993460646,137.67124697077514,138.1547973601311,9786800
2024-01-10,139.42872619628906,139.4845177331265,138.79638900423413,138.88009049858917,8591100
2024-01-11,139.958740234375,140.2284182098308,138.82426518178136,139.5309957195854,6659400
2024-01-12,140.04244995117188,140.69337480918813,139.3822170450497,140.36790528563114,5684700
2024-01-16,139.28924560546875,140.87937549284953,138.44305023935982,139.62400904549102,8120100
2024-01-17,139.42872619628906,140.04246147969855,138.56391480801224,138.70340783920471,6541400
2024-01-18,138.62489318847656,138.86818811819316,137.48325325593584,138.7091090166043,6526200
2024-01-19,138.09153747558594,139.07408420910403,137.8482282222704,138.72785399933906,7848100
2024-01-22,138.36288452148438,138.6904095714143,136.88436693734033,137.53005020344165,11084100
2024-01-23,144.08978271484375,146.35434317729926,143.06979739308454,143.27566782409954,19101600
2024-01-24,142.34922790527344,144.32370179039168,142.32115596727658,144.04296813171615,11592700
2024-01-25,145.6244354248047,145.6618741984149,142.2930985089186,142.61125669106312,10352500
2024-01-26,146.11102294921875,146.1297423338995,145.36240462776524,145.80221735616766,8356600
2024-01-29,146.1297607421875,147.22460928526718,145.41856682179792,146.61635057552826,8987400
2024-01-30,147.3743438720703,147.77671790377232,145.81161051864137,146.29820037855413,7794700
2024-01-31,147.0468292236328,148.31947640621627,146.6350883294572,147.84223906726388,8870000
2024-02-01,148.9557647705078,149.06806680692262,146.5601974147054,146.700571390547,7601100
2024-02-02,147.93577575683594,149.34879663894594,147.4117471960696,148.75925736873012,7937700
2024-02-05,148.04808044433594,148.78733197466045,147.4398217778439,148.01064167292012,6931900
2024-02-06,148.74990844726562,148.85284365126566,147.72990896082615,148.14164977682626,6185400
2024-02-07,148.89962768554688,149.56403026594668,148.54404501034762,148.8809225775474,7209300
2024-02-08,148.45046997070312,148.88093021481555,147.6363550910032,148.60019651462997,6121600
2024-02-09,147.30882263183594,148.1697287979339,146.87837668814115,148.09486552974604,5978000
2024-02-12,147.01873779296875,147.48662251457088,145.5027958641646,147.2526801537698,5482000
2024-02-13,146.2327117919922,148.7592867249727,145.4934458503253,147.61764672999385,6046800
2024-02-14,145.63380432128906,146.129760988339,144.96004917384224,146.129760988339,5727300
2024-02-15,146.92515563964844,147.30882453956437,146.12039334459215,146.260767328778,6249200
2024-02-16,147.39305114746094,148.272676776036,146.60700818185714,146.9532383331734,6617600
2024-02-20,148.32879638671875,149.52658002743036,147.97321373878415,148.50659485003968,6622100
2024-02-21,150.09742736816406,150.09742736816406,148.96515422941383,148.96515422941383,7121000
2024-02-22,150.24713134765625,150.7430879832937,148.44110327424215,149.21779358331966,6619500
2024-02-23,150.68695068359375,151.35135326378727,149.8728358459089,150.28457668110394,5486500
2024-02-26,149.92898559570312,150.81796373628347,149.78862588671478,150.68695658165805,4531900
2024-02-27,149.06808471679688,149.53596946840094,148.74992651259637,149.17101993329814,3868200
2024-02-28,149.76988220214844,149.8353786294812,148.4504440368744,148.85283226854318,3802900
2024-02-29,148.731201171875,149.8260497333646,148.02000723952665,149.6576038045999,8348100
2024-03-01,148.64695739746094,148.8153890158474,147.48659833776495,147.8983391098734,4819800
2024-03-04,149.31137084960938,149.49852188348186,147.54276716390362,147.6082778790487,3841600
2024-03-05,149.0867919921875,149.71375579495347,148.58146850543335,149.21779914084445,4481600
2024-03-06,149.3207550048828,149.71377650522126,148.70314367061798,149.42367594855,5405700
2024-03-07,150.30328369140625,150.57466482654152,149.22715454110607,149.6763198766817,4783900
2024-03-08,150.05064392089844,150.89283075315325,148.12294677111444,149.58275917437703,5080200
2024-03-11,151.1735382080078,152.17480396678144,150.49043059473559,150.97702036595882,5170900
2024-03-12,151.52914428710938,152.0812591293755,150.87410851011714,151.42622335238326,4229100
2024-03-13,151.87538146972656,152.27775547117767,150.96768397958292,151.95024473763317,5410500
2024-03-14,151.1267852783203,152.17484262561422,150.78055510724155,151.81925989918832,5848100
2024-03-15,151.0144805908203,151.12676835725497,150.00384785678185,150.37814993070327,10956900
2024-03-18,150.8553924560547,152.2683991209544,150.65887459786074,151.10803991539376,6086300
2024-03-19,151.43557739257812,151.75373559042316,150.81796610590774,151.40750545033939,6148100
2024-03-20,151.5852813720703,151.96893595179202,151.0986773145194,151.6039864783056,4870300
2024-03-21,151.46365356445312,152.0251209823251,150.771178986239,151.67887655386323,5211500
2024-03-22,151.27650451660156,151.97833165885865,151.09870602263618,151.7818137763944,6393200
2024-03-25,149.90090942382812,151.2764916479319,149.47044919722953,150.81795948032777,7145600
2024-03-26,150.23777770996094,150.7898782205609,149.85410883498494,150.05997924210828,5842700
2024-03-27,152.16546630859375,152.2871209026612,150.97703514441218,150.9957545308937,6599700
2024-03-28,151.82858276367188,152.6614169454337,151.3139067460196,152.36197816706814,7191500
2024-04-01,150.26583862304688,151.66014004557897,149.53593969815267,151.388758947599,5971900
2024-04-02,150.25648498535156,150.387492117625,149.3862121019801,149.3862121019801,6771200
2024-04-03,146.12037658691406,150.5465758414634,145.68056385524673,150.31263350669172,9601800
2024-04-04,145.46534729003906,146.99065594888532,145.42792279746402,146.80350492859498,6801700
2024-04-05,146.07362365722656,146.97195437497328,144.75418524440747,145.31563837332183,5121200
2024-04-08,146.01747131347656,146.63508263073757,145.6338166576416,145.95197487124517,5476800
2024-04-09,146.59764099121094,146.68185681225143,145.69929606398753,146.23269148799386,4608100
2024-04-10,147.140380859375,147.4585390182425,145.65249670945718,145.65249670945718,7784900
2024-04-11,145.830322265625,147.47728580093752,145.7648258224942,147.43049446800975,8209800
2024-04-12,145.35308837890625,145.95198032991,144.80098776193773,145.25015315551292,6770500
2024-04-15,145.46534729003906,146.74736105037863,145.35305953360637,146.3730447310903,5754000
2024-04-16,145.9332275390625,146.85964433756223,145.6712132628881,145.8396591711186,6103300
2024-04-17,146.8783721923828,147.02808444546767,145.7367323752015,146.2607609577684,6621900
2024-04-18,148.13755798339844,148.4577848876398,146.88496105176955,147.24283973041798,7819300
2024-04-19,148.9381103515625,148.97577649856112,144.58694464242444,145.9619817569307,12034200
2024-04-22,151.19845581054688,151.90481464074688,148.099901398602,149.21123239341455,8926300
2024-04-23,152.1025848388672,152.66767758972676,151.08542650986328,152.27210404158168,7707300
2024-04-24,153.1385955810547,153.38346146138127,150.1436267572117,151.8200505146867,7217600
2024-04-25,153.09149169921875,154.75850239929702,152.64883905924935,153.48705088093286,7094600
2024-04-26,151.9048309326172,153.81672225931115,151.1513929296563,153.0444296240949,5659800
2024-04-29,152.2532958984375,152.37572165769663,151.07603117270588,151.79180295242406,4621000
2024-04-30,153.7036590576172,153.8449394282595,152.19676903377024,152.42279463334933,8106100
2024-05-01,153.8920440673828,154.68317690999012,152.78071302917263,153.77903124882795,7543000
2024-05-02,154.30642700195312,154.9186132355389,153.1762558249798,154.02388061498326,5647500
2024-05-03,154.890380859375,155.12583381835617,152.72421076256657,154.02390132392512,5581500
2024-05-06,154.87152099609375,155.38009299992152,153.7601756974978,155.19173353075962,5472400
2024-05-07,156.11474609375,156.37845229419085,155.01282781957008,155.38013391096337,6433000
2024-05-08,155.4648895263672,156.68923343896276,155.33302207082963,156.3219273910024,4579400
2024-05-09,156.37844848632812,156.65158199714747,155.44606386136977,155.44606386136977,4671100
2024-05-10,157.14129638671875,157.6216152061534,156.05820425063487,156.42551025865123,4879400
2024-05-13,156.2183074951172,157.89473122955255,155.73798868499466,157.1412933401619,5725500
2024-05-14,156.11474609375,156.4067198743689,154.41006873700385,155.89813336572578,6009800
2024-05-15,156.82106018066406,156.9811664443255,155.5119424992855,155.690889020703,5102700
2024-05-16,158.092529296875,158.54459493694665,156.8964242872173,157.2166368501469,6793600
2024-05-17,157.8853302001953,158.22438302436956,157.16955840289754,157.91358340463418,4700800
2024-05-20,157.57452392578125,158.11136352926354,157.08477778467747,157.80056392265385,3804600
2024-05-21,158.5540313720703,158.7329635527704,157.55569873524956,157.99835145631008,5147100
2024-05-22,158.04541015625,158.6293287785988,157.87589095785398,158.2337696114362,4536700
2024-05-23,155.86044311523438,158.32798548256764,155.70033683049752,157.55569289287556,4729800
2024-05-24,155.70974731445312,156.63271885872422,155.54021371682344,156.19949347649617,3820100
2024-05-28,153.6189422607422,155.17292617445767,152.81839638342854,154.91864730408128,6466200
2024-05-29,152.24388122558594,153.27046707356115,152.02726852191782,153.1856930843793,4360400
2024-05-30,153.11976623535156,153.2327790541866,152.0837674930044,152.24387377665664,4748200
2024-05-31,154.9656982421875,155.1823252906506,152.54524952973603,152.98790219968166,10341400
2024-06-03,155.06930541992188,156.56679708737832,154.10866774151728,154.39119978169074,5828400
2024-06-04,157.29197692871094,157.3955767971898,154.8338476592645,155.20115367097918,6277000
2024-06-05,156.3878631591797,157.29199450245912,155.3801175649379,157.29199450245912,5243300
2024-06-06,158.66702270507812,158.77062256982413,155.47428152724137,156.18064032208054,6302000
2024-06-07,157.33908081054688,159.1379448410319,157.13188105986757,158.6011052040242,4558200
2024-06-10,157.6122283935547,157.96069420047306,156.41612324774377,157.07538870849848,4110600
2024-06-11,157.73463439941406,157.75347465904832,156.35959723516874,157.25431556054602,3947700
2024-06-12,155.56845092773438,157.88531405109893,154.66431973635272,157.75346098690133,5474500
2024-06-13,156.7269287109375,157.28259430767682,154.8998112441854,154.8998112441854,4902200
2024-06-14,157.0847930908203,157.2166461757835,155.63440915622525,156.33135510297836,3695000
2024-06-17,157.75347900390625,158.89307762319362,155.77566844415085,156.19949525760404,6759400
2024-06-18,158.7517852783203,158.83654488626752,157.22605485164374,157.31081445959092,5112600
2024-06-20,157.91357421875,158.95898583489966,157.150709001461,158.57283956882034,8483600
2024-06-21,158.46923828125,159.0531713325701,157.45207987701244,157.73462627334067,14682000
2024-06-24,158.64820861816406,159.5523543479098,157.7346499431273,158.94016800218242,7565200
2024-06-25,157.14129638671875,159.0814262942362,156.24656372663435,158.81772015365556,7968200
2024-06-26,157.70640563964844,158.0454585110807,156.02056859921922,156.38787467902836,5164000
2024-06-27,156.92466735839844,158.31855907921485,155.86984280937557,157.7440533435706,5007000
2024-06-28,155.3236083984375,157.5086187859547,155.00339581882466,156.34076691977396,9253100
2024-07-01,153.2516326904297,156.53856137721434,152.76188648121877,155.95462823014816,7638600
2024-07-02,154.36294555664062,154.49479863148525,152.30038982248004,153.1197614753782,5449200
2024-07-03,154.29702758789062,154.65492066749468,153.4964818164313,153.71310887561663,2980500
2024-07-05,155.59674072265625,155.9922999717431,153.98623614981634,154.46655501565579,6509200
2024-07-08,156.83050537109375,156.97177139310114,155.9828661263265,156.2936657456504,5144500
2024-07-09,156.02053833007812,157.0565226350311,155.53079219504374,156.93409687945265,4393100
2024-07-10,157.09422302246094,157.20723584833726,155.90753086712476,156.24658371566244,5037100
2024-07-11,155.9075164794922,156.93410224646414,155.19174469681462,156.6233026330771,5831500
2024-07-12,156.91526794433594,157.88533296950627,156.35960241941467,156.54796190928027,4684600
2024-07-15,155.00338745117188,156.9246771960391,154.8903746340937,156.78341117469134,5752500
2024-07-16,157.2354736328125,157.34850081851158,155.031637518929,155.31418392681573,6378300
2024-07-17,159.58059692382812,160.26811552790048,157.5933734107384,157.988932650242,7982300
2024-07-18,158.63877868652344,160.9744678794837,158.48808535254992,158.97783150251018,5926300
2024-07-19,159.1381072998047,160.16136886297159,158.35170032689695,159.14757685706647,6597100
2024-07-22,159.4128875732422,159.83924901703674,158.89177271645283,159.10968821753164,6383000
2024-07-23,157.86846923828125,159.57392917545977,157.58423796320025,159.28021388631706,4863400
2024-07-24,159.17599487304688,159.4412870412482,156.88310430082768,157.58424186383905,5907000
2024-07-25,158.1337890625,161.15624077985038,158.1053659300198,159.47921813415437,7338300
2024-07-26,160.22769165039062,160.426668002307,158.25693953155894,158.46538544029468,5581600
2024-07-29,161.00460815429688,161.58256915869072,159.2802091548953,159.98134667972428,6797800
2024-07-30,153.20689392089844,153.85118523483354,149.73912766614475,153.29216330650573,15746300
2024-07-31,152.31625366210938,154.30595926850924,150.84767726304162,152.36363035889755,9660900
2024-08-01,156.98733520507812,157.574765827646,152.24047015065204,152.42997695810968,12532700
2024-08-02,161.14675903320312,161.40258166351694,156.47569369858996,158.64542236274573,11899000
2024-08-05,159.23284912109375,161.90473896579726,157.9158577709473,161.90473896579726,10338800
2024-08-06,159.26126098632812,161.3836127456826,159.03387596530558,159.08123820645957,7454900
2024-08-07,161.08993530273438,162.70064222854015,159.1854985601996,159.7160974677042,8385500
2024-08-08,161.89523315429688,162.54899396263474,160.12345751114293,160.5213957298404,6386900
2024-08-09,161.58258056640625,162.2647645691755,160.7393273487247,161.1846423076807,5377300
2024-08-12,158.04849243164062,160.73932119660915,157.47053140856357,160.5024521618618,7208100
2024-08-13,158.5032958984375,158.9865180398461,157.71690333142644,158.55067260252426,3770000
2024-08-14,159.9339599609375,160.56876717888017,157.11048538300244,157.75476215679365,5476600
2024-08-15,159.10020446777344,160.76775740341623,157.99165902985106,160.55932593663314,9491400
2024-08-16,159.07177734375,159.50762275342854,158.03903176392524,159.0054615281068,5640800
2024-08-19,159.57391357421875,160.35085086971645,159.3370445632505,159.34651411904787,3885300
2024-08-20,161.4594268798828,161.60154253061577,159.2802286721583,159.90556645006305,4513600
2024-08-21,161.22254943847656,162.8616791734839,160.69196509354973,161.25097256714486,4082000
2024-08-22,161.2130584716797,162.24581844566617,160.25611278065793,161.90472645901727,4097300
2024-08-23,160.2845458984375,161.17517583338469,159.41286953541285,161.11832957495645,4771300
2024-08-26,161.40257263183594,161.99000323558028,159.8392282644434,159.8392282644434,6472400
2024-08-27,160.3603515625,162.1131883669463,160.1992823386474,161.8573657373734,4456400
2024-08-28,160.18031311035156,162.20791146146973,159.72552861349155,160.52140509733118,5644800
2024-08-29,161.099365234375,161.6394335680211,160.06661972239095,160.83407307455045,4413200
2024-08-30,162.53005981445312,162.85221270770748,160.7772375314998,161.22255249887493,7301600
2024-09-03,165.35353088378906,165.8083153578589,162.00894145058612,162.04683413286787,10101400
2024-09-04,166.6610565185547,166.7558099207636,164.51029597033826,164.51029597033826,7517500
2024-09-05,166.25363159179688,167.27690750955784,165.4956478241216,166.7463232093865,6061900
2024-09-06,166.3673553466797,167.74119305139496,166.13048627837222,166.52842457824792,5785700
2024-09-09,166.81265258789062,167.55168284572378,165.48619172955912,166.31996093022218,6450200
2024-09-10,168.4517822265625,168.59391232673886,166.67053685453237,166.67053685453237,6396300
2024-09-11,164.78504943847656,167.70327770057628,164.5102877175973,167.32429302543133,6828200
2024-09-12,164.35870361328125,165.43882594269866,163.38280424798918,164.76611145473674,4838900
2024-09-13,164.9366455078125,165.37247642902582,163.7238772248927,164.26393109810718,3918000
2024-09-16,167.93069458007812,167.99701039929735,165.1640656843097,165.53358084093156,6892300
2024-09-17,166.64212036132812,167.67486595997195,166.14942868430904,167.35272751848777,4757100
2024-09-18,164.78504943847656,166.6610481579197,163.5059653168584,165.85570210890205,5102900
2024-09-19,162.53005981445312,164.0649810783727,161.4309984179586,163.79968890087338,8692000
2024-09-20,165.0692901611328,165.37247500057475,162.49215396785442,162.50162352437698,28647500
2024-09-23,164.64292907714844,165.98834342986245,163.52489974006383,164.87031409277782,10265000
2024-09-24,164.14077758789062,165.33459236248484,163.55333252902187,163.79968558695813,5422400
2024-09-25,163.21224975585938,165.50514049168805,163.02275740181418,164.92719387191917,8916500
2024-09-26,164.1123504638672,165.43881129223413,162.35951380171065,162.49215988454733,4957200
2024-09-27,164.4344940185547,165.2872167980758,163.51544096687522,163.92284878497065,4599500
2024-09-30,164.10289001464844,164.86087393570605,163.63863588672302,164.6050512901642,6296600
2024-10-01,163.95127868652344,164.86086221861427,163.15540213178133,164.1407854963247,7130600
2024-10-02,162.89010620117188,163.3922674294504,162.09422966473113,162.9753755892178,6212700
2024-10-03,161.1846466064453,162.36899185709774,160.85303861066632,162.36899185709774,4794300
2024-10-04,160.00979614257812,161.1562343262794,159.42235102771605,159.98137301123614,6002800
2024-10-07,158.3422088623047,160.67300654223934,158.10533982585085,160.27506829587753,6325300
2024-10-08,159.3275909423828,159.73499874247275,157.53686161865892,158.08639951394701,7473000
2024-10-09,160.37928771972656,160.89091846597512,159.17598899297494,159.53603454680731,8758800
2024-10-10,160.07608032226562,160.87195675720739,159.5265424627094,159.9339646936466,6932300
2024-10-11,162.1036834716797,162.40688276505819,160.0950387537304,160.55930725021443,7036500
2024-10-14,163.44912719726562,163.76179610328225,161.7721045977318,162.03739679847186,5909000
2024-10-15,164.4534454345703,165.72306003004698,163.74283830850425,163.80915412245415,7172200
2024-10-16,163.325927734375,163.5248896107263,161.9141832013256,162.8521897047079,6117000
2024-10-17,163.231201171875,164.55766209000626,162.73850949199496,163.13644776743433,7045600
2024-10-18,163.23785400390625,164.12419508592296,160.5502696020524,162.3038722159766,8372500
2024-10-21,161.57955932617188,163.4284725737092,160.54074173198765,162.9519491405229,5522500
2024-10-22,161.73204040527344,162.7136774541028,160.6551074010505,160.6551074010505,7511400
2024-10-23,161.61769104003906,162.17998520693592,160.8075953781874,161.58910079713525,4837800
2024-10-24,161.65579223632812,161.97983919784832,160.99818762294828,161.46518578635977,5861200
2024-10-25,160.32151794433594,161.4461060763753,160.14996197534938,160.98864772964222,4877900
2024-10-28,161.350830078125,161.69392751617465,160.47402874585154,161.33176506980547,5753800
2024-10-29,159.32083129882812,160.93148271242555,158.99679887803126,160.93148271242555,5681000
2024-10-30,158.3582763671875,159.46381426116116,158.16766989568828,159.24460300371254,5518100
2024-10-31,157.4242706298828,159.1969383404963,157.33849990412912,157.97703954419677,6056500
2024-11-01,157.34805297851562,158.53936163358512,157.24321723517582,157.54818468885577,5454800
2024-11-04,157.3289794921875,158.463107597488,156.85245605583208,157.9389289090288,5130200
2024-11-05,157.97706604003906,158.5107845774833,156.6142158055734,156.6142158055734,4397400
2024-11-06,153.4882049560547,158.24389964285527,152.3064215740312,157.83409645937624,11473700
2024-11-07,155.73741149902344,156.25205047292047,153.89802325371093,154.355496277556,9056700
2024-11-08,159.8354949951172,159.873610470817,156.23296449199248,156.31874976141378,7506200
2024-11-11,158.23435974121094,160.60745151896046,157.99609804015603,159.15881630469127,6364400
2024-11-12,158.0532989501953,159.2160173650132,157.79598675028302,158.33921593688433,6507500
2024-11-13,158.75852966308594,158.96820111187327,157.90077886104524,158.26294128028505,5412300
2024-11-14,159.23507690429688,160.1499937794559,158.6918331940187,158.88245420682324,7444300
2024-11-15,161.57955932617188,162.5612109774894,159.04446571380012,160.05469306538046,9939400
2024-11-18,162.73275756835938,163.3998874874041,160.90290927226175,161.16976123987962,6681000
2024-11-19,162.7423095703125,163.13306235228976,161.69396653719164,162.6756038386069,5683700
2024-11-20,162.86618041992188,163.0377364200006,161.5509710745696,162.02749451362868,7081100
2024-11-21,164.6388397216797,165.3631500765296,162.22763240752224,163.60002216815616,6240400
2024-11-22,168.00311279296875,169.0705207082366,165.7158059624399,165.97311816479345,10609800
2024-11-25,169.0609893798828,170.4238540118878,168.5939911626162,169.14676011090882,19357000
2024-11-26,170.89083862304688,171.03380438454846,168.87990906692835,168.87990906692835,6276700
2024-11-27,170.93849182128906,171.95824443783061,170.33806762335448,171.5484412529392,5522900
2024-11-29,170.84317016601562,171.19580738326013,169.90918834088765,170.3094662659425,3823700
2024-12-02,171.2624969482422,171.70090484900882,169.65184562448493,170.70972809177087,5728200
2024-12-03,167.1834716796875,171.1862654214533,166.97380021557373,170.37618434859593,8127300
2024-12-04,166.88803100585938,166.92614648043474,165.31550955308012,165.99216465876214,6823500
2024-12-05,167.7648468017578,168.1746645360474,166.25903093530584,166.64978365949452,5022200
2024-12-06,165.6586151123047,168.44151024759068,165.59189485060222,167.1358261375306,5741200
2024-12-09,162.77085876464844,165.6014089621415,162.42776133033593,165.48704799815076,7164300
2024-12-10,164.19093322753906,164.81040795015437,161.95126699837368,162.41826525574132,6219900
2024-12-11,162.61839294433594,165.24879708424734,162.3991816925874,164.8866346181769,5237500
2024-12-12,162.8280487060547,163.75250524902893,162.037018131018,163.3808030429817,4072800
2024-12-13,163.02821350097656,163.72393372208364,162.1323470161397,162.75183627637549,3884500
2024-12-16,163.10443115234375,164.6674273454767,163.06631567841674,163.3998733378841,5943600
2024-12-17,162.33245849609375,163.8763896139103,162.03701632340932,162.65649090856445,6069200
2024-12-18,161.1411590576172,162.55166428800075,161.08397857484144,161.78922391886297,7517100
2024-12-19,161.24600219726562,162.11327833877894,159.49239944733233,161.0744461987172,8585200
2024-12-20,160.16905212402344,161.8940646047935,159.63534821199966,160.9410177497965,21999300
2024-12-23,160.2167205810547,160.7599497711612,158.54888844733938,160.1690653259087,6983900
2024-12-24,161.0077362060547,161.2364581415932,159.55910093083415,159.7497073912298,2460800
2024-12-26,162.1704559326172,162.30388191029087,160.1785915007954,160.40731343832692,3629400
2024-12-27,161.57003784179688,162.74228144278015,161.3127111100498,161.46520210236966,4367900
2024-12-30,159.24461364746094,161.04587182685472,158.8824656901093,160.75042959493263,4354500
2024-12-31,159.77830505371094,160.18812277781842,158.76807767858944,159.5019278546526,3957600
2025-01-02,158.18670654296875,160.7885348226987,158.1200008278256,160.19763590763188,5401700
2025-01-03,157.37661743164062,158.68228685007153,156.53793162236786,158.44402515810444,5256600
2025-01-06,153.05931091308594,155.82314061781182,152.90681994586737,155.16553604622845,8731700
2025-01-07,153.7264404296875,154.97492931898765,153.1927365877582,153.8789313966213,8447400
2025-01-08,154.4888916015625,154.77479400677367,153.03073116562535,153.43100907526102,4974800
2025-01-10,151.1151123046875,153.6406952844653,150.07629468644697,152.63045336714933,8501500
2025-01-13,151.3819580078125,152.57326656908464,150.9721548430585,151.86802120790966,6772200
2025-01-14,152.23971557617188,152.55422279522622,150.8768509602697,151.39150442502827,5982200
2025-01-15,152.15394592285156,153.58351640584362,151.8585036831414,153.04981241896814,8059200
2025-01-16,152.96401977539062,153.04026526864618,151.66787547472794,152.1253338919204,5774400
2025-01-17,153.56443786621094,154.15532223762233,152.1062774034865,152.23970337581616,7262700
2025-01-21,154.1267547607422,154.72717899607719,153.40244431002216,153.40244431002216,13914700
2025-01-22,157.00491333007812,160.24526618451867,156.71899642119502,159.25410404837365,14356700
2025-01-23,158.34872436523438,158.66323156297918,155.651614644194,156.185318540122,7614300
2025-01-24,157.3678436279297,159.08420844130168,156.485695612478,159.08420844130168,6199800
2025-01-27,162.67991638183594,162.94839555795187,159.27596620413001,159.86087040160072,9170800
2025-01-28,159.3526611328125,162.6127734577469,159.27595071409428,161.96075684516657,6716300
2025-01-29,159.3909912109375,160.4073785410699,159.055399626449,159.86083698643904,4850300
2025-01-30,160.5224609375,160.7046463434583,159.10334021267502,160.5895734059493,4136500
2025-01-31,159.160888671875,159.7649594297241,158.41298039566868,159.1704719873591,5464700
2025-02-03,161.81689453125,162.41139652747765,158.43212646560642,158.66225768650236,8668600
2025-02-04,161.2128448486328,162.32510931695919,159.43895120518133,162.32510931695919,6410900
2025-02-05,162.056640625,162.18129688947073,159.75538649195505,161.1744927196322,7536800
2025-02-06,161.9320068359375,162.93879642353048,161.11697136586753,162.4018380752095,4957900
2025-02-07,161.05943298339844,162.16211419763965,160.96354129910927,162.13334961855625,4535600
2025-02-10,160.6375274658203,161.54843991121908,159.55401292083164,160.79094830300772,7062900
2025-02-11,162.45936584472656,162.5936200616742,159.64991785668354,160.790961652598,5438100
2025-02-12,162.6031951904297,163.08262434904128,161.0594327144597,161.42380355692987,6037400
2025-02-13,163.9839324951172,164.32912203032524,162.18127440780677,162.65112019020563,6328300
2025-02-14,156.1884002685547,163.00588216063105,155.6226774830876,162.80451551561,13179500
2025-02-18,158.62393188476562,158.94035690011128,155.52682347058962,156.6295193660701,7075300
2025-02-19,159.64031982421875,160.00467602043184,158.44174697782367,159.26636568138414,7910700
2025-02-20,160.33071899414062,160.8772606722812,156.1021499520813,156.4377416124082,6162600
2025-02-21,163.22642517089844,163.53326681380335,159.09374872349636,160.55121726526497,9813700
2025-02-24,163.523681640625,165.86329814196625,162.8045379437873,163.21685460476922,8564100
2025-02-25,165.546875,166.79339368124596,163.77299597335656,164.23324384776473,7314900
2025-02-26,164.25241088867188,165.54686066668486,163.62914428650427,165.1920878182762,5519000
2025-02-27,164.8948516845703,165.96876822481073,163.6099851623519,163.82093514432992,5467000
2025-02-28,166.68792724609375,167.46460014623554,164.7798085484656,166.43862934944852,10240100
2025-03-03,168.3659210205078,169.03711888690304,166.37149405249326,166.43862115464086,7615300
2025-03-04,166.05506896972656,172.58490610970335,165.79618776992027,169.47820003288243,12117600
2025-03-05,167.42625427246094,168.63441050604445,165.90167303295902,166.2468626184139,6989100
2025-03-06,167.4741973876953,168.60564318041457,165.7290682254807,167.69473070422222,6702500
2025-03-07,168.7111053466797,171.53015092903053,166.88928053288262,166.92762842505053,9566700
2025-03-10,169.0083465576172,172.58489829418616,168.59604454110453,169.48777567319866,11047000
2025-03-11,165.99754333496094,168.7494765904781,165.23046840383657,168.59605575184665,11032300
2025-03-12,161.44296264648438,164.76061870672632,160.8676564616383,162.71824590453323,10158800
2025-03-13,161.65391540527344,162.32511328126307,160.39781338784647,160.80053211344025,6609000
2025-03-14,161.05943298339844,161.6539204591441,159.7649684005789,160.8868308778813,6790500
2025-03-17,162.77578735351562,164.05107070787992,161.21285820051196,161.44297483942344,9931700
2025-03-18,160.8101348876953,163.25521189284325,160.68547862447778,163.0730411025473,6099900
2025-03-19,161.63473510742188,161.807322561934,160.23479568642455,160.9635226571677,7569200
2025-03-20,160.65670776367188,162.24841602014828,159.19923908117443,161.94157434761567,8789200
2025-03-21,159.83209228515625,161.22243389323265,157.36781943254502,160.2635755937294,16027300
2025-03-24,158.83485412597656,160.00466229418566,158.55679168711404,159.58276234748533,6102100
2025-03-25,156.1500701904297,158.56638242018698,155.5268035560038,158.49926995153487,8366700
2025-03-26,159.7266082763672,159.9567395224316,156.28431068678373,156.6295002403725,7756000
2025-03-27,161.7689971923828,162.07582425345853,159.76497213956694,160.96354506614756,6211700
2025-03-28,161.116943359375,162.7278327553393,160.72380798304272,162.41140779129248,5479100
2025-03-31,163.4086456298828,164.0990248435378,161.18410176556407,161.18410176556407,11520100
2025-04-01,163.5428466796875,164.01269244884685,162.10455942868506,163.55244462521014,7021100
2025-04-02,162.52647399902344,163.84970307102904,161.38543033617987,163.07303022650953,6274500
2025-04-03,165.29757690429688,167.60842885097355,163.70586866153081,167.06187261311374,9393300
2025-04-04,157.0130615234375,166.45782252702548,156.74458234444376,164.70310991580476,13454200
2025-04-07,153.6378631591797,157.92396098218373,152.64065695283966,156.9267547758437,15708000
2025-04-08,151.87356567382812,156.56238217935612,150.2626907514213,155.63228845712723,11541100
2025-04-09,155.64190673828125,157.90479857796635,150.24352911773005,150.885962507457,10670200
2025-04-10,156.8308563232422,158.27874167500485,154.13646692510954,156.1980063535055,10581600
2025-04-11,160.0430450439453,161.10737836000544,155.9295346747061,156.6486784117463,8602800
2025-04-14,162.17169189453125,163.11136883295822,158.95951107516356,160.1676671388554,9877300
2025-04-15,161.53884887695312,163.15932164365276,161.3566634703752,162.18128214208562,8765000
2025-04-16,159.54443359375,162.69907099556946,158.96911275542232,162.32511683996148,5897500
2025-04-17,163.61000061035156,164.5880255671229,160.46494647610785,160.63753395164977,7227100
2025-04-21,159.9214324951172,163.97373734240534,158.50312359023386,163.91584958664956,8062400
2025-04-22,161.9765167236328,162.83521934948777,158.75395639177935,160.02754575446662,7907400
2025-04-23,159.90211486816406,160.75117445594904,157.37425165098708,160.54855260987668,9309200
2025-04-24,153.920166015625,155.29988807653487,151.07390497698984,154.8560573844486,20077700
2025-04-25,155.35775756835938,156.11032779592298,152.22204337943904,154.25784610328827,12892800
2025-04-28,156.1585693359375,156.84359402351663,154.74990358950222,155.3770405257046,8127000
2025-04-29,156.5541534423828,156.6795867288435,153.6017601012058,155.61826212544543,8266200
2025-04-30,156.853271484375,157.42252074065007,154.32539315331638,156.7374812448725,12475500
2025-05-01,154.3543243408203,155.67615851741277,153.4570347112056,155.010419903329,6792800
2025-05-02,154.87535095214844,156.1199818865996,154.2771431150096,155.27092219660696,5750200
2025-05-05,153.24478149414062,155.2516405411262,152.46326731264787,155.2323397142869,7576200
2025-05-06,153.64999389648438,154.0938245324532,152.10625180518446,152.48253691563414,7703800
2025-05-07,153.6885986328125,154.42188283614811,152.96497220407912,153.428103718465,6430000
2025-05-08,153.07110595703125,154.37363942859704,152.45361198820558,152.8106110404921,7230800
2025-05-09,152.11590576171875,153.53421453987482,151.87469698614413,152.46324698743484,6453200
2025-05-12,155.24197387695312,155.38670798663398,151.18002603180958,151.89399463958932,7378400
2025-05-13,153.1482696533203,155.06829678166355,151.8264502916484,154.39291516337187,7780800
2025-05-14,152.4632568359375,153.563168334719,152.02908395630044,152.55973151907006,5988900
2025-05-15,156.69888305664062,157.18130064029714,153.11933810813412,153.97804081815406,8727300
2025-05-16,157.5382843017578,157.68300368738093,156.15857708476327,156.93043343770822,7100800
2025-05-19,158.97589111328125,159.34251845761898,157.66371472595938,157.72160247915923,8119900
2025-05-20,159.8153076171875,160.16264889041685,158.81188545131232,158.82152850365688,5576600
2025-05-21,159.6126708984375,160.51961828988152,158.8311567868958,159.0241355935812,6424200
2025-05-22,159.22674560546875,160.35560097833135,158.25226739185646,158.6574963932264,6245600
2025-05-23,160.02757263183594,160.3749139052505,157.73126006191646,159.03379351777542,5349800
2025-05-27,161.86073303222656,162.07299793456917,159.45830302640894,159.45830302640894,11423800
2025-05-28,161.47482299804688,162.9027750013373,161.18536948762147,161.75461873405396,5385900
2025-05-29,162.6326141357422,163.047500914997,160.58716828348201,160.87662177934547,4842500
2025-05-30,163.9158477783203,164.9771723628566,162.6712168766518,162.81593626444473,12587500
2025-06-02,161.8800506591797,163.09573772605825,160.38455313643564,163.07645162181834,7574400
2025-06-03,160.9827423095703,161.52304760996782,160.06613718687962,160.915196785913,6223000
2025-06-04,160.11439514160156,162.14055490804583,160.0854512639852,160.8283784746436,4939000
2025-06-05,157.07518005371094,159.62234449902658,156.79536958960279,159.61268672440514,10351800
2025-06-06,158.2522735595703,159.4293736808519,157.53829021187298,157.54793326387085,5697700
2025-06-09,156.84359741210938,158.25226318897876,156.37083761750816,157.6444123419591,6544200
2025-06-10,157.11376953125,157.76020738601147,156.226122862523,156.96905013175774,7680000
2025-06-11,156.409423828125,157.04621854853897,156.00419483937495,156.91114221895563,5960100
2025-06-12,157.44178771972656,157.56722099635968,155.99453504060176,156.27434546967328,6509900
2025-06-13,154.64378356933594,157.29708035031024,154.2867992590051,157.03657072595755,7104500
2025-06-16,155.22268676757812,156.2550527433062,154.38327015907464,155.22268676757812,6332000
2025-06-17,152.94566345214844,154.7305995453924,152.74304160433033,154.43150302135894,6809700
2025-06-18,152.4632568359375,153.0710929785429,152.1159155877846,152.97461829541035,7211200
2025-06-20,153.48599243164062,153.73684429516317,152.29924920335912,152.4729124806707,16173400
2025-06-23,155.36740112304688,155.52177827848718,153.40878697032252,153.4763324966586,6588200
2025-06-24,154.72096252441406,156.0524397191289,154.03592310217527,155.51211967796095,7470100
2025-06-25,153.37985229492188,154.7016718024103,153.12900044394513,154.19996810045683,5933700
2025-06-26,153.05181884765625,153.94910855428188,151.64315291933934,153.93946550187917,7410400
2025-06-27,154.23855590820312,154.49906553484155,152.72375757511017,153.10004271482484,19257000
2025-06-30,153.71754455566406,154.27713599217773,152.56938836121975,153.65964207947863,11238200
2025-07-01,155.5507354736328,156.81466725731372,153.77544220071027,154.25785981110556,10664900
2025-07-02,155.5314178466797,155.67615194749453,154.2385423238073,155.47353009523997,8848700
2025-07-03,155.17445373535156,156.32261002887026,154.17101683924386,156.10068732321682,6999600
2025-07-07,154.8560333251953,155.51211412557956,153.6885763781154,155.23231842476045,7225700
2025-07-08,152.3378143310547,154.16135209290832,151.903641477702,153.91050026529052,12034800
2025-07-09,151.9808349609375,152.63691578768635,150.46603672860107,152.54044110727872,18770900
2025-07-10,152.916748046875,153.99735884385095,151.5177251202397,152.21240769607223,7200500
2025-07-11,151.52735900878906,152.4921941317712,150.93880899488133,152.4921941317712,8053800
2025-07-14,148.35304260253906,150.3213144898074,147.48469688429546,150.10904958584285,11491700
2025-07-15,147.31101989746094,148.63285403052757,146.55844967733398,148.160079519026,9142600
2025-07-16,148.32411193847656,148.35305581684844,146.91546078365556,147.36893450777083,8479000
2025-07-17,150.14764404296875,150.2730773258427,148.4688402738744,148.6232027117774,8320000
2025-07-18,150.66929626464844,151.12587105755722,149.2412882651923,149.38699731701666,7337300
2025-07-21,150.60130310058594,151.4853109598331,150.46530303169374,150.64016873335274,6328400
2025-07-22,153.79734802246094,153.8459078357279,150.47503264188117,150.49446546092665,8187000
2025-07-23,153.7584686279297,154.3413345639638,153.1756026918956,153.70018499890557,4804800
2025-07-24,154.2733154296875,154.4773229387162,153.53503147980788,154.33159905429704,7027400
2025-07-25,153.77789306640625,153.91389313435116,152.53445963865397,152.8453105841442,5799900
2025-07-28,152.62188720703125,153.5738876959294,151.76702115493734,153.1270366762591,7885000
2025-07-29,152.13616943359375,154.11788683997233,150.4167283452607,154.11788683997233,11466100
2025-07-30,148.51272583007812,152.51502623377806,147.70643442219668,152.51502623377806,8162900
2025-07-31,146.1715850830078,147.65787700120129,145.62758474993012,147.463593285516,11845400
2025-08-01,146.34642028808594,149.1053021174228,146.22014403902418,147.44414465720405,8594200
2025-08-04,146.4532928466797,147.1333080794207,145.73444162322934,145.95786715298576,7679400
2025-08-05,146.21041870117188,147.73557607686698,146.02585882786025,146.40471721690304,6670100
2025-08-06,148.49330139160156,149.09558532088482,145.91900896202327,146.55043470576243,7376200
2025-08-07,149.1053009033203,149.61043554124578,148.33786030399077,148.74586050672855,6719000
2025-08-08,149.1247100830078,149.3967102020905,148.21157529631293,148.40585897810132,5811000
2025-08-11,150.55271911621094,150.95101030139517,148.93042738705242,149.15385288144327,7331700
2025-08-12,150.6595916748047,151.0967337089651,149.90187486282096,150.6304498607204,6938000
2025-08-13,150.970458984375,152.5247434352289,150.52359312573043,150.7761752808803,5812400
2025-08-14,149.34817504882812,150.28074280449118,148.89160016867532,150.2224591726244,6343700
2025-08-15,149.95045471191406,151.1550374199343,149.8047456364223,150.05731297490695,7121700
2025-08-18,151.27159118652344,152.43730815516315,149.76586664153675,150.00872496095732,8274500
2025-08-19,153.87503051757812,154.16646347542766,151.22302172922898,151.28130535621966,7868100
2025-08-20,154.9533233642578,156.429906159423,153.88475560718643,154.04989749265482,7840400
2025-08-21,154.1956024169922,154.51617718236628,152.68987784856074,153.41845281816668,6417500
2025-08-22,154.1373291015625,156.0899048144747,153.78761249984277,154.82705330766692,5797300
2025-08-25,151.68931579589844,154.16647387030105,151.43674845427702,153.86533189528018,4692500
2025-08-26,151.5144500732422,152.2235922181947,150.9024423626843,151.4658754445971,6338000
2025-08-27,152.47618103027344,152.64132291657683,151.33959099724487,151.68930758673915,4551200
2025-08-28,151.20359802246094,152.52474799780023,150.60131407674197,152.5150390003488,5857400
2025-08-29,152.5538787841797,153.05902825017412,151.20358709120853,151.63102011451954,5318200
2025-09-02,153.4767608642578,154.32190313852297,152.49560369051432,152.8647531081918,6432800
2025-09-03,153.65159606933594,154.10817088473445,152.0293043132392,153.1464466266385,6592500
2025-09-04,154.64248657226562,155.18648690901549,153.30190372606242,153.99162796773294,6934900
2025-09-05,155.44876098632812,155.97332844682737,153.8847527787027,154.02075284793554,6436200
2025-09-08,154.4676055908203,155.69162105048235,153.72932161001006,155.05047150712568,7178400
2025-09-09,154.90476989746094,155.30304630911894,153.68075437886807,154.07904561342278,4984900
2025-09-10,152.85504150390625,154.39961695221885,151.43674230983228,154.06933317513875,6205500
2025-09-11,154.09848022460938,154.79791343683286,152.8938975095807,153.21447230042455,5819500
2025-09-12,153.3893280029297,154.58420175797733,153.27276073820204,153.41846981911158,5957000
2025-09-15,152.34988403320312,153.9916086583258,151.73787631965206,153.3698919481564,5995000
2025-09-16,153.53504943847656,153.86533323182672,152.40818315456733,152.65104150077724,6559600
2025-09-17,155.74990844726562,157.05162555923857,153.90417621622237,153.90417621622237,6764200
2025-09-18,152.82589721679688,154.47733089837243,152.670464327899,153.6321738293003,7651500
2025-09-19,151.5824737548828,153.1173404326155,151.51448111916417,153.10763143405526,17224800
2025-09-22,148.6973114013672,151.62132047619116,148.67787858377295,151.62132047619116,8712900
2025-09-23,148.1436004638672,148.91102636386717,146.65730847783203,148.82360091125287,8853400
2025-09-24,148.0658721923828,149.24131308990073,147.45386442713078,147.70644658949988,6483300
2025-09-25,147.8035888671875,149.48417935562964,147.4441632452525,148.85273873913306,7511400
2025-09-26,148.1436004638672,148.31845136909578,147.20130883574058,147.88130928312628,5721100
2025-09-29,149.14414978027344,149.3287244745027,147.45385054263704,148.06585825026144,8139700
2025-09-30,149.26071166992188,149.96986860890365,148.47385311574547,149.07615180521594,7762600
2025-10-01,148.80413818359375,149.4938623134623,147.08471200284347,149.30928762422022,7566000
2025-10-02,147.70643615722656,148.4350111318697,147.2984359501739,148.35729468916026,6892100
2025-10-03,147.920166015625,149.04701747934675,147.65787485067642,147.65787485067642,5212600
2025-10-06,146.11329650878906,147.96873780005848,146.10357268845038,147.1721553229241,6737000
2025-10-07,148.18243408203125,148.79444182509968,145.7635745697061,146.45328393525963,6844400
2025-10-08,146.3852996826172,148.42530090469947,146.32701605097157,148.42530090469947,5254700
2025-10-09,146.2784423828125,146.56015154525875,145.30700898791235,146.43387528349186,6134500
2025-10-10,145.41384887695312,147.18184972432596,145.18069955539934,146.62814046711688,7374000
2025-10-13,143.27671813964844,145.1612864927987,142.77156861898987,144.74357724393113,7511100
2025-10-14,144.89898681640625,144.98641225122373,142.8784038819969,143.35441150971715,8585300
2025-10-15,143.2086944580078,145.14185204978645,143.0629853930302,144.28698600752924,10003100
2025-10-16,145.32643127441406,146.10356607569742,143.6944155813474,143.78184102305738,8809700
2025-10-17,147.07501220703125,147.687019998085,146.13272061438238,146.26873552163653,8612900
2025-10-20,147.6190185546875,148.0367277806686,146.9778689854687,147.25957813521214,5601300
2025-10-21,147.28871154785156,147.92986108049612,146.56013657609068,147.61901013378392,6013400
2025-10-22,147.85214233398438,149.07615775412103,146.48241785092458,146.97785831065437,6394400
2025-10-23,147.8618927001953,148.92075160859653,146.27845142529745,147.99789279097254,8205400
2025-10-24,149.16976928710938,153.9728502166232,148.2306652483987,152.99462368430272,11968500
2025-10-27,148.43609619140625,148.45564997451393,146.8611509112235,148.30892196844644,7775300
2025-10-28,148.07412719726562,149.83493772404873,147.34045738831853,147.82957059428327,5819300
2025-10-29,145.53074645996094,147.68284156577917,145.23727555313337,147.37959376845916,7405500
2025-10-30,146.3231201171875,147.51655762871852,146.08834038610624,146.21551460626088,6760700
2025-10-31,147.0959014892578,147.81001752050003,145.29596846506624,145.47205698186244,7930300
2025-11-03,144.79708862304688,146.94918390672686,144.5525320015707,146.83180150491484,8946400
2025-11-04,143.96559143066406,146.2448609544514,143.06562484674595,145.36446307986137,9295400
2025-11-05,142.61563110351562,144.21014503293102,142.478679994192,143.67211748681987,11199900
2025-11-06,142.9482421875,143.4862548173669,141.3146057355029,142.70368556426897,10024500
2025-11-07,143.77972412109375,144.71882811134077,142.8210663483271,143.75037852076275,8500100
2025-11-10,142.3319549560547,143.42756385344666,140.9526520163762,143.1927990477494,10208100
2025-11-11,145.30575561523438,145.41336112572125,142.4982503778291,142.78194441754522,7332500
2025-11-12,144.78729248046875,145.90247004402823,144.29817925212598,145.29597441737957,7851100
2025-11-13,144.73838806152344,145.75573697338695,144.42534844153425,144.9535841420777,7566800
2025-11-14,144.45469665527344,146.12747043595405,144.39600545710059,145.85356822678017,9150800
2025-11-17,142.64498901367188,144.75794681497158,141.85261304581445,144.53295890947066,9902300
2025-11-18,143.78952026367188,144.18080489755508,142.34173427988958,143.14388718386778,10735200
2025-11-19,143.78952026367188,144.3275329036233,142.68411952945138,143.7601746624582,6367000
2025-11-20,144.96337890625,145.4231465283615,142.94823482289357,143.44712493502374,9021300
2025-11-21,147.63394165039062,148.2013148118135,145.07099299581822,145.1492529070371,12018000
2025-11-24,143.77972412109375,147.1350487156044,143.34930208083685,146.8318008944829,13846900
2025-11-25,145.25685119628906,145.4133560843928,144.01449942311194,144.112328038909,10477700
2025-11-26,145.02207946777344,145.72640374599067,144.39601510119724,144.6992629297112,9238500
2025-11-28,144.9340362548828,145.4720637945254,143.9753635745919,144.58187413134868,4707200
2025-12-01,144.22972106933594,145.64814654365367,144.14168426455913,144.87535415747024,8240700
2025-12-02,142.68411254882812,143.00692907293683,139.40704792581207,142.12651629994457,16376800
2025-12-03,143.51560974121094,145.0611944043203,142.68411128406947,142.74280248310512,9125300
2025-12-04,142.19500732421875,144.210151564052,141.35373192125851,143.47648167518736,10479300
2025-12-05,140.3265838623047,142.45912532454915,140.1309415539968,141.9993576904224,12791700
2025-12-08,135.32785034179688,139.79835260870635,135.13220802723131,139.79835260870635,17507500
2025-12-09,136.5897674560547,137.81255054958365,135.97348000041964,136.15934541888427,10375700
2025-12-10,136.77561950683594,138.20382166162446,136.50170238822926,136.60930788700512,13650400
2025-12-11,137.6951446533203,138.7516309715668,137.30386005836257,137.92992436622526,11798000
2025-12-12,139.72987365722656,139.99399899918353,137.77342060150548,137.92994042833573,10268800
2025-12-15,141.9700164794922,142.15588190242363,140.08203157590353,140.15051459553166,13877700
2025-12-16,142.04827880859375,143.34930693815744,141.50045942189865,142.91889980986795,10251700
2025-12-17,144.59164428710938,145.21770859683463,143.26125576312435,143.4960354767278,9833300
2025-12-18,142.3515167236328,144.2884009089423,142.18522001885609,143.42755685922654,12239900
2025-12-19,141.31460571289062,142.8699822540187,140.805923757217,142.34173158905526,19345600
2025-12-22,139.58314514160156,141.25590413929717,139.31901980060408,140.58094037582921,11731400
2025-12-23,140.06246948242188,140.6004970672291,138.98642923935992,139.3875057049937,9541600
2025-12-24,141.3439483642578,141.58850498234676,139.72008883777474,139.78855692903292,3259200
2025-12-26,141.58851623535156,142.4689141598225,141.16787105700027,141.16787105700027,4711500
2025-12-29,141.42221069335938,141.9113239379074,140.81570012006472,141.64719860641702,7662100
2025-12-30,140.9135284423828,141.31460488443864,140.44398390804153,141.14829324627766,6006400
2025-12-31,140.18963623046875,141.00156601030568,140.11137631989453,140.8646148984387,5293200
2026-01-02,138.70274353027344,140.21899775087456,138.1647308396389,139.99400981152448,8946100
2026-01-05,137.3136444091797,138.2723170940466,136.56042077663597,138.02776047727366,12297300
2026-01-06,136.86366271972656,138.34077924808673,136.47236319375153,137.3332072243459,10421800
2026-01-07,135.0343780517578,136.75606622638384,134.62352471732706,136.75606622638384,14369100
2026-01-08,138.44839477539062,138.69295139937407,134.8191828343451,134.88765092725356,9297100
2026-01-09,138.78099060058594,139.23098136417676,137.76364159491175,138.6146938845888,9528500
2026-01-12,140.3363800048828,140.7472333429565,138.6244836329666,139.18206497515524,12812000
2026-01-13,141.09939575195312,141.1972094460348,139.85704391735666,140.86461601836388,15549200
2026-01-14,143.1634521484375,143.70146477431476,141.22655295969358,141.52980078200304,13475000
2026-01-15,141.48089599609375,143.16344668131725,141.20699378469,142.5080218255822,10102800
2026-01-16,141.38307189941406,141.57871421001954,140.5320196386769,140.6298333307039,11729300
2026-01-20,143.79930114746094,143.79930114746094,140.98200394032003,141.31461230756202,12901400
2026-01-21,142.8797607421875,144.16123507378632,141.81349743552684,143.85798724588759,14126800
2026-01-22,146.6654815673828,147.62415421643684,144.2883985058945,144.85577162679866,18501900
2026-01-23,147.92355346679688,149.401311303758,147.57875232435734,148.6033244770038,14562600
2026-01-26,147.27334594726562,148.6427342237785,146.31772804575706,147.8939939935073,12655700
2026-01-27,146.14039611816406,147.42112259537095,145.73647203113578,145.87441052844025,9546000
2026-01-28,145.15521240234375,146.50490801834093,144.61336489464628,145.80542941158075,7465800
2026-01-29,147.67726135253906,147.90386171227883,144.9286383741246,145.1059620999764,11035600
2026-01-30,149.51954650878906,149.71657788628465,146.9383858562462,148.19940471125457,12651400
2026-02-02,150.91848754882812,151.45047376679855,149.0072516350481,150.15990096775937,10554900
2026-02-03,153.01690673828125,154.20895631917858,149.94316018786608,150.3273766276017,12424700
2026-02-04,154.54391479492188,156.02167267984566,153.45037335877703,153.81489719251235,12178500
2026-02-05,156.25811767578125,157.2826898506833,153.80503420142952,156.4847030065954,13077700
2026-02-06,156.809814453125,157.6176626521585,155.6670114053594,155.89361177291113,10441700
2026-02-09,154.99710083007812,156.9181830781391,153.7065280129841,156.40588946781264,11439900
2026-02-10,156.72116088867188,157.77528709376142,154.3961544070585,155.19414130823176,9910100
2026-02-11,157.6275177001953,158.75061316250793,155.8443588114169,156.28768319844238,10217300
2026-02-12,158.81956481933594,160.72093932530024,157.2826840647245,157.64720788113706,13512900
2026-02-13,157.6964874267578,160.15941739819442,157.34182490956968,159.34172284377368,13998900
2026-02-17,157.18417358398438,159.765319051939,156.52411024036732,157.57823631576093,13319100
2026-02-18,154.53407287597656,156.62263260223827,153.46023905691038,156.62263260223827,14434300
2026-02-19,156.2088623046875,157.58811205701292,154.50451903682776,154.50451903682776,10724600
2026-02-20,158.39593505859375,158.6717819848204,155.8147895206744,156.77040745529172,11508100
2026-02-23,162.72084045410156,162.90802551977148,157.92305812522147,157.94276577227362,14772400
2026-02-24,162.8292236328125,164.39564347302232,161.50909678757395,162.4548534700461,9709500
2026-02-25,160.9672393798828,162.5533667721119,159.69637421761428,162.10018107467624,7878500
2026-02-26,161.3218994140625,162.06077834267654,160.44509702007508,161.7849314119297,7028600
2026-02-27,164.72073364257812,164.76999524257963,161.26278579090197,161.6075869258529,14878500
2026-03-02,161.08544921875,164.08038016205148,161.0263413109597,162.83905396833535,9095500
2026-03-03,157.35166931152344,159.78504529642643,156.26797412420703,159.78504529642643,10161000
2026-03-04,155.9527130126953,157.24328578189423,154.97738743101527,157.075808364692,8752700
2026-03-05,151.7066192626953,154.7705043310175,151.4898802521365,154.61287322651478,10060300
2026-03-06,151.35195922851562,152.14008469864805,149.63775476266505,151.3815131820191,8187900
2026-03-09,152.9183807373047,153.91339892648327,150.63277475529094,150.8790677258081,12494900
2026-03-10,153.6966552734375,154.8197505838155,151.32240253399604,153.18437673363664,7756800
2026-03-11,151.04656982421875,153.07602162573,149.18458041692423,152.92823681446026,8855100
2026-03-12,148.26837158203125,150.78056294424613,148.10089416222095,149.9530221525258,8489300
2026-03-13,148.4161376953125,150.28797328665797,147.9531057091528,149.12546265144954,7298900
2026-03-16,149.86434936523438,150.3766429785721,148.41614542375342,149.60821007483085,6944000
2026-03-17,149.2338409423828,151.18449220282605,148.95799400237624,150.74115280475118,6147700
2026-03-18,144.53457641601562,147.4014152272885,144.2882834404146,147.09601434274808,10059300
2026-03-19,142.69229125976562,145.1946362491204,142.6430296593396,144.0518332623683,10340300
2026-03-20,142.14059448242188,143.6577675620949,142.11104052928158,142.84007311597782,60620900
2026-03-23,141.8549041748047,143.98286400731013,141.3524568960289,143.98286400731013,10315600
2026-03-24,141.03721618652344,143.07651425140372,140.12099848068462,141.20469360962718,8567600
2026-03-25,141.7859344482422,141.9632732026604,140.1209915742622,141.60861072635382,8418100
2026-03-26,140.3081817626953,142.4263103908934,140.1308580343274,141.55935429879148,6443200
2026-03-27,140.59388732910156,141.94356801080363,139.90425497864086,140.60373363631126,11558300
2026-03-30,142.57408142089844,143.4114835656516,140.45596780656587,140.91898477889455,11616300
2026-03-31,142.29823303222656,142.77111133974066,140.1702580996175,142.67260316829584,10407500
2026-04-01,141.95343017578125,142.82038634804553,141.08648903604873,141.7859527393269,8061700
2026-04-02,140.997802734375,142.07165156982936,140.4658165030053,141.95342071533437,5941700
2026-04-06,140.6529998779297,141.53964859701762,139.8155977290451,140.8894315190035,6823100
2026-04-07,139.2047882080078,140.6529920592033,138.65309436612947,140.40669909175548,7207500
2026-04-08,142.75140380859375,142.95829652409785,139.766334122587,141.02735296533763,10849700
2026-04-09,144.48532104492188,144.76116798688773,140.87958811882837,142.24897652091994,6794800
2026-04-10,143.00755310058594,144.71189623663125,142.61347533074348,144.71189623663125,9790300
2026-04-13,141.4509735107422,142.93857756606974,140.51506327639626,142.84991570895394,7121400
2026-04-14,142.2391357421875,142.57409060866175,140.65300824796367,141.1160402826616,6621600
2026-04-15,141.2539520263672,142.25881654232523,140.15054927473156,142.21941628058443,7698200
2026-04-16,140.9879608154297,142.15045652101287,140.54463643673324,141.07662268466274,6947100
2026-04-17,144.75131225585938,145.40152937248862,141.03722470313383,141.2835176988996,10886000
2026-04-20,142.3474884033203,144.48530954973714,141.46082470394612,143.894200416821,8084700
2026-04-21,140.2096710205078,142.47555434827277,140.2096710205078,142.47555434827277,11197200
2026-04-22,140.7318115234375,141.175135870657,140.1111484178121,140.38699534641668,7236300
2026-04-23,143.54940795898438,144.06168653710807,141.27364818248435,141.27364818248435,11288800
2026-04-24,147.08203125,151.29061979953673,146.5261830755894,150.88365411979794,13786200
2026-04-27,147.30039978027344,148.59077024600995,146.3276654919543,146.3276654919543,9166400
2026-04-28,148.064697265625,150.06973396702963,147.33017497116106,148.91832555270014,7965700
2026-04-29,145.37478637695312,147.64781156823693,144.80900261897824,147.2011489489405,9002400
2026-04-30,146.00010681152344,146.62544356094526,144.86855445040024,146.00010681152344,9491700
2026-05-01,146.16883850097656,148.17387509806076,145.37477839724775,146.77431917479143,6814800
2026-05-04,142.3572998046875,144.97773760551402,142.20841731714523,144.97773760551402,9642800
2026-05-05,143.82632446289062,144.8189147356386,141.12647770935808,142.31759815323613,7664300
2026-05-06,146.80410766601562,147.8463305694715,144.85863904890977,145.31522213128636,9399500
2026-05-07,144.9777374267578,146.89344458988742,144.93804047870418,146.89344458988742,9545800
2026-05-08,145.33506774902344,146.42692312109028,145.12663227072707,145.46410933273836,5741000
2026-05-11,142.29774475097656,144.86854997018716,140.91804485205006,144.70973188862237,7489500
2026-05-12,142.8436737060547,144.77922176188346,141.80145086192348,143.280415861365,9051200
2026-05-13,141.18605041503906,143.59803758588825,140.61034622073603,142.0892960817053,6685900
2026-05-14,141.65257263183594,143.2109315738657,141.57316358796368,142.11907615278005,9636200
2026-05-15,140.52101135253906,142.33743821269604,140.1537426546991,142.33743821269604,6989400
2026-05-18,141.33493041992188,143.35980794213955,140.58056725394388,141.0470859006894,7731200
2026-05-19,140.2530059814453,142.64515212961857,139.80634339609261,141.41433476165247,8355800
2026-05-20,141.3845672607422,142.15878649680377,139.57804561278098,140.40189739386727,8375600
2026-05-21,142.3374481201172,142.65508429757702,139.0519765313656,140.82872171436264,6297300
2026-05-22,143.3697509765625,143.5682660152007,142.46649013317318,142.80396721343075,4616700
2026-05-26,141.9007110595703,144.53106920558864,141.47388936950904,143.43921385494397,8157200
2026-05-27,146.39715576171875,147.43936350970256,142.39701787414097,142.39701787414097,10048900
2026-05-28,144.828857421875,145.612997111615,143.93551704523207,145.612997111615,10196700
2026-05-29,142.4962615966797,144.56085124616453,142.13892848146642,144.44174525633545,12355800
2026-06-01,139.24057006835938,140.76916765583465,137.8310936193964,140.47138752814354,11093800
2026-06-02,139.77658081054688,140.07434579993173,137.99983559667405,139.08175544671062,9599500
2026-06-03,139.1512451171875,141.3944938803485,138.96265052530114,139.88575229098456,9351000
2026-06-04,139.7368621826172,142.07937591254404,138.85345741537546,141.64263375422658,8194000
2026-06-05,145.4541778564453,147.13165790934903,140.7493094643581,141.16619557848443,10963200
2026-06-08,144.0248565673828,145.4641094530425,143.94544752700992,144.70973114236304,7200700
2026-06-09,147.5684051513672,148.37240090955876,143.45908171837834,143.59804376120496,8259300
2026-06-10,147.94558715820312,149.31535147231375,147.28055347507657,148.7992154215363,7345900
2026-06-11,147.2408447265625,148.51135912703037,146.67507611881535,147.598177848302,6684700
2026-06-12,148.50143432617188,149.08705896400699,147.20114346579274,148.2731427996088,6832000
2026-06-15,149.3451385498047,150.37742576552802,147.65772297578928,147.65772297578928,9158900
2026-06-16,151.360107421875,151.88617909397178,149.43447972594635,150.38735797717848,8518900
2026-06-17,149.44439697265625,151.80676679379997,148.6602572796902,151.25091863487825,7055800
2026-06-18,149.26573181152344,151.16156774393545,149.06720163806705,149.75209135760457,17076100
2026-06-22,146.58572387695312,149.77194530936566,146.47655348709506,148.99772611003655,10533000
2026-06-23,149.74217224121094,150.24838783829253,148.2632072518497,148.55106691849042,7259600
2026-06-24,150.91342163085938,152.21372763836797,149.8017253482469,150.8638042327417,8618500
2026-06-25,147.399658203125,151.16156874163084,146.72470407524094,150.44691766622896,11197200
2026-06-26,147.9158172607422,149.76203590587528,147.3202569962244,149.22602863866396,16724600
2026-06-29,147.3500213623047,147.94558157778496,145.95046545793386,147.62794542400204,10387700
2026-06-30,145.55343627929688,146.4368410119005,143.1017371059213,146.4368410119005,9353800
2026-07-01,146.33758544921875,146.40707404244185,144.47152592322945,145.44426020826734,9571700
2026-07-02,150.28810119628906,150.54616922223693,146.64529660699972,147.4790688253476,9256000
2026-07-06,148.2036590576172,150.09951021404746,145.8710808804345,149.56350295674108,8323100
2026-07-07,151.6181640625,152.35268631631146,149.49402148604588,151.5288345729856,8061400
2026-07-08,147.30039978027344,149.95062930520396,147.25078238006273,149.84144376243256,14272300
2026-07-09,145.7618865966797,146.56588228869282,144.5211487643815,145.68247755792555,7748000
2026-07-10,145.95046997070312,147.4889879534934,145.62292850235943,146.01003811067335,12473000
2026-07-13,147.27061462402344,148.93817416597793,146.01995632685183,146.98277010767168,7816100
2026-07-14,144.99758911132812,147.64780332666248,144.5112144243791,147.2706141757336,7668100
2026-07-15,146.9530029296875,147.48899504939956,143.5881222814616,144.20352344589517,6180000
2026-07-16,150.37742614746094,150.3972821936961,147.08201917579933,148.38232515400534,6485400
2026-07-17,148.86868286132812,153.17653609779785,148.20364920502914,151.72734765498078,8917400
2026-07-20,148.02499389648438,148.98780768360248,147.33016858111816,148.45180044864716,5788300
2026-07-21,147.00262451171875,147.3103250709858,145.7916631750561,146.76439739532225,7027600
2026-07-22,148.02499389648438,149.3451407916641,147.71729333176688,148.3922474549245,5371200
2026-07-23,145.88099670410156,146.51625388635964,144.51121725190643,145.05714494268898,6499200
2026-07-24,147.41000366210938,147.99000549316406,145.39999389648438,146.4499969482422,6620700
2026-07-27,148.6300048828125,150.25,147.85000610351562,147.85000610351562,7301800
2026-07-28,148.8800048828125,153.67999267578125,148.52000427246094,151.5,12848800
2026-07-29,146.10000610351562,146.3800048828125,140.1999969482422,141.3800048828125,14616800
2026-07-30,143.9600067138672,144.4499969482422,142.25,143.75999450683594,9571100
2026-07-31,144.49000549316406,144.6999969482422,141.4600067138672,143.50999450683594,9152600
2026-08-03,144.97000122070312,147.14999389648438,144.25999450683594,145.85000610351562,8843600
2026-08-04,148.00999450683594,148.25,143.7899932861328,144.0399932861328,7362300
2026-08-05,146.8000030517578,147.85000610351562,144.66000366210938,147.85000610351562,9753300
2026-08-06,146.97000122070312,148.5,145.4499969482422,147.82000732421875,8766700
2026-08-07,145.7899932861328,146.0,143.8800048828125,144.89999389648438,7565500
2026-08-10,146.44000244140625,146.4600067138672,144.14999389648438,144.72999572753906,7386500
2026-08-11,145.2100067138672,145.7100067138672,143.92999267578125,145.41000366210938,7936700
2026-08-12,144.0800018310547,144.94000244140625,143.7899932861328,144.0500030517578,7195000
2026-08-13,144.25999450683594,145.8000030517578,143.9949951171875,144.58999633789062,7482316
