Date,Close,High,Low,Open,Volume
2021-08-25,46.543540954589844,46.803702545861654,46.04839676565175,46.35891314273682,13270300
2021-08-26,45.91412353515625,46.610683711415994,45.846987017754174,46.32534630931169,11842600
2021-08-27,46.8036994934082,47.172958294429655,46.49318633797204,46.49318633797204,15822500
2021-08-30,46.29176330566406,47.28205146699319,46.25819345579597,47.19813004372004,14086100
2021-08-31,45.754669189453125,46.41765947275881,45.70431440290154,46.09875222739441,27104100
2021-09-01,45.125244140625,45.95607722451884,44.982573860711426,45.72948871174598,21644100
2021-09-02,46.22463607788086,46.694601264699415,45.544860888006944,45.56164581630728,23293300
2021-09-03,46.04838943481445,46.42604226479762,45.82179773682456,46.25819620687207,13840000
2021-09-07,45.77983093261719,46.38407538020782,45.71269443921648,45.88053727341667,14354400
2021-09-08,45.360233306884766,46.30856101845281,45.32666344774654,45.98126289535004,18756700
2021-09-09,45.393802642822266,46.15749932172581,44.7308123387747,44.999364805989266,19110800
2021-09-10,45.30147933959961,46.35051323464794,45.276303550565615,46.316943381671024,15123700
2021-09-13,46.46800994873047,46.93797834113376,45.83858953814999,45.86376853152368,22052300
2021-09-14,45.805030822753906,46.80371022815521,45.66236050689754,46.73657050271731,19940300
2021-09-15,47.34919357299805,47.44150907036988,46.41765413931243,46.46800571868073,23240900
2021-09-16,46.84566116333008,47.38276604896462,46.57710872051281,47.38276604896462,17907200
2021-09-17,46.29176330566406,47.62613442464842,46.241408530861925,46.44282442867339,30000400
2021-09-20,45.058109283447266,45.46093797376744,44.44547378349797,45.133639862969666,27555100
2021-09-21,45.01614761352539,45.74627439926305,44.68884950962222,45.62878310056938,19696800
2021-09-22,46.33373260498047,46.921192280965876,45.62878163407752,45.679136418212615,25690600
2021-09-23,47.903076171875,48.03735235674192,46.39246509037622,46.50995635196018,23069400
2021-09-24,48.33108901977539,48.52411086941732,47.56739248362804,47.58417740986612,22328600
2021-09-27,49.766178131103516,50.18579178010337,49.36334941223142,49.388525206724026,32972200
2021-09-28,50.2864875793457,50.75645591984892,49.94240458761577,50.26970585414684,37619300
2021-09-29,50.25292205810547,50.513080422706935,49.556361994978054,50.21935220415771,23422800
2021-09-30,49.36334991455078,50.496305497820074,49.354959050100554,50.45434477277271,31289600
2021-10-01,51.13410949707031,51.18446427758025,49.85848387006236,49.85848387006236,24407300
2021-10-04,51.79709243774414,52.09082061270469,51.15088725143394,51.46140035087752,33946700
2021-10-05,51.71317672729492,52.61954359719492,51.209641711615525,52.46848245221158,29641600
2021-10-06,50.76485061645508,51.29356140453768,50.14382113024387,50.74806568964964,25284900
2021-10-07,50.90752029418945,51.259997372324435,50.471121779135366,50.865559575729904,19513600
2021-10-08,52.18314743041992,52.38456016516751,51.4026658801282,51.4026658801282,22186900
2021-10-11,51.66282653808594,52.92166731258844,51.61247175460268,52.896488320147995,22121500
2021-10-12,51.39426803588867,52.01529428530383,51.06696678393514,51.671211308898876,20198600
2021-10-13,51.25160217285156,51.52015460672286,50.52986630629836,51.00822552921896,14991700
2021-10-14,52.03208541870117,52.21671642366639,51.33552531916705,51.788708766955686,18594500
2021-10-15,52.52722930908203,52.93005797119795,52.40134395155935,52.64472060202447,16092600
2021-10-18,52.502052307128906,52.98880239543419,52.25867566227748,52.946841677693705,18282800
2021-10-19,53.29092788696289,53.38324339237654,52.59436776531277,52.76221384775598,18933200
2021-10-20,53.584651947021484,53.601436874095235,52.63632757783557,52.77899465586624,14305200
2021-10-21,52.61114501953125,53.40841139379432,52.32580768141807,53.265744325436366,16564600
2021-10-22,52.97201156616211,53.05593619369015,52.32580634048358,52.67828337330696,14266800
2021-10-25,54.004268646240234,54.0630142937007,53.358066524175165,53.47555781909608,17939800
2021-10-26,55.25471496582031,55.33864280682808,54.01266231356735,54.12175954296399,25585100
2021-10-27,53.81963348388672,54.7595701734798,53.69375133536086,54.68404280520275,21764500
2021-10-28,53.97069549560547,54.10497491177274,53.40002398388199,53.559475988484394,16626400
2021-10-29,54.10498046875,54.851892190207586,53.987489168933905,54.59173379815704,23966300
2021-11-01,55.0784797668457,55.456135854939795,54.566550653923755,54.60851457575494,19656400
2021-11-02,54.398704528808594,54.927415337262694,54.264431511986416,54.574941464959956,16300000
2021-11-03,53.65178680419922,54.088182063068615,53.42519511128787,53.74410229405908,17372800
2021-11-04,54.054622650146484,54.45744808797625,53.567869376873524,54.28121115857637,17720100
2021-11-05,54.566551208496094,54.82671600146161,54.18050745434873,54.59173340352805,18565100
2021-11-08,55.15401840209961,55.70790508282901,54.8686777946724,55.011351299784046,17696000
2021-11-09,55.69110107421875,55.69949513652505,54.80991021306977,55.19595384284362,18781300
2021-11-10,54.593971252441406,55.835708984404405,54.23675711708004,55.55504050344745,20177200
2021-11-11,54.696022033691406,55.13828865200721,54.44937459056217,54.593965497806096,13319300
2021-11-12,54.27927780151367,54.74705856899719,54.07515823426816,54.39834808981056,18158900
2021-11-15,54.74705505371094,55.08725214766152,53.76897218649392,54.22824280551775,18849200
2021-11-16,55.29988479614258,55.59756702009921,54.72154058699115,54.72154058699115,17028700
2021-11-17,54.696022033691406,55.48699263102176,54.58545862353437,54.755557175905786,15497000
2021-11-18,54.100669860839844,54.88313357304091,53.675416996968345,54.568450606636,16948200
2021-11-19,51.60018539428711,52.756873802865385,51.37905531355169,52.63780350982153,32035500
2021-11-22,52.314613342285156,53.190636572926195,51.30251255000897,51.30251255000897,21994400
2021-11-23,53.69243240356445,53.90505885491534,52.66331791326531,52.89295487005493,21185900
2021-11-24,53.9901008605957,54.30478705774162,53.22464768555791,53.22464768555791,15869700
2021-11-26,52.09347915649414,52.238063582136505,50.63911504768434,51.4726103248576,24979600
2021-11-29,52.382652282714844,53.70093562209237,52.12750119193567,53.216147576285294,18946400
2021-11-30,50.89426040649414,52.04244178542279,50.741169123380764,51.421573023650396,34979800
2021-12-01,50.85174560546875,52.7568768946643,50.81772459277039,51.79580761910311,30630600
2021-12-02,52.118995666503906,52.37415000831153,50.29891372888662,50.80921916807963,29216000
2021-12-03,51.78729248046875,52.92697026863669,51.32801861559021,52.663312328927496,22014700
2021-12-06,52.3741455078125,52.867437154446186,52.238061473516915,52.49321579339919,19210500
2021-12-07,52.96099853515625,53.60738153977405,52.81641085665165,53.02053368382806,19800400
2021-12-08,53.114078521728516,53.743450886211996,53.020522381067615,53.250159296029395,18214400
2021-12-09,53.250160217285156,53.386240993940305,52.56975633400941,52.77387587678132,16910300
2021-12-10,53.59036636352539,53.8795384509116,52.9269729107543,53.81149967739707,17942400
2021-12-13,52.41666793823242,53.343719294075754,52.17852413266907,53.13109286607886,17793700
2021-12-14,52.34012985229492,53.13110053821333,52.06796824471249,52.10198601234358,22551100
2021-12-15,52.11049270629883,52.30610865829185,51.03885354130126,52.042450682428765,19961900
2021-12-16,52.195533752441406,53.1140814631572,52.13599861316409,52.255068891718714,21187800
2021-12-17,51.05585479736328,52.118986894555896,50.76668273715002,51.83832170799632,44338100
2021-12-20,50.315921783447266,50.39246743337611,49.29531419920333,50.00123555348293,21819300
2021-12-21,51.45559310913086,51.60868438950514,50.79219972379005,50.81771385571188,19798900
2021-12-22,51.87234878540039,52.19553864479254,51.00483250321826,51.319518732383074,14058300
2021-12-23,51.89786148071289,52.5952759392013,51.880850976308054,52.0254353971162,13543300
2021-12-27,52.63780212402344,52.68883363873679,51.38755759113391,51.82131735514223,12593700
2021-12-28,52.46770095825195,52.99501688344436,52.221056745189436,52.65481327005713,12781000
2021-12-29,52.0084228515625,52.391147806298406,51.81280369299848,52.28908803466361,12733600
2021-12-30,51.702247619628906,52.39115523132483,51.685237114542055,52.06796536794096,11940300
2021-12-31,52.04244613647461,52.28058995479548,51.625700132151565,51.65972114111483,14072000
2022-01-03,54.041133880615234,54.09216214705774,52.059454008411535,52.08497138605462,24282400
2022-01-04,56.0738410949707,56.29497439398262,54.51741410569295,54.542928238493644,38584000
2022-01-05,56.77125930786133,57.502694778351035,56.541625608448975,56.558632868506045,34033300
2022-01-06,58.10655212402344,58.242636157599584,57.04341994487426,57.834390545715,30668500
2022-01-07,58.58283233642578,58.837986650919774,57.81738237063133,58.27664975457049,23985400
2022-01-10,58.234134674072266,58.829486153970436,57.791868012852646,58.659387585097946,22760300
2022-01-11,60.6835823059082,60.72611018778324,58.327684297899445,58.59133899676223,32936100
2022-01-12,60.50498580932617,61.074823173005,60.07973288320561,60.50498580932617,23045100
2022-01-13,60.07122039794922,60.879204775430054,59.79905881020214,60.48797289859638,21043200
2022-01-14,61.125850677490234,61.36399124962197,60.04570473966482,60.08823262276431,23012900
2022-01-18,62.154945373535156,62.835345900768566,61.244904720618294,61.93381211998425,32841200
2022-01-19,62.18046569824219,62.81834490607082,61.704184632826525,62.72478876981519,26431600
2022-01-20,62.316551208496094,63.25211269095833,61.457545103826135,61.66166465961622,26774600
2022-01-21,61.38099670410156,62.24000930446178,60.41992756945473,62.24000930446178,35995200
2022-01-24,61.9083137512207,62.154961195111284,59.373803784462595,60.28384466903081,41507000
2022-01-25,63.72838592529297,63.992040589239316,60.717595272659885,61.73819941406237,39278400
2022-01-26,63.08200454711914,64.63843149437182,62.50366042682629,64.15364351771777,35252400
2022-01-27,63.889976501464844,64.64692588927014,62.92890111848084,64.17914526137153,29174700
2022-01-28,64.02606964111328,64.31524496046306,62.89489547481754,63.76241494402318,30595700
2022-01-31,64.60443115234375,64.99566311049459,63.16707402110279,63.76243207912443,36085500
2022-02-01,68.74638366699219,69.3247278562079,64.86807290272746,65.02116420248586,61033100
2022-02-02,68.56776428222656,68.72935593493112,67.3175200033645,68.09147673051928,30299300
2022-02-03,67.7682876586914,68.30410386012585,67.20695083818048,68.1169915866222,28529400
2022-02-04,69.23966979980469,70.19223199858946,68.78039595874345,68.78039595874345,32197500
2022-02-07,70.07317352294922,70.66002461126217,68.5847883478843,69.0100412550457,34949200
2022-02-08,68.26160430908203,70.16673567912969,67.97242893329593,69.97111647002336,34356300
2022-02-09,67.93482208251953,68.82055352323782,67.6854403027712,68.43358564201618,40106100
2022-02-10,67.2812728881836,68.51958065742203,66.89430499068634,67.6940443315229,28527700
2022-02-11,68.97533416748047,69.06992747185933,67.27266781021794,67.60804168545991,42002100
2022-02-14,67.91761779785156,68.65715530237038,66.25794424118847,68.43357709530167,34652800
2022-02-15,67.0662841796875,67.2382750016959,65.71618739062197,66.12895880266309,25075100
2022-02-16,67.37584686279297,68.5625603211856,67.10926934597846,67.75422003048658,21733800
2022-02-17,67.2726821899414,68.03802340839802,67.03189500683087,67.48766582570516,23738800
2022-02-18,66.52452850341797,67.22107329722914,66.12035826871502,66.3525442405048,23394800
2022-02-22,65.75057983398438,68.61416280366478,64.7616540160156,68.51096831943883,35947800
2022-02-23,66.01717376708984,66.6191318999586,65.46681616952873,65.75059615099057,25385000
2022-02-24,65.18302917480469,67.96061357145585,63.66094163540749,67.93481658956415,46199900
2022-02-25,66.93727111816406,67.06626255287983,65.57858014671844,65.94835209382262,28310300
2022-02-28,67.4360580444336,67.87462645127707,65.52700251429289,65.79358665532047,32204600
2022-03-01,68.08100891113281,69.35371478535659,67.3586671214663,67.73703381857672,40002300
2022-03-02,69.25051879882812,70.64361494134506,68.63996613905253,69.31071394667138,44321400
2022-03-03,69.6890869140625,70.31683537320173,68.47657621998798,68.67436402540247,30196600
2022-03-04,72.3118896484375,72.47527930445193,69.36232058353457,69.69769451688445,42802200
2022-03-07,74.91748809814453,75.01208140802738,72.14849825054606,73.02562846126649,55207900
2022-03-08,75.48503875732422,78.69259687851991,73.46419427833658,76.57715909295689,72082300
2022-03-09,71.19397735595703,74.44452868489577,70.1706532113728,72.26029428865907,65466700
2022-03-10,73.40399169921875,73.67917041026226,71.28855412792592,72.24308171702828,44644200
2022-03-11,73.02562713623047,74.1521456532733,72.20869208655144,72.2946842137631,35303400
2022-03-14,70.41141510009766,71.76151163072107,69.22470817891062,71.4261377929774,37462600
2022-03-15,66.40412902832031,68.08099832266045,65.67318617080738,67.78002262377609,47957900
2022-03-16,66.15474700927734,67.60803809874547,65.56999141358409,66.9114868433835,37812300
2022-03-17,67.91761779785156,68.06380506265305,66.27514004143282,67.22966769406581,34041900
2022-03-18,67.65104675292969,68.27020065375159,67.16088434157564,67.98642068907827,41461500
2022-03-21,70.68659973144531,70.9617784562872,68.57116205407738,68.8979413003622,33089300
2022-03-22,70.37700653076172,70.68658334453853,69.47407962456,70.19642114952137,23132200
2022-03-23,71.4863510131836,72.46667579624345,71.41756124092527,71.6669364668231,27716300
2022-03-24,71.70133972167969,72.79346026362386,71.15958332231503,71.77013605959961,19871600
2022-03-25,73.26640319824219,73.51578494432127,71.1939648489038,71.30575395130684,22398300
2022-03-28,71.211181640625,71.64114893769101,70.53183252396705,71.52075861937496,21552400
2022-03-29,70.83279418945312,70.93598211170719,68.58836502952997,69.49129215314491,27036300
2022-03-30,72.04530334472656,72.24309114446429,71.12517379452866,71.42614952388706,22079000
2022-03-31,71.02198028564453,72.57846604031506,70.98758868248157,71.26276743323776,27861500
2022-04-01,71.47775268554688,72.35488292356514,70.50602257392276,70.50602257392276,18671100
2022-04-04,71.51215362548828,71.94212086019435,70.55762583957845,71.85612216462967,20869400
2022-04-05,71.14236450195312,73.15460752925257,70.99617069097553,71.80451099806733,21753100
2022-04-06,71.93350982666016,72.83643695941281,71.3229572242907,71.73572203904094,24768200
2022-04-07,73.13741302490234,73.47278686872008,71.12516340121809,72.08829215520468,26122000
2022-04-08,74.67670440673828,74.99488251476903,73.2406154514039,73.2406154514039,24866500
2022-04-11,72.1054916381836,73.89415660378654,71.80451593742787,73.76516514324031,21800100
2022-04-12,73.61038208007812,74.65950308001914,73.42119546556042,73.70497538733699,22444200
2022-04-13,74.65089416503906,74.90887707824956,73.25780480388089,74.47890993008409,19306800
2022-04-14,75.52804565429688,76.06980200550089,74.15215182211098,74.53051852547505,24566400
2022-04-18,76.14718627929688,76.4395607974604,75.45923620242786,76.10418693920074,19032300
2022-04-19,75.46784210205078,76.24178434673304,75.04646953724797,75.68282569441926,20382600
2022-04-20,75.63982391357422,76.10418924541592,75.07227065961993,75.64842509400972,20689400
2022-04-21,74.84010314941406,77.22212553690156,74.63372069357031,76.4911759177241,29010900
2022-04-22,73.20621490478516,75.77742354757962,73.09442579192499,74.52192008009415,23591600
2022-04-25,70.73820495605469,71.08218002517147,68.18419876089442,70.83279826408128,37698300
2022-04-26,70.76399993896484,72.85364071590031,70.66940663361059,71.14237316038185,28941500
2022-04-27,72.78483581542969,73.50718401112967,70.75539042096575,71.7099179819542,32773000
2022-04-28,74.98626708984375,75.79460741786271,72.2946751374428,72.99121980942121,33683800
2022-04-29,73.30941009521484,75.79462007094104,72.83644353480507,75.79462007094104,34656500
2022-05-02,74.30693054199219,74.84868682213805,72.77624188362644,73.10302113644515,36335200
2022-05-03,75.8376235961914,76.34498178824734,74.05755949193411,74.17794979380432,33908100
2022-05-04,78.8559799194336,79.01076837006403,76.45676877582994,76.96412691019827,46188400
2022-05-05,77.6606674194336,79.15695788079617,76.00959507666622,79.14835670045869,41013400
2022-05-06,78.84737396240234,78.95916305370358,76.83512439353639,78.2368214284753,29619300
2022-05-09,72.63004302978516,77.01570621522735,72.25166987564168,76.91251830829907,45851600
2022-05-10,73.11161804199219,74.71969769317776,71.82171647303073,73.64477971904323,34483200
2022-05-11,74.63371276855469,76.48257317461204,74.1951443557738,74.32413583727163,33020600
2022-05-12,74.97251892089844,75.04201331933932,72.45316305089696,74.668453587291,29491500
2022-05-13,77.19649505615234,77.27467873615826,75.01594850911715,75.89338069886144,25798400
2022-05-16,79.01216125488281,79.90697197712397,77.29205408657445,77.30074337109619,26101200
2022-05-17,80.01990509033203,80.3152744802874,79.1598515177174,79.68978519073804,23120700
2022-05-18,78.75155639648438,80.72360014328167,78.03918738241862,80.36741895024042,25451200
2022-05-19,79.17723083496094,80.18497582442015,77.31812147797629,77.31812147797629,24387400
2022-05-20,79.802734375,81.30565608844844,78.53437036071993,79.86354612130167,28795000
2022-05-23,81.56627655029297,82.33076797432531,80.4021641572449,80.49772641374679,27239300
2022-05-24,82.00933837890625,82.34814760979889,80.20235139549031,80.63672288412013,24293300
2022-05-25,83.65995788574219,83.85976507442396,82.07015652265623,82.1657187878461,29947800
2022-05-26,83.95529174804688,84.64159925801388,83.57304284933599,83.92054124562038,24314800
2022-05-27,84.78060913085938,85.07598513798145,82.79119389375133,83.35587142775273,25588800
2022-05-31,83.39933776855469,86.6831856327141,83.14740147368744,85.62331798809464,44888100
2022-06-01,84.997802734375,85.75361144860433,83.93794195665039,84.28543381663492,25815400
2022-06-02,84.8501205444336,85.22368027016634,84.08562915064726,84.52000061647685,19089100
2022-06-03,86.08372497558594,86.57891475806203,85.0499255013153,85.0499255013153,21038200
2022-06-06,85.86653900146484,86.6831593908521,85.71885430959153,86.16191501319332,20682100
2022-06-07,89.80195617675781,89.8540786299298,86.43122947467832,86.61366468876267,37810200
2022-06-08,90.86182403564453,91.71319506241434,89.46315395192312,89.90620809440122,31613200
2022-06-09,88.8984603881836,90.8444425810765,88.75077568948693,89.84538694474922,26607000
2022-06-10,87.27393341064453,89.78460050787294,86.6918771084877,88.55967615002025,30950500
2022-06-13,83.26901245117188,84.93699736490456,81.59233825189332,84.71981162213783,33421000
2022-06-14,83.4861831665039,85.71885193514841,82.76512503959222,84.62424076078068,31264000
2022-06-15,82.43502044677734,83.89450891130005,81.02765443985024,83.39063639459965,29620800
2022-06-16,79.39440155029297,80.90601212054555,78.43009654134354,80.28052289104824,35696700
2022-06-17,74.8161392211914,79.3596607724994,74.41651829169842,79.02085157949487,64610200
2022-06-21,79.47262573242188,80.38480205686567,76.90114019345907,76.95326928913029,35951500
2022-06-22,76.32775115966797,77.9783639830554,76.04106441407274,76.04975369884352,29727200
2022-06-23,74.02558135986328,77.36155752647099,72.55740374492557,77.02274832732878,35757200
2022-06-24,75.49375915527344,76.79687350216084,74.54682594998445,75.5371923233803,26639000
2022-06-27,77.34418487548828,78.22161712327366,76.16269391648505,76.2843174009722,25478700
2022-06-28,79.48997497558594,81.00158575863088,78.49091931969522,79.1598550612145,33096900
2022-06-29,76.55361938476562,80.96682785582179,76.2408714405515,80.77571000367466,25400900
2022-06-30,74.39913940429688,76.10187464667477,73.55645775371582,74.83351084249477,39948100
2022-07-01,76.05845642089844,76.34513658915931,73.59122272070955,75.35477004575478,26327900
2022-07-05,73.67809295654297,75.32001672410493,72.1143595068561,75.00726870857092,34591100
2022-07-06,72.34891510009766,74.04296790629574,70.37687143038106,72.76591465134145,33375700
2022-07-07,74.6597671508789,75.37213606570536,74.10377222359885,74.17326661852209,23817400
2022-07-08,74.78140258789062,75.84127015878332,73.78234676477128,75.53720479193316,17673800
2022-07-11,74.39913940429688,74.816138901279,73.28714958298741,73.99082919191372,15603800
2022-07-12,73.40877532958984,73.8865865776026,71.98403749840207,72.78327937873037,21013000
2022-07-13,73.70413970947266,74.98119275073276,72.36628156222883,72.4357759524882,19928600
2022-07-14,72.227294921875,72.37497964613205,70.0988771513979,71.10661561878032,26343000
2022-07-15,73.44351959228516,73.73888897284769,72.01878188231835,73.66939458376237,17243700
2022-07-18,74.79876708984375,76.39725757337979,74.49470838123119,75.21576662450008,19395800
2022-07-19,76.68395233154297,76.90113811167171,74.9290941444157,75.07677888418709,18248900
2022-07-20,77.52660369873047,77.88279141935217,75.79780742532294,76.08449413294801,16584400
2022-07-21,76.2322006225586,76.2756404251038,74.02559253852483,75.51983160550701,21375700
2022-07-22,75.650146484375,76.85769879522711,75.2592081345699,76.05845677889025,15479500
2022-07-25,78.16950225830078,78.29980841291889,75.94551555172225,76.58839017842769,17536400
2022-07-26,77.86544036865234,79.29886778534916,77.31813461085193,79.16855499692514,15141200
2022-07-27,79.55078887939453,79.92434859992653,77.66561833465553,78.43010971779853,18047000
2022-07-28,80.4803466796875,81.01028041154588,79.06429805159699,80.08072571644692,20353100
2022-07-29,84.2072525024414,84.71980764990712,81.74870841887899,82.05276711889955,29825800
2022-08-01,82.07884216308594,82.83464433676407,80.99291340505813,82.34815037412223,20793200
2022-08-02,81.72264099121094,82.70431804193609,81.50545527510504,82.26126395322713,16722500
2022-08-03,79.07296752929688,82.02669440438859,78.87316039497132,82.02669440438859,23580800
2022-08-04,75.74569702148438,78.48223190646702,75.08545054901431,78.45617067944546,31821500
2022-08-05,76.84030151367188,77.9175474069543,74.95513114240046,75.02463216028613,17408000
2022-08-08,77.27468872070312,77.83937300742099,76.64051002988374,76.97931927631781,14458500
2022-08-09,78.69942474365234,79.58554631031332,78.14342975703423,78.23030935892953,19083400
2022-08-10,79.44654846191406,79.74192454245622,77.4831939610646,78.77761923654177,18302000
2022-08-11,81.74474334716797,82.71841769668244,80.20967201859396,80.56054011122126,18797900
2022-08-12,82.45527648925781,82.47281722045885,80.79739965693877,81.1219600693984,15058200
2022-08-15,80.98161315917969,81.34126175177657,78.64830758684072,79.41145325693762,20755200
2022-08-16,80.22721862792969,81.48159155893512,80.07809900839277,80.72721305819728,14038200
2022-08-17,80.87635803222656,81.76231570128098,79.75356363980006,80.06057668579442,13678000
2022-08-18,82.78861236572266,83.60439364359733,81.65704435496863,81.70967993870313,17770400
2022-08-19,82.52545928955078,83.50790093122859,82.27984887913134,82.59563560463684,16128600
2022-08-22,82.46406555175781,82.88511010277257,80.57811870846838,81.94652353784002,16019900
2022-08-23,85.96402740478516,86.32367603790385,83.72720564740153,83.81492939661851,23764700
2022-08-24,86.47278594970703,86.81488711744065,85.40262057684528,85.97279142052854,17050300
2022-08-25,86.92013549804688,87.59557074045173,86.05172545019303,86.77101586513498,15305700
2022-08-26,85.8499755859375,87.63943122993899,85.45523888501285,86.63943560302506,15531400
2022-08-29,87.82364654541016,89.08678669650907,86.08681963562465,86.12190779154149,23059200
2022-08-30,84.48157501220703,86.50787426996467,84.05175679672341,86.27980459358528,17086800
2022-08-31,83.85000610351562,84.94648598263294,82.09563829692793,82.48160135593949,18340900
2022-09-01,82.34125518798828,83.39387319213141,80.95530301837358,82.82370231806136,16423000
2022-09-02,83.85000610351562,84.90263080289749,83.42896157766855,84.51666774388593,18206800
2022-09-06,83.2885971069336,84.72717796854757,82.9026407951418,84.3499953684091,19201500
2022-09-07,82.57808685302734,82.97281690737687,80.96407178626825,81.74476487500871,16274700
2022-09-08,83.25352478027344,83.70088373796379,82.20967382756555,83.03422881154535,18759200
2022-09-09,84.64823913574219,85.08683104836261,83.61316195426272,84.66577986759916,17158000
2022-09-12,85.6219253540039,87.00787759242041,84.98157812990081,85.65701351486814,16118900
2022-09-13,83.6219482421875,85.7710462602753,83.2535325863523,84.74474263657046,18229100
2022-09-14,85.6745376586914,86.45523068269202,84.34122126595206,84.37630942002166,22655700
2022-09-15,83.183349609375,84.68333325304101,82.4991472483044,84.4026346768997,21092300
2022-09-16,81.76231384277344,83.63071321653995,80.70092208367188,83.3938764985513,37874700
2022-09-19,81.75354766845703,82.00793183635166,79.82374550893057,79.83251922296361,15342100
2022-09-20,81.08688354492188,81.51670179099911,80.38513373336615,81.34126768430127,14712500
2022-09-21,79.77985382080078,82.35000229672487,79.70968421190469,82.07807749475387,17332400
2022-09-22,79.44654083251953,81.27985855457464,79.40267896317413,80.87634809526556,16139400
2022-09-23,75.21851348876953,76.75358519262197,74.42904670259769,76.75358519262197,27738800
2022-09-26,73.66590118408203,75.63079109464402,73.58695115913355,74.47290870365802,22043400
2022-09-27,75.20972442626953,76.27988955217242,74.3939433624567,75.09569296080026,17307300
2022-09-28,77.9465560913086,78.33251912016085,75.3676334755804,75.54307425795942,19543300
2022-09-29,77.7886734008789,78.38515875800321,76.4290355936098,77.35008142335758,17896000
2022-09-30,76.58692932128906,78.10446051505812,76.58692932128906,77.34130806144489,21357600
2022-10-03,80.63072967529297,81.01669267155293,78.70092807875514,78.98162661447665,23881300
2022-10-04,83.56930541992188,83.64825544927096,81.32371682554098,81.7886232118106,22133700
2022-10-05,86.94645690917969,87.70960249908785,83.91140189537948,83.99034522162613,34857700
2022-10-06,89.52538299560547,89.63064746851626,86.25349093144787,86.37629613698623,29124700
2022-10-07,88.62189483642578,90.63064691762219,87.87628980529796,89.63943144728826,24507600
2022-10-10,86.70083618164062,89.49905440643603,86.5955784177461,89.0253743917685,16786100
2022-10-11,85.96402740478516,87.50787303612593,84.86754746339759,85.2798249921405,17804100
2022-10-12,86.34120178222656,86.76225295126704,85.28858389819729,85.52542057977043,12635800
2022-10-13,89.35871887207031,89.86748040555638,85.43770609432183,85.56928500685744,22019100
2022-10-14,87.00785064697266,89.68325683359612,86.87627175757602,88.70081540317923,15222000
2022-10-17,88.26223754882812,89.4464343562316,88.1569730821593,88.65696758716882,14283200
2022-10-18,88.42012023925781,89.77975096809112,87.04294208857189,89.06923430781295,14065400
2022-10-19,91.04291534423828,91.21834944258403,88.79732676197978,88.8148674948616,20921700
2022-10-20,91.16572570800781,92.10431224124714,90.7095930110803,91.50782690379901,17649000
2022-10-21,92.85868835449219,93.33236846442023,91.14818242340375,91.62185584094973,22814100
2022-10-24,93.50779724121094,94.45515740710171,92.2095688885888,92.68324897153418,17024200
2022-10-25,92.87621307373047,94.14813352711077,92.16569637754,93.34112608299556,15719800
2022-10-26,93.9814682006836,94.58672714108714,92.98147924233575,93.20954889547609,17383800
2022-10-27,94.34113311767578,96.1218154015638,94.22709492513887,95.09551182302472,18214000
2022-10-28,97.104248046875,97.55161367746408,94.84111883437248,96.0165419632211,28169400
2022-10-31,97.20075225830078,99.04284392426989,95.99901451879393,96.05164341471905,26401800
2022-11-01,98.16566467285156,98.74460263293345,97.06041095875348,98.56916850984992,22213100
2022-11-02,96.14812469482422,98.33231066109042,95.88496685640966,97.87617799253793,20654200
2022-11-03,97.45511627197266,98.08668966210128,95.0077727314148,95.24461609890359,17103700
2022-11-04,98.51651000976562,99.56036086880674,97.1919672960167,99.12176897070627,17541500
2022-11-07,99.68317413330078,99.99018714834469,98.35862461996078,98.60424172437769,16008000
2022-11-08,99.99897003173828,100.57791464952875,98.77091116655625,99.5428373236102,14661000
2022-11-09,95.52532958984375,99.36739272458057,95.23585729200123,99.20949935233756,19522800
2022-11-10,96.9288101196289,97.1042442030739,94.35866131211002,96.65688528257478,20146700
2022-11-11,99.9551010131836,100.43755482685927,98.67441334424134,98.75336337392552,20518900
2022-11-14,100.24691009521484,101.36989885956451,99.4687697738474,99.59256359838177,20858300
2022-11-15,100.9189224243164,101.27262192428351,99.80477810686675,100.62712657713112,19373800
2022-11-16,99.84016418457031,101.03389427874797,98.91170369673331,100.30881322740423,13591000
2022-11-17,99.97278594970703,100.09657976994977,97.93018116944464,98.40767451020544,12425900
2022-11-18,99.10623168945312,99.45993121882721,96.92214434779491,98.06282178824118,15415000
2022-11-21,98.12472534179688,98.32809803122915,95.03871040029254,97.25816177348715,20973000
2022-11-22,100.96314239501953,101.21957437654709,98.53146748834396,99.22117783701808,17719100
2022-11-23,100.45912170410156,100.75976190570007,99.12390924426457,99.31844431412577,11546700
2022-11-25,100.10543823242188,101.3433833557108,99.97280005023767,100.69788113375203,7136000
2022-11-28,97.0989761352539,98.55798225807037,96.93097411241892,97.85059005197441,23015500
2022-11-29,97.74449157714844,98.85864271856269,97.08130749830188,97.80638848799049,14453200
2022-11-30,98.45187377929688,98.94705576148642,97.0724531956228,98.62872689659908,23158100
2022-12-01,97.9743881225586,99.09737675608788,97.42615357330227,98.71715098323813,14398300
2022-12-02,97.14320373535156,98.77905643590854,96.55959851181102,96.83371918328791,15248400
2022-12-05,94.48162841796875,98.46957743139599,93.67696853727055,97.88597217497644,19287700
2022-12-06,91.85540771484375,94.64962635594894,91.20991236486203,93.6415871616912,21197000
2022-12-07,91.65203094482422,92.71312265553227,90.52019798773388,91.76698041050301,20061700
2022-12-08,92.3329086303711,94.43741712719195,91.70509516797097,93.97760571349268,21128800
2022-12-09,91.55477142333984,93.68579937345912,91.34255441189288,92.48322506483105,21298200
2022-12-12,93.80958557128906,93.94222372251441,91.59897220505539,91.81119594551859,20413200
2022-12-13,94.83531951904297,95.97599689903265,94.63194010789844,95.32165718943831,24305300
2022-12-14,94.13676452636719,95.76377957131817,93.50895110157178,95.4896589097122,17597300
2022-12-15,93.23484802246094,93.88034346193584,91.69625598948416,93.13758047740178,15365100
2022-12-16,92.58049011230469,93.35863037712511,91.19222511269014,91.68740712110049,54596600
2022-12-19,92.99608612060547,93.90685779362327,92.29753145240322,93.07567171382189,13611100
2022-12-20,94.34014892578125,95.065229922675,92.90766887258546,92.99609206805887,14680000
2022-12-21,95.55155181884766,96.02020078209098,94.75573638872103,95.75493122080103,13565400
2022-12-22,93.62390899658203,95.66652064289907,92.0499531215356,95.40124430038799,13213000
2022-12-23,96.09979248046875,96.15284504684715,94.52583671284285,94.57004493607245,11539400
2022-12-27,97.43501281738281,97.68260047547501,96.2324384098569,96.62150183846278,11962100
2022-12-28,95.83453369140625,97.26701396204577,95.41009959020386,97.18743509791722,10702100
2022-12-29,96.5595932006836,97.0194045781074,95.48965709596689,95.48965709596689,10534000
2022-12-30,97.53228759765625,97.70913401048416,96.03791044810505,96.03791044810505,11799600
2023-01-03,94.18098449707031,97.28468116032171,93.27905036276509,97.07246414188529,15146200
2023-01-04,94.45508575439453,94.75573267424572,92.63354253583333,92.6689131585368,18058400
2023-01-05,96.56843566894531,97.22277535122396,94.00412275676346,94.03064903835822,15946600
2023-01-06,97.73565673828125,99.02665439443025,96.97520504755187,97.33774895078103,16348100
2023-01-09,95.91409301757812,98.7171491235989,95.33048785553247,98.7171491235989,17964600
2023-01-10,97.34657287597656,97.55879662934305,95.50734757059948,97.08130330365398,15104600
2023-01-11,98.47840118408203,98.54913568070779,96.46231623948252,98.14238365352067,16710400
2023-01-12,100.1142578125,100.57406241790805,98.80557174959682,98.87631299543084,15357300
2023-01-13,100.05236053466797,100.35300070895308,99.17695954608057,100.01698991188329,12011400
2023-01-17,99.85784149169922,100.87472513445225,99.6279357798685,100.28228228690536,16542200
2023-01-18,97.8063735961914,100.91007650158186,97.62068289193813,100.14962500058868,16399700
2023-01-19,98.43418884277344,99.15042539382789,96.89560387351499,97.32888219176033,12928000
2023-01-20,100.22921752929688,100.30880312556474,97.80638695484154,98.46957102329246,16515600
2023-01-23,99.70751190185547,101.32567583574678,99.60140002657697,100.48564541512701,16584400
2023-01-24,100.6359634399414,100.82165415816263,92.73081441652907,96.52422786485161,13583000
2023-01-25,100.10543823242188,100.49450843449335,98.49611159602371,100.12312692138413,11914700
2023-01-26,104.12874603271484,104.1464279733534,101.10462146796013,101.44063905640921,21019700
2023-01-27,102.22761535644531,104.04915879510422,102.03308028119878,103.41250100202728,15179200
2023-01-30,100.4149169921875,102.12151107994386,100.0523798446242,101.76781153009001,18672100
2023-01-31,102.58131408691406,102.92616926445515,97.64722297497009,99.12391122200573,27861800
2023-02-01,101.45832061767578,103.79272805616499,100.22037564362668,102.42215166217919,19464900
2023-02-02,98.28388977050781,101.75013055006832,97.11668596733917,101.55559545849724,24562100
2023-02-03,98.96472930908203,100.90122861524567,98.6464004711851,98.94704737197934,20226600
2023-02-06,98.7967300415039,99.99929743934703,97.54994093403444,99.35380215018348,13855200
2023-02-07,101.61748504638672,101.96234023066404,99.05317190345342,99.38034514716202,16013300
2023-02-08,100.73324584960938,102.42215799463578,100.6713489343929,101.7324475832927,18459700
2023-02-09,101.11345672607422,102.78467993593524,100.96313663225233,101.3522067539154,17439300
2023-02-10,105.37553405761719,105.78228617591127,102.71395997402384,103.02344454813263,24918600
2023-02-13,104.96563720703125,105.3042335806189,103.27264174275622,104.89435161317014,14536200
2023-02-14,103.73599243164062,104.97455082738382,103.37957123327398,104.26171522881944,12079000
2023-02-15,103.42412567138672,103.44194367199793,101.70439969022765,103.11225967442395,13663400
2023-02-16,103.12117767333984,104.0567757150315,102.29250123745908,102.74693165849393,11360600
2023-02-17,99.15599060058594,101.74894799574247,98.88867982051423,101.74894799574247,20758300
2023-02-21,99.0579833984375,100.13615260951966,98.73720499535217,98.73720499535217,14469400
2023-02-22,97.7748794555664,98.87977909965782,96.80363181821126,98.44316668192455,13973800
2023-02-23,98.6748275756836,99.64607514298973,97.92634919926599,98.66592197465629,11289400
2023-02-24,98.6837387084961,98.87085830019925,97.14221997946264,97.41844996564515,14351000
2023-02-27,98.50553894042969,99.13818335953881,97.97981612568489,98.72830134708089,11710500
2023-02-28,97.93526458740234,99.22728378534165,97.32043818931743,99.12035538623199,18107000
2023-03-01,98.80848693847656,99.67280611490085,97.33825377844742,97.40062697684047,13200000
2023-03-02,99.26292419433594,99.53023498841861,98.16693022390754,98.5679066122847,10339900
2023-03-03,100.51930236816406,101.01829476278668,97.97089998941442,98.06001038721163,13006700
2023-03-06,101.41033935546875,101.43706975221777,99.68170798340786,99.78862957040394,14347400
2023-03-07,99.45005798339844,100.84009334589012,99.05799393831832,100.51931490867362,11525300
2023-03-08,97.99763488769531,100.17179121990932,97.18677651431959,99.11144685233094,13509800
2023-03-09,97.24024200439453,100.00250124848627,97.15113840255877,98.79067322864667,12961200
2023-03-10,96.03730773925781,98.94213082270306,95.47594903832405,97.62337465778587,15795700
2023-03-13,94.93241882324219,96.10860394431197,92.41965939194907,93.86315529616243,20745600
2023-03-14,95.2888412475586,97.1333135479092,93.52456014375132,94.7631184769343,18263500
2023-03-15,90.5484619140625,92.84736469297809,89.30099112662504,91.61771870434096,25733800
2023-03-16,90.02274322509766,90.60192684547903,87.34068192953325,88.31192956337324,27465200
2023-03-17,88.9623794555664,90.53954088886348,88.33864752035572,89.63957898391531,43199500
2023-03-20,91.28803253173828,91.31476973129297,88.6594388235734,88.77527282896679,32042100
2023-03-21,95.3779525756836,95.5918025819718,92.78499490653365,92.82063770727655,31592300
2023-03-22,93.19486999511719,95.5026918850634,93.1681395960879,95.16409550041126,14952700
2023-03-23,92.14344024658203,94.75420898735035,91.27912106706614,93.88098420672414,14385900
2023-03-24,92.25035858154297,92.53549416486746,89.91581311750139,90.4147986887771,13401600
2023-03-27,94.27305603027344,94.87897006639193,92.5889727295353,93.32853877510178,14805900
2023-03-28,95.44922637939453,95.92148153406987,93.7295005455852,93.9522629240674,11047600
2023-03-29,97.08876037597656,97.26697436895958,95.77891641976845,96.28681440297478,14219100
2023-03-30,97.56101989746094,97.632305497823,96.69670068803575,97.61448749681699,11578200
2023-03-31,97.71248626708984,98.16691659338316,97.16894555697323,97.73030426495382,14418000
2023-04-03,103.47758483886719,104.11914162145122,100.79553050913222,101.03611090351684,28087700
2023-04-04,102.488525390625,103.985489040064,101.73113456520801,103.59343182585155,16365500
2023-04-05,104.24388122558594,104.25279362425464,101.85586824500108,102.78256055966354,16479500
2023-04-06,102.51525115966797,104.41318421148469,102.26575158077267,104.12804863377276,15778000
2023-04-10,102.06082916259766,103.52215006530234,101.73113834011853,102.27467917811875,13006600
2023-04-11,102.78256225585938,103.53995299915736,101.91824312127746,102.43505348189714,11758500
2023-04-12,102.67564392089844,103.88746506972828,102.40832633329018,103.50432028468168,10919000
2023-04-13,103.15680694580078,103.26373534280415,101.69548617759872,102.11428056815093,12399700
2023-04-14,103.40630340576172,103.94984417726504,102.57762704905738,103.27264461309936,11530800
2023-04-17,102.20338439941406,103.81618876658746,101.9538916040066,102.90731438541017,13260400
2023-04-18,104.19932556152344,104.43990592345298,101.84695554150369,101.92714672942425,17436100
2023-04-19,103.86964416503906,104.16369214355153,103.15680181679706,103.43303179577927,10682600
2023-04-20,103.04097747802734,103.07662027859556,100.89355142960301,102.58654026849399,17038700
2023-04-21,103.37067413330078,104.14588299547066,102.702386880716,103.79837416798013,14315300
2023-04-24,105.32205963134766,105.9368860286054,103.2548248385246,103.29046763817986,15831300
2023-04-25,103.82511138916016,104.9121931458,103.03207767453009,104.74289832011522,12179800
2023-04-26,102.87166595458984,104.33298664612074,102.18556080478032,103.38847631573744,15566100
2023-04-27,104.10131072998047,104.26169990576506,102.3637601926194,103.02314169204934,16279200
2023-04-28,105.4468002319336,106.85466014913023,104.10132030932974,104.4755594878751,24381900
2023-05-01,102.17665100097656,104.5201156851399,101.9806190108613,103.35283614349954,17355000
2023-05-02,98.10455322265625,101.52618699926603,97.38280526899065,101.52618699926603,24324100
2023-05-03,96.17096710205078,97.84613761533888,96.01949032759677,97.19567532589858,16212300
2023-05-04,94.48690032958984,96.90164392801576,94.37106632901671,96.14425312821218,17177200
2023-05-05,96.83927917480469,97.50756643259967,95.81457068655182,96.72344516412792,14968200
2023-05-08,97.22242736816406,98.87978025271248,97.1600541649034,98.460985831604,11187800
2023-05-09,97.2491455078125,98.22039303403028,96.42046917002494,96.53630316199819,11370800
2023-05-10,96.00167846679688,98.02436479131863,95.08389850028637,97.78377760119977,14884800
2023-05-11,94.2641372680664,95.18191726123521,93.49783407416122,94.88786926395719,17165900
2023-05-12,94.25523376464844,95.3512278587774,93.36418408746603,94.727489005848,12613300
2023-05-15,94.43496704101562,95.20791963956601,93.99456604882333,94.83043307482977,13715600
2023-05-16,92.1430892944336,94.2013000411469,91.693698481365,94.0395190741558,14795200
2023-05-17,94.21028900146484,94.57879275658259,92.43968811541232,92.9250310123881,14064700
2023-05-18,95.06413269042969,95.18996843079383,93.5901313238996,93.9676248306723,12005600
2023-05-19,95.5045166015625,96.21455475359926,95.10905057836277,95.78313665036698,13359600
2023-05-22,94.3450927734375,96.20557015724323,94.26419887475456,95.12702827014114,12882000
2023-05-23,95.63035583496094,97.266137939656,95.0461464710358,95.2618521174904,14394400
2023-05-24,96.69992065429688,97.52680503694486,95.92697469414807,96.51117731851122,16340300
2023-05-25,94.96526336669922,95.65732215399697,94.11141676639673,95.21692110753476,14316500
2023-05-26,94.3450927734375,96.1246762585603,94.2192639151827,95.69326498944625,12370300
2023-05-30,93.50923156738281,93.58113573578032,92.22397370020268,92.8351454172637,11938000
2023-05-31,91.83750915527344,92.6104619218698,91.44204303548187,91.93637568522134,24926100
2023-06-01,92.8980484008789,94.89334425646189,91.01060878459919,91.45100976172758,13551900
2023-06-02,95.05513763427734,95.3876824156491,93.94963332241716,94.51587008146024,14112000
2023-06-05,94.63270568847656,96.3403919230926,94.45294527279351,96.3403919230926,10628000
2023-06-06,95.4056625366211,95.51351193362409,93.45530822634811,93.60809944354169,12209800
2023-06-07,97.54475402832031,97.86831591334528,95.92695146035398,95.98087615547195,16027100
2023-06-08,97.23917388916016,98.09301358192033,95.18096340569245,97.76046195420554,13517100
2023-06-09,96.5201416015625,97.61665609309433,96.31342570328525,97.48183750104137,12251600
2023-06-12,95.64833068847656,96.22355033059999,94.87537800865589,95.10007339564658,14112000
2023-06-13,95.66630554199219,97.3739849149709,95.5224972098229,96.51115549343129,13533800
2023-06-14,94.515869140625,97.16727191559242,93.82380352138556,96.57407281338719,16627700
2023-06-15,95.1719741821289,96.19658456181193,94.7675252427862,94.82144993945623,16224100
2023-06-16,94.48890686035156,95.96290813142538,94.3361156345211,95.59441124223663,43128900
2023-06-20,92.32284545898438,94.16534359295369,91.78357787970457,94.0844565417834,17514100
2023-06-21,93.3564453125,94.03951437709155,91.97232085452352,92.12511207761695,13285700
2023-06-22,92.8441390991211,93.37441693498566,92.25992970608648,92.43069354184057,12455300
2023-06-23,92.03523254394531,92.41271915108315,91.33418402864389,92.20599637641676,17933600
2023-06-26,93.73393249511719,94.2911795474207,91.85547541328523,91.85547541328523,14283400
2023-06-27,93.96762084960938,94.02154555236666,92.8171746192306,93.51823004087315,13227500
2023-06-28,94.73155975341797,95.10904629100592,92.7542365837118,93.75188447387839,13084100
2023-06-29,95.89997863769531,95.92694784139545,94.48889202568851,94.96525195750748,11364400
2023-06-30,96.39431762695312,96.96054751366715,95.99885156547482,96.45723205881025,13544700
2023-07-03,96.58307647705078,97.48185813813313,96.23255217780145,96.61003882973766,7397000
2023-07-05,96.0887451171875,96.99650960519409,95.36072735097176,96.73586211570444,12491200
2023-07-06,92.50259399414062,95.01918503657284,92.06219296172061,94.45294828058817,17961400
2023-07-07,92.71829986572266,93.47327301013772,91.2802440259938,91.60380590421694,21929200
2023-07-10,94.09344482421875,94.147369524166,92.34980638289314,92.54753942557862,14877600
2023-07-11,95.24388885498047,95.41465955615072,94.20129888996563,94.60575473108051,12576500
2023-07-12,95.71125030517578,96.75384024870365,95.38768838181606,96.16963083946196,13238200
2023-07-13,93.9586181640625,95.47756108254144,92.86210364472208,95.24387597420039,26826800
2023-07-14,90.72301483154297,93.51822609243841,90.35451109250127,93.51822609243841,28181900
2023-07-17,91.11846923828125,91.37911670539944,90.07588622696743,90.52527699293142,18051300
2023-07-18,90.70503234863281,91.85547163508595,90.18373740409653,90.70503234863281,24617800
2023-07-19,91.33418273925781,92.03523124466238,90.59718214932495,90.82187753475763,15556500
2023-07-20,92.9430160522461,93.16771147038943,91.9992925531801,92.1610735285297,15740200
2023-07-21,93.37442016601562,93.81482123138156,92.80819022483087,93.61709503878014,17121500
2023-07-24,94.83942413330078,95.41465062172291,93.43732713924152,93.79684112307076,15090900
2023-07-25,94.98324584960938,95.35174276350286,93.95863530851649,94.42599875331892,14116100
2023-07-26,94.45294952392578,95.01918628736414,94.04850057046326,94.47092899488267,15159600
2023-07-27,94.74954986572266,96.1606366325382,94.13837813414375,95.27084481324918,17677900
2023-07-28,93.61710357666016,94.51588526142612,91.96334171096753,94.4709434343238,17566400
2023-07-31,96.38534545898438,96.94259256925328,94.54284712897858,94.54284712897858,24197000
2023-08-01,95.82809448242188,96.45723884525776,94.84841899496682,96.12468719223921,14177400
2023-08-02,94.63270568847656,95.612374239604,93.98558190633503,95.50452484735288,13484100
2023-08-03,96.27747344970703,96.96054242914799,94.64169145004213,95.17196922543643,16280400
2023-08-04,96.54711151123047,98.18289364194919,96.46622446395773,97.0324543663438,14279600
2023-08-07,96.3493881225586,97.44590280977704,95.72923345989413,96.9785393786995,12410800
2023-08-08,96.82573699951172,96.84370961291643,94.22825207578562,95.30679402335704,14065600
2023-08-09,98.47049713134766,99.24344975567836,97.3470202770482,97.70653424185573,19919600
2023-08-10,98.97383117675781,100.33098644074141,98.36265942116411,99.03674561378249,15837200
2023-08-11,100.51073455810547,100.72644019330964,98.91090462078736,99.19851442011243,14047000
2023-08-14,100.59162139892578,100.64555295048797,99.56701106230463,100.37591576415251,12973400
2023-08-15,98.00910186767578,100.45570196921948,97.83693130550508,100.3560250030543,14909600
2023-08-16,96.35990142822266,99.06929248063209,96.3055346891675,98.11783306694896,13695100
2023-08-17,98.2265853881836,99.81234666133527,97.33855603333564,97.33855603333564,16709500
2023-08-18,99.7126693725586,99.8576496649821,97.51978973520309,97.5379096792421,16224000
2023-08-21,98.50749206542969,100.56445489995404,97.99098722789802,100.0026398309279,11092400
2023-08-22,97.95472717285156,99.42269136619707,97.81880341012833,98.92430654066841,10518800
2023-08-23,97.09387969970703,97.2298034505335,95.79808618011714,96.99420274332557,11435600
2023-08-24,96.36895751953125,97.65568761059187,96.11523687209609,96.43238768139004,10818500
2023-08-25,98.09065246582031,98.70683420819121,96.61363173505575,97.34761038649393,13579300
2023-08-28,98.91525268554688,99.71266151446065,98.26282413763109,98.27188065225164,10382100
2023-08-29,99.50424194335938,99.69453244671816,98.2446951020538,99.36832509336723,9665000
2023-08-30,100.47383117675781,100.70943192881693,99.6583023432856,100.07513018870064,11922100
2023-08-31,100.7547378540039,100.96314831112169,100.23823305530009,100.6913076827024,17479800
2023-09-01,102.86605834960938,103.13790588607655,101.66994163321985,101.66994163321985,14843500
2023-09-05,102.87512969970703,104.95927587079336,102.84794632664105,103.39163452807253,18304000
2023-09-06,103.76314544677734,103.83563212765162,102.60327559235301,102.82981288933806,13325500
2023-09-07,103.2557144165039,104.9773995433248,103.02917708174775,103.8900231018436,13248500
2023-09-08,104.75991821289062,105.15862610608187,103.59098481879204,103.78127533689594,14283200
2023-09-11,103.44600677490234,105.72949995507909,102.91137509621349,105.27642530784502,14383600
2023-09-12,106.4634780883789,106.6265852370249,104.45182555953512,104.51525573326576,20145800
2023-09-13,105.51202392578125,106.88936778362799,105.02270248706232,106.39098982977431,13472800
2023-09-14,107.39681243896484,107.52367970179121,106.31849946859032,106.51785342155534,15210700
2023-09-15,105.74761199951172,107.3877468010694,105.56638491950433,106.83499521966593,34568400
2023-09-18,106.59939575195312,107.14308391180728,105.74761325638057,106.49971878275336,14045300
2023-09-19,106.31849670410156,107.68677713956437,105.66606811622428,107.48743010515331,12562900
2023-09-20,105.47577667236328,106.94373406884836,105.40328307137456,105.60263701740841,11879900
2023-09-21,103.98969268798828,106.35474284774455,103.84470548563571,106.00134518372306,14400600
2023-09-22,104.15280151367188,105.72949934114743,104.03499768151795,104.85053342447787,13197300
2023-09-25,105.32173156738281,105.70231259750297,104.05312122027877,104.28871505033207,11316000
2023-09-26,105.48483276367188,105.77480023408735,104.5424367564791,104.6602336648645,11805400
2023-09-27,108.91913604736328,109.1909835851224,106.38192231954845,106.82593351207629,23976200
2023-09-28,108.2576675415039,109.37222740748572,107.09779744117081,108.7198056610767,16808100
2023-09-29,106.54503631591797,107.99487381273642,105.77481079386165,107.92238020955287,18813600
2023-10-02,104.77803039550781,106.7353160025194,103.79939450537184,106.49971527277842,14395000
2023-10-03,104.95927429199219,105.51202591392135,104.23435209207415,104.60587662070903,13297100
2023-10-04,101.03564453125,103.3825678436478,100.12949525294282,103.34632795628143,19622200
2023-10-05,98.76121520996094,100.4919637779275,98.49843107021556,99.49520088075695,20128800
2023-10-06,97.11203002929688,98.1087929916572,95.24536446814729,95.80717958779863,25367500
2023-10-09,100.51007843017578,101.55215150508566,99.24146803086683,100.07513063881703,22369900
2023-10-10,100.08419036865234,100.99033969535222,99.78516634500313,100.60069520833645,13892000
2023-10-11,96.49583435058594,97.11201613406698,94.99163014916977,96.92172561593802,57939000
2023-10-12,96.47769927978516,97.71911916722185,96.13335818474903,97.49258188401144,31183000
2023-10-13,99.55862426757812,99.85764827697349,97.71913541483055,97.89130599097514,30276500
2023-10-16,99.63111877441406,100.29261084516517,98.88807658016576,100.1295036847999,18452000
2023-10-17,100.93595123291016,101.30747569534617,99.38643704721663,99.43174726915198,19775400
2023-10-18,102.34955596923828,102.74826385520615,101.21686939625702,101.32560979607649,23380300
2023-10-19,102.41299438476562,103.27384039754932,100.88160671591405,102.14115373338979,20972500
2023-10-20,100.65506744384766,102.68483997117185,100.39228331322099,102.32237886294988,22445300
2023-10-23,99.17802429199219,100.54631147996575,98.48029247015481,100.2472805934485,18185000
2023-10-24,98.21751403808594,99.51330770760305,97.97285678898604,99.40456731168645,16786100
2023-10-25,98.39872741699219,99.2233264161278,97.98189966073876,98.3352972565486,22047300
2023-10-26,97.50164031982422,98.17218870805722,96.50487770739811,97.36571657418227,18768300
2023-10-27,95.6440658569336,99.5495673104506,95.10943414995769,98.67060134217164,23092000
2023-10-30,95.9430923461914,96.43241383324684,95.33597393041505,95.81623198807011,19379900
2023-10-31,95.9158935546875,96.1968045139801,94.72884028876139,95.67123630716934,22185200
2023-11-01,95.72561645507812,97.11202384971942,95.56250929609851,96.5320888207632,28984900
2023-11-02,98.86995697021484,98.94245057803877,95.59875723589786,95.94309150300508,25212700
2023-11-03,97.6647720336914,98.570921348405,96.54114881919033,98.22658709762725,30555600
2023-11-06,95.93403625488281,98.10878921137372,95.84341578721983,98.01817565708177,19097300
2023-11-07,94.42981719970703,95.01881562411467,93.59616150753924,94.66541795214418,20272500
2023-11-08,93.26995086669922,95.05506615395798,93.23370406387403,93.9948730964615,19184100
2023-11-09,93.2971420288086,94.21235486477592,93.20652847086669,93.94050727757887,18380500
2023-11-10,94.01299285888672,94.61105473428651,93.25183074114598,94.17610001459842,17825500
2023-11-13,95.00068664550781,95.27253419327847,94.06735399866307,94.2848348022277,15308400
2023-11-14,95.36646270751953,95.85111232279556,94.98240153804662,95.37560901438927,18260500
2023-11-15,94.7903823852539,96.15288925647015,94.64406936404443,95.0647088351384,20137600
2023-11-16,93.69304656982422,94.43373698224751,92.49513847534445,94.09540036254214,22469100
2023-11-17,95.97914123535156,96.40892700074919,93.95823978614435,94.24171253498592,22984900
2023-11-20,95.55848693847656,96.82040511566196,95.49447674782051,96.363187474808,17458800
2023-11-21,95.52191925048828,95.74138178891646,94.38802132925638,95.29331040478735,14989000
2023-11-22,95.11042785644531,95.21101630851845,93.21754685852383,93.80278495608295,18072000
2023-11-24,95.62249755859375,96.44549071114461,95.01897389778149,95.11955536076056,9480800
2023-11-27,95.064697265625,95.46705104839516,94.3514388155055,95.1927176553086,18013500
2023-11-28,95.00984191894531,95.93342365033877,94.99154930358145,95.32074661424468,20629500
2023-11-29,93.58331298828125,95.63165325272807,92.94321101600929,95.3481735422177,26802100
2023-11-30,93.94908905029297,95.54021163569567,93.09866386726334,94.28743265268997,29254700
2023-12-01,94.17769622802734,95.30245479596103,93.47358406712381,93.72962485290692,17845300
2023-12-04,93.66561889648438,94.51604410295396,92.89748952777548,93.3912854841051,21523900
2023-12-05,91.84588623046875,93.58330776584646,91.70871953646844,93.51929757219136,22250300
2023-12-06,90.62969207763672,92.1019336139336,89.92557292031819,91.4435390167588,31154800
2023-12-07,89.99872589111328,92.21165777402229,89.69696054982894,91.31551503374453,29990700
2023-12-08,91.03204345703125,91.25150599138098,90.30049237374789,90.54738685281782,22074900
2023-12-11,91.0960464477539,91.31550896474386,90.14503290534728,91.26064507964328,22252300
2023-12-12,89.66039276123047,90.23648454523719,89.1391648681039,90.23648454523719,26084000
2023-12-13,90.45594787597656,90.55653632786162,89.30376429789246,89.65124723748455,19915400
2023-12-14,92.88835144042969,93.40043304203226,91.1875010047199,91.30637509749519,26165700
2023-12-15,92.26653289794922,92.35797504227735,91.7270123862129,91.98305318096706,55527000
2023-12-18,92.95236206054688,94.28743693974812,92.83348099064595,93.39128715630663,21610400
2023-12-19,94.17769622802734,94.36058748686396,93.08037658136028,93.27240717069762,18904700
2023-12-20,92.6048583984375,95.04640591571193,92.47683801644858,94.6440521571253,20988900
2023-12-21,93.02550506591797,93.28154583071125,92.18421929741314,92.78774993721524,19250900
2023-12-22,93.19010925292969,94.13197654096658,93.10780644414646,93.555877809248,12927800
2023-12-26,93.40042877197266,94.21427569870744,93.3821431341465,93.94908860240456,16835100
2023-12-27,92.96150970458984,93.77535668390802,92.66888366775852,93.30899265844397,14558800
2023-12-28,91.61729431152344,92.91579103770299,91.56242343784164,92.71461411291112,16329300
2023-12-29,91.42524719238281,91.98304632418036,91.09604991607047,91.78187641228985,17746400
2024-01-02,93.60160827636719,94.27828852018206,92.22080886635206,92.28481906540767,23483000
2024-01-03,94.38801574707031,94.7537912738772,92.96149886677013,93.51929799883045,23490800
2024-01-04,93.56503295898438,95.62251267737382,93.31813846247665,95.17444126992494,19395200
2024-01-05,93.84851837158203,94.55263765487317,93.39130059469831,94.34231440780721,15827400
2024-01-08,92.2848129272461,92.39454767972339,90.43765660836686,92.1110749565587,23370100
2024-01-09,91.14176940917969,92.6231571836727,90.70284434927748,92.6231571836727,19496600
2024-01-10,90.24562072753906,91.26064445447227,89.7609711415703,91.26064445447227,18206100
2024-01-11,90.22734069824219,90.98632376685956,90.12675224449345,90.56568431326872,15833400
2024-01-12,91.3978042602539,92.03791314791354,90.68454585174861,91.571549197511,18041700
2024-01-16,89.3311996459961,91.4526895706309,89.18488662801295,91.27894460592307,20235700
2024-01-17,88.68194580078125,89.57808856203434,88.31617025520136,88.33445589301563,18384000
2024-01-18,88.51734924316406,88.78252936896494,87.62119948417303,88.70023353197607,20940300
2024-01-19,88.65450286865234,88.71851306298903,88.16071392753385,88.44418664865519,20088400
2024-01-22,88.53563690185547,88.79167770267068,87.57547692220986,88.42590214011099,19955900
2024-01-23,89.5323715209961,90.07188504713534,88.45333749212932,88.52648702041735,15863400
2024-01-24,91.0777587890625,91.12348334685854,89.37690849255246,89.90728266599925,17330600
2024-01-25,93.39128112792969,93.43700568672294,91.09605338954229,91.72700904604254,22089500
2024-01-26,94.18684387207031,94.2600003766434,92.53171807148684,93.24497654960373,20817200
2024-01-29,94.30571746826172,94.36972766528264,93.14438761471426,94.16855774363708,18317500
2024-01-30,95.87854766845703,95.90597961345149,93.36385038733752,93.64733009765283,19610900
2024-01-31,94.01310729980469,95.90598842072059,93.97652904425692,95.77796801459787,22415300
2024-02-01,93.62903594970703,95.11042374443817,92.9249237922251,94.70806995354098,19240700
2024-02-02,93.2449722290039,95.10127484285557,92.915774950267,94.87266600909871,21973400
2024-02-05,92.86090850830078,93.6198845132892,91.90074864229838,92.76945939604322,17190900
2024-02-06,93.50102233886719,94.22342716283245,92.87920596992168,93.33642368307018,13347900
2024-02-07,93.47358703613281,93.93995104024414,92.52257338973976,93.50101898168259,13826800
2024-02-08,95.07384490966797,95.48533802849734,93.3729945924205,93.58331081703531,19636900
2024-02-09,93.06208038330078,95.86939656489078,92.99807018932007,95.1927163747251,20410500
2024-02-12,94.34229278564453,94.55261598450683,93.27240510732399,93.41871811115655,18173100
2024-02-13,93.53011322021484,95.1452474618783,92.84714414105372,94.84068464207732,18917400
2024-02-14,93.06865692138672,94.71148528101175,92.68102634906694,94.01928481268614,17651300
2024-02-15,95.7359390258789,95.9297543049297,92.84715133751321,92.84715133751321,23196300
2024-02-16,95.7359390258789,96.56657392426033,95.54211670540107,95.99435939794664,20151400
2024-02-20,94.83145141601562,96.09587330314265,94.73915944092764,95.83744591489942,17650000
2024-02-21,96.76960754394531,96.88959344448557,95.05295011223686,95.08063699961505,20991300
2024-02-22,96.68653869628906,97.28644702392361,95.47749073220007,96.13277987132851,20470700
2024-02-23,95.83745574951172,96.06818923162217,94.95144002317883,95.87437395162064,15975900
2024-02-26,96.21585845947266,96.85268509965523,95.10834060312858,95.72670462223024,13360800
2024-02-27,96.01280212402344,97.04649051533143,95.84667375830298,96.61271050253767,16360000
2024-02-28,96.28046417236328,97.30492136474149,95.98512560600189,96.4189056656573,14810500
2024-02-29,96.46505737304688,96.9726738832574,96.18818140137276,96.61273019108177,17566100
2024-03-01,97.68331146240234,98.19092787650928,97.25876275307027,97.57256391127079,18460100
2024-03-04,96.3173828125,97.69255235825662,96.01281293414982,97.51719970461639,18138000
2024-03-05,97.49873352050781,98.08017932403429,96.28046109305237,96.47427636089454,19952700
2024-03-06,98.54164123535156,99.27999111071071,97.96942677130318,98.4032067949697,20472800
2024-03-07,99.09541320800781,99.65840343799408,98.38475017737025,98.38475017737025,15195400
2024-03-08,100.02757263183594,100.04603525286603,98.54164850311797,98.96620428968892,16281500
2024-03-11,100.61824798583984,100.71054700651013,99.06771879369632,99.90759200009461,17577300
2024-03-12,99.9721908569336,100.85820647700166,99.70453920481519,100.65515991046864,14957200
2024-03-13,101.08894348144531,101.84574895691982,100.70131295432027,100.72899984319686,17122200
2024-03-14,102.87942504882812,102.95326143791601,101.23660411946344,101.36581427965443,22121000
2024-03-15,102.69483947753906,103.6454671938381,102.3072089765779,102.3072089765779,38264400
2024-03-18,103.64546203613281,104.16230267836151,102.53793732095264,103.1747638561456,16770500
2024-03-19,104.37458038330078,104.74375531272203,103.42395969300367,103.57163248134262,14878800
2024-03-20,104.28228759765625,104.66069383375276,103.48856397009259,104.03309857106117,16119700
2024-03-21,104.74376678466797,105.13140437580023,103.8946692830009,104.2176947410887,14878000
2024-03-22,104.74376678466797,104.92835779030878,104.12540275898174,104.7345425154561,14701900
2024-03-25,105.81436920166016,106.8572819358832,105.0575637127933,105.0575637127933,14011700
2024-03-26,105.02063751220703,106.11893098291667,104.66992520457231,105.82359244979635,13152300
2024-03-27,106.10971069335938,106.19277136375726,104.66993607504858,104.73454116583363,12415700
2024-03-28,107.2818374633789,107.47565274264497,106.1927751502931,106.62655522164303,18482100
2024-04-01,107.97401428222656,108.20474771297668,106.48809042488176,107.43871807436967,13817000
2024-04-02,110.0875473022461,110.38288584937206,108.28782913092006,108.83235671660411,19919600
2024-04-03,110.10600280761719,110.52132019218655,109.57993083449722,110.27213116973012,16504300
2024-04-04,110.49364471435547,110.64131047291079,109.49687443875699,109.87528070764085,18467400
2024-04-05,112.0164794921875,112.73636674017145,110.41980089642283,110.73360205459025,21720600
2024-04-08,111.25967407226562,112.35796052253859,110.94587291402607,111.7488278669607,17513900
2024-04-09,111.84112548828125,112.2749055293105,111.06585738398022,111.67499711174722,14132300
2024-04-10,112.78250885009766,113.03170492218338,111.42580206317713,111.8780376588173,17409200
2024-04-11,112.40412139892578,113.2347633236621,111.06586300867647,113.2347633236621,17555900
2024-04-12,111.09354400634766,114.21305771446366,110.44748612169302,113.47470785812295,21556200
2024-04-15,110.45673370361328,112.31183288592587,110.24445580017938,111.75806689137731,15029500
2024-04-16,109.54302215576172,110.95510983569538,108.8323591399794,110.34597010788197,18082200
2024-04-17,109.48763275146484,110.15214620554974,108.09400780120869,109.41380339989786,14538600
2024-04-18,109.38611602783203,110.49364086483158,108.87850663878868,109.82912737091713,13821400
2024-04-19,110.64130401611328,111.61038734551809,109.78297528023154,109.97679757925351,21572400
2024-04-22,111.26889038085938,112.20105543773111,109.30304403297015,110.06908073358183,16340700
2024-04-23,111.70267486572266,111.73036175264296,110.24443779556135,110.75205419385357,13929800
2024-04-24,111.72114562988281,111.91496089388144,110.18907205528436,111.02894524070491,12101200
2024-04-25,111.97956085205078,112.37642267198943,110.19829831717631,111.70267789249316,16041000
2024-04-26,108.86927795410156,109.92142199769607,107.26337499936676,109.82913001941046,27289500
2024-04-29,110.4197998046875,110.79820604440889,108.68468678717828,108.68468678717828,17309900
2024-04-30,109.15538787841797,110.93665056461488,108.88774324724837,109.93065600618448,21083300
2024-05-01,107.0880126953125,109.33997352588116,106.74653167985593,109.16461384242417,27777700
2024-05-02,107.2818374633789,108.22323401001643,106.96804330878442,107.30030008507684,25513600
2024-05-03,107.06031036376953,107.12491544181478,105.33442179109561,107.06031036376953,28023300
2024-05-06,107.75251770019531,109.21997901532855,107.42949228882252,107.678681308617,31401300
2024-05-07,107.21722412109375,108.51856423501962,106.99572196775,108.24168126227006,30122000
2024-05-08,107.19876861572266,107.93711147451677,106.5157995349458,106.79267546645866,18957200
2024-05-09,109.31228637695312,109.39534704275515,107.23568523478563,107.24490950336825,17564000
2024-05-10,108.86927795410156,109.51533588495404,108.51856562004559,109.40458128615535,13648100
2024-05-13,108.82312774658203,109.866040405752,108.09400919955263,109.29381891479288,15060600
2024-05-14,109.48373413085938,109.54886396936223,108.37652687631063,108.66495800416332,15079100
2024-05-15,110.33042907714844,110.57233584940317,108.00435327656066,109.42791053074119,18244300
2024-05-16,109.66983032226562,111.00034603597602,109.36278659634313,110.29321696680859,15745200
2024-05-17,111.31668090820312,111.49346493737147,109.75355771486485,110.06990770923872,15104500
2024-05-20,110.4141616821289,111.54928778066761,110.30251458956432,111.4004226243749,11551300
2024-05-21,109.65121459960938,111.13990172999932,109.5860847594867,110.16295412815913,14495000
2024-05-22,107.44609069824219,109.28833865753374,106.96226298263659,109.28833865753374,17879300
2024-05-23,105.61315155029297,109.33487296911701,105.47358557736301,107.55774758429081,15979800
2024-05-24,105.52940368652344,107.0739214030456,105.17584272546627,106.85061301842222,12212900
2024-05-28,106.86923217773438,107.10183976873613,105.2037609743274,105.6224517986824,13978300
2024-05-29,105.72480773925781,106.58080913413205,104.96185506675008,106.5621965502104,13902000
2024-05-30,106.05974578857422,106.1900054600799,105.10140373451678,105.38983485019084,14683700
2024-05-31,109.10225677490234,109.31625176437834,106.05974577976713,106.18070625945501,29037400
2024-06-03,106.48774719238281,108.26487250938224,105.84575509920008,108.20904896178895,19589300
2024-06-04,104.83158111572266,105.22236014147737,103.20332807645812,105.13862482108132,19412200
2024-06-05,105.25028991699219,105.31541976136512,103.72438462143734,105.03628780055506,14863500
2024-06-06,106.04115295410156,106.1062827976226,104.31055185640514,104.90602673963181,13154100
2024-06-07,104.90601348876953,106.90643999941013,104.83157736311321,105.87366182644264,13289200
2024-06-10,105.21305847167969,106.27374843010362,104.85949041979188,105.19444589072783,15239700
2024-06-11,104.3663558959961,104.83157100520383,103.56618534026924,104.66409328194428,12462400
2024-06-12,103.21263122558594,105.41775354428825,102.84976398434146,105.41775354428825,13606800
2024-06-13,102.38455963134766,103.14751225724655,102.08682219437786,103.12889967446193,14466900
2024-06-14,101.51925659179688,102.54272856247057,101.03542883201787,102.36594452347974,13313400
2024-06-17,100.8214340209961,101.84490599365314,100.65395627284346,101.57508033837279,21147900
2024-06-18,101.77046203613281,103.01724230953971,101.23081786568659,101.44481285604809,17762900
2024-06-20,103.96627807617188,104.78506127022936,101.96585154335379,102.26359604927995,17433200
2024-06-21,103.05447387695312,104.85950403964657,103.05447387695312,104.1151639731466,52212500
2024-06-24,106.1155776977539,106.56218026292127,103.87323728551928,103.87323728551928,16266700
2024-06-25,106.41332244873047,106.58080019687726,105.56662741681603,106.17140856838058,14188900
2024-06-26,106.4505386352539,106.83201138347361,105.26888812791007,106.43192605322163,15771800
2024-06-27,106.90645599365234,106.99019132357857,106.17141511472123,106.99019132357857,16812700
2024-06-28,107.11114501953125,108.43235441991833,106.70175339178641,107.79966149459462,24565900
2024-07-01,106.96227264404297,108.61843753838431,106.56218730787802,107.66009540954322,11972900
2024-07-02,106.23653411865234,107.87409346787993,105.59453492691573,107.83687540328157,13326700
2024-07-03,106.77619171142578,107.61358046777788,106.32027571714383,106.32027571714383,7732900
2024-07-05,105.4828872680664,106.65522435285989,104.85019437051534,106.63661886997014,12631000
2024-07-08,104.37567138671875,105.65036345381755,103.66854237077476,104.57106089797568,13350500
2024-07-09,103.22193145751953,104.71061839814845,102.92419406939374,103.38010289213838,11727000
2024-07-10,104.13375854492188,104.1709766091396,102.73811308054655,103.20332823533833,10004100
2024-07-11,105.37123107910156,105.43636091591206,103.21263307515659,103.6778482234087,13082700
2024-07-12,105.38983154296875,106.20861470801863,104.79435674945219,106.05974246032976,11684900
2024-07-15,107.19486999511719,108.07878300617335,105.67827121843959,106.32026327432591,13032500
2024-07-16,107.9671401977539,108.2555713387879,105.79923574782518,106.39471061238461,13614100
2024-07-17,109.45581817626953,109.95825138208083,108.44165257280171,108.61842949991737,13602800
2024-07-18,110.53512573242188,111.57720315597281,109.26973991929283,109.74425427525118,13033600
2024-07-19,107.99503326416016,110.6095398602696,107.8089500632044,110.33971424985042,16157700
2024-07-22,107.25069427490234,107.87408795177274,106.60870221461379,107.16695895780282,12065900
2024-07-23,105.52010345458984,107.15765566730427,105.29679507216711,106.82270019228999,11251700
2024-07-24,107.00879669189453,107.18557363158186,105.20375953879267,105.85505794526229,14925200
2024-07-25,109.26042938232422,109.8186861373344,106.59009189100956,107.1576549365455,17021700
2024-07-26,109.16738891601562,109.81868728724392,108.36721828929524,108.64634312041314,11252500
2024-07-29,108.02295684814453,109.22321279184412,107.35304589364988,109.1580829545249,8861800
2024-07-30,109.94893646240234,110.34902173755816,108.14390667795303,108.26486005002556,12483900
2024-07-31,110.3397216796875,111.42833048430039,110.31180990752658,111.31667629703713,15137700
2024-08-01,108.8138198852539,111.17711368040374,108.26486941993151,110.1164237146793,15051500
2024-08-02,108.74868774414062,110.6002490982704,107.39026039750236,107.90199988705976,20403800
2024-08-05,106.78548431396484,107.95782850050733,105.37123335611005,107.50191963298191,18025900
2024-08-06,106.21793365478516,107.58566032564894,105.72479959951988,106.48775221328799,13647800
2024-08-07,107.6321792602539,108.97200118711905,107.2414002311249,107.41817716413851,13660700
2024-08-08,109.68842315673828,109.89311895041392,107.67869747958211,108.00434665196627,13851000
2024-08-09,110.58165740966797,111.00965456424086,109.19531802870134,109.6884450307392,12151900
2024-08-12,110.72120666503906,111.80980842185848,109.80938183969893,111.23294617394728,13228900
2024-08-13,109.6605224609375,110.26530361280545,109.32556696447587,110.0513015072693,11585100
2024-08-14,110.6746826171875,111.55859567151543,109.44651489102084,109.88381827282456,12194500
2024-08-15,111.359375,112.20349826271918,110.78724255834449,110.90916972488236,11579400
2024-08-16,110.8341293334961,111.12488972642107,110.35579474768004,110.66530325739343,10056000
2024-08-19,111.17178344726562,113.01948910283262,110.83413128910263,111.04985628406172,12417500
2024-08-20,107.46698760986328,111.2843257123774,107.40133342749156,111.2843257123774,15632000
2024-08-21,106.78231048583984,108.3955358424207,106.69790102581328,107.87030234242498,11752400
2024-08-22,107.6076889038086,107.87030566188788,106.5853512032628,106.71665958230244,10609500
2024-08-23,109.0989761352539,109.47414598601405,107.88905712333153,107.88905712333153,10381400
2024-08-26,111.43439483642578,111.55632914952807,109.66172466931447,110.44958205234703,13671000
2024-08-27,110.37454986572266,111.99715643686945,110.11193311565722,111.57508766931878,9991600
2024-08-28,109.28656005859375,110.28076125990657,109.04270573225635,109.73676532127105,10742900
2024-08-29,110.7966079711914,111.41563928170105,109.12710969366353,109.92434113278117,10753900
2024-08-30,110.61841583251953,110.69344408146186,109.07084460023434,109.53980514603167,13284700
2024-09-03,108.30174255371094,108.88324901301942,106.96051519365521,108.64876875535772,15725100
2024-09-04,106.97927856445312,108.93953738790394,106.90425031470635,108.13292466802257,12620600
2024-09-05,106.14452362060547,108.12353761060844,106.05073294666266,107.92657504859764,17200800
2024-09-06,105.64743041992188,107.09182974921328,104.79392595375015,106.5384525881782,13467700
2024-09-09,107.87030792236328,108.9395374059609,105.6661947642724,105.86315733695932,21645300
2024-09-10,103.94041442871094,108.23609471850534,103.33076429186562,107.95471553049366,20913400
2024-09-11,102.90869903564453,104.06233792310529,101.07974868962246,103.9028930615489,19571900
2024-09-12,104.324951171875,104.41874183639983,102.94620622047614,103.0775145819647,15919500
2024-09-13,104.24993133544922,105.48798689693474,104.04358754923994,104.55006580017995,10035400
2024-09-16,105.71307373046875,106.06948112993862,104.75639747096052,105.09404959920325,11729000
2024-09-17,107.0918197631836,107.2700270425255,105.15970479849726,105.3472861356587,12202600
2024-09-18,107.46698760986328,108.45180034543914,106.74478444800512,107.02616360432349,12569900
2024-09-19,108.79884338378906,110.28076038174613,108.0391296120762,108.94891418874313,12660600
2024-09-20,108.11415100097656,108.33925719412889,107.15747472527195,108.29235828161315,36206200
2024-09-23,110.07440948486328,110.47771580238523,107.97346844175256,108.17043099369081,16066300
2024-09-24,109.78366088867188,110.82475381832494,109.57731711439546,110.5246122151813,11984900
2024-09-25,107.64519500732422,109.783660997219,106.96051665284243,109.25842034696798,13816000
2024-09-26,105.79749298095703,106.43527955513711,104.24054066678204,104.24054066678204,16887900
2024-09-27,108.63002014160156,108.8832556868593,106.2195632313246,106.69790498988922,15964000
2024-09-30,109.9430923461914,110.10253718659752,107.82338904488918,108.29234950897921,13247600
2024-10-01,112.48487091064453,113.11327629172023,108.73318674073163,108.8363586278658,23235900
2024-10-02,113.97615814208984,115.19545831906036,112.7381026934323,114.36070919148358,17129700
2024-10-03,114.97036743164062,115.52373743276117,113.42279622214986,114.33258081251952,16524300
2024-10-04,117.08068084716797,117.41833298164764,114.82966900255995,115.55186502833796,19752300
2024-10-07,117.58716583251953,118.49694324959624,117.10882408844945,117.47461272927663,15714400
2024-10-08,114.46388244628906,116.32096206363566,113.73230519365134,116.18965369294527,14818500
2024-10-09,114.51078033447266,114.97036681226322,113.30086844773231,113.39465912385103,11144900
2024-10-10,115.49559020996094,116.02082367485049,114.69835879910522,115.51435263700373,10243300
2024-10-11,115.9364242553711,116.33034938813454,115.30801885466227,115.45808250514696,8294800
2024-10-14,116.37725830078125,116.5460843944348,115.00789427704497,115.58940081180789,9808100
2024-10-15,112.87879943847656,114.3794717205873,112.3441847143568,113.31962348667126,15771300
2024-10-16,113.1695556640625,113.90113292738442,113.11327553596647,113.38527349516018,8426800
2024-10-17,112.87879943847656,114.03244550408758,112.27853052563228,113.2633505122702,11204900
2024-10-18,112.5599136352539,113.15080135438483,111.75330091377796,112.96321999599186,12898600
2024-10-21,112.62557220458984,113.93866323169736,112.28792002174019,113.469702661714,10177800
2024-10-22,113.20707702636719,113.66666353018255,112.49426212288475,112.79439659692217,9201400
2024-10-23,112.80375671386719,113.25396194716465,111.98777001493409,112.52238470435452,8320300
2024-10-24,112.16597747802734,112.96321611322004,111.734534643937,112.55052855201629,9905600
2024-10-25,112.07218933105469,112.95383744778695,111.9127444627261,112.73811244798883,10714600
2024-10-28,111.5188217163086,111.62199361115344,109.52104516683114,109.53980759631395,11844500
2024-10-29,109.9993896484375,111.77206002242413,109.8024270686357,111.21868998713863,14731000
2024-10-30,109.44601440429688,110.92792428976828,109.24905183386909,110.35579900753713,12303700
2024-10-31,109.5304183959961,111.30308859706028,109.43662772273068,109.87745175842478,20512000
2024-11-01,107.81401824951172,112.50362334354476,107.71084636498144,112.4848680717072,20939300
2024-11-04,111.2468032836914,111.33121273353586,108.73317487785778,108.86448323701731,14965400
2024-11-05,111.57508850097656,111.809568766107,110.68406635578881,111.68764160431631,10436700
2024-11-06,113.48846435546875,114.34197607588732,111.8940011896424,113.62915396557598,20807700
2024-11-07,113.62913513183594,113.95740606382884,112.18473587529752,113.76982471862422,12184400
2024-11-08,113.59162902832031,113.88238228980164,112.23164624732075,113.4697018570666,12836000
2024-11-11,112.99134826660156,114.06995888834177,112.61617842133067,113.48844527038341,11969700
2024-11-12,112.87879943847656,113.779202807743,112.40045768875787,113.61037672876994,11972800
2024-11-13,113.92927551269531,114.47327146020531,111.42502792933136,113.08514510376084,15127900
2024-11-14,114.00491333007812,115.25314204483922,113.78742292268461,115.0451099378535,13041800
2024-11-15,112.82288360595703,114.64794608392222,112.6526702634422,113.85362196189949,19051700
2024-11-18,113.76851654052734,114.06166616294436,112.78506243229572,113.27679309369653,14239700
2024-11-19,112.17984771728516,113.23895368089836,111.7732273862574,113.23895368089836,11584400
2024-11-20,113.77796173095703,113.91980737519177,112.18930638758016,112.69048807791629,11360900
2024-11-21,115.3004379272461,115.88672996380872,113.7306917718865,114.4966554614185,14675400
2024-11-22,115.16806030273438,116.51085062641862,115.02621462863912,115.19642799463928,13323400
2024-11-25,113.44699096679688,115.25313667376737,113.10656431367497,114.82760696464949,26580300
2024-11-26,111.55574798583984,113.17277116927244,111.44227001672235,113.03092551151803,14827300
2024-11-27,111.26261138916016,112.27443321923278,111.04511374064575,111.66922456693146,11079100
2024-11-29,111.54629516601562,112.05693523028178,110.59120871907871,111.05457170481684,9426500
2024-12-02,111.44226837158203,111.7732367584099,110.46827259838726,111.6313983173192,12687300
2024-12-03,111.27204895019531,112.26496127101733,110.88434520810694,112.26496127101733,11756600
2024-12-04,108.06637573242188,111.15858359144407,107.66921367067012,111.11129930165804,19520600
2024-12-05,108.5391845703125,109.33351587031774,107.85833123161355,108.47299089652618,15751200
2024-12-06,107.39498901367188,108.529739911085,107.32879533156562,108.3122494761231,16171100
2024-12-09,106.76140594482422,108.69048799023506,106.6195602975234,108.40679669563343,17412600
2024-12-10,106.54391479492188,107.68812391405827,105.67393868667152,107.41389090317223,20990900
2024-12-11,105.83468627929688,106.27913260308,105.06872989166934,105.91033825240235,32392200
2024-12-12,105.7401351928711,106.26968462691676,104.75668109066488,105.52263755270522,14543300
2024-12-13,104.81340789794922,105.81577852058861,104.25549082049722,105.81577852058861,13106100
2024-12-16,102.57227325439453,104.39733563528968,102.2791308746542,104.20820570112713,20256100
2024-12-17,102.13728332519531,102.2885800551379,100.9836159992853,101.40914571772856,17554000
2024-12-18,100.63373565673828,102.91270272718931,100.52971599375515,101.72120936047223,17114500
2024-12-19,99.77323150634766,101.81578462796159,99.48954016590966,101.55100989132372,20565600
2024-12-20,100.11365509033203,100.36897151706529,99.13965203313562,99.71648578325659,40141200
2024-12-23,100.52027130126953,100.80395540643755,99.21529988795878,99.58409427487618,12285100
2024-12-24,100.61483001708984,101.36187707243971,99.95288602667578,100.72830077033758,7807000
2024-12-26,100.6999282836914,101.21056829268358,100.17983718875878,100.72829597065162,9652400
2024-12-27,100.69047546386719,102.11836858978563,100.01907321604627,100.52026213046753,11943900
2024-12-30,100.00962829589844,100.76612643520365,99.77322127463374,100.52026832757856,11080800
2024-12-31,101.7212142944336,102.03327329851932,100.02853913191474,100.39733351326339,12387800
2025-01-02,101.47534942626953,103.07346322903342,101.06872905338871,102.3926098405288,12685400
2025-01-03,101.99543762207031,102.59118067046133,101.61718497557813,102.1278249661572,14237900
2025-01-06,101.88195037841797,103.81103220660293,101.67391108107913,102.35476433979953,15623700
2025-01-07,102.83706665039062,104.07583728252814,102.39262024248983,103.01673831687918,12625900
2025-01-08,101.11600494384766,101.8535936485936,100.24602889284317,101.47534099589666,17858100
2025-01-10,100.7472152709961,104.11364888576803,100.0285359189475,102.78976814712155,19304500
2025-01-13,103.34768676757812,103.66919683012816,101.30512678936894,101.30512678936894,17073400
2025-01-14,103.75431060791016,103.79213659558833,101.96707417389028,102.87487623445836,11191200
2025-01-15,105.44699096679688,105.65503030217259,103.51790878590812,104.06637481288595,14521100
2025-01-16,105.2673110961914,105.61719606149569,104.53918069382973,105.14438205060468,10366600
2025-01-17,106.21294403076172,106.73304235262624,104.79450193247987,104.99308296049098,19298500
2025-01-21,105.40916442871094,106.08055950738536,105.0876471262843,105.95763045283476,20416300
2025-01-22,103.57464599609375,105.50372821112424,103.45171693872783,105.15384321229358,15718000
2025-01-23,104.16093444824219,105.09710422730271,103.65029441932653,104.31223118945626,13726800
2025-01-24,102.75194549560547,104.6904786338881,102.51553848743177,104.24603230419048,14235900
2025-01-27,104.17984771728516,104.44462243520285,102.49663082660562,103.08292285525904,15926700
2025-01-28,102.16565704345703,104.84178619982337,101.92925002712579,104.40679815552224,15862000
2025-01-29,102.76139068603516,102.86541034082953,101.62663999772968,101.85358869247699,12345500
2025-01-30,103.61247253417969,103.87724725271856,102.78977347480249,103.30041352394316,14346300
2025-01-31,101.02145385742188,104.53919162046263,100.33114215495786,104.53919162046263,20376500
2025-02-03,101.26730346679688,101.4658917042654,99.59354500832173,100.84177373409437,14623200
2025-02-04,103.98125457763672,104.28385525069349,100.73775023148019,100.9079635609852,14835700
2025-02-05,103.9056167602539,104.02855303499118,103.1680279701107,103.7732293986677,13364400
2025-02-06,102.5344467163086,105.01199473124828,102.11836807795724,104.74721282484425,13411400
2025-02-07,102.96944427490234,103.76377563852515,102.43043654102506,102.86542460568305,10051600
2025-02-10,104.93634033203125,104.99307570337871,103.90560206028147,104.02853831762641,12142200
2025-02-11,105.59828186035156,106.39261316827361,104.7944994664868,105.53208818590551,12713100
2025-02-12,102.42117309570312,105.1689465732232,102.25898015546105,104.9972107308782,18244100
2025-02-13,103.16536712646484,103.43251745185245,101.62928733122097,102.23036646446549,15460000
2025-02-14,103.27031707763672,105.16895438659107,103.13674555467838,103.53746012355337,15733500
2025-02-18,105.08308410644531,105.89405615693919,103.34664700761877,103.6424114864913,20060300
2025-02-19,105.23574829101562,106.98172112738588,105.00676228042393,105.67462722599576,10964700
2025-02-20,106.85768127441406,107.25839583220866,104.90180116087555,105.49333737412131,16325800
2025-02-21,105.60784149169922,106.71457809348759,105.48380558281505,106.20891339170564,14710000
2025-02-24,106.16119384765625,106.72410862640626,105.2548146509305,105.8368079554729,13153500
2025-02-25,104.6919174194336,106.98171925239791,103.89048095461408,106.18983297006396,14497000
2025-02-26,104.43429565429688,104.82547456920835,103.5374521159937,104.70143867955275,10446400
2025-02-27,105.09262084960938,106.18027878846979,104.26256304190991,104.95904933284419,15293200
2025-02-28,106.21845245361328,106.45697408009902,104.3198150658331,105.0544657517065,18821700
2025-03-03,102.8123550415039,107.0103367610099,101.61974701204777,106.5714506005605,18706900
2025-03-04,102.60246276855469,103.95726384741157,101.07592582906085,101.4766404108463,19394900
2025-03-05,100.59888458251953,101.44802099948339,98.91014737279863,100.98051336566097,24822200
2025-03-06,102.67877960205078,103.14627989358989,99.56845594189966,100.58932808495122,17150200
2025-03-07,104.0145034790039,105.33114746271542,103.32756733688295,103.43251743063102,19625000
2025-03-10,106.6668701171875,107.40151349531523,104.07175375754828,104.26256813965618,22749100
2025-03-11,104.14807891845703,106.9530880924127,103.79506431642064,106.781352242652,19904700
2025-03-12,104.11943817138672,105.07352449771186,103.44203775318798,104.04311679739746,14051500
2025-03-13,103.6805648803711,105.73185204750833,102.68831417442793,103.35617900603847,17767800
2025-03-14,106.76227569580078,107.029418738358,103.33710153960851,103.93818066446423,15890100
2025-03-17,108.53688049316406,109.24290245340426,106.60008609467272,106.66687185741029,19908800
2025-03-18,108.4223861694336,109.28106545063756,107.40151393486391,108.85172217048452,15998700
2025-03-19,110.11111450195312,110.50228613934242,108.60365624866415,108.95666355670544,17315000
2025-03-20,110.57862091064453,111.12244989548778,108.96621248229262,109.45279860950036,16230800
2025-03-21,110.19698333740234,110.66448365280644,109.09978248038706,110.19698333740234,41102800
2025-03-24,110.48320770263672,111.54224418581119,110.27330753060552,110.36871471450111,14207500
2025-03-25,111.23693084716797,112.23872448750056,110.63585903042939,111.08428080697632,12081800
2025-03-26,112.83980560302734,113.70802780007672,112.27689806972457,112.27689806972457,14110800
2025-03-27,112.47724914550781,113.60307142902788,111.87617731243849,112.6776064231976,12740800
2025-03-28,112.32460021972656,113.02107924733124,111.8570926213597,112.67760754527073,10233400
2025-03-31,113.46949768066406,114.40450557061007,112.3818397493789,112.3818397493789,21652300
2025-04-01,113.57445526123047,113.80343397789585,112.51541868788759,113.74619111850504,12425400
2025-04-02,113.221435546875,113.38362849391564,112.25781348803227,112.95429250960764,12614600
2025-04-03,107.26793670654297,110.14927449790741,107.0771223338016,109.11886669436157,21204600
2025-04-04,99.54937744140625,105.7414037890358,99.06279858923106,104.82548166369767,30841300
2025-04-07,98.21366882324219,100.94235685624689,93.9393580053914,95.78074528250153,35068500
2025-04-08,96.1432876586914,100.75152692538437,94.46410075995801,100.61795540569199,27147800
2025-04-09,100.94235229492188,101.68653858318575,93.6245034757554,94.8075759495565,30063300
2025-04-10,95.34186553955078,99.01509715894584,93.30966388724607,98.94831139419692,33999300
2025-04-11,98.40447235107422,99.1582014931081,94.254197897836,95.69487042395652,22884600
2025-04-14,98.64299011230469,100.26493404446794,98.00375398555458,100.20769119105789,18020000
2025-04-15,98.3663101196289,100.5702547371125,98.27090293182614,98.88151766868603,13164900
2025-04-16,99.4062728881836,100.74198813969231,98.93876527105336,99.17728689155166,13607000
2025-04-17,102.01091766357422,103.56608317741076,99.66386595803561,99.88330903611559,17916500
2025-04-21,100.51301574707031,100.78015881418237,99.33949337667053,100.76108028614692,16926500
2025-04-22,103.32756042480469,103.93817514079996,101.26673029899442,101.26673029899442,13147000
2025-04-23,102.44026184082031,104.2816489280658,101.58158260444385,103.81414133992091,14235700
2025-04-24,103.64241027832031,103.88093189504404,102.04908762559026,103.01271699530272,9849600
2025-04-25,103.58516693115234,103.7664456883202,102.48796604357672,103.17490946115805,11245800
2025-04-28,103.64241027832031,104.23394650827191,102.73603104641096,103.75690327482445,13890900
2025-04-29,103.38480377197266,103.83322554847031,102.58336740397435,102.79326757842871,9483100
2025-04-30,100.7801513671875,102.48796702471762,99.36810746562098,102.48796702471762,20379300
2025-05-01,100.92326354980469,102.01092152083714,100.1599987570128,100.27448447242551,18610300
2025-05-02,101.3335189819336,103.99542099841271,99.74973929131089,102.77419153116102,16581900
2025-05-05,98.52851104736328,99.85469799791629,98.33769665630227,99.84515509463252,19624000
2025-05-06,99.90239715576172,101.11409109450916,98.72887482984358,99.1200465121155,16303400
2025-05-07,99.8069839477539,100.45576302381895,99.29177639213444,100.16953417766304,12332200
2025-05-08,101.199951171875,102.45934501601036,100.50346484879086,100.50346484879086,19196500
2025-05-09,102.38301849365234,102.80281887684731,101.49571777041895,102.22082553800055,10992100
2025-05-12,104.14807891845703,105.3693083927101,103.34664252653981,105.20710816636254,14244600
2025-05-13,104.43429565429688,105.43608927810794,104.01449531226534,104.30072414166894,13350800
2025-05-14,103.49930572509766,103.86185597112592,102.97455524351518,103.86185597112592,15494900
2025-05-15,104.54883575439453,104.6162366244776,102.03573462592806,102.53642575423892,15004300
2025-05-16,104.17330932617188,104.8473179865941,103.4607774895616,104.61623035246984,14042500
2025-05-19,102.51716613769531,103.57632576040372,101.7950108477382,103.57632576040372,16802700
2025-05-20,101.05359649658203,102.75788713734026,100.88990972317289,102.44013703873874,12429300
2025-05-21,99.8115005493164,101.07286286284078,99.79223895968505,100.64919604467941,16716100
2025-05-22,99.14712524414062,99.62856218727337,98.10721968389916,99.23378036775505,13417400
2025-05-23,99.20487976074219,99.62854655498961,98.28052185650168,98.79084376076683,12061600
2025-05-27,99.67668151855469,100.00406239433833,99.07970453011797,99.6477964831327,13043600
2025-05-28,98.31904602050781,100.55291298162369,98.01092669297955,100.41811123496409,14292400
2025-05-29,98.87751770019531,99.03157369572175,97.97241393323993,98.48273589677198,13825300
2025-05-30,98.50199127197266,98.58864638658616,97.43320078154211,98.36718952958898,28645800
2025-06-02,99.2241439819336,99.99443858283324,98.42495699745116,99.89815267598877,17290500
2025-06-03,99.94629669189453,100.77436869218675,98.41532363232409,99.07970886064179,19194300
2025-06-04,98.50199127197266,101.02471589041909,98.50199127197266,100.06184210416772,15648500
2025-06-05,98.0494384765625,99.22414565990444,97.95315256808973,99.15674478935911,13924800
2025-06-06,100.39883422851562,100.62029840467576,98.86786862104293,98.94490027763281,15487800
2025-06-09,101.0728530883789,101.92017929661513,99.97517766215387,100.45661451036285,17087300
2025-06-10,103.23932647705078,103.65336249072229,101.99721843603626,102.14165097032053,17634800
2025-06-11,105.25172424316406,105.32875590402932,102.50753560359485,103.75927438115305,22648200
2025-06-12,105.65613555908203,106.09905658468342,104.20219419829387,104.87620285765611,17469400
2025-06-13,107.95741271972656,108.35218715633881,106.57087210185232,108.17886957910454,28540200
2025-06-16,108.30403900146484,108.95879342336029,107.00415360562788,107.66853882162069,22986100
2025-06-17,109.76761627197266,110.66308922487926,108.91065915368125,109.71946964216757,19451700
2025-06-18,108.98768615722656,110.9615730102809,108.74696771079476,110.35496516988461,17968900
2025-06-20,110.44161987304688,110.76900077896947,108.9780549564968,109.23802764537137,36273300
2025-06-23,107.59151458740234,112.60808612144518,107.03305337564711,112.36736767540006,26631100
2025-06-24,104.31773376464844,106.82121127674935,103.90370512343452,105.19395236311243,24828300
2025-06-25,104.34663391113281,105.18432939601642,103.70150289714556,104.09628467206528,17483200
2025-06-26,105.90648651123047,106.33978412607817,104.51995324369237,104.89547343554061,18304800
2025-06-27,105.31912994384766,106.01240023116787,104.346632728826,105.85834424850997,22002100
2025-06-30,103.79779815673828,104.79918044006295,103.72076648997667,104.606608619303,19199000
2025-07-01,105.18431854248047,105.56946948296286,103.17191608132832,104.11552817205984,15536900
2025-07-02,106.92713165283203,107.22562016115167,104.78955077690054,105.91611128843948,11892200
2025-07-03,108.03443145751953,108.29441148300808,106.5130965205741,106.74418416289659,11223600
2025-07-07,106.98490142822266,107.89000509111263,106.12794439060524,107.39893742867832,15415900
2025-07-08,109.95054626464844,110.21051892214973,106.73454440040875,106.77306022858359,17913400
2025-07-09,109.57503509521484,110.02757958450402,109.06470583971705,109.69057524305732,10652100
2025-07-10,110.66307830810547,110.99045185082323,108.87213257896681,109.48837117973027,14901700
2025-07-11,111.14451599121094,111.46226608816855,110.25867391436879,110.58604745949337,11683900
2025-07-14,109.6905746459961,110.95194424017892,109.01656596677141,110.95194424017892,13220300
2025-07-15,108.71807861328125,109.8253775486079,108.41958275547317,109.44023392561274,10959300
2025-07-16,108.06332397460938,109.28617040231443,107.93814568583247,108.68918603391911,11158900
2025-07-17,107.51449584960938,108.06333364124069,106.96565071183369,107.3508017147307,13151400
2025-07-18,103.7688980102539,107.58188442216026,103.35486201505994,106.98490006862788,32366600
2025-07-21,104.03851318359375,104.73177612321237,103.45115959960856,103.6052155819203,17010400
2025-07-22,104.51032257080078,105.37691045536346,103.6148496477767,103.97111559647026,13970900
2025-07-23,105.84871673583984,105.91611760774447,104.80881127261651,104.8858429394058,12002700
2025-07-24,106.67677307128906,106.83082903602582,105.07839927855511,105.58872848623704,15647200
2025-07-25,106.30126190185547,106.85973043169554,105.62724587910735,106.61901199774485,10548900
2025-07-28,107.30265808105469,107.94778176072323,106.72492792705604,106.87899126042743,12353000
2025-07-29,108.6891860961914,108.8047335906339,107.2737678565253,107.74557393641399,15928000
2025-07-30,107.74557495117188,108.42921443757189,107.12933633396219,108.23664262449778,12996900
2025-07-31,107.49523162841797,108.32330369323108,106.26275432622472,106.26275432622472,17233700
2025-08-01,105.5694808959961,108.36181633369162,104.8184405212398,107.84186360975019,19652000
2025-08-04,103.38375854492188,105.83908223210184,103.11414772060712,105.16507353667451,19129500
2025-08-05,103.25858306884766,103.81705162950657,102.13202249886415,103.23932882537225,21314300
2025-08-06,102.5556869506836,105.00138719969958,102.42088521103375,104.28885532310031,15321800
2025-08-07,102.0164794921875,104.04814386400987,101.9587094130732,103.16230170225022,13468300
2025-08-08,102.83492279052734,103.51856229377444,102.01647419943372,102.54605771765384,14417700
2025-08-11,101.90093231201172,103.53781477403791,101.61206724405704,103.13340955581646,13570700
2025-08-12,102.18978118896484,103.29708739209165,101.85277686961578,102.39198378057428,14109400
2025-08-13,103.60521697998047,103.60521697998047,101.8142711663082,102.06462040535484,17958700
2025-08-14,103.39337921142578,103.59558181461352,102.48828289422498,103.55707332974849,13683500
2025-08-15,103.49056243896484,104.53042413910818,102.96577138265387,103.19901679512692,19271900
2025-08-18,103.7140884399414,104.20972567810239,102.6936601404045,103.11154890699076,13040000
2025-08-19,104.39437103271484,104.43324526924799,103.16014553442298,103.20873276921256,16113600
2025-08-20,105.47310638427734,106.25057628140125,104.64704925264721,104.84141301967696,18959700
2025-08-21,106.15339660644531,106.48381650017089,104.91916367517014,105.36620628024141,12194900
2025-08-22,108.14564514160156,108.27198825876137,106.51296434690045,106.51296434690045,13586700
2025-08-25,108.59268951416016,108.76761986699798,107.42649210490949,107.77635281058514,9744900
2025-08-26,108.3497314453125,108.66071791639624,107.25156209122048,108.23311615272006,18143900
2025-08-27,109.57424926757812,109.7977742801282,108.28170867190343,108.28170867190343,15262600
2025-08-28,110.1573486328125,110.44890170919774,108.91340268064054,109.69087260799938,14189800
2025-08-29,111.07086944580078,111.5567862738525,110.38086843970763,110.51692455840193,14597900
2025-09-02,111.45960998535156,111.99411407433402,110.13791555355427,110.96397271980189,15206700
2025-09-03,108.7579116821289,111.20692931573902,108.3205820734289,110.75988670859203,14920100
2025-09-04,109.23410034179688,109.94353473208668,108.2428258975398,108.95226770233171,12864400
2025-09-05,106.15339660644531,108.63156805289493,105.9493050079647,108.45663769312769,16826700
2025-09-08,106.75592803955078,106.95029922384167,105.29817752263065,106.63931274347881,15440500
2025-09-09,107.53339385986328,109.34100502528872,107.41677115372212,107.41677115372212,14899500
2025-09-10,109.33128356933594,109.38959121459888,107.71803618170735,108.02903006178224,15837600
2025-09-11,108.9814224243164,109.59367494058706,107.74719697943684,108.2622676158315,11534500
2025-09-12,109.00086975097656,110.03101108521462,108.72875009078862,109.68115036518988,11105700
2025-09-15,109.18550872802734,109.29241102232862,108.18452125820836,109.02029878756257,12880500
2025-09-16,111.44988250732422,112.07185544585985,109.60339710220181,109.77832745457134,17208000
2025-09-17,112.04270935058594,112.23707312684543,110.83763762587085,111.30411365469479,13302000
2025-09-18,110.72101593017578,112.10101803202316,110.20594524529633,111.92608766597893,14628700
2025-09-19,109.64228057861328,110.76961125878745,109.46735021150015,110.69186278129207,38746500
2025-09-22,108.86480712890625,109.62284363833473,108.41776451945006,109.2826959138657,15611500
2025-09-23,110.74044799804688,111.51791792980742,109.31185867627873,109.54509669000579,25369100
2025-09-24,111.33325958251953,112.49946440086293,111.24579811375746,111.34297999499384,14756100
2025-09-25,112.3342514038086,112.63552488617954,111.18749478043796,111.41101237450077,15012600
2025-09-26,113.91834259033203,115.02623236742072,112.6549558689841,112.69383010504892,18568900
2025-09-29,111.00284576416016,113.21862540114104,110.46833426642237,112.7910162029508,19189300
2025-09-30,109.57424926757812,110.29340412684338,108.78706634614592,110.15734800250948,18076200
2025-10-01,108.83564758300781,109.83663504878889,108.15536699883687,109.38959246283336,16614000
2025-10-02,108.15536499023438,109.90466106611652,107.90268617173395,108.8162121516571,13062600
2025-10-03,110.06988525390625,110.54608168355931,108.74819084896897,108.74819084896897,12950100
2025-10-06,110.9833984375,111.53734331429891,109.99213138962384,110.09903368290979,12036800
2025-10-07,111.04170989990234,111.28466830140734,108.5926850606109,110.85705914211792,11945000
2025-10-08,110.8084716796875,111.77059235046264,110.2156599629254,111.1583323936962,12301000
2025-10-09,109.72974395751953,112.2565100331723,109.56452659751527,111.20692788321571,10976200
2025-10-10,107.61114501953125,109.44791005376213,107.59170419410415,109.09804934109887,13811600
2025-10-13,109.07861328125,109.13692834557659,108.18452804960516,108.39833265162953,10296500
2025-10-14,109.127197265625,109.77832400668812,107.59169837799688,107.64029302443528,11167200
2025-10-15,108.46635437011719,110.37114743614104,107.84438142670133,109.62283878732902,12182900
2025-10-16,107.52367401123047,109.0300191284848,107.28071559970572,108.72874565633255,11782200
2025-10-17,109.07861328125,109.72974750046133,108.04847192368108,108.48579412636526,13460100
2025-10-20,109.52565002441406,109.96297961815183,108.8259360205379,108.84536943126957,9523600
2025-10-21,109.53536987304688,110.16706322885845,108.83564845827111,109.71030022674081,9202300
2025-10-22,111.47904205322266,111.93580507533065,109.89495580258458,110.25452952377394,12938800
2025-10-23,112.71327209472656,113.5587626407378,112.11073255125102,113.34495804742382,15001100
2025-10-24,112.13988494873047,113.18946707646688,111.93580077075434,113.07284436855093,9919400
2025-10-27,112.67440032958984,112.72298756536166,111.85805617489514,112.44115490567556,10975400
2025-10-28,111.79002380371094,112.90763398641612,111.7511495678905,112.23706639389255,9535200
2025-10-29,113.17002868652344,113.7531348241486,111.57622204988705,111.68312434748483,12570600
2025-10-30,111.45960998535156,113.23806003026024,111.30411303360941,113.15059855578234,16172900
2025-10-31,111.13890075683594,111.98439873160424,109.44791222180191,110.76960662593272,20213400
2025-11-03,110.55579376220703,111.75114495268399,110.43917105956209,111.27494855892905,12290300
2025-11-04,110.92509460449219,111.12917878564296,109.34100839013,110.18649893854,16860700
2025-11-05,110.47804260253906,111.93579298483091,110.4683221905966,110.87649051815787,12400900
2025-11-06,111.27495574951172,111.70256493900654,110.43917819613684,110.43917819613684,14219700
2025-11-07,113.91834259033203,114.2001752409251,111.66368880008984,111.96495486146412,17181100
2025-11-10,114.89017486572266,115.11369245227725,112.20791192555146,114.13214580783787,13048000
2025-11-11,116.40624237060547,117.4072299208323,115.48300329784361,115.48300329784361,16077100
2025-11-12,114.79299926757812,115.92032250358848,114.472292367225,115.74539214107791,13790900
2025-11-13,115.4441146850586,116.38679446706422,114.9484774710604,115.28861774948975,17291900
2025-11-14,116.94403076171875,117.13029659441288,114.36575532080614,116.12054640396673,17064300
2025-11-17,115.36568450927734,117.14989176671764,114.80689452973157,116.63031603758692,16034900
2025-11-18,116.68914031982422,117.13029505260532,114.18929341814709,114.9539526464096,15808500
2025-11-19,115.04218292236328,115.85586186327224,113.65011056424346,114.55201596702355,15919200
2025-11-20,114.71866607666016,116.66953586139736,114.44417378999563,115.65979317287263,14401000
2025-11-21,114.77749633789062,115.07159202420067,113.3756185430189,114.68926239644966,15667600
2025-11-24,113.68932342529297,114.89512993221705,112.48350943901481,114.89512993221705,18034900
2025-11-25,112.2580337524414,113.62069723587572,111.94432721264401,112.91485565149314,14434600
2025-11-26,112.5129165649414,113.46384162902656,112.06196387586725,112.160003247741,11650600
2025-11-28,113.64029693603516,116.40483806561917,112.5619312079222,112.68937191455296,7240800
2025-12-01,114.33634185791016,115.10100859456215,113.81676607945676,113.81676607945676,12658100
2025-12-02,113.11092376708984,114.3069323331814,112.43449845560603,114.15008279695115,14607700
2025-12-03,115.48333740234375,115.65979780503157,113.60109061388896,113.66971368830343,16819100
2025-12-04,114.83631134033203,116.01270901724688,114.36575526130771,115.1892321392773,13686900
2025-12-05,114.24811553955078,116.44406141854374,114.12067482295866,114.4539847645169,12516900
2025-12-08,113.69912719726562,114.69906446838193,112.77761095258792,113.55207561874306,14904200
2025-12-09,115.92448425292969,118.10082671847627,114.59122954393455,114.60103497720259,23790800
2025-12-10,117.18911743164062,117.51262941956048,116.04212854285664,116.39504935161389,19845200
2025-12-11,117.18911743164062,117.99299094506455,116.72835929357674,116.76757354781135,14781800
2025-12-12,116.48326873779297,117.56163448599445,115.98329637586768,117.09107842247377,14459500
2025-12-15,115.44412231445312,116.68914307822224,114.55201487415584,116.66953969111152,16358700
2025-12-16,112.42469024658203,114.54220754921194,112.35606717379666,114.47358447642657,17638700
2025-12-17,115.10100555419922,115.30687477346801,112.90505225662412,112.94426650972589,18502200
2025-12-18,114.24811553955078,114.68926281028475,113.35600808534332,114.68926281028475,13705600
2025-12-19,114.3951644897461,115.25785562394006,113.67951745617594,114.45398212999562,45412800
2025-12-22,115.82644653320312,116.13034763504118,115.03237102421896,115.03237102421896,11768600
2025-12-23,117.07147216796875,117.66947644340163,115.99310637729363,116.14015795769345,12567600
2025-12-24,116.87540435791016,117.68908325934501,116.77737246746888,116.9832416812017,6137400
2025-12-26,116.76756286621094,117.19891214397869,116.19896745085411,116.55188822732707,8066100
2025-12-29,118.1596450805664,118.9145063803753,117.05187045384986,117.787120887003,14782500
2025-12-30,118.610595703125,119.40467124297325,118.2576749030489,118.71843302977904,11150500
2025-12-31,117.97337341308594,118.87528625081782,117.51262278040748,118.79685774677961,10559900
2026-01-02,120.23795318603516,120.26736200605848,117.25773726088853,117.72829333996988,14175100
2026-01-05,122.8946533203125,123.45344332148551,119.98306055864913,122.74760174540302,30112200
2026-01-06,118.66941833496094,123.32600423236111,118.62039864956253,122.8848495018372,23328600
2026-01-07,116.15975952148438,117.75770853507144,115.94408487086373,117.44400199217434,20353000
2026-01-08,120.49284362792969,121.19867775555002,116.32642453948432,116.64013108932252,20232700
2026-01-09,122.15940856933594,122.40449204572425,120.67910227773142,120.80655047223998,16137700
2026-01-12,121.59081268310547,122.051570813798,120.14972065029409,122.01235656019075,15314900
2026-01-13,124.05145263671875,124.63965148100533,122.35547169834909,122.54173753279225,21619700
2026-01-14,127.63946533203125,129.1295769847715,124.62984068685839,124.84551533233555,27593900
2026-01-15,126.59052276611328,127.63947227278497,125.77684382460471,126.59052276611328,17400000
2026-01-16,127.33555603027344,127.60025034335311,126.33561137096643,126.37483309964092,16592400
2026-01-20,127.89437103271484,129.34526106003074,127.51204139853334,128.92370969178984,16477300
2026-01-21,130.982421875,131.10005716420434,129.31585712353169,129.31585712353169,18879900
2026-01-22,131.01182556152344,131.54119930090036,129.2570344119412,130.4334321339966,16600100
2026-01-23,132.31565856933594,133.30579035502723,131.83528960627595,132.43329384244976,17758200
2026-01-26,132.18821716308594,134.24692430039343,131.53139525667265,134.2371113879926,16056100
2026-01-27,134.1390838623047,134.23710827308267,132.0607808658375,132.59015456841982,14517000
2026-01-28,134.8743438720703,135.2958802817515,133.98223640576208,134.98218120270877,15637300
2026-01-29,137.7467041015625,139.54071684501432,136.3742426928216,137.56045323507496,35760600
2026-01-30,138.61920166015625,139.413284651152,135.1194175625329,136.0115249641907,29657700
2026-02-02,135.67820739746094,137.5604616716114,135.34489745756886,137.0800926697375,27735600
2026-02-03,140.9033966064453,142.15822288499697,135.58998831098552,135.9135003144931,37577800
2026-02-04,144.68746948242188,144.9325529451777,141.28570982267485,141.28570982267485,29426200
2026-02-05,143.20716857910156,143.8443795891129,140.9720086293876,143.69733549717404,18431700
2026-02-06,146.1187744140625,146.62855224315575,143.2169794161954,143.73655519939692,17216000
2026-02-09,148.23629760742188,148.56960754784373,145.7070343161397,146.32463450957823,21297300
2026-02-10,148.6088104248047,148.79507625683397,146.87363021409703,148.3735398653639,15800300
2026-02-11,152.500732421875,153.8437850193578,150.54987761975752,150.94200517912682,23091500
2026-02-12,147.9611358642578,153.2112816986525,147.9118045030338,151.86914039995418,30652500
2026-02-13,146.50057983398438,149.66843335045488,146.0367505798841,148.573009056918,20166000
2026-02-17,144.270263671875,147.17165857121253,143.24391231753378,146.25386332053407,19766600
2026-02-18,148.7012939453125,148.99735741858277,145.67161638544218,146.20451859059764,19849700
2026-02-19,148.98748779296875,151.36584368014013,148.85919011306916,150.20133141726754,20305000
2026-02-20,145.345947265625,148.8295908063359,144.53672317214324,148.51380081276685,25908600
2026-02-23,148.78024291992188,149.28355533426253,146.18478981965436,146.2045163413988,16073100
2026-02-24,147.29994201660156,148.7407762133805,146.08609834773506,148.44471274188743,14185500
2026-02-25,147.10256958007812,148.20785713109032,145.39529183251534,147.94141356259428,15225700
2026-02-26,146.5894012451172,148.97763562919565,144.8426553083189,145.86899164872443,15632100
2026-02-27,150.4973907470703,151.63228308015854,147.29006930491963,149.01708854300077,30275100
2026-03-02,152.19480895996094,157.5140277442215,151.0204334392882,157.25744744344775,31493100
2026-03-03,149.83619689941406,154.00078180487054,148.32628979550924,153.388913296314,25198900
2026-03-04,147.85260009765625,149.1749998639953,145.9183318111316,148.74077544915835,16764800
2026-03-05,148.78024291992188,150.32963320643273,147.5071895803822,149.0170967065771,22969300
2026-03-06,149.22434997558594,151.78033504800396,147.99076470220882,151.13886167079949,21136400
2026-03-09,148.46446228027344,151.86915473890892,147.50719887090204,150.02371592586377,25532700
2026-03-10,146.18479919433594,148.42497928748784,145.76043801499983,147.2900868194475,19617600
2026-03-11,149.5894775390625,149.8164529995664,145.72095615785696,146.046624457752,15297400
2026-03-12,151.5138702392578,152.96456766631465,149.63882672348768,150.27042175538625,26054000
2026-03-13,154.06985473632812,154.82974744779892,150.97108926767592,152.27376248734015,22414100
2026-03-16,155.165283203125,155.70806372597428,152.7277175392131,153.95143953087205,22835600
2026-03-17,156.7245330810547,158.34299629210685,154.74093346250348,156.17188931021934,21592200
2026-03-18,155.5205535888672,158.07653857282673,155.46134390714047,157.56337795891957,18947100
2026-03-19,156.0830841064453,157.46469361601712,152.80667432886895,156.181761895178,27082700
2026-03-20,157.5732421875,160.3068712918422,157.01073514922803,157.25745219688022,53942100
2026-03-23,159.0140838623047,159.30026902536085,152.9843183312989,154.06986435705824,25021300
2026-03-24,163.20826721191406,165.2806813902276,159.13249674027693,159.58646273652485,26131800
2026-03-25,161.11610412597656,162.83326029190215,160.79043579838304,161.71809435727107,17192300
2026-03-26,163.25759887695312,163.50431592661914,159.9318578661477,161.9351991047626,18625200
2026-03-27,168.74459838867188,168.98143711851466,162.63588184124913,163.4056378300655,30338300
2026-03-30,169.21829223632812,174.09342357607832,168.80380939743299,170.2446285433427,29813500
2026-03-31,167.4320526123047,172.09007144795677,163.79050675840085,170.40252029916738,32006700
2026-04-01,158.66867065429688,165.79386038255356,157.43508538359336,163.59314847597437,37927600
2026-04-02,158.57984924316406,164.70829216920555,157.4942882287153,162.32995131495318,25377700
2026-04-06,161.2246551513672,161.59966989102813,157.4350848271786,158.46143620148837,16344300
2026-04-07,161.757568359375,164.0569730451393,159.64567103873514,162.06349508840393,25227500
2026-04-08,154.16854858398438,154.29684626632607,148.99735388970248,151.50400750448705,31311200
2026-04-09,153.0040283203125,157.1390081962723,152.2836188014346,154.80013554578184,25868400
2026-04-10,150.50726318359375,153.08298977804927,149.92501456184667,152.01717031912833,21065000
2026-04-13,150.63555908203125,152.58955387101517,149.29341774875434,152.244159041483,18685600
2026-04-14,147.28021240234375,148.13878289907458,144.79330037579695,148.09931479763057,18528200
2026-04-15,147.05322265625,148.25720304523475,144.97093018596462,146.6486181452608,15626500
2026-04-16,149.98422241210938,150.77371997111916,147.3887693274927,147.56639837260283,15191000
2026-04-17,144.51698303222656,144.87225619004138,140.10568093036503,142.9577294539512,28947400
2026-04-20,145.7406768798828,147.40848641370326,144.42815553036803,145.44462849031555,16354400
2026-04-21,146.41177368164062,146.8558613809694,144.31961781734506,145.43476869638585,17515900
2026-04-22,147.5367889404297,148.70128613345972,146.2341157498405,147.40849126178932,13738700
2026-04-23,148.5532684326172,149.24407315856882,146.54992719815058,147.88220528695376,12970400
2026-04-24,146.9545440673828,148.32629023309528,145.02027581191402,147.6749536212974,13735900
2026-04-27,146.24398803710938,149.19471405683467,146.02687584763237,147.20125131114554,13940800
2026-04-28,148.58287048339844,150.30988979505028,147.86246092975082,149.54013382081567,15173600
2026-04-29,152.63890075683594,152.9152226446687,149.0269595764905,150.02370608327118,14669100
2026-04-30,152.30337524414062,153.6455166348819,149.35263382507475,150.42831657823265,22885900
2026-05-01,150.74412536621094,152.97444219282582,149.14540361800823,150.60596441338373,15458200
2026-05-04,151.67176818847656,152.4415241398171,147.55652981525986,150.66515846041094,14238500
2026-05-05,152.84616088867188,153.250765430774,150.40859508241783,151.0895365909912,12494600
2026-05-06,146.73744201660156,148.3559053389129,145.15844679845733,147.11245676905406,20527000
2026-05-07,144.65513610839844,145.14857018638108,142.29652181797798,144.87224830738384,22509400
2026-05-08,142.67153930664062,144.5761876566039,142.03006595775787,143.9347293661345,19550100
2026-05-11,147.71441650390625,147.75389966236088,144.08274896354814,144.10249054277546,14849500
2026-05-12,148.65196228027344,149.8164595321171,147.80325502310743,149.26381574762087,16443100
2026-05-13,149.57962036132812,149.79671751167356,147.71442500651165,148.0894397413527,15772800
2026-05-14,150.77371215820312,151.10924370941106,149.27366837965636,149.905263382453,11331500
2026-05-15,156.90402221679688,156.98350935726506,152.01567678266807,152.7608516688576,27882400
2026-05-18,159.45748901367188,160.6895017397437,154.23131965292822,156.30788510753027,20065200
2026-05-19,161.50424194335938,162.2692924138743,158.612959712182,160.46099405822483,20715600
2026-05-20,155.27456665039062,162.62695246090524,155.2646364435186,160.57027775243373,18509700
2026-05-21,154.2909393310547,158.36456815663448,152.47272592771048,157.40080741244543,17061700
2026-05-22,153.92332458496094,154.54927634853834,152.1845831622433,153.039050982118,12948500
2026-05-26,148.84619140625,153.55570196228766,148.50838244281752,152.51245412992614,13057800
2026-05-27,146.948486328125,147.73341239068998,144.812324315,146.2827985604971,16241100
2026-05-28,146.01454162597656,149.2436327977562,145.9251091176085,148.37921962101078,14012500
2026-05-29,144.32546997070312,145.9847242712525,143.77902050285167,145.2494947353263,27959900
2026-06-01,148.41897583007812,148.6872278824595,146.05428259382654,146.07415816976595,16732100
2026-06-02,148.59780883789062,149.8596425847688,147.54463073444197,148.0712197861663,10462400
2026-06-03,151.5487060546875,153.91339931686977,149.05485944903873,149.6410600803893,14373000
2026-06-04,151.0618438720703,152.44290069957347,149.96892981929165,151.07178923986044,11799400
2026-06-05,148.9554901123047,151.15127878116928,148.33948372439218,151.0320404901442,16584000
2026-06-08,150.77371215820312,152.82045666526088,149.92917459257427,150.18751157814702,13870900
2026-06-09,147.95199584960938,150.1577147624696,146.82926081757435,149.93912891268184,18163500
2026-06-10,149.65098571777344,151.5089654358688,148.5978076229357,150.25706190677164,14596500
2026-06-11,145.6568603515625,151.5089666465856,145.47801049142424,151.32018657890387,17285800
2026-06-12,146.064208984375,147.95199447310367,144.21617464648634,144.69309749283448,17713100
2026-06-15,140.01339721679688,141.06657534019064,136.83398727052634,138.8409959581125,23631400
2026-06-16,140.9473419189453,141.2354695284117,139.07943207905402,139.28808771120796,18925400
2026-06-17,139.8345489501953,141.42424618882197,139.41725285653254,140.31145660572122,16663200
2026-06-18,136.92340087890625,137.5692282188612,134.97601897282365,137.43012951128387,48063400
2026-06-22,137.57916259765625,138.10575166092363,136.1384941196488,137.64870437324234,15783300
2026-06-23,138.83103942871094,139.486796941336,137.60895690836153,138.56278739587265,13699400
2026-06-24,136.01925659179688,136.75450130722126,134.7176868182312,136.23784244879812,16212900
2026-06-25,136.66506958007812,137.18172838415734,134.08179072030313,134.76735400327686,13288800
2026-06-26,135.66156005859375,136.6948776843146,135.04555369443563,136.08880152709986,22684200
2026-06-29,135.18466186523438,136.5061071911013,134.51897409848138,135.70132071428984,11972700
2026-06-30,135.8404083251953,136.4166786942443,134.45935154509178,135.6019469157409,28784000
2026-07-01,135.4032440185547,136.60546617741443,134.75743184534812,135.6516356483452,12433400
2026-07-02,136.20802307128906,138.24483735700704,135.45291801558523,136.26763463349974,13703300
2026-07-06,135.5622100830078,136.48621961272076,135.13496862214214,135.67150299991567,13915100
2026-07-07,140.7784423828125,140.82812374084455,137.24134800388697,137.6685743295943,14667800
2026-07-08,140.2220458984375,143.0636467131422,138.91053083290223,142.5171821025025,18291400
2026-07-09,136.57565307617188,139.14898658435814,136.2378289556867,138.7614962690738,14110200
2026-07-10,137.9865264892578,138.0759438396731,136.25771524478435,137.01282036043938,9753500
2026-07-13,143.58029174804688,144.29566085231056,139.58616526996687,140.013391594685,18724300
2026-07-14,144.15655517578125,145.06070430003604,142.9642784465353,144.57385127298625,16096400
2026-07-15,143.58029174804688,144.15656214651605,141.11625103370636,144.15656214651605,13444500
2026-07-16,145.0110321044922,145.92511149334146,143.62004502594374,144.3453443482853,13518000
2026-07-17,146.41195678710938,149.03497168229288,146.2231767306124,148.07121098589766,19031400
2026-07-20,147.40553283691406,148.13083216789195,145.28923125020256,145.55749846162485,12149200
2026-07-21,150.73397827148438,150.78364446729043,147.52474760584934,148.0513366306137,13145300
2026-07-22,153.4563446044922,153.80409894761962,151.96599483786918,152.87014400150304,13788700
2026-07-23,155.88064575195312,157.54984533591656,155.05598374734197,155.59251814100296,15822800
2026-07-24,155.93032836914062,157.6889453127249,154.67842488089144,155.98000972608443,12091600
2026-07-27,153.7742919921875,154.420104155216,151.51889178426083,152.08523196835614,13955800
2026-07-28,152.055419921875,155.17521831898253,150.9028942324521,153.17815498792126,16299900
2026-07-29,155.74154663085938,158.04662815474293,154.85727306502608,156.7053073348219,14571300
2026-07-30,155.96014404296875,156.76493053038882,153.53583921231603,154.09223405988436,12578100
2026-07-31,154.4399871826172,155.1553563125088,151.16121453071767,152.7509270772818,15714200
2026-08-03,154.0624237060547,154.90696132074848,151.66792473036153,152.4727263545316,14532800
2026-08-04,152.96951293945312,153.84384119554895,148.13083352442996,150.6445556868725,14347900
2026-08-05,150.6544952392578,154.04254552700252,150.17757239730147,154.04254552700252,12227500
2026-08-06,153.84384155273438,153.87364733649875,150.8631418913171,153.227835140774,11879100
2026-08-07,152.055419921875,152.68137170710398,150.55513987163098,151.65799936147022,18455200
2026-08-10,158.76199340820312,159.33826383030498,153.45635163451644,153.50603299447087,19761600
2026-08-11,158.7719268798828,160.62989135010667,158.2453378571924,158.6328281788065,13744500
2026-08-12,158.7222442626953,159.19915192536513,156.54633125837117,157.5299675257101,13219500
2026-08-13,157.58958435058594,158.73217976988673,156.4171679882901,157.0133139569994,10542800
2026-08-14,159.07000732421875,160.22253297554738,158.22546971049474,158.68251698441384,10231300
2026-08-17,161.4600067138672,162.50999450683594,159.08999633789062,160.10000610351562,12858100
2026-08-18,165.55999755859375,165.6699981689453,163.25,164.35000610351562,18952700
2026-08-19,164.77000427246094,168.2100067138672,164.66000366210938,166.07000732421875,13648900
2026-08-20,166.14999389648438,168.63999938964844,166.07000732421875,167.02000427246094,13803000
2026-08-21,165.11000061035156,168.0,164.61000061035156,166.5399932861328,14314300
2026-08-24,164.0500030517578,165.22000122070312,162.25,163.8699951171875,10842500
2026-08-25,160.63999938964844,162.80499267578125,160.47999572753906,161.4499969482422,17235387
