Date,Close,High,Low,Open,Volume
2021-08-16,47.25034713745117,47.377047608365054,46.684425670856655,47.31792158117239,16959500
2021-08-17,46.92938232421875,47.55442987298717,46.45637084294303,46.87870148696978,16243700
2021-08-18,45.94112777709961,47.14054850345238,45.87355654833269,46.811127888534436,21890500
2021-08-19,44.53898239135742,45.36674993799357,44.006844960617535,45.16403306484373,30923500
2021-08-20,44.54744338989258,44.88530601461498,44.01530580884859,44.150451503163055,16918300
2021-08-23,46.38035583496094,46.50705632968656,45.569481690673776,45.569481690673776,21632600
2021-08-24,46.76044845581055,47.17433067401212,46.46481507782525,46.701322424638896,17915600
2021-08-25,46.84491729736328,47.10676347359144,46.34656697623698,46.659093992997875,13270300
2021-08-26,46.2114143371582,46.91248469280283,46.143843115408856,46.62529975058273,11842600
2021-08-27,47.10676574707031,47.478415595865094,46.794241937353625,46.794241937353625,15822500
2021-08-30,46.591514587402344,47.588215123729775,46.55772736397128,47.5037502872791,14086100
2021-08-31,46.05094528198242,46.718228639066204,46.00026443210956,46.39725636746055,27104100
2021-09-01,45.41743850708008,46.253651390046514,45.273844410512545,46.02559567442087,21644100
2021-09-02,46.5239372253418,46.99694540247064,45.83976054068916,45.856654150176134,23293300
2021-09-03,46.346561431884766,46.726659635091565,46.118502509960685,46.557726742318884,13840000
2021-09-07,46.076271057128906,46.684428194994496,46.00869983188106,46.17762950606417,14354400
2021-09-08,45.65393829345703,46.608406374187375,45.6201510713489,46.27898901395017,18756700
2021-09-09,45.68772506713867,46.45636664085687,45.0204419366232,45.29073326658168,19110800
2021-09-10,45.59481430053711,46.65064087258213,45.56947549388866,46.61685364896621,15123700
2021-09-13,46.76889419555664,47.24190567256666,46.135398235229495,46.16074026468899,22052300
2021-09-14,46.10161590576172,47.106761705989726,45.95802180737075,47.039187254481696,19940300
2021-09-15,47.65578842163086,47.74870167904478,46.718217096584176,46.768894711808414,23240900
2021-09-16,47.148990631103516,47.68957331457573,46.87869928936741,47.68957331457573,17907200
2021-09-17,46.591514587402344,47.9345261085807,46.54083375225575,46.74355387071513,30000400
2021-09-20,45.34986877441406,45.755305854111946,44.73326634765723,45.425888428240384,27555100
2021-09-21,45.307640075683594,46.042494641690006,44.978222622719606,45.924242553151934,19696800
2021-09-22,46.633758544921875,47.2250222127628,45.92424278793832,45.97492363562563,25690600
2021-09-23,48.21326446533203,48.348410132995554,46.69287167645884,46.81112373289856,23069400
2021-09-24,48.64404296875,48.83831467539513,47.87540133718575,47.89229494934538,22328600
2021-09-27,50.08842086791992,50.51075157207123,49.68298377858997,49.70832258975823,32972200
2021-09-28,50.61210250854492,51.08511398678325,50.26579151155187,50.59521211836417,37619300
2021-09-29,50.57831573486328,50.84015865597071,49.87724536207145,50.5445285120988,23422800
2021-09-30,49.68297576904297,50.82326719757055,49.67453057405754,50.781034778389355,31289600
2021-10-01,51.4652099609375,51.51589079564783,50.18132448075175,50.18132448075175,24407300
2021-10-04,52.13248825073242,52.42811837028873,51.48209876558189,51.79462249513094,33946700
2021-10-05,52.04803466796875,52.96027052838058,51.54123911582498,52.808231218311946,29641600
2021-10-06,51.09356689453125,51.62570122942482,50.46851607271472,51.07667328073865,25284900
2021-10-07,51.23715591430664,51.591915346788426,50.79793163806252,51.194923492425474,19513600
2021-10-08,52.52103805541992,52.72375495594091,51.73550281611528,51.73550281611528,22186900
2021-10-11,51.99734115600586,53.26433287130898,51.94666032742817,53.23899084595686,22121500
2021-10-12,51.727054595947266,52.352102095146634,51.39763401314415,52.005791123393784,20198600
2021-10-13,51.58346939086914,51.85376077036052,50.857060100188264,51.338516821290256,14991700
2021-10-14,52.36900329589844,52.55482982254527,51.66793283418707,52.124050732978034,18594500
2021-10-15,52.867347717285156,53.27278473025338,52.740647241052045,52.98559977663502,16092600
2021-10-18,52.842010498046875,53.331912361800505,52.59705795510653,53.28967994249663,18282800
2021-10-19,53.6359977722168,53.72891103980355,52.934927278336716,53.10386019921014,18933200
2021-10-20,53.93162155151367,53.94851516380412,52.97715662305657,53.12074749433474,14305200
2021-10-21,52.95181655883789,53.75424545071689,52.66463158349573,53.61065457410941,16564600
2021-10-22,53.31501770019531,53.399485759267435,52.66462814491142,53.019387548760356,14266800
2021-10-25,54.35395431518555,54.41308034944773,53.7035679383015,53.82182000682587,17939800
2021-10-26,55.61248779296875,55.69695906454117,54.36239288243721,54.47219651352681,25585100
2021-10-27,54.16813278198242,55.11415586152975,54.041435506381845,55.03813942944591,21764500
2021-10-28,54.320159912109375,54.45530879785433,53.745793258327254,53.9062777269592,16626400
2021-10-29,54.45530700683594,55.20705493737016,54.33705495782516,54.945212035168204,23966300
2021-11-01,55.435115814208984,55.81521724529531,54.919871933411535,54.962107573839106,19656400
2021-11-02,54.750946044921875,55.28308035212229,54.615803585868896,54.928324147322016,16300000
2021-11-03,53.99919509887695,54.43841612258514,53.771136169955184,54.09210835385919,17372800
2021-11-04,54.40463638305664,54.81007019050021,53.91473129182933,54.632692094211876,17720100
2021-11-05,54.91986846923828,55.1817178237155,54.531325089977706,54.9452137184485,18565100
2021-11-08,55.511138916015625,56.0686119953757,55.22395073723609,55.367548048752845,17696000
2021-11-09,56.051719665527344,56.06016808220742,55.16482279747794,55.55336618946276,18781300
2021-11-10,54.94746780395508,56.1972458010987,54.58794070322216,55.914759988706415,20177200
2021-11-11,55.0501823425293,55.4953126660344,54.80193784112444,54.947464983920064,13319300
2021-11-12,54.6307373046875,55.10154696280466,54.42529605880886,54.75057857568834,18158900
2021-11-15,55.1015510559082,55.44395098085393,54.11713494453941,54.57937941481809,18849200
2021-11-16,55.65795135498047,55.95756107028635,55.07586236911643,55.07586236911643,17028700
2021-11-17,55.0501823425293,55.84627452604849,54.93890302708279,55.11010297867119,15497000
2021-11-18,54.45098876953125,55.238519181173444,54.02298225917861,54.92179854326357,16948200
2021-11-19,51.93429946899414,53.09847749944884,51.711737558668375,52.97863621962497,32035500
2021-11-22,52.653350830078125,53.53504631727306,51.63469667808338,51.63469667808338,21994400
2021-11-23,54.04009246826172,54.25409568208217,53.00431443164399,53.23543829442167,21185900
2021-11-24,54.33969497680664,54.65641881495011,53.56928537601742,53.56928537601742,15869700
2021-11-26,52.430789947509766,52.576310572610716,50.96700867716822,51.80590092447677,24979600
2021-11-29,52.721839904785156,54.04865937915419,52.465036662234766,53.56073223867932,18946400
2021-11-30,51.223812103271484,52.37942821292638,51.06972951992682,51.754539187330835,34979800
2021-12-01,51.18101501464844,53.098482192150946,51.14677371297833,52.131189910697294,30630600
2021-12-02,52.45646667480469,52.713273143478936,50.62459968878378,51.138209360702376,29216000
2021-12-03,52.12261962890625,53.26967692823493,51.660371926468635,53.004311780814135,22014700
2021-12-06,52.71327209472656,53.2097578423972,52.576306905929336,52.83311336949431,19210500
2021-12-07,53.30392074584961,53.954489077312246,53.15839686282238,53.36384138432262,19800400
2021-12-08,53.4580078125,54.091455548278105,53.36384586829322,53.59496974986528,18214400
2021-12-09,53.59496307373047,53.731924994034884,52.91015347220838,53.115594719950124,16910300
2021-12-10,53.937374114990234,54.22841864629948,53.26968506422266,54.15993930886625,17942400
2021-12-13,52.756072998046875,53.68912713760877,52.51638717892656,53.47512392454806,17793700
2021-12-14,52.67902755737305,53.47511970842726,52.40510372748661,52.439341757150196,22551100
2021-12-15,52.447906494140625,52.64478905321979,51.369328499531534,52.37942390032363,19961900
2021-12-16,52.53351593017578,53.45801152059126,52.47359528251148,52.59343657784007,21187800
2021-12-17,51.38644790649414,52.45646391830972,51.09540342066311,52.173981389213864,44338100
2021-12-20,50.64173126220703,50.71877256634275,49.61451496220764,50.32500735206268,21819300
2021-12-21,51.78877639770508,51.942858968883044,51.12108743288708,51.14676677294013,19798900
2021-12-22,52.20823287963867,52.53351545963691,51.335099251654775,51.65182313867636,14058300
2021-12-23,52.233909606933594,52.93583995134269,52.21678895640774,52.36230958773221,13543300
2021-12-27,52.9786376953125,53.029999644709086,51.72029769125162,52.156866097547464,12593700
2021-12-28,52.80743408203125,53.33816442567943,52.55919282531262,52.995757963030925,12781000
2021-12-29,52.34519577026367,52.73039900434356,52.14830990851252,52.62767835961762,12733600
2021-12-30,52.037017822265625,52.730386086087584,52.01989717476724,52.405103579907,11940300
2021-12-31,52.379425048828125,52.61911086701332,51.959980581506315,51.994221879165615,14072000
2022-01-03,54.391056060791016,54.44241474077155,52.3965445973253,52.422227202745376,24282400
2022-01-04,56.43693923950195,56.65950445558959,54.870433829683186,54.89611317560462,38584000
2022-01-05,57.13886260986328,57.87503424610713,56.90774199423338,56.924859379114736,34033300
2022-01-06,58.48280715942383,58.61977237250554,57.41279092295101,58.20888326412122,30668500
2022-01-07,58.962162017822266,59.2189684819472,58.191755687166825,58.65399687321622,23985400
2022-01-10,58.6112060546875,59.210412490201186,58.16607567613991,59.03921251744309,22760300
2022-01-11,61.076515197753906,61.11931845235703,58.70536249017066,58.9707243823028,32936100
2022-01-12,60.89676284790039,61.47028997684112,60.46875635808897,60.89676284790039,23045100
2022-01-13,60.460182189941406,61.27339827487358,60.18625835301443,60.87963316746976,21043200
2022-01-14,61.521644592285156,61.76132714032841,60.43450463826949,60.47730789221705,23012900
2022-01-18,62.55744552612305,63.24225215997253,61.64151167356681,62.33488026796235,32841200
2022-01-19,62.583099365234375,63.22510899636656,62.103734263864105,63.13094706133173,26431600
2022-01-20,62.72006607055664,63.66168554171086,61.85549769193036,62.06093897160922,26774600
2022-01-21,61.77845001220703,62.64302487805739,60.81115777713182,62.64302487805739,35995200
2022-01-24,62.30918884277344,62.55743340360454,59.758267155950584,60.674200831015156,41507000
2022-01-25,64.14105224609375,64.40641417750895,61.11076554184593,62.13797849578794,39278400
2022-01-26,63.49047088623047,65.05697595357148,62.908381892779914,64.56904889515408,35252400
2022-01-27,64.30368041992188,65.06553124837492,63.33638182832761,64.59472162141674,29174700
2022-01-28,64.44065856933594,64.73170638978394,63.30215969471644,64.17529662519944,30595700
2022-01-31,65.02275085449219,65.41651607597011,63.576086702102735,64.17529975893886,36085500
2022-02-01,69.19153594970703,69.77362508116249,65.28811202606285,65.44219463529699,61033100
2022-02-02,69.01174926757812,69.17438724676437,67.75340949816527,68.53237769346057,30299300
2022-02-03,68.20709991455078,68.74638562545935,67.64212833381474,68.558061765214,28529400
2022-02-04,69.6880111694336,70.64674140804432,69.2257634340206,69.2257634340206,32197500
2022-02-07,70.52690124511719,71.11755222708652,69.02887869270457,69.45688513625103,34949200
2022-02-08,68.70359802246094,70.62106511325887,68.41255023685595,70.42417927027371,34356300
2022-02-09,68.37471008300781,69.26617676554295,68.12371351942568,68.8767032101721,40106100
2022-02-10,67.71693420410156,68.96326029358127,67.32746060277017,68.13237843501547,28527700
2022-02-11,69.42195892333984,69.51716473234785,67.70826756771665,68.04581303483214,42002100
2022-02-14,68.35739135742188,69.10171744333303,66.68697124380634,68.87669154438181,34652800
2022-02-15,67.50054931640625,67.67365380705974,66.14171043026677,66.557154604574,25075100
2022-02-16,67.81212615966797,69.00652395209612,67.54382247157675,68.19294940980572,21733800
2022-02-17,67.70826721191406,68.47856395110519,67.46592095181965,67.92464284883877,23738800
2022-02-18,66.95528411865234,67.65633913730758,66.54849682521895,66.78218623361138,23394800
2022-02-22,66.17632293701172,69.05844795913282,65.18099370256404,68.95458527791088,35947800
2022-02-23,66.44462585449219,67.05048158317945,65.89070476745597,66.17632218512595,25385000
2022-02-24,65.60509490966797,68.4006644048081,64.07315172219833,68.37470038523408,46199900
2022-02-25,67.37071228027344,67.50053897756312,66.00322333150108,66.37538967532612,28310300
2022-02-28,67.87271118164062,68.3141193492335,65.95129438498299,66.21960467675078,32204600
2022-03-01,68.52184295654297,69.8027897791329,67.79482390285818,68.1756405772002,40002300
2022-03-02,69.69891357421875,71.10102996730934,69.08440760654753,69.75949848361563,44321400
2022-03-03,70.14031982421875,70.77213291925159,68.91995819173606,69.11902666204348,30196600
2022-03-04,72.78010559082031,72.94455318685178,69.8114382107432,70.14898367387909,42802200
2022-03-07,75.402587890625,75.49779370362506,72.61566849901017,73.49847823388446,55207900
2022-03-08,75.97381591796875,79.20214346813859,73.93988616217919,77.07300789965898,72082300
2022-03-09,71.65496826171875,74.92656736263208,70.62501795096401,72.72818974487421,65466700
2022-03-10,73.8792953491211,74.15625589031725,71.75015995056437,72.7108682723017,44644200
2022-03-11,73.49847412109375,74.6322869388508,72.67624934929636,72.76279828265497,35303400
2022-03-14,70.86735534667969,72.22619425727383,69.67296405435059,71.88864874850124,37462600
2022-03-15,66.83411407470703,68.52184156012447,66.09843816063433,68.21891696059583,47957900
2022-03-16,66.58312225341797,68.04582391360705,65.99458015966688,67.34476224398819,37812300
2022-03-17,68.35739135742188,68.50452519979616,66.70427838862561,67.66498670596854,34041900
2022-03-18,68.08909606933594,68.71225907210116,67.5957597926904,68.42664159529016,41461500
2022-03-21,71.14431762695312,71.42127822031466,69.01518182737473,69.34407707173379,33089300
2022-03-22,70.83273315429688,71.144314634129,69.92395934083743,70.65097839160498,23132200
2022-03-23,71.94923400878906,72.93590651649589,71.87999881421727,72.13098877565491,27716300
2022-03-24,72.16561126708984,73.26480337134723,71.6203469544596,72.23485306645091,19871600
2022-03-25,73.74081420898438,73.99181073948107,71.65495650876903,71.76746946247015,22398300
2022-03-28,71.67225646972656,72.10500769894266,70.98850873517397,71.98383788302293,21552400
2022-03-29,71.29144287109375,71.39529894437933,69.03248083149228,69.94125448904114,27036300
2022-03-30,72.51180267333984,72.71087116552387,71.58571520780983,71.88863978003732,22079000
2022-03-31,71.48187255859375,73.04843710533189,71.44725825771826,71.72421888755812,27861500
2022-04-01,71.94058227539062,72.82339206841796,70.96256005983062,70.96256005983062,18671100
2022-04-04,71.97520446777344,72.40795579833024,71.01449598567642,72.32140024960987,20869400
2022-04-05,71.60303497314453,73.62830794329207,71.45589450861867,72.26946908804254,21753100
2022-04-06,72.3992919921875,73.3080657374052,71.78478595401344,72.20022349375277,24768200
2022-04-07,73.61097717285156,73.94852255955033,71.58569824940007,72.5550632541492,26122000
2022-04-08,75.16024017333984,75.48047850211286,73.71485246306652,73.71485246306652,24866500
2022-04-11,72.5723876953125,74.37263458901816,72.26946312263618,74.24280788551104,21800100
2022-04-12,74.08702850341797,75.14294283546977,73.8966168562268,74.18223432701356,22444200
2022-04-13,75.13427734375,75.39393076073725,73.73216738114884,74.96117946793231,19306800
2022-04-14,76.0171127319336,76.5623771203598,74.63230956852092,75.01312631142044,24566400
2022-04-18,76.64025115966797,76.9345188483328,75.94784649899978,76.59697339215361,19032300
2022-04-19,75.95650482177734,76.73545842907001,75.53240382248113,76.17288045695528,20382600
2022-04-20,76.1296157836914,76.59698802845983,75.55838744225989,76.1382726595005,20689400
2022-04-21,75.32469177246094,77.7221377216519,75.1169729930969,76.9864552138951,29010900
2022-04-22,73.68024444580078,76.26810234241043,73.56773146896364,75.00446915898199,23591600
2022-04-25,71.19625091552734,71.54245330141964,68.62570694959824,71.29145673672926,37698300
2022-04-26,71.22221374511719,73.32538544532885,71.12700792551105,71.60303702354172,28941500
2022-04-27,73.25614929199219,73.98317500651308,71.21356235569962,72.17427089790763,32773000
2022-04-28,75.4718246459961,76.28539920915496,72.76280386480704,73.46385886303321,33683800
2022-04-29,73.78408813476562,76.28538983183587,73.3080591183986,76.28538983183587,34656500
2022-05-02,74.7880859375,75.33335022094167,73.24748569886249,73.57638092659077,36335200
2022-05-03,76.32867431640625,76.83931766685458,74.53708424760822,74.65825408002851,33908100
2022-05-04,79.36656951904297,79.52236021925691,76.95182357061611,77.46246683043657,46188400
2022-05-05,78.16353607177734,79.66951531888981,76.50177269902635,79.66085844415633,41013400
2022-05-06,79.35792541503906,79.47043836155682,77.33264615489966,78.74341943957752,29619300
2022-05-09,73.100341796875,77.51440331313106,72.71951857633378,77.41054723717266,45851600
2022-05-10,73.58502960205078,75.20352187323788,72.28677567637179,74.1216436018387,34483200
2022-05-11,75.11697387695312,76.97780584781627,74.67556568775744,74.80539240261041,33020600
2022-05-12,75.45796966552734,75.52791404361352,72.9223008424508,75.15193549394114,29491500
2022-05-13,77.69635009765625,77.77504002482515,75.50168429321207,76.38479794431417,25798400
2022-05-16,79.5237808227539,80.4243856236251,77.79253561604531,77.80128116542453,26101200
2022-05-17,80.5380630493164,80.8353450633879,79.67244031733698,80.20580550343051,23120700
2022-05-18,79.26148223876953,81.24629520708602,78.54450054927058,80.88780769778668,25451200
2022-05-19,79.68991088867188,80.70418112219272,77.81876362287251,77.81876362287251,24387400
2022-05-20,80.3194580078125,81.83211115682751,79.0428813217948,80.38066351087843,28795000
2022-05-23,82.09441375732422,82.86385522177234,80.92276379980787,81.0189448167262,27239300
2022-05-24,82.54035186767578,82.88135490082654,80.72166457693884,81.15884863696795,24293300
2022-05-25,84.20166015625,84.40276110613496,82.60156475250464,82.69774578798004,29947800
2022-05-26,84.49893951416016,85.18969116977767,84.11421538422135,84.4639639868112,24314800
2022-05-27,85.32958221435547,85.62687084606331,83.32728507620583,83.89561902138662,25588800
2022-05-31,83.9393539428711,87.24446493702757,83.68578634399395,86.17773457999283,44888100
2022-06-01,85.54818725585938,86.3088900426898,84.481463583469,84.83120555033776,25815400
2022-06-02,85.39954376220703,85.77552236943606,84.63010211827564,85.06728623501171,19089100
2022-06-03,86.64114379882812,87.13954008875854,85.60065015226674,85.60065015226674,21038200
2022-06-06,86.42256164550781,87.24447000193514,86.2739206319542,86.71985034351593,20682100
2022-06-07,90.38346099853516,90.43592096615708,86.99090744642251,87.17452400400059,37810200
2022-06-08,91.45015716552734,92.30704084611175,90.04243064961602,90.48835358141372,31613200
2022-06-09,89.47408294677734,91.43266548442269,89.32544198130444,90.4271409063494,26607000
2022-06-10,87.83902740478516,90.36595093554973,87.25320231958227,89.1330952587929,30950500
2022-06-13,83.80818939208984,85.48697471016035,82.12065852429714,85.2683826634043,33421000
2022-06-14,84.02677917480469,86.2739050880737,83.30105199811283,85.1722060051556,31264000
2022-06-15,82.96878814697266,84.43772681599519,81.55230942905477,83.9305917189864,29620800
2022-06-16,79.90850067138672,81.42989930793149,78.9379515400825,80.80035987518484,35696700
2022-06-17,75.30059814453125,79.87354048100445,74.8983895390734,79.53253738787933,64610200
2022-06-21,79.98721313476562,80.90529582559594,77.39907715734728,77.4515437903237,35951500
2022-06-22,76.82198333740234,78.48328409483611,76.53344025761082,76.54218580663766,29727200
2022-06-23,74.50491333007812,77.86249067832,73.02722894118652,77.5214876148681,35757200
2022-06-24,75.98260498046875,77.29415740244151,75.02954008496691,76.02631939199416,26639000
2022-06-27,77.84500122070312,78.72811498691443,76.65585991300277,76.77827092959839,25478700
2022-06-28,80.00469207763672,81.52609091158892,78.99916729111482,79.67243455577822,33096900
2022-06-29,77.0493392944336,81.49112532096264,76.73456616337786,81.29876989278496,25400900
2022-06-30,74.88089752197266,76.59465851722668,74.03275923937899,75.31808165354461,39948100
2022-07-01,76.5509262084961,76.83946259798753,74.06771745288981,75.84268354472906,26327900
2022-07-05,74.1551513671875,75.80770642977245,72.58129289710116,75.49293340157544,34591100
2022-07-06,72.8173828125,74.52240480934469,70.83256992868488,73.2370824847556,33375700
2022-07-07,75.14320373535156,75.86018537813327,74.58360863224877,74.65355301696175,23817400
2022-07-08,75.26559448242188,76.33232444515724,74.26007000914356,76.02629032697399,17673800
2022-07-11,74.88089752197266,75.30059722347794,73.76170721249252,74.46994337095094,15603800
2022-07-12,73.88411712646484,74.36502233233452,72.45015373010844,73.2545709191083,21013000
2022-07-13,74.18138885498047,75.46671107182706,72.83486780684532,72.90481218727484,19928600
2022-07-14,72.69499206542969,72.84363310023052,70.55279204112986,71.56705596960224,26343000
2022-07-15,73.91909790039062,74.21637992445191,72.48513440231669,74.14643552937332,17243700
2022-07-18,75.28311157226562,76.89195276178289,74.97708399219196,75.70281130415302,19395800
2022-07-19,77.18045806884766,77.39905006217508,75.41423769795739,75.56287865240445,18248900
2022-07-20,78.02861022949219,78.38710436563319,76.28861951471613,76.57716259928335,16584400
2022-07-21,76.72581481933594,76.76953590069857,74.50491863830237,76.00883311293144,21375700
2022-07-22,76.1399917602539,77.35536314115858,75.74652202997288,76.55094592101602,15479500
2022-07-25,78.6756591796875,78.80680908231672,76.43727189190932,77.08430920908215,17536400
2022-07-26,78.36962127685547,79.81233017624052,77.8187716989376,79.68117360886004,15141200
2022-07-27,80.06590270996094,80.44188133521153,78.16852515339653,78.93796683420915,18047000
2022-07-28,81.00147247314453,81.53483762829926,79.57625465660826,80.59926388696068,20353100
2022-07-29,84.75251007080078,85.26838410785203,82.27804645858886,82.58407399505147,29825800
2022-08-01,82.61029815673828,83.37099410796775,81.51733806966242,82.88135012364543,20793200
2022-08-02,82.25181579589844,83.23984945423297,82.03322374725717,82.79392647805274,16722500
2022-08-03,79.58499145507812,82.55784470012313,79.38389050269421,82.55784470012313,23580800
2022-08-04,76.23616027832031,78.99041458321605,75.57163862391998,78.96418460635412,31821500
2022-08-05,77.33786010742188,78.42208141518375,75.44048282518796,75.5104338781209,17408000
2022-08-08,77.77503204345703,78.34337258576132,77.13674713003569,77.47775012123856,14458500
2022-08-09,79.20901489257812,80.1008742244463,78.64941975806877,78.73686191794228,19083400
2022-08-10,79.9609603881836,80.25824901220948,77.98489327753188,79.28769988375609,18302000
2022-08-11,82.27407836914062,83.2540577104147,80.72906674370876,81.08220686952028,18797900
2022-08-12,82.98919677734375,83.00685108953869,81.32058474269914,81.64724677189332,15058200
2022-08-15,81.50598907470703,81.86796648063145,79.15757477338663,79.92566199989155,20755200
2022-08-16,80.7467041015625,82.00919931983302,80.59661890603394,81.24993608446951,14038200
2022-08-17,81.4000244140625,82.29171857098929,80.26996003951349,80.57896096447378,13678000
2022-08-18,83.32467651367188,84.14574005299701,82.18578149230373,82.23875789645471,17770400
2022-08-19,83.05982971191406,84.04863287838107,82.81262892029731,83.13046043400925,16128600
2022-08-22,82.99803161621094,83.42180248808266,81.09987301005313,82.47713844721109,16019900
2022-08-23,86.52063751220703,86.88261484106461,84.26933251530744,84.35762426868789,23764700
2022-08-24,87.03271484375,87.37703118619316,85.95561993222371,86.52948274820105,17050300
2022-08-25,87.48297119140625,88.16278009315712,86.6089379105857,87.33288596115028,15305700
2022-08-26,86.4058837890625,88.20692677557444,86.00859103184754,87.20045583205972,15531400
2022-08-29,88.39231872558594,89.66363791151029,86.64424558333086,86.67956094067816,23059200
2022-08-30,85.02859497070312,87.06801455837554,84.59599367331838,86.83846812608944,17086800
2022-08-31,84.39293670654297,85.49651631659222,82.62720933046417,83.01567150863043,18340900
2022-09-01,82.87442016601562,83.93385394013663,81.47949386604098,83.35999117260623,16423000
2022-09-02,84.39293670654297,85.45237717361948,83.96916590828468,85.06391499545323,18206800
2022-09-06,83.8279037475586,85.27579964434776,83.43944830852526,84.89617472811743,19201500
2022-09-07,83.11280822753906,83.51009429408585,81.48834186083019,82.27409020451046,16274700
2022-09-08,83.79259490966797,84.24285053571974,82.74198497744985,83.57187899017444,18759200
2022-09-09,85.19635009765625,85.63778196344722,84.15457062496095,85.21400440857298,17158000
2022-09-12,86.17633056640625,87.57125689810485,85.53183706975295,86.2116459244422,16118900
2022-09-13,84.16339111328125,86.32640430346962,83.79259000680008,85.29345547725141,18229100
2022-09-14,86.22930908203125,87.01505735572391,84.88735901757126,84.92267437923027,22655700
2022-09-15,83.72197723388672,85.23167354998765,83.03334453556522,84.9491573984784,21092300
2022-09-16,82.2917251586914,84.17222242603059,81.22346088361665,83.93385218932612,37874700
2022-09-19,82.28289031982422,82.53892158920544,80.34059296442099,80.34942348701074,15342100
2022-09-20,81.61192321777344,82.04452454813557,80.90562955799744,81.86795450104934,14712500
2022-09-21,80.29645538330078,82.88324644071545,80.22583140243158,82.60956083359311,17332400
2022-09-22,79.96097564697266,81.80616452732235,79.91682976183019,81.40004124401753,16139400
2022-09-23,75.70557403564453,77.25058575065768,74.91099523506588,77.25058575065768,27738800
2022-09-26,74.14290618896484,76.12051924967253,74.0634449429978,74.95513928264809,22043400
2022-09-27,75.69673919677734,76.77383409442415,74.87567560559708,75.58196932934729,17307300
2022-09-28,78.45126342773438,78.83972558396339,75.85564217604967,76.03221894511513,19543300
2022-09-29,78.29236602783203,78.8927137117365,76.9239243740785,77.85093410542335,17896000
2022-09-30,77.08283996582031,78.61019737770606,77.08283996582031,77.8421034095485,21357600
2022-10-03,81.15282440185547,81.54128655998345,79.21052708264563,79.49304317881642,23881300
2022-10-04,84.11043548583984,84.18989673440238,81.850306199778,82.31822295955956,22133700
2022-10-05,87.50946044921875,88.27754762828371,84.45475257344205,84.53420708063521,34857700
2022-10-06,90.10506439208984,90.21101045780276,86.81198666083502,86.9355870363091,29124700
2022-10-07,89.19573211669922,91.21749110587412,88.44529920456061,90.21985739780435,24507600
2022-10-10,87.26226806640625,90.07860617332875,87.15632870510883,89.60185884033854,16786100
2022-10-11,86.52063751220703,88.07447941883464,85.41705795210234,85.83200494441613,17804100
2022-10-12,86.90027618408203,87.32405373317772,85.84084241491624,86.07921265547807,12635800
2022-10-13,89.93733215332031,90.44938800642039,85.99093013434508,86.12336104327551,22019100
2022-10-14,87.57125091552734,90.26398110858044,87.43882001586874,89.27517809398903,15222000
2022-10-17,88.83375549316406,90.02562024264392,88.72780941527311,89.23104149775199,14283200
2022-10-18,88.99267578125,90.3611106612963,87.6065798527964,89.64599312227672,14065400
2022-10-19,91.63243103027344,91.80900108908847,89.37230194600424,89.38995625759935,20921700
2022-10-20,91.75601196289062,92.7006757222507,91.29692586588531,92.10032821957324,17649000
2022-10-21,93.4599609375,93.93670819029063,91.73837924885284,92.21511976592733,22814100
2022-10-24,94.1132583618164,95.06675266587082,92.80662400652528,93.28337115855248,17024200
2022-10-25,93.47761535644531,94.75777188921322,92.76249784429935,93.94553882162568,15719800
2022-10-26,94.59002685546875,95.1992050320113,93.58356266379094,93.81310913745739,17383800
2022-10-27,94.95199584960938,96.74420812480334,94.83721925506757,95.71125918822095,18214000
2022-10-28,97.7330322265625,98.18329470704958,95.45524845595328,96.63828286322406,28169400
2022-10-31,97.83013153076172,99.68415082368429,96.6206124849727,96.67358215538215,26401800
2022-11-01,98.8012924194336,99.38397903269482,97.68888213047775,99.2074089646075,22213100
2022-11-02,96.77070617675781,98.96903525543533,96.50584433010033,98.50994902170778,20654200
2022-11-03,98.0861587524414,98.72182171378958,95.62296814507505,95.86134512343845,17103700
2022-11-04,99.15440368652344,100.20501347218908,97.821284568458,99.76358169477855,17541500
2022-11-07,100.32864379882812,100.63764478817015,98.99551754684808,99.24272507403809,16008000
2022-11-08,100.64646911621094,101.22916243371162,99.41045849921954,100.18738292255378,14661000
2022-11-09,96.14387512207031,100.01081638072176,95.85252843345307,99.85190061745026,19522800
2022-11-10,97.55644989013672,97.73301995583236,94.9696586869696,97.28276426759358,20146700
2022-11-11,100.60232543945312,101.08790321468346,99.3133451237789,99.39280636686938,20518900
2022-11-14,100.8960189819336,102.02627921216617,100.11284012324629,100.23743552532106,20858300
2022-11-15,101.57239532470703,101.92838510911791,100.45103667023228,101.27871003326291,19373800
2022-11-16,100.48661804199219,101.68807740455001,99.55214587670325,100.95830153477911,13591000
2022-11-17,100.62010955810547,100.74470494311062,98.56427891558135,99.04486402486087,12425900
2022-11-18,99.74794006347656,100.10392978132839,97.54971085492615,98.69777413028022,15415000
2022-11-21,98.76007080078125,98.96476030322128,95.65407429425738,97.88789634055688,20973000
2022-11-22,101.61687469482422,101.87496706315285,99.16945479060392,99.86363098613799,17719100
2022-11-23,101.109619140625,101.41220606121865,99.76576085283725,99.9615555849582,11546700
2022-11-25,100.75361633300781,101.99957709393654,100.62011932470476,101.34989527482959,7136000
2022-11-28,97.72772979736328,99.19618355268086,97.55863989604283,98.4842107067282,23015500
2022-11-29,98.37738037109375,99.49874556376332,97.70990222139929,98.43967806013434,14453200
2022-11-30,99.08935546875,99.58774378348026,97.70100305543784,99.26735372041762,23158100
2022-12-01,98.6087875366211,99.73904769636006,98.05700308331859,99.35635990244408,14398300
2022-12-02,97.772216796875,99.41866182582771,97.18483266452493,97.46072829787423,15248400
2022-12-05,95.09339141845703,99.10716216776137,94.28352141224309,98.51977810154838,19287700
2022-12-06,92.45016479492188,95.26247579837596,91.80048990952564,94.24790962369654,21197000
2022-12-07,92.2454833984375,93.3134457422645,91.10632175437163,92.36117716887141,20061700
2022-12-08,92.93077850341797,95.04891401845458,92.29889985168685,94.58612525469007,21128800
2022-12-09,92.14759826660156,94.29242484843529,91.93400712752556,93.08206374377149,21298200
2022-12-12,94.41702270507812,94.55051971670585,92.1920951444162,92.40569307899659,20413200
2022-12-13,95.44938659667969,96.59744996354439,95.2446902858686,95.93887334648468,24305300
2022-12-14,94.7463150024414,96.38386522777827,94.11443638617808,96.10796959142547,17597300
2022-12-15,93.83856201171875,94.48823716119564,92.29000729253859,93.74066464016342,15365100
2022-12-16,93.17997741699219,93.96315638067303,91.78272297217377,92.28111143722734,54596600
2022-12-19,93.59823608398438,94.51490500657937,92.89515827200884,93.67833699417854,13611100
2022-12-20,94.95101165771484,95.68078763297866,93.5092561402687,93.59825188555645,14680000
2022-12-21,96.17025756835938,96.64194107999613,95.36928915460457,96.37495387205767,13565400
2022-12-22,94.23011779785156,96.28595522346839,92.64597065954247,96.01896123366697,13213000
2022-12-23,96.72205352783203,96.77544961779844,95.13790615271992,95.18240063104518,11539400
2022-12-27,98.06591033935547,98.31510114230746,96.85554919078281,97.24713182830445,11962100
2022-12-28,96.45504760742188,97.89680296824143,96.02786536047196,97.81670884316559,10702100
2022-12-29,97.1848373413086,97.64762609632893,96.1079731701187,96.1079731701187,10534000
2022-12-30,98.16381072998047,98.3418022261784,96.65975746432859,96.65975746432859,11799600
2023-01-03,94.79081726074219,97.91461071873253,93.88304299863717,97.70101957056555,15146200
2023-01-04,95.06669616699219,95.36928981935891,93.23335819126602,93.26895784389384,18058400
2023-01-05,97.19373321533203,97.85230986173873,94.61281592759985,94.63951397151716,15946600
2023-01-06,98.3685073852539,99.66786441329644,97.60313167436105,97.96802309487686,16348100
2023-01-09,96.53514862060547,99.35635486124646,95.94776454302779,99.35635486124646,17964600
2023-01-10,97.97691345214844,98.19051140122642,96.12577875638965,97.70992620071176,15104600
2023-01-11,99.1160659790039,99.18725849381175,97.0869265333434,98.77787267642411,16710400
2023-01-12,100.76251983642578,101.22530177863506,99.44535974100857,99.51655905209924,15357300
2023-01-13,100.70021057128906,101.00279742376226,99.81914126503796,100.66461091983234,12011400
2023-01-17,100.5044174194336,101.52788534715503,100.27302307639778,100.9316064535044,16542200
2023-01-18,98.43971252441406,101.56351325982669,98.25281939185997,100.79813750368638,16399700
2023-01-19,99.07156372070312,99.79243800169331,97.52301620267482,97.9591000574766,12928000
2023-01-20,100.87820434570312,100.95830526079745,98.43968587963329,99.10716408234849,16515600
2023-01-23,100.35314178466797,101.98178371536297,100.24634280972873,101.13631389773408,16584400
2023-01-24,101.28759002685547,101.47448310857379,93.33125447825776,97.14923060749068,13583000
2023-01-25,100.75361633300781,101.14520574671282,99.13386938078246,100.77141955541617,11914700
2023-01-26,104.8030014038086,104.82079783870451,101.7592950011049,102.09748837359466,21019700
2023-01-27,102.8895492553711,104.72288736757501,102.69375454631242,104.0821071524521,15179200
2023-01-30,101.06510162353516,102.78274587476369,100.70021705500396,102.42675612721493,18672100
2023-01-31,103.24554443359375,103.59263260333397,98.27950429585489,99.76575433447994,27861800
2023-02-01,102.11526489257812,104.46478765717039,100.86930420470296,103.0853367587589,19464900
2023-02-02,98.92027282714844,102.40895733484689,97.74551144027286,102.21316263871104,24562100
2023-02-03,99.60556030273438,101.55459911446974,99.28517017505348,99.58776386894783,20226600
2023-02-06,99.43645477294922,100.64680898828426,98.18159250529915,99.9971340132107,13855200
2023-02-07,102.27545166015625,102.62253975934713,99.69453475622127,100.02382642542705,16013300
2023-02-08,101.38549041748047,103.08533821501081,101.32319272170362,102.39116195065753,18459700
2023-02-09,101.76819610595703,103.4502409777758,101.61690264530345,102.00849211046874,17439300
2023-02-10,106.0578384399414,106.4672242697067,103.37903071974203,103.69051920000479,24918600
2023-02-13,105.64530944824219,105.98609829702671,103.94135151994386,105.57356226675455,14536200
2023-02-14,104.4076919555664,105.65427012405458,104.04896289911069,104.9368188533308,12079000
2023-02-15,104.09381103515625,104.1117444097592,102.36294959298361,103.77992566319499,13663400
2023-02-16,103.78890228271484,104.7305584576728,102.9548600465016,103.41223297054329,11360600
2023-02-17,99.79804229736328,102.40778952725545,99.52900063508393,102.40778952725545,20758300
2023-02-21,99.69939422607422,100.78454469583224,99.37653874919886,99.37653874919886,14469400
2023-02-22,98.4079818725586,99.52003585566943,97.43044530669613,99.08059632755264,13973800
2023-02-23,99.31375122070312,100.29128765672246,98.56042641542187,99.30478795553584,11289400
2023-02-24,99.32274627685547,99.51107752548255,97.77124573980062,98.0492644001263,14351000
2023-02-27,99.14337158203125,99.7801124333347,98.61424466254995,99.36757639624463,11710500
2023-02-28,98.56940460205078,99.86978974535776,97.9505971454296,99.76216897484477,18107000
2023-03-01,99.44829559326172,100.31821144368344,97.96854232084664,98.03131940066118,13200000
2023-03-02,99.90567016601562,100.17471184741073,98.80257942994994,99.20615221532488,10339900
2023-03-03,101.17017364501953,101.67239705905213,98.60527013791821,98.69495753333706,13006700
2023-03-06,102.06700134277344,102.09390482675954,100.32717657051974,100.43479050646414,14347400
2023-03-07,100.093994140625,101.49302994060142,99.69939149255465,101.17017447257798,11525300
2023-03-08,98.63218688964844,100.82042126828415,97.81607806502748,99.75321098356422,13509800
2023-03-09,97.86988067626953,100.65002577919886,97.78020012118517,99.4303510719259,12961200
2023-03-10,96.65918731689453,99.58282027948745,96.09419359619547,98.25552464645989,15795700
2023-03-13,95.547119140625,96.73092022024915,93.01808925041945,94.47093198684733,20745600
2023-03-14,95.90585327148438,97.76226885472325,94.13014813690516,95.37672635335991,18263500
2023-03-15,91.13478088378906,93.44856950703975,89.87923247944467,92.21096132054807,25733800
2023-03-16,90.60564422607422,91.18857808445073,87.90621647223654,88.88375297484102,27465200
2023-03-17,89.53842163085938,91.12579537534221,88.91065095586951,90.22000610812495,43199500
2023-03-20,91.87913513183594,91.90604545844505,89.23352091690357,89.35010496345646,32042100
2023-03-21,95.99553680419922,96.21077151615142,93.38578940829974,93.42166300065647,31592300
2023-03-22,93.79833221435547,96.12109788092143,93.77142872869683,95.78030899226431,14952700
2023-03-23,92.74008178710938,95.36775561715245,91.87016602116917,94.48887658510102,14385900
2023-03-24,92.84770202636719,93.13468393174618,90.49803981426052,91.00025643812668,13401600
2023-03-27,94.88346862792969,95.49330592246706,93.18848098500132,93.93283567803529,14805900
2023-03-28,96.06727600097656,96.54258908635191,94.33641465626654,94.56061945821246,11047600
2023-03-29,97.71741485595703,97.89678279327563,96.39908959596094,96.91027624349135,14219100
2023-03-30,98.19274139404297,98.26448857881849,97.3228255946572,98.24655520371869,11578200
2023-03-31,98.34520721435547,98.80258012861786,97.79814689680565,98.36314058970002,14418000
2023-04-03,104.14762878417969,104.79333981174744,101.44820746363762,101.6903456778812,28087700
2023-04-04,103.15215301513672,104.65880971486472,102.389857977542,104.26421387501834,16365500
2023-04-05,104.91888427734375,104.92785438583896,102.51540836473275,103.44810122478054,16479500
2023-04-06,103.1790542602539,105.08927674052394,102.9279391305777,104.80229486308167,15778000
2023-04-10,102.72168731689453,104.19247047698552,102.38986170019297,102.93692204119873,13006600
2023-04-11,103.44808959960938,104.21038452352424,102.57817391241029,103.09833067166976,11758500
2023-04-12,103.3404769897461,104.56014477817325,103.07142849921539,104.1745190997665,10919000
2023-04-13,103.82476043701172,103.93238120903331,102.35397743032247,102.77548356800557,12399700
2023-04-14,104.07588195800781,104.62294227552411,103.24183973967872,103.94135769527314,11530800
2023-04-17,102.86516571044922,104.48841321309042,102.61405741404627,103.57365374226492,13260400
2023-04-18,104.8740463256836,105.11618451502486,102.5064440295532,102.5871544786043,17436100
2023-04-19,104.54222106933594,104.83817306784088,103.82476292305508,104.1027815468876,10682600
2023-04-20,103.70818328857422,103.74405688163127,101.54685233384663,103.2508035298323,17038700
2023-04-21,104.03999328613281,104.820221580973,103.36737891213282,104.47046265386797,14315300
2023-04-24,106.0040512084961,106.62285878904825,103.92343045719835,103.9593040545539,15831300
2023-04-25,104.49736022949219,105.59148064412594,103.69919176482072,105.42108966502781,12179800
2023-04-26,103.53778076171875,105.00856379977199,102.84723294253769,104.0579375743002,15566100
2023-04-27,104.775390625,104.93681835753299,103.0265890488614,103.69024019493457,16279200
2023-04-28,106.12958526611328,107.54656130328293,104.77539314405982,105.15205558163015,24381900
2023-05-01,102.8382568359375,105.19689572960837,102.64095551562568,104.02205791562092,17355000
2023-05-02,98.73979187011719,102.18358113228763,98.01337051263053,102.18358113228763,24324100
2023-05-03,96.79371643066406,98.47973441012515,96.64125877744347,97.82506009114783,16212300
2023-05-04,95.09872436523438,97.52910397424252,94.98214031332664,96.7668088978241,17177200
2023-05-05,97.46631622314453,98.13893065967464,96.43497271869411,97.34973218400027,14968200
2023-05-08,97.85194396972656,99.52002823780154,97.78916689908664,99.09852211685315,11187800
2023-05-09,97.87886047363281,98.85639709472728,97.04481822862827,97.16140227756001,11370800
2023-05-10,96.62330627441406,98.65908984979112,95.69958352067766,98.41694481516451,14884800
2023-05-11,94.87451934814453,95.79824217893452,94.10325416391066,95.50229015289833,17165900
2023-05-12,94.86553192138672,95.96862252516006,93.96871273991445,95.34084499281705,12613300
2023-05-15,95.04644775390625,95.82440533758876,94.60319509859488,95.444474490179,13715600
2023-05-16,92.73973083496094,94.81126883215013,92.28743014303913,94.64844030699584,14795200
2023-05-17,94.82032012939453,95.19121002262695,93.0382542359943,93.52673982872034,14064700
2023-05-18,95.67967224121094,95.80632276705623,94.19612672681637,94.57606450123247,12005600
2023-05-19,96.12293243408203,96.8375682622344,95.72490566864022,96.40335661797424,13359600
2023-05-22,94.95599365234375,96.82851795067934,94.87457595160232,95.74299231733885,12882000
2023-05-23,96.24957275390625,97.89594672502376,95.66158057103006,95.87868293492475,14394400
2023-05-24,97.32605743408203,98.15829593409747,96.54810661052527,97.13609197584088,16340300
2023-05-25,95.58019256591797,96.27673264606743,94.72081704706605,95.8334798677905,14316500
2023-05-26,94.95599365234375,96.7471002499379,94.82935003035466,96.31289551784953,12370300
2023-05-30,94.11471557617188,94.18708533308296,92.82113550301588,93.43626463364028,11938000
2023-05-31,92.43215942382812,93.2101170797607,92.03413265059004,92.53166611713765,24926100
2023-06-01,93.49960327148438,95.50781952702071,91.59994167084986,92.04319443396699,13551900
2023-06-02,95.6706314086914,96.00532945865801,94.55796881966207,95.1278720317629,14112000
2023-06-05,95.24546813964844,96.96421192561886,95.06454374548527,96.96421192561886,10628000
2023-06-06,96.02342224121094,96.1319699721478,94.06043922242606,94.2142197756264,12209800
2023-06-07,98.17638397216797,98.50204101215341,96.54810567380137,96.60237954661207,16027100
2023-06-08,97.86880493164062,98.72817330131528,95.79726737883945,98.39346837653243,13517100
2023-06-09,97.14513397216797,98.24874867283847,96.93707953607714,98.11305709624517,12251600
2023-06-12,96.2676773071289,96.8466216388289,95.48971956736438,95.71586991260847,14112000
2023-06-13,96.28575897216797,98.00449582080898,96.14101945984967,97.13607945157862,13533800
2023-06-14,95.12787628173828,97.79644736343559,94.43132941395355,97.19940719104868,16627700
2023-06-15,95.78824615478516,96.81949124668591,95.38117826645218,95.43545214448024,16224100
2023-06-16,95.10073852539062,96.58428420418294,94.94695795051157,96.2134012352652,43128900
2023-06-20,92.92064666748047,94.77507519208778,92.37788726763345,94.69366438781283,17514100
2023-06-21,93.96094512939453,94.6484371893464,92.5678582159753,92.7216387897887,13285700
2023-06-22,93.4453125,93.97902392826028,92.85732030332215,93.02918984889146,12455300
2023-06-23,92.63117980957031,93.01111072097203,91.9255918593784,92.80304937336027,17933600
2023-06-26,94.34088897705078,94.90174437802196,92.45026829905356,92.45026829905356,14283400
2023-06-27,94.5760726928711,94.63034656467718,93.41817718237733,94.12377202365901,13227500
2023-06-28,95.344970703125,95.72490156207878,93.35484386285155,94.35895177691486,13084100
2023-06-29,96.52095794677734,96.54810178364964,95.10073415244969,95.58017864868188,11364400
2023-06-30,97.01849365234375,97.58839001161392,96.62046685450144,97.08181547004044,13544700
2023-07-03,97.20845031738281,98.11305157501886,96.85565637902954,97.23558725086231,7397000
2023-07-05,96.71092987060547,97.62457222936003,95.9781981126126,97.36223701990089,12491200
2023-07-06,93.10157012939453,95.63445669297404,92.65831739631436,95.06455342031029,17961400
2023-07-07,93.31867980957031,94.07854164084338,91.87131210923187,92.19696915165194,21929200
2023-07-10,94.70270538330078,94.75697924883441,92.94777678107624,93.14679015677919,14877600
2023-07-11,95.86058807373047,96.03246450629476,94.8112473930043,95.21832206462088,12576500
2023-07-12,96.33098602294922,97.38032679487956,96.00532901797497,96.79233459692273,13238200
2023-07-13,94.5670166015625,96.09579494031807,93.46340195949469,95.86059668014954,26826800
2023-07-14,91.31045532226562,94.12376585243494,90.93956548508007,94.12376585243494,28181900
2023-07-17,91.7084732055664,91.97080839901436,90.65913933333447,91.11143996309441,18051300
2023-07-18,91.29237365722656,92.45026237066813,90.7677031772105,91.29237365722656,24617800
2023-07-19,91.92559051513672,92.63117845501073,91.18381769353066,91.40996802818569,15556500
2023-07-20,93.54481506347656,93.77096536748664,92.59498102601042,92.75780952096005,15740200
2023-07-21,93.9790267944336,94.42227949092943,93.40913047036751,94.22327300586197,17121500
2023-07-24,95.45352172851562,96.03247288319834,94.04234597422371,94.40418785781544,15090900
2023-07-25,95.5982666015625,95.96914954940382,94.56702166153109,95.03741130547724,14116100
2023-07-26,95.06454467773438,95.63444789798719,94.65747686460524,95.08264056810813,15159600
2023-07-27,95.36306762695312,96.7832913954252,94.74793846535987,95.88773803863332,17677900
2023-07-28,94.2232666015625,95.12786782361331,92.55879676417798,95.08263500188693,17566400
2023-07-31,97.00943756103516,97.57029282894206,95.1550091118777,95.1550091118777,24197000
2023-08-01,96.44860076904297,97.08181896883076,95.46258168473256,96.7471139766225,14177400
2023-08-02,95.24546813964844,96.23148020698791,94.59415412378091,96.12293247204997,13484100
2023-08-03,96.90088653564453,97.58837850340377,95.25451256812056,95.78822398268836,16280400
2023-08-04,97.17225646972656,98.8186303305987,97.09084567680242,97.66074193194919,14279600
2023-08-07,96.97325897216797,98.07687368942142,96.34908875295639,97.60648403859817,12410800
2023-08-08,97.45271301269531,97.47080200422269,94.83840858630133,95.92393442009242,14065600
2023-08-09,99.10810852050781,99.88606613019873,97.97735698334773,98.33919885555089,19919600
2023-08-10,99.61470794677734,100.98065108197554,98.99957872307318,99.67802976826626,15837200
2023-08-11,101.16155242919922,101.3786547817083,99.55136342010141,99.84083552396665,14047000
2023-08-14,101.24298858642578,101.29726936432084,100.2117435267137,101.02588617952878,12973400
2023-08-15,98.64372253417969,101.10616466424442,98.4704371470097,101.00584227779177,14909600
2023-08-16,96.98384857177734,99.7107834031121,96.92912979861842,98.75316312402151,13695100
2023-08-17,98.86260223388672,100.45863130652467,97.96882289163025,97.96882289163025,16709500
2023-08-18,100.35832977294922,100.50424884310523,98.15125078105258,98.16948805552109,16224000
2023-08-21,99.14533996582031,101.21562188296137,98.62549069712657,100.65016899355555,11092400
2023-08-22,98.58899688720703,100.06646634136506,98.45219300028106,99.56485440868138,10518800
2023-08-23,97.72258758544922,97.85939147758087,96.41840346897948,97.62226519509501,11435600
2023-08-24,96.99297332763672,98.28803535398288,96.73760976842877,97.05681421743871,10818500
2023-08-25,98.72581481933594,99.34598649791216,97.23922999719304,97.97796135030012,13579300
2023-08-28,99.55575561523438,100.35832788130482,98.89910241656953,98.90821757456396,10382100
2023-08-29,100.14856719970703,100.3400899015627,98.88086434589832,100.01177023990749,9665000
2023-08-30,101.1244125366211,101.36153883474393,100.30360304597401,100.7231299068772,11922100
2023-08-31,101.40713500976562,101.61689494575009,100.88728579005699,101.34329412166579,17479800
2023-09-01,103.53213500976562,103.80574280906455,102.328273217494,102.328273217494,14843500
2023-09-05,103.54126739501953,105.63890884267225,103.51390800400306,104.06111669874062,18304000
2023-09-06,104.43502807617188,104.50798411966552,103.26764788265565,103.49565204414351,13325500
2023-09-07,103.92430877685547,105.65714204179731,103.69630458299827,104.5627246945371,13248500
2023-09-08,105.43824005126953,105.83952958327549,104.26173779818026,104.45326044987371,14283200
2023-09-11,104.1158218383789,106.41410068478979,103.57772840835753,105.95809236971238,14383600
2023-09-12,107.15283203125,107.3169953031605,105.12815399706538,105.19199488291198,20145800
2023-09-13,106.19522857666016,107.58149092260453,105.70273871532673,107.07988590397379,13472800
2023-09-14,108.09222412109375,108.21991286990881,107.00692890031942,107.20757370228287,15210700
2023-09-15,106.43235778808594,108.0831129277943,106.2499572113209,107.52678212308415,34568400
2023-09-18,107.28964233398438,107.83685095370028,106.4323444229439,107.1893199419207,14045300
2023-09-19,107.00691223144531,108.384052324698,106.3502591484491,108.18341451212441,12562900
2023-09-20,106.15876007080078,107.6362228775615,106.08579705467683,106.28644186994957,11879900
2023-09-21,104.66304016113281,107.04340434392125,104.51711414682862,106.68771838172393,14400600
2023-09-22,104.82718658447266,106.41409346499873,104.70861997739061,105.52943628046764,13197300
2023-09-25,106.00370788574219,106.38675324346022,104.72688306854658,104.96400240915176,11316000
2023-09-26,106.1678695678711,106.45971463954095,105.21937134541022,105.33793101391707,11805400
2023-09-27,109.62439727783203,109.89800505291892,107.07075486227161,107.51764106732111,23976200
2023-09-28,108.95863342285156,110.08041003806247,107.791253190575,109.42376387600818,16808100
2023-09-29,107.23492431640625,108.6941496319941,106.45971151982538,108.62118662668092,18813600
2023-10-02,105.45648956298828,107.42644899444991,104.47151680539275,107.18932270181799,14395000
2023-10-03,105.63890838623047,106.19523919494843,104.90929215764218,105.28322238828109,13297100
2023-10-04,101.68988037109375,104.05200070976342,100.77786350677901,104.01552615835094,19622200
2023-10-05,99.40070343017578,101.14265875900504,99.13621773824244,100.13944172769153,20128800
2023-10-06,97.7408218383789,98.74403875279995,95.86206978274669,96.42752260562953,25367500
2023-10-09,101.16089630126953,102.2097169560314,99.88407145886968,100.72313215756054,22369900
2023-10-10,100.73223114013672,101.64424774424165,100.4312709489643,101.25208032615116,13892000
2023-10-11,97.12065887451172,97.74083052441661,95.60671473270992,97.54930784758155,57939000
2023-10-12,97.10242462158203,98.35188311762238,96.75585380289063,98.12387892980357,31183000
2023-10-13,100.20327758789062,100.50423781147063,98.35187783736473,98.52516323740718,30276500
2023-10-16,100.27623748779297,100.9420127676342,99.52838404149576,100.77784947658674,18452000
2023-10-17,101.58953857421875,101.96346875714056,100.02999086880726,100.07559448657558,19775400
2023-10-18,103.01229095458984,103.41358055830396,101.87226999688905,101.98171451375718,23380300
2023-10-19,103.07612609863281,103.94254615302386,101.53482258135261,102.80252525893196,20972500
2023-10-20,101.30681610107422,103.34973154859861,101.04233042467717,102.98492347914974,22445300
2023-10-23,99.82022857666016,101.19737579084462,99.11797875430067,100.89640859920392,18185000
2023-10-24,98.85348510742188,100.15766920805214,98.60724367108354,100.04822470404903,16786100
2023-10-25,99.035888671875,99.86582719670223,98.6163618309564,98.97204778212945,22047300
2023-10-26,98.13301086425781,98.80790137944948,97.12979372910557,97.99620694625152,18768300
2023-10-27,96.26335906982422,100.19414855894937,95.72526563435989,99.3094913054491,23092000
2023-10-30,96.56432342529297,97.05681326671345,95.95327392058304,96.4366416469397,19379900
2023-10-31,96.53695678710938,96.81968666777084,95.34221725448575,96.29071536396246,22185200
2023-11-01,96.34545135498047,97.74083590454126,96.18128805749474,97.15714572639996,28984900
2023-11-02,99.51013946533203,99.5831024689174,96.21775872849298,96.56432255832104,25212700
2023-11-03,98.29715728759766,99.20917397344752,97.16625854542164,98.86261013775321,30555600
2023-11-06,96.55520629882812,98.74404071631338,96.46399906632047,98.65284044194064,19097300
2023-11-07,95.04125213623047,95.63406433710108,94.20219850694558,95.27837840820565,20272500
2023-11-08,93.87387084960938,95.67054470191246,93.83738934988192,94.60348692788922,19184100
2023-11-09,93.9012451171875,94.82238399642593,93.81004483248192,94.54877618417349,18380500
2023-11-10,94.62173461914062,95.22366899373122,93.85564391490027,94.78589790692575,17825500
2023-11-13,95.61583709716797,95.88944491791874,94.67646091506543,94.8953499549204,15308400
2023-11-14,95.98397064208984,96.47175841489444,95.59742263591588,95.99317617226411,18260500
2023-11-15,95.4041519165039,96.77548104566054,95.25689151569553,95.68025463537603,20137600
2023-11-16,94.29972076416016,95.04520723963894,93.09405606495129,94.70467984800663,22469100
2023-11-17,96.60062408447266,97.03319279289886,94.56663692128342,94.8519452090695,22984900
2023-11-20,96.17725372314453,97.4473431583524,96.11282904936796,96.98716491087323,17458800
2023-11-21,96.14044189453125,96.36132549474924,94.99920176801474,95.91035276295662,14989000
2023-11-22,95.72628021240234,95.82751998774873,93.82114256451736,94.4101701546621,18072000
2023-11-24,96.2416763305664,97.06999856259698,95.63424470825242,95.73547746050254,9480800
2023-11-27,95.68025970458984,96.08521880650554,94.96238276702132,95.80910905124252,18013500
2023-11-28,95.62503814697266,96.55460014299925,95.60662708548,95.9379559747219,20629500
2023-11-29,94.18927764892578,96.25088119475895,93.54503092945454,95.96556591462516,26802100
2023-11-30,94.55742645263672,96.15885184555144,93.701494612204,94.89796089126494,29254700
2023-12-01,94.78750610351562,95.91954759415539,94.07883474689626,94.33653342203057,17845300
2023-12-04,94.2721176147461,95.12804945004895,93.49901449490984,93.99600785299823,21523900
2023-12-05,92.44061279296875,94.18928459528553,92.30255790811134,94.12485991858716,22250300
2023-12-06,91.2165298461914,92.69830431720459,90.5078514356568,92.03564653864433,31154800
2023-12-07,90.58148956298828,92.80875071886115,90.27777021761565,91.90680523605923,29990700
2023-12-08,91.62149047851562,91.84237406782894,90.88520248512096,91.13369564537811,22074900
2023-12-11,91.6859130859375,91.90679667027507,90.72874152479129,91.85157752963131,22252300
2023-12-12,90.24095916748047,90.82078124450076,89.7163562344346,90.82078124450076,26084000
2023-12-13,91.04165649414062,91.14289626331923,89.88201244643305,90.23174536247404,19915400
2023-12-14,93.48980712890625,94.00520447879666,91.77794362047054,91.89758742762017,26165700
2023-12-15,92.86396789550781,92.95600213683534,92.3209539346791,92.57865261910119,55527000
2023-12-18,93.55424499511719,94.89796471957413,93.43459414932644,93.99601220826737,21610400
2023-12-19,94.78750610351562,94.97158160129891,93.68308120386506,93.87635521021579,18904700
2023-12-20,93.20449829101562,95.6618554463188,93.07564894465669,95.25689634532628,20988900
2023-12-21,93.62786865234375,93.88556734560775,92.78113534649562,93.3885739992717,19250900
2023-12-22,93.79353332519531,94.74149938700805,93.71069758972669,94.16167030401607,12927800
2023-12-26,94.00521087646484,94.8243275868993,93.98680683632864,94.55742336346655,16835100
2023-12-27,93.56343078613281,94.38254738354948,93.26891001048823,93.91316367456811,14558800
2023-12-28,92.21052551269531,93.51743013585958,92.15529934458415,93.31495057023292,16329300
2023-12-29,92.01724243164062,92.57865341509435,91.68591354260273,92.37618089113792,17746400
2024-01-02,94.20769500732422,94.88875687368201,92.81795468041744,92.8823793566707,23483000
2024-01-03,94.99919128417969,95.3673352584244,93.5634375085638,94.1248484676282,23490800
2024-01-04,94.17088317871094,96.24168544399689,93.9223899964525,95.79071269453947,19395200
2024-01-05,94.4561767578125,95.16485513265694,93.99599854829458,94.95317006670331,15827400
2024-01-08,92.88237762451172,92.99282293392751,91.02326055747163,92.70751466180705,23370100
2024-01-09,91.73192596435547,93.22290594570975,91.29015879920327,93.22290594570975,19496600
2024-01-10,90.82997131347656,91.85156743367155,90.34218356670561,91.85156743367155,18206100
2024-01-11,90.81156921386719,91.57546675240167,90.71032944265117,91.15210362811764,15833400
2024-01-12,91.98963165283203,92.63388543190361,91.2717546884702,92.1645016391428,18041700
2024-01-16,89.90962219238281,92.04484883620648,89.76236179264764,91.86997886696155,20235700
2024-01-17,89.25617980957031,90.15812528123526,88.88803579140043,88.90643983251552,18384000
2024-01-18,89.09050750732422,89.35740469968768,88.18855509332055,89.27457598931885,20940300
2024-01-19,89.22856140136719,89.29298607660502,88.73157506196843,89.0168833349127,20088400
2024-01-22,89.10892486572266,89.36662358773776,88.14254763640247,88.99847954696038,19955900
2024-01-23,90.11209869384766,90.65510560060343,89.02607785857401,89.09970103419774,15863400
2024-01-24,91.66751098632812,91.71353162253877,89.9556472413876,90.48945572567297,17330600
2024-01-25,93.99600219726562,94.04202282870885,91.68591255147568,92.3209537304647,22089500
2024-01-26,94.79671478271484,94.87034498427393,93.13087184757482,93.8487487583697,20817200
2024-01-29,94.9163589477539,94.98078361891764,93.74750933613677,94.77831109651912,18317500
2024-01-30,96.49937438964844,96.52698396024195,93.9683940993909,94.25370937963669,19610900
2024-01-31,94.62185668945312,96.52699450797354,94.58504158405135,96.39814514994904,22415300
2024-02-01,94.23529815673828,95.7262781620993,93.52662676625495,95.32131906938734,19240700
2024-02-02,93.8487548828125,95.71707748328296,93.51742597593702,95.48698835471738,21973400
2024-02-05,93.46220397949219,94.22609452647544,92.49582686030628,93.37016271346478,17190900
2024-02-06,94.10643768310547,94.83352004913648,93.4805950782789,93.94077325765838,13347900
2024-02-07,94.07884216308594,94.54822594223175,93.12167056444635,94.10645173448931,13826800
2024-02-08,95.68946075439453,96.10361834613113,93.97759720416168,94.18927525442264,19636900
2024-02-09,93.6646728515625,96.49016687293523,93.60024818091605,95.80910506584958,20410500
2024-02-12,94.95317840576172,95.16486349030613,93.87636298614375,94.02362339656817,18173100
2024-02-13,94.13572692871094,95.76131927209303,93.4483355793036,95.45478438776205,18917400
2024-02-14,93.67127990722656,95.32474564106593,93.2811394126556,94.6280631491803,17651300
2024-02-15,96.35582733154297,96.55089756068007,93.4483348002125,93.4483348002125,23196300
2024-02-16,96.35582733154297,97.1918405744105,96.16075001538573,96.61592097039244,20151400
2024-02-20,95.44550323486328,96.71811249598899,95.35261365155228,96.45801174088886,17650000
2024-02-21,97.3962173461914,97.51698018841117,95.66844408585547,95.69631025343811,20991300
2024-02-22,97.31261444091797,97.91640736363676,96.09573751103274,96.75526985341637,20470700
2024-02-23,96.45800018310547,96.69022765706752,95.56624753353363,96.4951574293818,15975900
2024-02-26,96.8388671875,97.47981735327832,95.72417802590546,96.34654602301207,13360800
2024-02-27,96.63450622558594,97.67488797755414,96.46730214200213,97.23829914336193,16360000
2024-02-28,96.90390014648438,97.93499091165604,96.60664920165246,97.0432380771603,14810500
2024-02-29,97.08967590332031,97.60057926876303,96.81100713882354,97.2383049140023,17566100
2024-03-01,98.3158187866211,98.82672205797118,97.88852109013737,98.20435413615925,18460100
2024-03-04,96.9410400390625,98.32511383865072,96.63449806387911,98.14862577262234,18138000
2024-03-05,98.13005828857422,98.71526907574508,96.90389729139143,97.09896755378172,19952700
2024-03-06,99.17972564697266,99.92285654221216,98.60380593583241,99.04039480525901,20472800
2024-03-07,99.737060546875,100.30369616438412,99.02179594056732,99.02179594056732,15195400
2024-03-08,100.6752700805664,100.69385225055909,99.17972431211595,99.60702917769153,16281500
2024-03-11,101.26976013183594,101.36265679691202,99.70919112463278,100.55450258508556,17577300
2024-03-12,100.6195297241211,101.51128246311082,100.35014497687095,101.30692113160927,14957200
2024-03-13,101.7435073852539,102.50521327346782,101.35336690063666,101.3812330656778,17122200
2024-03-14,103.54559326171875,103.6199077586046,101.89213468462134,102.02218151066133,22121000
2024-03-15,103.35980987548828,104.3165931035348,102.96966938658815,102.96966938658815,38264400
2024-03-18,104.31659698486328,104.8367843227515,103.20190072036162,103.84285089527455,16770500
2024-03-19,105.05042266845703,105.42198806524118,104.09364655547665,104.2422755489985,14878800
2024-03-20,104.95753479003906,105.33839127683865,104.15867165447852,104.70673221818662,16119700
2024-03-21,105.42198181152344,105.81212935286419,104.56738641052951,104.89250345579676,14878000
2024-03-22,105.42198181152344,105.60776804240476,104.79961388386613,105.41269781524441,14701900
2024-03-25,106.49951934814453,107.54918496307758,105.73781352867542,105.73781352867542,14011700
2024-03-26,105.70065307617188,106.806058069641,105.34766988318246,106.50880720001314,13152300
2024-03-27,106.79678344726562,106.88038194519294,105.34768612035876,105.41270953664251,12415700
2024-03-28,107.97649383544922,108.17156408034535,106.88037977816091,107.31696860165161,18482100
2024-04-01,108.67317199707031,108.9053994822858,107.177626425321,108.13440961750592,13817000
2024-04-02,110.80038452148438,111.09763544029839,108.98901284230847,109.53706634476956,19919600
2024-04-03,110.8189697265625,111.23697640643375,110.28949129144904,110.98617381591522,16504300
2024-04-04,111.20909118652344,111.35771308102932,110.2058668222841,110.586723272179,18467400
2024-04-05,112.74181365966797,113.46636235407536,111.13479617854247,111.45062927614278,21720600
2024-04-08,111.9801025390625,113.08550061203319,111.66426945605599,112.47242370164065,17513900
2024-04-09,112.56531524658203,113.00190408501649,111.7850271532687,112.39811116137352,14132300
2024-04-10,113.5127944946289,113.76360415304086,112.14730280391055,112.60246670081666,17409200
2024-04-11,113.13194274902344,113.96796311468866,111.78501908016825,113.96796311468866,17555900
2024-04-12,111.81289672851562,114.9526099063474,111.16265549097437,114.20947908830615,21556200
2024-04-15,111.17194366455078,113.03905465790676,110.9582912566758,112.48170301545744,15029500
2024-04-16,110.25232696533203,111.673558090126,109.53706231737674,111.0604741061643,18082200
2024-04-17,110.19658660888672,110.86540291768445,108.79393766423546,110.12227919781411,14538600
2024-04-18,110.09441375732422,111.209110046752,109.58351749247996,110.54029369049955,13821400
2024-04-19,111.35771942138672,112.33307767887878,110.49383290638586,110.68891022750051,21572400
2024-04-22,111.98938751220703,112.92758859808129,110.01081176035343,110.78180876247804,16340700
2024-04-23,112.42597198486328,112.45383814990358,110.95829253856247,111.46919585436991,13929800
2024-04-24,112.4445571899414,112.63962743751277,110.90256320387137,111.74787469703476,12101200
2024-04-25,112.70464324951172,113.10407480197719,110.91184680523926,112.42596743634219,16041000
2024-04-26,109.57423400878906,110.63319095063984,107.95793242707285,110.5403013584992,27289500
2024-04-29,111.13478088378906,111.51563734803625,109.38843280717073,109.38843280717073,17309900
2024-04-30,109.8621597290039,111.65495593956065,109.5927821216162,110.64244765194509,21083300
2024-05-01,107.78142547607422,110.04796812941079,107.43773331396784,109.871472962694,27777700
2024-05-02,107.97649383544922,108.92398598153983,107.66066784476615,107.99507600373687,25513600
2024-05-03,107.75355529785156,107.81857871153323,106.01649112232603,107.75355529785156,28023300
2024-05-06,108.45024108886719,109.92720456787922,108.12512401050172,108.37592658894914,31401300
2024-05-07,107.9114761352539,109.22124267508855,107.68853971314074,108.94256683218129,30122000
2024-05-08,107.89289855957031,108.63602231178078,107.20550713984488,107.48417588929097,18957200
2024-05-09,110.02009582519531,110.10369431822592,107.93004845518489,107.93933245195244,17564000
2024-05-10,109.57423400878906,110.22447532781672,109.221250723846,110.11300356503499,13648100
2024-05-13,109.52777862548828,110.57744434659575,108.79393889431697,110.00151761039251,15060600
2024-05-14,110.19266510009766,110.2582166684575,109.07828843798033,109.36858722006176,15079100
2024-05-15,111.04483795166016,111.28831111268315,108.70370040239048,110.13647543940995,18244300
2024-05-16,110.37994384765625,111.71907466728297,110.07091200976146,111.00736692853305,15745200
2024-05-17,112.03746795654297,112.21539668062618,110.46422337848925,110.7826217718706,15104500
2024-05-20,111.12909698486328,112.27157306196031,111.01672697372824,112.12174399891906,11551300
2024-05-21,110.36121368408203,111.85954016505741,110.29566212380762,110.87626676094118,14495000
2024-05-22,108.14181518554688,109.99599188983639,107.65485463572465,109.99599188983639,17879300
2024-05-23,106.29701232910156,110.04283244463738,106.156542645852,108.2541999100683,15979800
2024-05-24,106.21271514892578,107.76723374314378,105.85686485192139,107.5424794185877,12212900
2024-05-28,107.56121826171875,107.79533200386169,105.88496301062519,106.3063648886487,13978300
2024-05-29,106.40937042236328,107.27091438216762,105.64147767060885,107.25218128272401,13902000
2024-05-30,106.74649047851562,106.87759359101823,105.78194308885345,106.07224181731152,14683700
2024-05-31,109.8087158203125,110.0240964703647,106.74650395484873,106.86824767795925,29037400
2024-06-03,107.1772689819336,108.9659014127667,106.53111990779634,108.9097164005594,19589300
2024-06-04,105.5103759765625,105.90368533517668,103.8715798377526,105.81940782029542,19412200
2024-06-05,105.9317855834961,105.99733714363565,104.39600005058288,105.71639780327514,14863500
2024-06-06,106.72777557373047,106.7933271367682,104.98596873348852,105.58529935114332,13154100
2024-06-07,105.58529663085938,107.59867622169506,105.51037851943657,106.55921064560279,13289200
2024-06-10,105.89433288574219,106.96189101186721,105.53847541397742,105.87559978481528,15239700
2024-06-11,105.04215240478516,105.51037989038507,104.23680055798654,105.34181770978573,12462400
2024-06-12,103.8809585571289,106.10035958859615,103.51574166069042,106.10035958859615,13606800
2024-06-13,103.04750061035156,103.81539336162255,102.74783532069907,103.79666026219073,14466900
2024-06-14,102.17660522460938,103.2067042916905,101.68964462553382,103.02877555611467,13313400
2024-06-17,101.47425842285156,102.50435743354724,101.30569624694978,102.23278464211747,21147900
2024-06-18,102.42945098876953,103.68430447330371,101.88631248863702,102.10169314957274,17762900
2024-06-20,104.63948059082031,105.46356557037393,102.6261008947537,102.92577335610754,17433200
2024-06-21,103.72175598144531,105.53847379126674,103.72175598144531,104.78931409115606,52212500
2024-06-24,106.80268859863281,107.25218296816618,104.5458287673444,104.5458287673444,16266700
2024-06-25,107.10235595703125,107.27091813500049,106.25017851713561,106.85887566783474,14188900
2024-06-26,107.13981628417969,107.5237591057536,105.95051447423096,107.12108318385839,15771800
2024-06-27,107.59868621826172,107.682963743004,106.8588858745444,107.682963743004,16812700
2024-06-28,107.80469512939453,109.13445942782349,107.39265267004532,108.49766978364025,24565900
2024-07-01,107.65486145019531,109.32175013750224,107.25218553121566,108.3572026708865,11972900
2024-07-02,106.92443084716797,108.5725936270179,106.27827461899028,108.53513457013669,13326700
2024-07-03,107.46757507324219,108.31038598077082,107.0087069907861,107.0087069907861,7732900
2024-07-05,106.16590118408203,107.34582928732328,105.52911152671727,107.32710333177623,12631000
2024-07-08,105.051513671875,106.33445948994903,104.3398059290717,105.24816834858694,13350500
2024-07-09,103.89031219482422,105.38863865353758,103.59064690308155,104.04950781818474,11727000
2024-07-10,104.80804443359375,104.84550349185469,103.40336189944041,103.87158941082487,10004100
2024-07-11,106.05353546142578,106.11908702979072,103.88096000972125,104.34918753935227,13082700
2024-07-12,106.072265625,106.89635068236191,105.47293493487429,106.74651443753778,11684900
2024-07-15,107.88897705078125,108.77861356574759,106.36255801020903,107.00870708606926,13032500
2024-07-16,108.6662368774414,108.95653563535075,106.48429505651212,107.08362567292242,13614100
2024-07-17,110.16455841064453,110.67024493486299,109.14382595692176,109.32174753694709,13602800
2024-07-18,111.25084686279297,112.29967179602986,109.97726760564758,110.4548544686391,13033600
2024-07-19,108.69432067871094,111.3257566789111,108.50703255530131,111.0541838987584,16157700
2024-07-22,107.94515228271484,108.57258249038672,107.29900326539925,107.86087477181518,12065900
2024-07-23,106.20336151123047,107.85151711330745,105.97860717446908,107.51439275274979,11251700
2024-07-24,107.70169067382812,107.87961226406235,105.88496570234857,106.54048133917904,14925200
2024-07-25,109.96790313720703,110.52977466844393,107.28027490575465,107.85151298681103,17021700
2024-07-26,109.87425231933594,110.52976787472367,109.06890055438318,109.34983273044205,11252500
2024-07-29,108.72242736816406,109.93045521214849,108.04817860458347,109.86490364594397,8861800
2024-07-30,110.66088104248047,111.06355696155137,108.84416327619827,108.9658998490953,12483900
2024-07-31,111.05419158935547,112.14984933538724,111.026099083357,112.03747216680888,15137700
2024-08-01,109.51840209960938,111.89699849857475,108.96589711579995,110.82944044122755,15051500
2024-08-02,109.45285034179688,111.31640080843817,108.08562699265984,108.60068006526606,20403800
2024-08-05,107.47693634033203,108.6568716313078,106.05352789541912,108.19801068548901,18025900
2024-08-06,106.90570068359375,108.28228346073146,106.40937355788995,107.1772663322716,13647800
2024-08-07,108.32911682128906,109.67761433413926,107.93580742823603,108.11372902342585,13660700
2024-08-08,110.39867401123047,110.60469524434798,108.37593502475309,108.7036928299017,13851000
2024-08-09,111.29766082763672,111.72842921419087,109.90234505982176,110.39866500205625,12151900
2024-08-12,111.43814849853516,112.53379916823215,110.52041942610634,111.95320162253881,13228900
2024-08-13,110.3705825805664,110.97927973581834,110.0334582221064,110.76389195057497,11585100
2024-08-14,111.39131927490234,112.2809558107166,110.15519896198701,110.59533395465722,12194500
2024-08-15,112.0804443359375,112.9300334285475,111.50460724741438,111.62732391138799,11579400
2024-08-16,111.55178833007812,111.84443141755837,111.07035649325327,111.38186909293292,10056000
2024-08-19,111.89163208007812,113.75130181815561,111.55179358976426,111.76891542606087,12417500
2024-08-20,108.16285705566406,112.00491315771374,108.09677774981472,112.00491315771374,15632000
2024-08-21,107.4737548828125,109.0974263107397,107.38879884865844,108.56879178150027,11752400
2024-08-22,108.30445861816406,108.56877584398295,107.2755011866786,107.40765979958803,10609500
2024-08-23,109.80541229248047,110.18301143778642,108.5876588299737,108.5876588299737,10381400
2024-08-26,112.15595245361328,112.2786763131796,110.37180393043678,111.16476283079547,13671000
2024-08-27,111.08924102783203,112.72235421103196,110.8249237963556,112.2975524872125,9991600
2024-08-28,109.99420166015625,110.99484041545553,109.74876835223186,110.4473220477395,10742900
2024-08-29,111.5140380859375,112.13707774753534,109.83372947438633,110.63612314593436,10753900
2024-08-30,111.33467864990234,111.41019271257258,109.7770867739242,110.24908387560822,13284700
2024-09-03,109.00301361083984,109.58828541722247,107.65310158970242,109.35228686249287,15725100
2024-09-04,107.67198181152344,109.64493353840679,107.59646774515012,108.833097907531,12620600
2024-09-05,106.83181762695312,108.82364588572297,106.73741965113686,108.62540797587766,17200800
2024-09-06,106.33150482177734,107.78525673639237,105.47247385529361,107.22829642005546,13467700
2024-09-09,108.56877136230469,109.64492413848934,106.35038650620838,106.54862441738935,21645300
2024-09-10,104.61344146728516,108.93693681823737,103.99984377040342,108.65373566518288,20913400
2024-09-11,103.57503509521484,104.73614381950807,101.73424225601059,104.57566654901284,19571900
2024-09-12,105.00048065185547,105.09487863378732,103.6128079909338,103.74496660605926,15919500
2024-09-13,104.92496490478516,106.17103705730341,104.71728501234799,105.22704278411973,10035400
2024-09-16,106.3975830078125,106.75629820293,105.43471211454764,105.77455059501854,11729000
2024-09-17,107.7852554321289,107.9646166304558,105.84062973192627,106.02942568650951,12202600
2024-09-18,108.16285705566406,109.15404664340414,107.43597748921715,107.71917862977385,12569900
2024-09-19,109.50332641601562,110.9948389698422,108.73869342416332,109.65436894394425,12660600
2024-09-20,108.81421661376953,109.0407804246675,107.85134562481977,108.99357783020425,36206200
2024-09-23,110.78716278076172,111.19308058544418,108.67261773414126,108.87085565706464,16066300
2024-09-24,110.49452209472656,111.5423562149138,110.28684222195373,111.24027116207763,11984900
2024-09-25,108.34220886230469,110.49452164232567,107.65309714412982,109.96588000413088,13816000
2024-09-26,106.48255920410156,107.12447561186498,104.91552521963898,104.91552521963898,16887900
2024-09-27,109.33340454101562,109.58827979812907,106.90733981087507,107.38877885442706,15964000
2024-09-30,110.65501403808594,110.81549134208865,108.52158488345019,108.99358203788522,13247600
2024-10-01,113.2132339477539,113.84570838494524,109.43725683911822,109.54109678577407,23235900
2024-10-02,114.71417999267578,115.94137541886066,113.46810785010399,115.10122109860191,17129700
2024-10-03,115.7148208618164,116.27177403140631,114.15722885547962,115.07290446171842,16524300
2024-10-04,117.83879852294922,118.17863701344905,115.5732109869851,116.30008335704603,19752300
2024-10-07,118.34855651855469,119.26422485107972,117.86711745560547,118.23527462077126,15714400
2024-10-08,115.20504760742188,117.07415200223024,114.46873331843047,116.94199339662173,14818500
2024-10-09,115.25224304199219,115.71480536391871,114.03449691867793,114.1288948938514,11144900
2024-10-10,116.24344635009766,116.77208080260075,115.44105271266139,116.26233026746091,10243300
2024-10-11,116.6871337890625,117.08360965904788,116.05465934854703,116.20569468859178,8294800
2024-10-14,117.13081359863281,117.3007328594493,115.75258279516791,116.33785464745422,9808100
2024-10-15,113.60970306396484,115.12009237723751,113.0716266460457,114.05338150019901,15771300
2024-10-16,113.90235900878906,114.63867343187397,113.84571445170972,114.11947367092684,8426800
2024-10-17,113.60970306396484,114.77081912479267,113.00554733865577,113.9967441516089,11204900
2024-10-18,113.28874969482422,113.88346346768023,112.47691407988174,113.69466750229546,12898600
2024-10-21,113.35482788085938,114.67642123178405,113.0149893848472,114.20442412088984,10177800
2024-10-22,113.94009399414062,114.40265632521259,113.2226636069547,113.52474145474456,9201400
2024-10-23,113.53417205810547,113.98729241426796,112.71290176558507,113.25097813734467,8320300
2024-10-24,112.89227294921875,113.69467385217943,112.45803644289799,113.27931406260966,9905600
2024-10-25,112.79786682128906,113.68522368875101,112.63738953311956,113.46810185020662,10714600
2024-10-28,112.24091339111328,112.34475333073475,110.23020110762883,110.24908502507142,11844500
2024-10-29,110.71163940429688,112.49578787870867,110.51340148515159,111.93883475379157,14731000
2024-10-30,110.1546859741211,111.64619134290537,109.95644805552517,111.07036150437673,12303700
2024-10-31,110.2396469116211,112.02379546065293,110.14524892742823,110.58892737544967,20512000
2024-11-01,108.51213073730469,113.23210175157813,108.40829079882234,113.21322503644689,20939300
2024-11-04,111.9671630859375,112.05211911485483,109.43725810578535,109.56941672994887,14965400
2024-11-05,112.29754638671875,112.53354493087429,111.4007547997693,112.41082828067086,10436700
2024-11-06,114.22329711914062,115.08233529002183,112.6185098751679,114.36489768822155,20807700
2024-11-07,114.36489868164062,114.6952952109633,112.91114675051665,114.50649925195154,12184400
2024-11-08,114.32715606689453,114.61979201011222,112.95836714308344,114.20443939440767,12836000
2024-11-11,113.72298431396484,114.80857910240489,113.34538518727643,114.22330009593264,11969700
2024-11-12,113.60970306396484,114.51593665192844,113.12826399463582,114.34601740405374,11972800
2024-11-13,114.66697692871094,115.21449529465973,112.14651413656954,113.81738070604973,15127900
2024-11-14,114.74312591552734,115.99943724813218,114.52422719904203,115.79005807710273,13041800
2024-11-15,113.55343627929688,115.3903164331597,113.38212076842366,114.59084888994177,19051700
2024-11-18,114.50518798828125,114.80023580681896,113.51536583919139,114.01028054437913,14239700
2024-11-19,112.90623474121094,113.97219862845826,112.49698146194754,113.97219862845826,11584400
2024-11-20,114.51470184326172,114.6574659727134,112.91575956823054,113.42018653251256,11360900
2024-11-21,116.0470199584961,116.63710829546686,114.46710953755101,115.2380329196694,14675400
2024-11-22,115.91377258300781,117.26525746342568,115.77100845929381,115.9423239554936,13323400
2024-11-25,114.18158721923828,115.999428149294,113.83895622255923,115.57114303408773,26580300
2024-11-26,112.27808380126953,113.90557738879032,112.16387104974203,113.76281326470219,14827300
2024-11-27,111.98303985595703,113.0014132601893,111.76413390419059,112.39228586523018,11079100
2024-11-29,112.26856994628906,112.78251646228155,111.30729920741689,111.77366252049187,9426500
2024-12-02,112.16387176513672,112.49698321594367,111.18356924078267,112.35422635223,12687300
2024-12-03,111.99256134033203,112.99190299930518,111.60234712636404,112.99190299930518,11756600
2024-12-04,108.76612091064453,111.8783512560761,108.36638716796242,111.83076079377749,19520600
2024-12-05,109.24199676513672,110.0414715138106,108.5567347694977,109.17537447452098,15751200
2024-12-06,108.09038543701172,109.23248399303247,108.02376314226527,109.0135852794165,16171100
2024-12-09,107.45269775390625,109.39427081707052,107.30993364048685,109.10874259023171,17412600
2024-12-10,107.23380279541016,108.3854208420565,106.35819345996941,108.10941213085091,20990900
2024-12-11,106.51998901367188,106.96731322457951,105.74907289095835,106.59613084984449,32392200
2024-12-12,106.4248046875,106.95778296474441,105.43498270027153,106.20589874575495,14543300
2024-12-13,105.4920883178711,106.50094942039023,104.93055865493027,106.50094942039023,13106100
2024-12-16,103.23644256591797,105.07332247202287,102.94140204970905,104.8829678960134,20256100
2024-12-17,102.79865264892578,102.95092907024753,101.63751498354416,102.06580013362758,17554000
2024-12-18,101.28535461425781,103.5790783479389,101.18066140791557,102.37986987792723,17114500
2024-12-19,100.41926574707031,102.47504445269246,100.13373749790486,102.20855529282338,20565600
2024-12-20,100.76189422607422,101.01886383487997,99.78158446776459,100.36215323496496,40141200
2024-12-23,101.17115020751953,101.45667119591222,99.85772897254408,100.22891134035409,12285100
2024-12-24,101.26631927490234,102.0182035210675,100.60008914298254,101.38052476056282,7807000
2024-12-26,101.35198211669922,101.86592863028206,100.82852331934868,101.38053349057293,9652400
2024-12-27,101.34247589111328,102.77961504476048,100.66672611637468,101.17116037634455,11943900
2024-12-30,100.6572036743164,101.41860023767516,100.41926588677585,101.17115016675821,11080800
2024-12-31,102.37987518310547,102.69395481840736,100.67623968222937,101.04742206530058,12387800
2025-01-02,102.13240814208984,103.74086982351506,101.72315487894018,103.05560787021473,12685400
2025-01-03,102.65587615966797,103.25547674989454,102.27517426024333,102.78912073527387,14237900
2025-01-06,102.54167175292969,104.48324506278051,102.3322853281489,103.01754735060041,15623700
2025-01-07,103.50293731689453,104.74972899682477,103.0556131156504,103.68377235857663,12625900
2025-01-08,101.77076721191406,102.51313206711698,100.89515775507402,102.13243009331681,17858100
2025-01-10,101.39956665039062,104.7877983625723,100.6762337556571,103.45534532320578,19304500
2025-01-13,104.01687622070312,104.34046810191462,101.9610904061202,101.9610904061202,17073400
2025-01-14,104.42613983154297,104.46421074980559,102.62733069602395,103.54101095047129,11191200
2025-01-15,106.12976837158203,106.33915477771055,104.18819523468773,104.74021262152021,14521100
2025-01-16,105.94893646240234,106.3010869977599,105.21609128061873,105.82521142844236,10366600
2025-01-17,106.90069580078125,107.42416187169661,105.47306898332356,105.67293586641337,19298500
2025-01-21,106.09170532226562,106.76744778951304,105.7681061448134,106.64372275002896,20416300
2025-01-22,104.24530029296875,106.18687347298486,104.1215752599107,105.8347229401944,15718000
2025-01-23,104.83539581298828,105.77762746495887,104.32144929519922,104.98767222865612,13726800
2025-01-24,103.41727447509766,105.36835980661017,103.17933670823386,104.92103564310072,14235900
2025-01-27,104.85443115234375,105.12092033464819,103.1603151265921,103.7504035026131,15926700
2025-01-28,102.82718658447266,105.5206438581706,102.58924881671739,105.08283923685504,15862000
2025-01-29,103.42678833007812,103.53148152999263,102.28468993628196,102.5131081627843,12345500
2025-01-30,104.28337097167969,104.5498601261413,103.45534487492978,103.96929135622784,14346300
2025-01-31,101.67558288574219,105.21609852711431,100.98080131172189,105.21609852711431,20376500
2025-02-03,101.92302703857422,102.12290116975106,100.23843070018016,101.49474192613242,14623200
2025-02-04,104.65455627441406,104.9591163539758,101.39004951788422,101.56136501646802,14835700
2025-02-05,104.57841491699219,104.70214721509777,103.83605017349909,104.44517033540548,13364400
2025-02-06,103.19837951660156,105.6919701927551,102.77960667874605,105.42547376602921,13411400
2025-02-07,103.63618469238281,104.43565945392069,103.093686813987,103.53149148240422,10051600
2025-02-10,105.61583709716797,105.67293984840668,104.57842446152155,104.70215677091979,12142200
2025-02-11,106.28205871582031,107.08153352943548,105.4730716179767,106.21543641979285,12713100
2025-02-12,103.0843734741211,105.84993940953846,102.92113029772086,105.67709153857487,18244100
2025-02-13,103.8333740234375,104.10225417604192,102.28734794557859,102.89231913114472,15460000
2025-02-14,103.93900299072266,105.84993417131878,103.80456657843001,104.20787581530794,15733500
2025-02-18,105.76351165771484,106.57973486476887,104.01583088771959,104.31351048263407,20060300
2025-02-19,105.91716003417969,107.67443821510508,105.68669131681608,106.35888075310663,10964700
2025-02-20,107.54959869384766,107.9529079306532,105.58105400154663,106.1764204889036,16325800
2025-02-21,106.29165649414062,107.40555925974188,106.16681744777975,106.89662035876789,14710000
2025-02-24,106.84860229492188,107.41516202490104,105.93635416724618,106.5221159591171,13153500
2025-02-25,105.36980438232422,107.67443283083279,104.56317856435808,106.8774190334039,14497000
2025-02-26,105.11052703857422,105.50423890932623,104.20787627244815,105.37939986433899,10446400
2025-02-27,105.77311706542969,106.86781781191559,104.93768446364396,105.6386806457725,15293200
2025-02-28,106.9062271118164,107.14629318869038,104.99529586501015,105.73470348447374,18821700
2025-03-03,103.47808074951172,107.70324504207805,102.27775040084146,107.26151702668055,18706900
2025-03-04,103.2668228149414,104.63039635094316,101.73040141337358,102.13371065761605,19394900
2025-03-05,101.25027465820312,102.10490933727205,99.55060266860455,101.63437453436875,24822200
2025-03-06,103.34364318847656,103.81417062858223,100.21317962257619,101.24066209657384,17150200
2025-03-07,104.68800354003906,106.01317287140625,103.99661944577517,104.1022490975866,19625000
2025-03-10,107.35755920410156,108.09695954344406,104.74563895261751,104.93768889560016,22749100
2025-03-11,104.82245635986328,107.64562846999114,104.46715592513009,107.47278059988247,19904700
2025-03-12,104.79364013671875,105.75390443410868,104.11185336472012,104.71682456086629,14051500
2025-03-13,104.35191345214844,106.41648303833453,103.3532377610111,104.02542712636004,17767800
2025-03-14,107.45357513427734,107.72244796232395,104.00622253578953,104.6111937251295,15890100
2025-03-17,109.23966979980469,109.95026333683661,107.29033442550644,107.35755263406034,19908800
2025-03-18,109.12443542480469,109.98867476764602,108.09695290782535,109.55655143310771,15998700
2025-03-19,110.82410430908203,111.2178088550842,109.30688498513157,109.66217808070316,17315000
2025-03-20,111.29463958740234,111.8419899736422,109.67179049213169,110.16152736178913,16230800
2025-03-21,110.9105224609375,111.38104989881994,109.80621709239979,110.9105224609375,41102800
2025-03-24,111.1986083984375,112.26450235301142,110.9873490811367,111.08337404548202,14207500
2025-03-25,111.95721435546875,112.96549482919703,111.35225046697303,111.80357587280882,12081800
2025-03-26,113.5704574584961,114.44430150287003,113.00390502850578,113.00390502850578,14110800
2025-03-27,113.20555877685547,114.3386709542741,112.60059489976406,113.40721340255261,12740800
2025-03-28,113.05191802978516,113.75290685844962,112.5813832530267,113.4072111281204,10233400
2025-03-31,114.2042236328125,115.1452857891142,113.10952301141668,113.10952301141668,21652300
2025-04-01,114.30986785888672,114.54032924903218,113.24397385589012,114.48271573305469,12425400
2025-04-02,113.95455932617188,114.1178024940098,112.98469768696893,113.68568650238353,12614600
2025-04-03,107.9625244140625,110.86251961483129,107.77047446877452,109.82543965354614,21204600
2025-04-04,100.1939697265625,106.4260900709176,99.70424022711765,105.5042372572018,30841300
2025-04-07,98.849609375,101.59596585878221,94.54762208795243,96.4009324797882,35068500
2025-04-08,96.76583099365234,101.40390935479742,95.07577108820765,101.26947293791513,27147800
2025-04-09,101.59596252441406,102.34496748154783,94.23073001805048,95.42146298572283,30063300
2025-04-10,95.95921325683594,99.65622940302265,93.91385290405884,99.589011194046,33999300
2025-04-11,99.04165649414062,99.80026614867558,94.8645083733973,96.3145094764317,22884600
2025-04-14,99.28173065185547,100.91417711786498,98.63835529505936,100.85656360120728,18020000
2025-04-15,99.00324249267578,101.22145788715173,98.90721753313329,99.52178606568698,13164900
2025-04-16,100.04994201660156,101.39430620591645,99.57940722410598,99.81947330451726,13607000
2025-04-17,102.67144775390625,104.23668310772526,100.30919867233592,100.53006266456418,17916500
2025-04-21,101.16383361816406,101.43270642625467,99.98271273601824,101.41350436549158,16926500
2025-04-22,103.99662780761719,104.61119638053368,101.92245337934756,101.92245337934756,13147000
2025-04-23,103.10357666015625,104.9568869826723,102.23933735733415,104.48635221843669,14235700
2025-04-24,104.31350708007812,104.55357315233607,102.70986747569147,103.67973645895941,9849600
2025-04-25,104.25588989257812,104.43834244545876,103.15158453386637,103.84297596979842,11245800
2025-04-28,104.31350708007812,104.90887357672247,103.40125893599198,104.42874143220658,13890900
2025-04-29,104.05424499511719,104.50557040939903,103.24761913579239,103.45887846385925,9483100
2025-04-30,101.4327163696289,103.15159036269044,100.01152929433648,103.15159036269044,20379300
2025-05-01,101.57675170898438,102.67145237344852,100.80854470082147,100.92377172261673,18610300
2025-05-02,101.98967742919922,104.66881588936896,100.39564239135231,103.43967867314106,16581900
2025-05-05,99.16648864746094,100.50126273242815,98.97443872258357,100.49165803831377,19624000
2025-05-06,100.54927825927734,101.76881807494603,99.36815722262949,99.76186179276695,16303400
2025-05-07,100.45325469970703,101.1062347537473,99.93471106918366,100.81815251693357,12332200
2025-05-08,101.85523223876953,103.12278079970336,101.15423608840204,101.15423608840204,19196500
2025-05-09,103.04595184326172,103.46847044748878,102.15290581920385,102.88270868298659,10992100
2025-05-12,104.82245635986328,106.05159351342036,104.01583052394437,105.8883430115922,14244600
2025-05-13,105.11052703857422,106.11880746142715,104.68800841166669,104.97609062569182,13350800
2025-05-14,104.16947174072266,104.53436952765608,103.6413234591552,104.53436952765608,15494900
2025-05-15,105.2258071899414,105.29364449208465,102.69643330562512,103.20036649387336,15004300
2025-05-16,104.84784698486328,105.52621995152363,104.13070139872426,105.29363599062734,14042500
2025-05-19,103.18098449707031,104.24700238195618,102.45415311277843,104.24700238195618,16802700
2025-05-20,101.70793151855469,103.42325766020087,101.54318485225515,103.10345008888231,12429300
2025-05-21,100.4577865600586,101.72731627727113,100.43840025037139,101.30090618868215,16716100
2025-05-22,99.78910827636719,100.27366254990984,98.74246927102432,99.87632449662337,13417400
2025-05-23,99.84725189208984,100.27366201652684,98.91690857908208,99.43053492331133,12061600
2025-05-27,100.32210540771484,100.6516061317405,99.72126288920884,100.29303333665305,13043600
2025-05-28,98.9556655883789,101.2039969231541,98.64555117646891,101.06832233005039,14292400
2025-05-29,99.51776123046875,99.67281475664451,98.60679681040943,99.12042316854105,13825300
2025-05-30,99.13980102539062,99.22701724010547,98.06409001497512,99.00412642891578,28645800
2025-06-02,99.86663055419922,100.6419128921345,99.06226875151577,100.54500352410645,17290500
2025-06-03,100.59346771240234,101.42690163423865,99.05258131506825,99.72126856237468,19194300
2025-06-04,99.13980102539062,101.67886052545778,99.13980102539062,100.7097520399455,15648500
2025-06-05,98.68431854248047,99.8666320740645,98.58740917297756,99.79879477604136,13924800
2025-06-06,101.04893493652344,101.27183313349495,99.50805604835381,99.58558649892743,15487800
2025-06-09,101.72732543945312,102.58013829972981,100.62254228652436,101.10709656039528,17087300
2025-06-10,103.9078140258789,104.32453097451338,102.65766317997547,102.80303093298025,17634800
2025-06-11,105.9332504272461,106.01078088368226,103.17129261168118,104.43113665077948,22648200
2025-06-12,106.34027862548828,106.78606764684805,104.87692272482809,105.55529571522099,17469400
2025-06-13,108.65644836425781,109.05377900702386,107.26092974950436,108.87933918017968,28540200
2025-06-16,109.00532531738281,109.66431938094439,107.69702295160855,108.36571017022997,22986100
2025-06-17,110.47836303710938,111.37963418921316,109.61585711015863,110.4299046572404,19451700
2025-06-18,109.69339752197266,111.68006558393269,109.45112038804743,111.0695298681772,17968900
2025-06-20,111.15674591064453,111.48624665698877,109.68370419195463,109.94536024294479,36273300
2025-06-23,108.2881851196289,113.33723967590613,107.72610779120208,113.09496254329947,26631100
2025-06-24,104.99320220947266,107.5128900052974,104.57649268867767,105.8750944167534,24828300
2025-06-25,105.02229309082031,105.86541277218186,104.37298476247835,104.77032280510122,17483200
2025-06-26,106.59223937988281,107.02834263102486,105.19672819987667,105.57467991463989,18304800
2025-06-27,106.00108337402344,106.69884266586476,105.02228912813973,106.5437891530728,22002100
2025-06-30,104.46990203857422,105.47776839893884,104.39237158201962,105.28394965126363,19199000
2025-07-01,105.86540985107422,106.253054727551,103.83997664689235,104.78969883086388,15536900
2025-07-02,107.61949920654297,107.9199204680855,105.46807720704395,106.60193234936017,11892200
2025-07-03,108.73397064208984,108.99563407732639,107.20278483272446,107.43536880227055,11223600
2025-07-07,107.67764282226562,108.58860715114504,106.81513687442865,108.09435976061357,15415900
2025-07-08,110.6624984741211,110.9241545075964,107.42567234196552,107.4644375679824,17913400
2025-07-09,110.28456115722656,110.74003598652514,109.77092739074534,110.40084945674458,10652100
2025-07-10,111.37964630126953,111.70913966033532,109.57710380104322,110.1973326835177,14901700
2025-07-11,111.86419677734375,112.1840043634859,110.97261871329103,111.30211206116263,11683900
2025-07-14,110.40083312988281,111.67037023033019,109.7224601706443,111.67037023033019,13220300
2025-07-15,109.42205047607422,110.53651939917212,109.1216217963497,110.14888189220494,10959300
2025-07-16,108.76304626464844,109.99381076178989,108.6370574322415,109.39296085183982,11158900
2025-07-17,108.21065521240234,108.76304674405988,107.65825628703396,108.04590115342944,13151400
2025-07-18,104.4408187866211,108.27849491615278,104.02410183988316,107.67764499019941,32366600
2025-07-21,104.71217346191406,105.40992535173547,104.12101670190538,104.27607021285094,17010400
2025-07-22,105.18704223632812,106.05924140453212,104.28577099480256,104.64434381776182,13970900
2025-07-23,106.53409576416016,106.60193306217856,105.48745682869541,105.56498728177672,12002700
2025-07-24,107.36753845214844,107.52259197731087,105.75881469053272,106.27244843901917,15647200
2025-07-25,106.98957824707031,107.55166294298876,106.31119787118948,107.30938582168368,10548900
2025-07-28,107.99745178222656,108.64675269177111,107.41598077707704,107.57104168343983,12353000
2025-07-29,109.39295959472656,109.50925527090942,107.96837637846804,108.44323745055422,15928000
2025-07-30,108.44324493408203,109.13131109646395,107.82301607239378,108.93749234982809,12996900
2025-07-31,108.19127655029297,109.02471048415767,106.9508188051115,106.9508188051115,17233700
2025-08-01,106.25305938720703,109.06347562277384,105.49715591146874,108.54015612563701,19652000
2025-08-04,104.05318450927734,106.52440680036018,103.7818279128161,105.84603379348519,19129500
2025-08-05,103.92720031738281,104.48928505890846,102.7933450721653,103.90782139933883,21314300
2025-08-06,103.21974182128906,105.68127814152342,103.08406723144006,104.96413257379511,15321800
2025-08-07,102.67703247070312,104.72185179512563,102.61888833243664,103.83027383772435,13468300
2025-08-08,103.50079345703125,104.18885962273232,102.67704529557706,103.21005794196374,14417700
2025-08-11,102.56075286865234,104.20823433770178,102.27001736530904,103.80121054798994,13570700
2025-08-12,102.85147857666016,103.9659547885047,102.51229209315377,103.05499046676398,14109400
2025-08-13,104.27606964111328,104.27606964111328,102.47352729977504,102.7254975716048,17958700
2025-08-14,104.0628662109375,104.26637810505987,103.15190926491991,104.22762027221738,13683500
2025-08-15,104.16068267822266,105.20727767225166,103.63249350424832,103.86724922324527,19271900
2025-08-18,104.38565063476562,104.88449718842561,103.35861492943839,103.77920958007088,13040000
2025-08-19,105.07034301757812,105.10946897165667,103.8281256912634,103.87702753697705,16113600
2025-08-20,106.15605926513672,106.93856338685328,105.32465329988311,105.52027559905606,18959700
2025-08-21,106.84075164794922,107.17331104721137,105.59852692126454,106.04846417689045,12194900
2025-08-22,108.84590911865234,108.9730703319415,107.20265639990329,107.20265639990329,13586700
2025-08-25,109.29584503173828,109.47190808736983,108.12209630253625,108.47422241379935,9744900
2025-08-26,109.05130767822266,109.36430782035067,107.94602755875756,108.93393728899466,18143900
2025-08-27,110.28375244140625,110.50872479862804,108.98284252847807,108.98284252847807,15262600
2025-08-28,110.8706283569336,111.16406926831552,109.61862773172712,110.40113185373734,14189800
2025-08-29,111.79006958007812,112.27913279070275,111.09560071649264,111.23253781846655,14597900
2025-09-02,112.18132019042969,112.71928523765276,110.8510676777316,111.68247363253984,15206700
2025-09-03,109.4621353149414,111.92701070150105,109.02197393206504,111.47707342707002,14920100
2025-09-04,109.94142150878906,110.65544968398005,108.94372828692933,109.65776392463337,12864400
2025-09-05,106.84075164794922,109.33496952995232,106.63533853368457,109.15890647666285,16826700
2025-09-08,107.44718933105469,107.64281909909218,105.97999965208031,107.32981893274481,15440500
2025-09-09,108.22969055175781,110.04900630149459,108.1123126941091,108.1123126941091,14899500
2025-09-10,110.03922271728516,110.09790791473041,108.41552927118416,108.72853689092521,15837600
2025-09-11,109.68709564208984,110.30331259737805,108.44487837785454,108.96328418409082,11534500
2025-09-12,109.7066650390625,110.74347667695436,109.43278336748516,110.39135056172458,11105700
2025-09-15,109.89250183105469,110.00009633429147,108.88503281212152,109.72622213060235,12880500
2025-09-16,112.17153930664062,112.79753962492748,110.31309759687737,110.48916065280257,17208000
2025-09-17,112.76819610595703,112.96381840538344,111.55532143198607,112.02481793561441,13302000
2025-09-18,111.43795013427734,112.8268879444926,110.91954429402186,112.65082487964047,14628700
2025-09-19,110.35222625732422,111.48685652613011,110.17616319707892,111.40860461879606,38746500
2025-09-22,109.56971740722656,110.33266227722565,109.1197801531321,109.99031206295804,15611500
2025-09-23,111.4574966430664,112.24000072243238,110.01965715068778,110.25440538949279,25369100
2025-09-24,112.05416107177734,113.22791726150317,111.96613327536691,112.0639444255493,14756100
2025-09-25,113.0616226196289,113.36484686640543,111.90744067629603,112.13240556058528,15012600
2025-09-26,114.65599060058594,115.771054224055,113.38442315364114,113.42354910951006,18568900
2025-09-29,111.72160339355469,113.95173048719916,111.18363086547707,113.52135246473706,19189300
2025-09-30,110.28375244140625,111.00756389342513,109.49147243936548,110.87062679338135,18076200
2025-10-01,109.54036712646484,110.54783606633605,108.85568167097328,110.09789884379705,16614000
2025-10-02,108.8556900024414,110.61631307810582,108.60137504414647,109.52081626547348,13062600
2025-10-03,110.78260040283203,111.26188025905991,109.45234787482161,109.45234787482161,12950100
2025-10-06,111.70203399658203,112.25956575657106,110.70434833331672,110.811942836342,12036800
2025-10-07,111.76072692871094,112.00525853390788,109.29584416931891,111.57488052075732,11945000
2025-10-08,111.5259780883789,112.4943286776499,110.9293278004365,111.87810421856602,12301000
2025-10-09,110.44026184082031,112.98338913649347,110.2739746716223,111.92701077194054,10976200
2025-10-10,108.30793762207031,110.15659588806842,108.28837091541277,109.80446979335335,13811600
2025-10-13,109.78490447998047,109.8435971381859,108.88502998762696,109.10021898851849,10296500
2025-10-14,109.83381652832031,110.48915943830576,108.28837499468796,108.33728430066219,11167200
2025-10-15,109.16868591308594,111.08581272316219,108.54268562663296,110.33265869376197,12182900
2025-10-16,108.21990203857422,109.73600091191184,107.97537044368183,109.43277665973709,11782200
2025-10-17,109.78490447998047,110.44025483610798,108.74809288933457,109.18824678205839,13460100
2025-10-20,110.2348403930664,110.67500174297943,109.53059566572729,109.55015490988445,9523600
2025-10-21,110.24462890625,110.88041257753997,109.54037668343724,110.42069196195318,9202300
2025-10-22,112.20088195800781,112.66060257438927,110.60653856264305,110.9684405659551,12938800
2025-10-23,113.44310760498047,114.2940728303493,112.8366665266902,114.07888381990718,15001100
2025-10-24,112.86601257324219,113.92239094994473,112.66060691041326,113.80501308725131,9919400
2025-10-27,113.40397644042969,113.4528782825931,112.58234638945557,113.16922073300157,10975400
2025-10-28,112.51387786865234,113.63872471386321,112.4747519174045,112.96381511423425,9535200
2025-10-29,113.90281677246094,114.48969858493084,112.29869006673762,112.40628456818962,12570600
2025-10-30,112.18132019042969,113.97128584665982,112.02481638304766,113.88325805189164,16172900
2025-10-31,111.8585433959961,112.70951610904078,110.15660543241947,111.48685802493144,20213400
2025-11-03,111.27166748046875,112.47475883970789,111.15428961950117,111.99547896682066,12290300
2025-11-04,111.64334869384766,111.84875434601639,110.04900531986425,110.89997052706153,16860700
2025-11-05,111.19341278076172,112.6606024247043,111.18362942696528,111.59444073626622,12400900
2025-11-06,111.99547576904297,112.42585378445636,111.15428644574173,111.15428644574173,14219700
2025-11-07,114.65599060058594,114.93964818375095,112.38673739777889,112.68995422762184,17181100
2025-11-10,115.63410949707031,115.85907440036497,112.93447841994653,114.87117206413615,13048000
2025-11-11,117.15998077392578,118.1674497871952,116.23076366484545,116.23076366484545,16077100
2025-11-12,115.53629302978516,116.67091577303606,115.2135095268513,116.49485272257324,13790900
2025-11-13,116.19163513183594,117.14041892714476,115.6927885818516,116.03513132693413,17291900
2025-11-14,117.70126342773438,117.8887353636572,115.1062932109266,116.87244686746136,17064300
2025-11-17,116.11270141601562,117.90846178816332,115.55029315462276,117.38552169764868,16034900
2025-11-18,117.4447250366211,117.888736331486,114.92869114352331,115.69830168794815,15808500
2025-11-19,115.78709411621094,116.60604172062995,114.3860079315462,115.29375327419233,15919200
2025-11-20,115.46148681640625,117.42498877850575,115.1852171506071,116.408707853123,14401000
2025-11-21,115.52069091796875,115.81669090021714,114.10973583867872,115.43188565384565,15667600
2025-11-24,114.42547607421875,115.63909032972836,113.21185429092529,115.63909032972836,18034900
2025-11-25,112.98491668701172,114.35640356418065,112.66917886337103,113.64599157904323,14434600
2025-11-26,113.241455078125,114.1985375288773,112.78758240073623,112.88625659268574,11650600
2025-11-28,114.37614440917969,117.15858658847456,113.29079601103197,113.41906192601292,7240800
2025-12-01,115.0766830444336,115.84630108764226,114.55374295204415,114.55374295204415,12658100
2025-12-02,113.84333038330078,115.04708324638574,113.16252513788129,114.88921809084783,14607700
2025-12-03,116.2311019897461,116.40870498878743,114.33666749071055,114.40573490546087,16819100
2025-12-04,115.57989501953125,116.76391006156861,115.10629201382993,115.93510103769927,13686900
2025-12-05,114.98788452148438,117.1980493890323,114.85961861238273,115.19508677208725,12516900
2025-12-08,114.43534851074219,115.44176054687456,113.50786529061997,114.28734474807399,14904200
2025-12-09,116.67510986328125,118.86554441991682,115.33322216241953,115.34309108710077,23790800
2025-12-10,117.94792938232422,118.27353614463954,116.79351361897044,117.14871962735373,19845200
2025-12-11,117.94792938232422,118.75700806191198,117.48418778650247,117.52365595718771,14781800
2025-12-12,117.23751831054688,118.32286666589587,116.7343085399838,117.84926366942325,14459500
2025-12-15,116.19164276123047,117.44472524749287,115.29375877259989,117.42499492509607,16358700
2025-12-16,113.15265655517578,115.28388509197318,113.08358913795975,115.21481767475714,17638700
2025-12-17,115.84630584716797,116.05350810769643,113.63613334596256,113.67560151860383,18502200
2025-12-18,114.98788452148438,115.43188826880714,114.09000057442135,115.43188826880714,13705600
2025-12-19,115.1358871459961,116.00416431060746,114.41560621051228,115.19508563764711,45412800
2025-12-22,116.5764389038086,116.88230780760051,115.77722164532553,115.77722164532553,11768600
2025-12-23,117.82952117919922,118.43139758967328,116.74417286659772,116.89217662008511,12567600
2025-12-24,117.63219451904297,118.45114214395569,117.53352785372694,117.74073010922581,6137400
2025-12-26,117.5236587524414,117.95780111252107,116.95138155556984,117.30658757240157,8066100
2025-12-29,118.92474365234375,119.68449277406494,117.80979604551057,118.54980731774646,14782500
2025-12-30,119.37861633300781,120.17783362594038,119.02341032010088,119.48715192182848,11150500
2025-12-31,118.73727416992188,119.645027070368,118.27354008642878,119.56609072636675,10559900
2026-01-02,121.01651000976562,121.04610925583081,118.01699678802312,118.49059978063393,14175100
2026-01-05,123.69041442871094,124.25282267802316,120.75996867205853,123.54241067304274,30112200
2026-01-06,119.43782806396484,124.12456634567523,119.38849096567523,123.68055504442157,23328600
2026-01-07,116.91191101074219,118.52020697869004,116.6948398351087,118.20446913989147,20353000
2026-01-08,121.2730484008789,121.9834528842042,117.07965127821146,117.39538911339507,20232700
2026-01-09,122.95040893554688,123.19707936395015,121.46051744021162,121.58879088076311,16137700
2026-01-12,122.37812805175781,122.84186964764413,120.92770477195467,122.80240147695339,15314900
2026-01-13,124.85469818115234,125.44670567169717,123.14773559683472,123.33520752115764,21619700
2026-01-14,128.4659423828125,129.96570264290852,125.43683014660162,125.65390130486156,27593900
2026-01-15,127.41021728515625,128.4659589129329,126.59126963826562,127.41021728515625,17400000
2026-01-16,128.1600799560547,128.4264882192749,127.15366044933069,127.19313614676857,16592400
2026-01-20,128.72250366210938,130.18278839040843,128.3376983939911,129.75850742241903,16477300
2026-01-21,131.83055114746094,131.94894814141026,130.15319515904696,130.15319515904696,18879900
2026-01-22,131.8601531982422,132.39295473790614,130.09399942683189,131.2780145581945,16600100
2026-01-23,133.1724395751953,134.16898274194648,132.68896008834847,133.29083656970107,17758200
2026-01-26,133.04415893554688,135.1161965608048,132.3830839926767,135.10632010808388,16056100
2026-01-27,135.0076446533203,135.10630377962872,132.91588448655938,133.44868592421057,14517000
2026-01-28,135.74766540527344,136.17193129495084,134.84978147594126,135.8562009907484,15637300
2026-01-29,138.63864135742188,140.4442706895522,137.25729298858514,138.4511844795975,35760600
2026-01-30,139.51678466796875,140.31600948196575,135.99433887052737,136.89222281998863,29657700
2026-02-02,136.55673217773438,138.45117416466744,136.2212640353769,137.96769474381085,27735600
2026-02-03,141.8157501220703,143.07870143659915,136.4679373562069,136.793544109173,37577800
2026-02-04,145.6243438720703,145.87101428924865,142.20055727718952,142.20055727718952,29426200
2026-02-05,144.1344757080078,144.77581284046167,141.884842462186,144.62781659622433,18431700
2026-02-06,147.06491088867188,147.57798958994934,144.1443264224402,144.6672665207462,17216000
2026-02-09,149.19613647460938,149.53160461677265,146.6504960526817,147.27209524420377,21297300
2026-02-10,149.57107543945312,149.75854737153173,147.82465966871308,149.33428146677946,15800300
2026-02-11,153.4882049560547,154.83995408588135,151.52471798158845,151.91938464479432,23091500
2026-02-12,148.91920471191406,154.20334596774293,148.86955392329364,152.8525141182461,30652500
2026-02-13,147.44918823242188,150.63755397112487,146.9823556296224,149.53503667709694,20166000
2026-02-17,145.20443725585938,148.12461916232286,144.1714401084163,147.20088103709168,19766600
2026-02-18,149.66415405273438,149.96213457527915,146.61485893888485,147.1512117547303,19849700
2026-02-19,149.95220947265625,152.34596565632472,149.82308104142925,151.17391296007145,20305000
2026-02-20,146.28707885742188,149.79327938752533,145.47261494560635,149.47544461771784,25908600
2026-02-23,149.74362182617188,150.2501932791706,147.13136269897575,147.15121695350626,16073100
2026-02-24,148.25372314453125,149.7038868797102,147.0320197225123,149.40590636909334,14185500
2026-02-25,148.05508422851562,149.16752870809867,146.33675156146265,148.89935987129022,15225700
2026-02-26,147.53857421875,149.94227252800187,145.78051802335915,146.8134999377823,15632100
2026-02-27,151.47189331054688,152.61413431248826,148.24380378097783,149.98200583536115,30275100
2026-03-02,153.1802978515625,158.53395953870333,151.99831803716847,158.27571783411466,31493100
2026-03-03,150.80641174316406,154.99796304377034,149.2867277341108,154.38213258261683,25198900
2026-03-04,148.80996704101562,150.14092953686614,146.8631740879252,149.70389345621814,16764800
2026-03-05,149.74362182617188,151.30304469422904,148.46232523665645,149.9820092838136,22969300
2026-03-06,150.1905975341797,152.7631329506698,148.94902463171314,152.11750594783567,21136400
2026-03-09,149.42578125,152.8525193577848,148.4623194854107,150.99513118452776,25532700
2026-03-10,147.13136291503906,149.3860484370434,146.70425394729372,148.2438074071617,19617600
2026-03-11,150.55809020996094,150.78653536813772,146.66451961480584,146.9922966622343,15297400
2026-03-12,152.4949493408203,153.95504029024,150.607764586727,151.24344930814027,26054000
2026-03-13,155.06747436523438,155.83228746743393,151.94864404183042,153.25975221702967,22414100
2026-03-16,156.1699981689453,156.7162932647919,153.71664895698615,154.94829470435673,22835600
2026-03-17,157.73934936523438,159.36829238305089,155.74290562359263,157.1831271380657,21592200
2026-03-18,156.52757263183594,159.10010800410745,156.46797955848893,158.5836245978209,18947100
2026-03-19,157.09373474121094,158.48429028446628,153.79610994446438,157.19305147663275,27082700
2026-03-20,158.5935516357422,161.3448813824297,158.02740228334451,158.27571685943028,53942100
2026-03-23,160.04371643066406,160.3317546721225,153.9749075468967,155.0674825949629,25021300
2026-03-24,164.2650604248047,166.35089373485314,160.16289884783137,160.61980432865266,26131800
2026-03-25,162.1593475341797,163.8876224635627,161.83157047054226,162.76523571437266,17192300
2026-03-26,164.31471252441406,164.5630270982508,160.96743691898868,162.9837500460696,18625200
2026-03-27,169.8372344970703,170.07560677850861,163.68896347300407,164.46370369951495,30338300
2026-03-30,170.31399536132812,175.22069359950967,169.8968287100872,171.34697728498398,29813500
2026-03-31,168.51620483398438,173.20438516733364,164.8510793251324,171.50590682570027,32006700
2026-04-01,159.69607543945312,166.86740190025927,158.4545025086476,164.65244003535972,37927600
2026-04-02,159.60667419433594,165.77479957775347,158.51408403248303,163.38105866010596,25377700
2026-04-06,162.2686004638672,162.64604346041736,158.4544923034983,159.487489402714,16344300
2026-04-07,162.8049774169922,165.11927115752792,160.67940518515758,163.11288507606477,25227500
2026-04-08,155.16680908203125,155.2959375077992,149.96213025990082,152.48501476813874,31311200
2026-04-09,153.99476623535156,158.15652110139501,153.26969189141946,155.80250368747105,25868400
2026-04-10,151.4818115234375,154.07421618394392,150.89579278843675,153.0014954462256,21065000
2026-04-13,151.61094665527344,153.5775938501499,150.2601147579226,153.2299625378998,18685600
2026-04-14,148.23387145996094,149.0980013153962,145.73085634569497,149.05827765272088,18528200
2026-04-15,148.0054168701172,149.21719323350692,145.90964120778764,147.5981924772423,15626500
2026-04-16,150.9553985595703,151.7500082642809,148.3431394263767,148.5219186530788,15191000
2026-04-17,145.45274353027344,145.81031711382454,141.01287784947976,143.88339364446122,28947400
2026-04-20,146.6843719482422,148.36298082556593,145.36335180517733,146.38640659622348,16354400
2026-04-21,147.35980224609375,147.80676545067388,145.25409949638887,146.3764710712823,17515900
2026-04-22,148.4921112060547,149.6641486885593,147.18100301621726,148.362982781199,13738700
2026-04-23,149.51516723632812,150.2104449991002,147.4988541463299,148.83975888275486,12970400
2026-04-24,147.90609741210938,149.28672584587542,145.95930447127088,148.6311717290291,13735900
2026-04-27,147.19094848632812,150.16078107497748,146.97243044995622,148.15441024053547,13940800
2026-04-28,149.5449676513672,151.2831696813456,148.8198933339478,150.50842941760018,15173600
2026-04-29,153.62725830078125,153.90536941024126,149.99192931237258,150.99512988770653,14669100
2026-04-30,153.28955078125,154.6403826360389,150.3197030948466,151.4023509728099,22885900
2026-05-01,151.72019958496094,153.96495780190406,150.11112604973115,151.5811440344586,15458200
2026-05-04,152.65386962890625,153.42860988574816,148.51198436166095,151.64074192537495,14238500
2026-05-05,153.83584594726562,154.24307032010233,151.3824968040683,152.06784743638346,12494600
2026-05-06,147.6875762939453,149.31651926928876,146.09835698125573,148.0650192907908,20527000
2026-05-07,145.591796875,146.08842600263094,143.2179102511608,145.81031490363108,22509400
2026-05-08,143.59535217285156,145.51233331644596,142.9497252181697,144.8667215176822,19550100
2026-05-11,148.6708984375,148.71063725771492,145.01571508552792,145.0355844956354,14849500
2026-05-12,149.614501953125,150.78653946738183,148.76029921246098,150.2303172466553,16443100
2026-05-13,150.5481719970703,150.76667488570803,148.67089920812532,149.04834222252728,15772800
2026-05-14,151.75,152.08770418043682,150.240243158863,150.87592785682824,11331500
2026-05-15,157.9199981689453,158.0,153.0,153.75,27882400
2026-05-18,160.49000549316406,161.72999572753906,155.22999572753906,157.32000732421875,20065200
2026-05-19,162.5500030517578,163.32000732421875,159.63999938964844,161.5,20715600
2026-05-20,156.27999877929688,163.67999267578125,156.27000427246094,161.61000061035156,18509700
2026-05-21,155.2899932861328,159.38999938964844,153.4600067138672,158.4199981689453,17061700
2026-05-22,154.9199981689453,155.5500030517578,153.1699981689453,154.02999877929688,12948500
2026-05-26,149.80999755859375,154.5500030517578,149.47000122070312,153.5,13057800
2026-05-27,147.89999389648438,148.69000244140625,145.75,147.22999572753906,16241100
2026-05-28,146.9600067138672,150.2100067138672,146.8699951171875,149.33999633789062,14012500
2026-05-29,145.25999450683594,146.92999267578125,144.7100067138672,146.19000244140625,27959900
2026-06-01,149.3800048828125,149.64999389648438,147.0,147.02000427246094,16732100
2026-06-02,149.55999755859375,150.8300018310547,148.5,149.02999877929688,10462400
2026-06-03,152.52999877929688,154.91000366210938,150.02000427246094,150.61000061035156,14373000
2026-06-04,152.0399932861328,153.42999267578125,150.94000244140625,152.0500030517578,11799400
2026-06-05,149.9199981689453,152.1300048828125,149.3000030517578,152.00999450683594,16584000
2026-06-08,151.75,153.80999755859375,150.89999389648438,151.16000366210938,13870900
2026-06-09,148.91000366210938,151.1300048828125,147.77999877929688,150.91000366210938,18163500
2026-06-10,150.6199951171875,152.49000549316406,149.55999755859375,151.22999572753906,14596500
2026-06-11,146.60000610351562,152.49000549316406,146.4199981689453,152.3000030517578,17285800
2026-06-12,147.00999450683594,148.91000366210938,145.14999389648438,145.6300048828125,17713100
2026-06-15,140.9199981689453,141.97999572753906,137.72000122070312,139.74000549316406,23631400
2026-06-16,141.86000061035156,142.14999389648438,139.97999572753906,140.19000244140625,18925400
2026-06-17,140.74000549316406,142.33999633789062,140.32000732421875,141.22000122070312,16663200
2026-06-18,137.80999755859375,138.4600067138672,135.85000610351562,138.32000732421875,48063400
2026-06-22,138.47000122070312,139.0,137.02000427246094,138.5399932861328,15783300
2026-06-23,139.72999572753906,140.38999938964844,138.5,139.4600067138672,13699400
2026-06-24,136.89999389648438,137.63999938964844,135.58999633789062,137.1199951171875,16212900
2026-06-25,137.5500030517578,138.07000732421875,134.9499969482422,135.63999938964844,13288800
2026-06-26,136.5399932861328,137.5800018310547,135.9199981689453,136.97000122070312,22684200
2026-06-29,136.05999755859375,137.38999938964844,135.38999938964844,136.5800018310547,11972700
2026-06-30,136.72000122070312,137.3000030517578,135.3300018310547,136.47999572753906,28784000
2026-07-01,136.27999877929688,137.49000549316406,135.6300048828125,136.52999877929688,12433400
2026-07-02,137.08999633789062,139.13999938964844,136.3300018310547,137.14999389648438,13703300
2026-07-06,136.44000244140625,137.3699951171875,136.00999450683594,136.5500030517578,13915100
2026-07-07,141.69000244140625,141.74000549316406,138.1300048828125,138.55999755859375,14667800
2026-07-08,141.1300048828125,143.99000549316406,139.80999755859375,143.44000244140625,18291400
2026-07-09,137.4600067138672,140.0500030517578,137.1199951171875,139.66000366210938,14110200
2026-07-10,138.8800048828125,138.97000122070312,137.13999938964844,137.89999389648438,9753500
2026-07-13,144.50999450683594,145.22999572753906,140.49000549316406,140.9199981689453,18724300
2026-07-14,145.08999633789062,146.0,143.88999938964844,145.50999450683594,16096400
2026-07-15,144.50999450683594,145.08999633789062,142.02999877929688,145.08999633789062,13444500
2026-07-16,145.9499969482422,146.8699951171875,144.5500030517578,145.27999877929688,13518000
2026-07-17,147.36000061035156,150.0,147.1699981689453,149.02999877929688,19031400
2026-07-20,148.36000061035156,149.08999633789062,146.22999572753906,146.5,12149200
2026-07-21,151.7100067138672,151.75999450683594,148.47999572753906,149.00999450683594,13145300
2026-07-22,154.4499969482422,154.8000030517578,152.9499969482422,153.86000061035156,13788700
2026-07-23,156.88999938964844,158.57000732421875,156.05999755859375,156.60000610351562,15822800
2026-07-24,156.94000244140625,158.7100067138672,155.67999267578125,156.99000549316406,12091600
2026-07-27,154.77000427246094,155.4199981689453,152.5,153.07000732421875,13955800
2026-07-28,153.0399932861328,156.17999267578125,151.8800048828125,154.1699981689453,16299900
2026-07-29,156.75,159.07000732421875,155.86000061035156,157.72000122070312,14571300
2026-07-30,156.97000122070312,157.77999877929688,154.52999877929688,155.08999633789062,12578100
2026-07-31,155.44000244140625,156.16000366210938,152.13999938964844,153.74000549316406,15714200
2026-08-03,155.05999755859375,155.91000366210938,152.64999389648438,153.4600067138672,14532800
2026-08-04,153.9600067138672,154.83999633789062,149.08999633789062,151.6199951171875,14347900
2026-08-05,151.6300048828125,155.0399932861328,151.14999389648438,155.0399932861328,12227500
2026-08-06,154.83999633789062,154.8699951171875,151.83999633789062,154.22000122070312,11879100
2026-08-07,153.0399932861328,153.6699981689453,151.52999877929688,152.63999938964844,18455200
2026-08-10,159.7899932861328,160.3699951171875,154.4499969482422,154.5,19761600
2026-08-11,159.8000030517578,161.6699981689453,159.27000427246094,159.66000366210938,13744500
2026-08-12,159.75,160.22999572753906,157.55999755859375,158.5500030517578,13219500
2026-08-13,158.61000061035156,159.75999450683594,157.42999267578125,158.02999877929688,10539000
2026-08-14,160.10000610351562,161.25,159.27999877929688,159.7100067138672,8308890
