Date,Close,High,Low,Open,Volume
2021-08-24,46.45960998535156,46.870829446937535,46.16587859710731,46.400864347982136,17915600
2021-08-25,46.54354476928711,46.803706381881696,46.048400539767115,46.35891694230203,13270300
2021-08-26,45.91411209106445,46.61067209370663,45.846975590396156,46.32533476272265,11842600
2021-08-27,46.8036994934082,47.172958294429655,46.49318633797204,46.49318633797204,15822500
2021-08-30,46.29178237915039,47.28207094850562,46.258212515450595,47.19814949065453,14086100
2021-08-31,45.754669189453125,46.41765947275881,45.70431440290154,46.09875222739441,27104100
2021-09-01,45.125244140625,45.95607722451884,44.982573860711426,45.72948871174598,21644100
2021-09-02,46.224639892578125,46.69460511818065,45.544864646605625,45.561649576291146,23293300
2021-09-03,46.04839324951172,46.42604611078004,45.821801532750726,46.25820003894995,13840000
2021-09-07,45.779842376708984,46.3840869753493,45.712705866525425,45.88054874268315,14354400
2021-09-08,45.3602294921875,46.30855712400324,45.32665963587243,45.98125902842554,18756700
2021-09-09,45.393798828125,46.15749544285081,44.730808579792246,44.99936102443884,19110800
2021-09-10,45.30148696899414,46.35052104071427,45.276311175720195,46.31695118208372,15123700
2021-09-13,46.46800994873047,46.93797834113376,45.83858953814999,45.86376853152368,22052300
2021-09-14,45.805023193359375,46.80370243241827,45.662352901266516,46.73656271816333,19940300
2021-09-15,47.349205017089844,47.44152053677392,46.41766535825524,46.468016949793295,23240900
2021-09-16,46.84565734863281,47.38276219053027,46.57710492768408,47.38276219053027,17907200
2021-09-17,46.29178237915039,47.626154047932545,46.2414275836007,46.44284356440108,30000400
2021-09-20,45.058101654052734,45.46093027616456,44.44546625783699,45.13363222078603,27555100
2021-09-21,45.016143798828125,45.746270522694374,44.68884572266041,45.62877923395699,19696800
2021-09-22,46.333740234375,46.92120000709256,45.628789147393576,45.67914393982018,25690600
2021-09-23,47.9030876159668,48.037363832912426,46.39247617358155,46.50996746323428,23069400
2021-09-24,48.331092834472656,48.5241146993495,47.567396238047934,47.58418116561082,22328600
2021-09-27,49.76616668701172,50.18578023951839,49.363338060772996,49.38851384947625,32972200
2021-09-28,50.286495208740234,50.756463620546384,49.94241216480652,50.26971348099527,37619300
2021-09-29,50.252925872802734,50.513084257152805,49.55636575679947,50.21935601630668,23422800
2021-09-30,49.363346099853516,50.49630159557035,49.354955236051715,50.45434087376563,31289600
2021-10-01,51.13411331176758,51.184468096034074,49.85848758959564,49.85848758959564,24407300
2021-10-04,51.79710006713867,52.09082828536358,51.15089478564641,51.46140793082666,33946700
2021-10-05,51.71318435668945,52.619551360308364,51.20964926672207,52.46849019303855,29641600
2021-10-06,50.76485061645508,51.29356140453768,50.14382113024387,50.74806568964964,25284900
2021-10-07,50.90751647949219,51.2599935312147,50.471117997139125,50.86555576417691,19513600
2021-10-08,52.18314743041992,52.38456016516751,51.4026658801282,51.4026658801282,22186900
2021-10-11,51.66282653808594,52.92166731258844,51.61247175460268,52.896488320147995,22121500
2021-10-12,51.39427185058594,52.015298146096264,51.06697057433875,51.67121514415203,20198600
2021-10-13,51.251609802246094,51.52016227609454,50.52987382825415,51.00823312238406,14991700
2021-10-14,52.032081604003906,52.21671259543302,51.33552155553761,51.78870497010141,18594500
2021-10-15,52.52723693847656,52.93006565910192,52.40135156266947,52.6447282484842,16092600
2021-10-18,52.502052307128906,52.98880239543419,52.25867566227748,52.946841677693705,18282800
2021-10-19,53.29092025756836,53.38323574976566,52.594360235641254,52.762206294054785,18933200
2021-10-20,53.58465576171875,53.60144068998742,52.63633132502152,52.778998413208676,14305200
2021-10-21,52.611148834228516,53.40841526629929,52.32581147542626,53.26574818759692,16564600
2021-10-22,52.972015380859375,53.055940014431116,52.32581010864538,52.678287166851845,14266800
2021-10-25,54.0042724609375,54.063018112547574,53.35807029322667,53.47556159644682,17939800
2021-10-26,55.254722595214844,55.33865044781109,54.01266977146321,54.12176701592366,25585100
2021-10-27,53.819637298583984,54.75957405479912,53.69375514113569,54.68404668116873,21764500
2021-10-28,53.970699310302734,54.104978735961,53.400027758243674,53.5594797741163,16626400
2021-10-29,54.104976654052734,54.85188832284896,53.98748536252042,54.591729949141,23966300
2021-11-01,55.07848358154297,55.45613969579326,54.566554433165166,54.608518357902746,19656400
2021-11-02,54.398704528808594,54.927415337262694,54.264431511986416,54.574941464959956,16300000
2021-11-03,53.651790618896484,54.08818590879404,53.42519890987423,53.74410611532008,17372800
2021-11-04,54.05461883544922,54.45744424485114,53.567865596527,54.281207327888495,17720100
2021-11-05,54.56655502319336,54.82671983434676,54.18051124205803,54.59173721998578,18565100
2021-11-08,55.15401077270508,55.70789737681594,54.868670204748724,55.0113436901245,17696000
2021-11-09,55.69111251831055,55.699506582341755,54.80992147608364,55.19596518518647,18781300
2021-11-10,54.59395980834961,55.835697280017186,54.23674574786814,55.55502885789449,20177200
2021-11-11,54.69602584838867,55.13829249754974,54.44937838805736,54.59396930538557,13319300
2021-11-12,54.279273986816406,54.747054721424725,54.075154433916225,54.39834426674514,18158900
2021-11-15,54.74705505371094,55.08725214766152,53.76897218649392,54.22824280551775,18849200
2021-11-16,55.29988479614258,55.59756702009921,54.72154058699115,54.72154058699115,17028700
2021-11-17,54.69602584838867,55.48699650088415,54.58546243052055,54.75556099475524,15497000
2021-11-18,54.100669860839844,54.88313357304091,53.675416996968345,54.568450606636,16948200
2021-11-19,51.60018539428711,52.756873802865385,51.37905531355169,52.63780350982153,32035500
2021-11-22,52.314613342285156,53.190636572926195,51.30251255000897,51.30251255000897,21994400
2021-11-23,53.69242858886719,53.90505502511156,52.663314171683744,52.8929511121583,21185900
2021-11-24,53.99010467529297,54.304790894673204,53.22465144617171,53.22465144617171,15869700
2021-11-26,52.093475341796875,52.23805975685162,50.63911133948713,51.47260655562526,24979600
2021-11-29,52.382652282714844,53.70093562209237,52.12750119193567,53.216147576285294,18946400
2021-11-30,50.89426803588867,52.04244958693749,50.74117672982587,51.42158073209266,34979800
2021-12-01,50.85173416137695,52.75686502182621,50.81771315633495,51.795795962551885,30630600
2021-12-02,52.118988037109375,52.37414234156645,50.298906365923216,50.80921173041561,29216000
2021-12-03,51.787288665771484,52.92696636998976,51.32801483472347,52.663308449701844,22014700
2021-12-06,52.374141693115234,52.86743330381977,52.2380576687314,52.49321197002937,19210500
2021-12-07,52.96098709106445,53.607369956008405,52.81639944380312,53.0205222268716,19800400
2021-12-08,53.11408615112305,53.74345860601062,53.02052999702359,53.25016694497079,18214400
2021-12-09,53.250160217285156,53.386240993940305,52.56975633400941,52.77387587678132,16910300
2021-12-10,53.590370178222656,53.879542286192866,52.92697667822956,53.81150350783517,17942400
2021-12-13,52.41666793823242,53.343719294075754,52.17852413266907,53.13109286607886,17793700
2021-12-14,52.340118408203125,53.13108892117697,52.067956860128426,52.101974620321585,22551100
2021-12-15,52.1104850769043,52.30610100025757,51.0388460688033,52.042443062996135,19961900
2021-12-16,52.19553756713867,53.11408534498629,52.136002423510256,52.255072710767095,21187800
2021-12-17,51.05586242675781,52.11899468281672,50.7666903233329,51.8383294543167,44338100
2021-12-20,50.31591796875,50.392463612875545,49.295310461883346,50.00123176264358,21819300
2021-12-21,51.45560073852539,51.608692041598744,50.792207254822294,50.81772139052714,19798900
2021-12-22,51.872344970703125,52.19553480632787,51.004828752318225,51.31951495834098,14058300
2021-12-23,51.897865295410156,52.59527980516128,51.88085478975498,52.02543922119065,13543300
2021-12-27,52.63780212402344,52.68883363873679,51.38755759113391,51.82131735514223,12593700
2021-12-28,52.467708587646484,52.995024589516554,52.22106433871912,52.6548209266599,12781000
2021-12-29,52.00843048095703,52.39115549183691,51.81281129369658,52.289095705230416,12733600
2021-12-30,51.70224380493164,52.39115136579856,51.68523330109986,52.06796152626029,11940300
2021-12-31,52.042449951171875,52.28059378694862,51.62570391630146,51.659724927758454,14072000
2022-01-03,54.041141510009766,54.092169783656324,52.059461358037375,52.08497873928293,24282400
2022-01-04,56.073848724365234,56.2949820534645,54.517421523320365,54.54293565959251,38584000
2022-01-05,56.77125549316406,57.50269091450557,56.54162180918175,56.55862906809603,34033300
2022-01-06,58.10655212402344,58.242636157599584,57.04341994487426,57.834390545715,30668500
2022-01-07,58.582828521728516,58.83798281960781,57.817378605777336,58.27664595981071,23985400
2022-01-10,58.23414611816406,58.82949771505988,57.79187937003081,58.65939911275986,22760300
2022-01-11,60.6835823059082,60.72611018778324,58.327684297899445,58.59133899676223,32936100
2022-01-12,60.504981994628906,61.074819322380826,60.07972909531954,60.504981994628906,23045100
2022-01-13,60.07123565673828,60.87922023945655,59.79907399985899,60.48798826324543,21043200
2022-01-14,61.1258430480957,61.363983590504034,60.045697245088206,60.0882251228796,23012900
2022-01-18,62.15496063232422,62.83536132659322,61.24491975599604,61.93382732448599,32841200
2022-01-19,62.18046569824219,62.81834490607082,61.704184632826525,62.72478876981519,26431600
2022-01-20,62.31655502319336,63.25211656292583,61.457548865939486,61.661668434224715,26774600
2022-01-21,61.38100814819336,62.24002090871095,60.41993883436137,62.24002090871095,35995200
2022-01-24,61.908321380615234,62.15496885490191,59.373811101511734,60.28385209823066,41507000
2022-01-25,63.728397369384766,63.992052080677176,60.71760617608579,61.73821050076434,39278400
2022-01-26,63.08201217651367,64.63843931200697,62.50366798627353,64.15365127672068,35252400
2022-01-27,63.8900032043457,64.64695290851876,62.928927419679255,64.17917208511076,29174700
2022-01-28,64.02606201171875,64.31523729661018,62.89488798021457,63.76240734604594,30595700
2022-01-31,64.60441589355469,64.99564775930126,63.16705910180019,63.76241701920542,36085500
2022-02-01,68.74638366699219,69.3247278562079,64.86807290272746,65.02116420248586,61033100
2022-02-02,68.56777954101562,68.72937122968011,67.31753498392933,68.09149188331726,30299300
2022-02-03,67.76829528808594,68.30411154984289,67.20695840437936,68.11699925527404,28529400
2022-02-04,69.23966979980469,70.19223199858946,68.78039595874345,68.78039595874345,32197500
2022-02-07,70.07316589355469,70.66001691797274,68.58478088054147,69.01003374140238,34949200
2022-02-08,68.26158905029297,70.166719994479,67.9724137391474,69.97110082910022,34356300
2022-02-09,67.93482208251953,68.82055352323782,67.6854403027712,68.43358564201618,40106100
2022-02-10,67.2812728881836,68.51958065742203,66.89430499068634,67.6940443315229,28527700
2022-02-11,68.97535705566406,69.06995039143196,67.27269013340332,67.60806411993288,42002100
2022-02-14,67.91761016845703,68.65714758990134,66.25793679823016,68.43356940794786,34652800
2022-02-15,67.0662841796875,67.2382750016959,65.71618739062197,66.12895880266309,25075100
2022-02-16,67.37586212158203,68.56257584873285,67.109284544395,67.75423537496683,21733800
2022-02-17,67.27265930175781,68.0380002598224,67.03187220057029,67.4876428643777,23738800
2022-02-18,66.5245361328125,67.2210810065072,66.12036585175711,66.35255185017523,23394800
2022-02-22,65.75056457519531,68.61414688032175,64.76163898672732,68.51095242004422,35947800
2022-02-23,66.01715087890625,66.61910880307586,65.46679347215436,65.75057335522956,25385000
2022-02-24,65.18301391601562,67.96059766245806,63.660926732926086,67.93480068660521,46199900
2022-02-25,66.9372787475586,67.06627019697659,65.57858762125171,65.94835961050187,28310300
2022-02-28,67.4360580444336,67.87462645127707,65.52700251429289,65.79358665532047,32204600
2022-03-01,68.08100891113281,69.35371478535659,67.3586671214663,67.73703381857672,40002300
2022-03-02,69.25050354003906,70.64359937559858,68.6399510147938,69.3106986746188,44321400
2022-03-03,69.68907928466797,70.31682767508279,68.47656872333621,68.67435650709737,30196600
2022-03-04,72.31188201904297,72.47527165781868,69.36231326533957,69.69768716330523,42802200
2022-03-07,74.91748809814453,75.01208140802738,72.14849825054606,73.02562846126649,55207900
2022-03-08,75.48504638671875,78.6926048321075,73.46420170348111,76.57716683273378,72082300
2022-03-09,71.19397735595703,74.44452868489577,70.1706532113728,72.26029428865907,65466700
2022-03-10,73.40400695800781,73.67918572625385,71.28856894697029,72.24309673449422,44644200
2022-03-11,73.02561950683594,74.15213790618509,72.20868454250666,72.29467666073427,35303400
2022-03-14,70.41141510009766,71.76151163072107,69.22470817891062,71.4261377929774,37462600
2022-03-15,66.40414428710938,68.08101396677186,65.67320126163547,67.78003819872727,47957900
2022-03-16,66.15475463867188,67.60804589574295,65.56999897554081,66.91149456005017,37812300
2022-03-17,67.91761016845703,68.06379741683686,66.27513259654286,67.22966014195083,34041900
2022-03-18,67.65103912353516,68.27019295453152,67.16087676745951,67.9864130218617,41461500
2022-03-21,70.68660736083984,70.96178611538251,68.57116945514704,68.89794873670203,33089300
2022-03-22,70.37702941894531,70.68660633340346,69.47410221909149,70.19644397897454,23132200
2022-03-23,71.48633575439453,72.46666032820369,71.41754599681941,71.666921169488,27716300
2022-03-24,71.70130157470703,72.79342153561474,71.15954546357082,71.77009787602552,19871600
2022-03-25,73.26639556884766,73.51577728895806,71.19395743531692,71.3057465260791,22398300
2022-03-28,71.2111587524414,71.64112591131045,70.53180985413495,71.52073563168938,21552400
2022-03-29,70.83279418945312,70.93598211170719,68.58836502952997,69.49129215314491,27036300
2022-03-30,72.04529571533203,72.24308349412459,71.12516626257326,71.42614196005918,22079000
2022-03-31,71.02198028564453,72.57846604031506,70.98758868248157,71.26276743323776,27861500
2022-04-01,71.4777603149414,72.35489064658283,70.50603009959674,70.50603009959674,18671100
2022-04-04,71.51214599609375,71.94211318492805,70.55761831201933,71.85611449853828,20869400
2022-04-05,71.14238739013672,73.15463106482242,70.99619353212512,71.80453409927914,21753100
2022-04-06,71.93350219726562,72.83642923425225,71.32294965965247,71.73571443062413,24768200
2022-04-07,73.1374282836914,73.47280219747879,71.12517824018792,72.08830719511379,26122000
2022-04-08,74.67669677734375,74.99487485286764,73.24060796872834,73.24060796872834,24866500
2022-04-11,72.10550689697266,73.89417224108853,71.80453113252517,73.76518075324545,21800100
2022-04-12,73.61038208007812,74.65950308001914,73.42119546556042,73.70497538733699,22444200
2022-04-13,74.65090942382812,74.90889238977083,73.25781977791975,74.47892515371923,19306800
2022-04-14,75.5280532836914,76.06980968962043,74.1521593125209,74.53052605410531,24566400
2022-04-18,76.1471939086914,76.43956845614873,75.4592437628948,76.10419456428706,19032300
2022-04-19,75.46785736083984,76.24179976200493,75.04648471084002,75.68284099667571,20382600
2022-04-20,75.63983917236328,76.1042045978812,75.07228580391673,75.64844035453389,20689400
2022-04-21,74.84009552001953,77.22211766467747,74.63371308521494,76.49116812001493,29010900
2022-04-22,73.20620727539062,75.77741565021924,73.09441817418089,74.52191231357963,23591600
2022-04-25,70.73821258544922,71.08218769166507,68.1842061148293,70.83280590367806,37698300
2022-04-26,70.76399993896484,72.85364071590031,70.66940663361059,71.14237316038185,28941500
2022-04-27,72.78485107421875,73.50719942135355,70.75540525429697,71.7099330153949,32773000
2022-04-28,74.98626708984375,75.79460741786271,72.2946751374428,72.99121980942121,33683800
2022-04-29,73.30940246582031,75.79461218290784,72.8364359546327,75.79461218290784,34656500
2022-05-02,74.30693817138672,74.84869450715689,72.77624935585895,73.10302864222942,36335200
2022-05-03,75.83760833740234,76.34496642737608,74.05754459130004,74.1779348689473,33908100
2022-05-04,78.85597229003906,79.01076072569356,76.45676137856148,76.96411946384241,46188400
2022-05-05,77.6606674194336,79.15695788079617,76.00959507666622,79.14835670045869,41013400
2022-05-06,78.84737396240234,78.95916305370358,76.83512439353639,78.2368214284753,29619300
2022-05-09,72.63005828857422,77.01572239539698,72.25168505493862,76.91253446679,45851600
2022-05-10,73.11161804199219,74.71969769317776,71.82171647303073,73.64477971904323,34483200
2022-05-11,74.63370513916016,76.48256535621867,74.19513677121172,74.32412823952345,33020600
2022-05-12,74.9725112915039,75.04200568287285,72.45315567787851,74.66844598883894,29491500
2022-05-13,77.19650268554688,77.27468637327975,75.01595592300643,75.89338819946808,25798400
2022-05-16,79.01216888427734,79.90697969292121,77.29206154987585,77.30075083523664,26101200
2022-05-17,80.01991271972656,80.31528213784354,79.15985906511122,79.6897927886577,23120700
2022-05-18,78.7515640258789,80.72360796372638,78.03919494279936,80.36742673617856,25451200
2022-05-19,79.17723846435547,80.18498355091941,77.31812892822994,77.31812892822994,24387400
2022-05-20,79.802734375,81.30565608844844,78.53437036071993,79.86354612130167,28795000
2022-05-23,81.56627655029297,82.33076797432531,80.4021641572449,80.49772641374679,27239300
2022-05-24,82.00933074951172,82.34813994888465,80.20234393420122,80.63671538242112,24293300
2022-05-25,83.65996551513672,83.85977272203998,82.07016400706836,82.16572628097306,29947800
2022-05-26,83.95530700683594,84.64161464153864,83.5730580386517,83.92055649809357,24314800
2022-05-27,84.78060913085938,85.07598513798145,82.79119389375133,83.35587142775273,25588800
2022-05-31,83.39932250976562,86.68316977311042,83.14738626099279,85.62330232240492,44888100
2022-06-01,84.997802734375,85.75361144860433,83.93794195665039,84.28543381663492,25815400
2022-06-02,84.85012817382812,85.2236879331499,84.08563671130169,84.52000821618826,19089100
2022-06-03,86.08373260498047,86.57892243134404,85.04993303908665,85.04993303908665,21038200
2022-06-06,85.86654663085938,86.6831670928048,85.71886192586402,86.16192266883253,20682100
2022-06-07,89.80194854736328,89.85407099610707,86.431222131654,86.61365733023901,37810200
2022-06-08,90.86182403564453,91.71319506241434,89.46315395192312,89.90620809440122,31613200
2022-06-09,88.8984603881836,90.8444425810765,88.75077568948693,89.84538694474922,26607000
2022-06-10,87.27391815185547,89.78458481012417,86.69186195146412,88.55966066643467,30950500
2022-06-13,83.26901245117188,84.93699736490456,81.59233825189332,84.71981162213783,33421000
2022-06-14,83.48619842529297,85.71886760200286,82.76514016659333,84.6242562275728,31264000
2022-06-15,82.43502044677734,83.89450891130005,81.02765443985024,83.39063639459965,29620800
2022-06-16,79.3944091796875,80.90601989519811,78.43010407807331,80.28053060559448,35696700
2022-06-17,74.81614685058594,79.35966886522067,74.41652588034151,79.02085963766599,64610200
2022-06-21,79.47261810302734,80.38479433990194,76.90113281092789,76.95326190159469,35951500
2022-06-22,76.3277587890625,77.97837177743811,76.04107201481129,76.04976130045061,29727200
2022-06-23,74.02557373046875,77.36154955325641,72.55739626684772,77.02274038903334,35757200
2022-06-24,75.49376678466797,76.79688126324803,74.54683348368198,75.53719995716418,26639000
2022-06-27,77.34418487548828,78.22161712327366,76.16269391648505,76.2843174009722,25478700
2022-06-28,79.489990234375,81.00160130758674,78.49093438670691,79.15987025663419,33096900
2022-06-29,76.55361938476562,80.96682785582179,76.2408714405515,80.77571000367466,25400900
2022-06-30,74.3991470336914,76.10188245067937,73.55646529669603,74.8335185164327,39948100
2022-07-01,76.0584716796875,76.34515190546193,73.59123748452409,75.35478516337082,26327900
2022-07-05,73.67809295654297,75.32001672410493,72.1143595068561,75.00726870857092,34591100
2022-07-06,72.34891510009766,74.04296790629574,70.37687143038106,72.76591465134145,33375700
2022-07-07,74.65975952148438,75.37212836351468,74.1037646510208,74.17325903884249,23817400
2022-07-08,74.7813949584961,75.84126242125832,73.78233923730303,75.53719708542971,17673800
2022-07-11,74.3991470336914,74.8161465734355,73.28715709835093,73.99083677943733,15603800
2022-07-12,73.4087905883789,73.88660193570978,71.98405246104433,72.78329450750348,21013000
2022-07-13,73.70415496826172,74.981208273907,72.36629654404437,72.435790948691,19928600
2022-07-14,72.227294921875,72.37497964613205,70.0988771513979,71.10661561878032,26343000
2022-07-15,73.44353485107422,73.73890429300336,72.01879684510072,73.66940988947972,17243700
2022-07-18,74.79876708984375,76.39725757337979,74.49470838123119,75.21576662450008,19395800
2022-07-19,76.6839370727539,76.9011228096664,74.92907923481327,75.07676394519792,18248900
2022-07-20,77.52662658691406,77.88281441269308,75.79782980311391,76.08451659537751,16584400
2022-07-21,76.232177734375,76.27561752387771,74.02557031285984,75.51980893120722,21375700
2022-07-22,75.650146484375,76.85769879522711,75.2592081345699,76.05845677889025,15479500
2022-07-25,78.16949462890625,78.2998007708064,75.94550813939028,76.58838270335075,17536400
2022-07-26,77.86542510986328,79.29885224566054,77.31811945931484,79.16853948277308,15141200
2022-07-27,79.55078887939453,79.92434859992653,77.66561833465553,78.43010971779853,18047000
2022-07-28,80.48033905029297,81.01027273191457,79.06429055644136,80.08071812493574,20353100
2022-07-29,84.2072525024414,84.71980764990712,81.74870841887899,82.05276711889955,29825800
2022-08-01,82.07884216308594,82.83464433676407,80.99291340505813,82.34815037412223,20793200
2022-08-02,81.72265625,82.70433348401833,81.5054704933424,82.26127931258482,16722500
2022-08-03,79.07296752929688,82.02669440438859,78.87316039497132,82.02669440438859,23580800
2022-08-04,75.7457046508789,78.48223981149575,75.08545811190632,78.45617858184922,31821500
2022-08-05,76.8403091430664,77.91755514330747,74.95513858461837,75.02463960940473,17408000
2022-08-08,77.274658203125,77.83934226683586,76.64047976275758,76.97928887538798,14458500
2022-08-09,78.69941711425781,79.5855385950151,78.14342218153978,78.23030177501268,19083400
2022-08-10,79.44651794433594,79.7418939114161,77.48316419766428,78.77758897591752,18302000
2022-08-11,81.74476623535156,82.71844085749075,80.20969447696406,80.56056266783294,18797900
2022-08-12,82.45529174804688,82.47283248249393,80.79741460892888,81.12197508145015,15058200
2022-08-15,80.98162078857422,81.34126941505411,78.64831499641116,79.41146073840513,20755200
2022-08-16,80.22724151611328,81.48161480498128,80.07812185403374,80.7272360890253,14038200
2022-08-17,80.87635040283203,81.76230798831048,79.75355611632328,80.06056913335586,13678000
2022-08-18,82.78861999511719,83.60440134817028,81.65705188008337,81.7096874686685,17770400
2022-08-19,82.52544403076172,83.50788549078807,82.27983366575512,82.59562033287231,16128600
2022-08-22,82.46406555175781,82.88511010277257,80.57811870846838,81.94652353784002,16019900
2022-08-23,85.96402740478516,86.32367603790385,83.72720564740153,83.81492939661851,23764700
2022-08-24,86.4727783203125,86.81487945786292,85.40261304187021,85.97278383524795,17050300
2022-08-25,86.92013549804688,87.59557074045173,86.05172545019303,86.77101586513498,15305700
2022-08-26,85.8499755859375,87.63943122993899,85.45523888501285,86.63943560302506,15531400
2022-08-29,87.82364654541016,89.08678669650907,86.08681963562465,86.12190779154149,23059200
2022-08-30,84.48158264160156,86.50788208235102,84.05176438730174,86.27981238537502,17086800
2022-08-31,83.8499984741211,84.94647825347124,82.09563082716086,82.48159385105419,18340900
2022-09-01,82.34124755859375,83.39386546520572,80.95529551739556,82.82369464396531,16423000
2022-09-02,83.8499984741211,84.9026230777261,83.42895398658426,84.5166600538328,18206800
2022-09-06,83.28861236572266,84.72719349089013,82.9026559832222,84.35001082165037,19201500
2022-09-07,82.57807159423828,82.97280157564954,80.9640568257171,81.74474977020098,16274700
2022-09-08,83.25353240966797,83.70089140835452,82.20968136130107,83.03423642084348,18759200
2022-09-09,84.64824676513672,85.08683871728769,83.61316949036515,84.66578749857464,17158000
2022-09-12,85.62191772460938,87.00786983952976,84.98157055756482,85.65700588234706,16118900
2022-09-13,83.62194061279297,85.77103843480405,83.25352499057081,84.74473490473582,18229100
2022-09-14,85.674560546875,86.45525377943984,84.34124379793658,84.37633196138007,22655700
2022-09-15,83.18335723876953,84.68334102001076,82.49915481494538,84.40264241812437,21092300
2022-09-16,81.76232147216797,83.63072102027832,80.70092961402597,83.39388428019,37874700
2022-09-19,81.7535400390625,82.00792418321753,79.8237380596288,79.83251177284306,15342100
2022-09-20,81.08688354492188,81.51670179099911,80.38513373336615,81.34126768430127,14712500
2022-09-21,79.77986907958984,82.35001804708357,79.70969945727303,82.0780931931039,17332400
2022-09-22,79.44652557373047,81.27984294367198,79.40266371280933,80.87633256186255,16139400
2022-09-23,75.21852111816406,76.75359297771843,74.4290542519168,76.75359297771843,27738800
2022-09-26,73.66590118408203,75.63079109464402,73.58695115913355,74.47290870365802,22043400
2022-09-27,75.20974731445312,76.27991276603379,74.39396600237788,75.09571581428126,17307300
2022-09-28,77.94654846191406,78.33251145298833,75.36762609861034,75.54306686381723,19543300
2022-09-29,77.7886734008789,78.38515875800321,76.4290355936098,77.35008142335758,17896000
2022-09-30,76.5869369506836,78.10446829562524,76.5869369506836,77.34131576598871,21357600
2022-10-03,80.63072967529297,81.01669267155293,78.70092807875514,78.98162661447665,23881300
2022-10-04,83.56929779052734,83.64824781266876,81.32370940115572,81.78861574498207,22133700
2022-10-05,86.94647216796875,87.7096178918062,83.91141662152737,83.99035996162827,34857700
2022-10-06,89.52537536621094,89.63063983015104,86.2534835808855,86.37628877595834,29124700
2022-10-07,88.62187957763672,90.63063131296911,87.87627467488609,89.63941601330123,24507600
2022-10-10,86.70084381103516,89.49906228206477,86.59558603787828,89.0253822257149,16786100
2022-10-11,85.96402740478516,87.50787303612593,84.86754746339759,85.2798249921405,17804100
2022-10-12,86.34121704101562,86.76226828446705,85.28859897096075,85.52543569438923,12635800
2022-10-13,89.35871887207031,89.86748040555638,85.43770609432183,85.56928500685744,22019100
2022-10-14,87.00787353515625,89.68328042556894,86.87629461114662,88.70083873671217,15222000
2022-10-17,88.26223754882812,89.4464343562316,88.1569730821593,88.65696758716882,14283200
2022-10-18,88.42015838623047,89.77978970164742,87.04297964139045,89.069272734832,14065400
2022-10-19,91.04291534423828,91.21834944258403,88.79732676197978,88.8148674948616,20921700
2022-10-20,91.16571044921875,92.10429682536292,90.70957782863609,91.50781158775104,17649000
2022-10-21,92.85868835449219,93.33236846442023,91.14818242340375,91.62185584094973,22814100
2022-10-24,93.5077896118164,94.45514970041111,92.209561365118,92.68324140941536,17024200
2022-10-25,92.876220703125,94.14814126098828,92.16570394856855,93.34113375058077,15719800
2022-10-26,93.98148345947266,94.58674249814578,92.98149433876705,93.20956402893668,17383800
2022-10-27,94.34113311767578,96.1218154015638,94.22709492513887,95.09551182302472,18214000
2022-10-28,97.10425567626953,97.55162134200773,94.84112628595496,96.01654950715553,28169400
2022-10-31,97.20073699951172,99.0428283763052,95.99899944865632,96.05162833631964,26401800
2022-11-01,98.1656494140625,98.74458728415475,97.06039587176413,98.56915318834056,22213100
2022-11-02,96.14812469482422,98.33231066109042,95.88496685640966,97.87617799253793,20654200
2022-11-03,97.45513153076172,98.08670501977734,95.00778760701722,95.24463101158916,17103700
2022-11-04,98.51651000976562,99.56036086880674,97.1919672960167,99.12176897070627,17541500
2022-11-07,99.68317413330078,99.99018714834469,98.35862461996078,98.60424172437769,16008000
2022-11-08,99.99896240234375,100.57790697596378,98.77090363085613,99.54282972901618,14661000
2022-11-09,95.52533721923828,99.36740066083209,95.23586489827625,99.2095072759785,19522800
2022-11-10,96.92882537841797,97.10425948948027,94.35867616629946,96.65690049855671,20146700
2022-11-11,99.95509338378906,100.43754716063991,98.67440581259943,98.75335583625748,20518900
2022-11-14,100.2469253540039,101.369914289286,99.4687849141941,99.59257875757139,20858300
2022-11-15,100.91891479492188,101.27261426814957,99.80477056170068,100.62711896979613,19373800
2022-11-16,99.84014892578125,101.03387883751854,98.91168857984287,100.30879789699051,13591000
2022-11-17,99.9727783203125,100.09657213110795,97.9301736959309,98.40766700025193,12425900
2022-11-18,99.10623168945312,99.45993121882721,96.92214434779491,98.06282178824118,15415000
2022-11-21,98.12471771240234,98.32809038602198,95.03870301084189,97.25815421146967,20973000
2022-11-22,100.963134765625,101.21956672777497,98.53146004270171,99.22117033925707,17719100
2022-11-23,100.4591064453125,100.75974660124662,99.12389418828164,99.31842922859481,11546700
2022-11-25,100.10542297363281,101.34336790822526,99.97278481166627,100.69786578465857,7136000
2022-11-28,97.09898376464844,98.55799000210394,96.93098172861298,97.85059774042578,23015500
2022-11-29,97.74449157714844,98.85864271856269,97.08130749830188,97.80638848799049,14453200
2022-11-30,98.45188903808594,98.9470710970224,97.0724682406192,98.62874218279812,23158100
2022-12-01,97.97440338134766,99.09739218977415,97.42616874670784,98.71716635770703,14398300
2022-12-02,97.14319610595703,98.77904867803807,96.55959092825144,96.83371157819955,15248400
2022-12-05,94.48160552978516,98.46955357713135,93.67694584401589,97.88594846209025,19287700
2022-12-06,91.85540771484375,94.64962635594894,91.20991236486203,93.6415871616912,21197000
2022-12-07,91.65204620361328,92.71313809097835,90.52021305808847,91.76699568842956,20061700
2022-12-08,92.33290100097656,94.43740932390357,91.70508759045217,93.97759794819814,21128800
2022-12-09,91.55477142333984,93.68579937345912,91.34255441189288,92.48322506483105,21298200
2022-12-12,93.80960083007812,93.942239002878,91.59898710427264,91.81121087925551,20413200
2022-12-13,94.83531951904297,95.97599689903265,94.63194010789844,95.32165718943831,24305300
2022-12-14,94.13675689697266,95.7637718100608,93.50894352305892,95.4896511706712,17597300
2022-12-15,93.23483276367188,93.88032809750517,91.69624098250064,93.13756523453151,15365100
2022-12-16,92.58048248291016,93.35862268360542,91.19221759770008,91.68739956530335,54596600
2022-12-19,92.99609375,93.90686549773748,92.29753902448837,93.07567934974564,13611100
2022-12-20,94.34014892578125,95.065229922675,92.90766887258546,92.99609206805887,14680000
2022-12-21,95.55155944824219,96.0202084489052,94.75574395457302,95.75493886643456,13565400
2022-12-22,93.62389373779297,95.66650505120593,92.04993811926926,95.4012287519295,13213000
2022-12-23,96.09977722167969,96.15282977963436,94.52582170396752,94.57002992017772,11539400
2022-12-27,97.43499755859375,97.68258517791254,96.23242333939673,96.62148670707343,11962100
2022-12-28,95.83451843261719,97.26699847517698,95.41008439899325,97.18741962371898,10702100
2022-12-29,96.55960083007812,97.01941224383268,95.4896646408233,95.4896646408233,10534000
2022-12-30,97.53227233886719,97.70911872402773,96.03789542310918,96.03789542310918,11799600
2023-01-03,94.18099212646484,97.28468904113988,93.27905791909592,97.07247200551222,15146200
2023-01-04,94.45509338378906,94.75574032792433,92.63355001809687,92.6689206436573,18058400
2023-01-05,96.56844329833984,97.22278303231462,94.00413018356431,94.03065646725477,15946600
2023-01-06,97.73563385009766,99.02663120391492,96.97518233745434,97.3377261557813,16348100
2023-01-09,95.91410827636719,98.71716482832078,95.3305030214769,98.71716482832078,17964600
2023-01-10,97.34656524658203,97.5587889833158,95.50734008535152,97.08129569504956,15104600
2023-01-11,98.47840118408203,98.54913568070779,96.46231623948252,98.14238365352067,16710400
2023-01-12,100.11426544189453,100.57407008234286,98.80557927926048,98.87632053048546,15357300
2023-01-13,100.0523681640625,100.35300836127263,99.17696710872227,100.01699753858067,12011400
2023-01-17,99.85784912109375,100.87473284153928,99.62794339169764,100.28228994872825,16542200
2023-01-18,97.806396484375,100.91010011607928,97.62070573666728,100.14964843712886,16399700
2023-01-19,98.4342041015625,99.15044076364445,96.89561889380009,97.32889727921012,12928000
2023-01-20,100.22921752929688,100.30880312556474,97.80638695484154,98.46957102329246,16515600
2023-01-23,99.70751190185547,101.32567583574678,99.60140002657697,100.48564541512701,16584400
2023-01-24,100.6359634399414,100.82165415816263,92.73081441652907,96.52422786485161,13583000
2023-01-25,100.10542297363281,100.49449311639943,98.49609658253976,100.12311165989883,11914700
2023-01-26,104.12875366210938,104.14643560404346,101.1046288757805,101.44064648884921,21019700
2023-01-27,102.22760772705078,104.04915102976527,102.03307266632268,103.41249328420302,15179200
2023-01-30,100.41490173339844,102.12149556182521,100.05236464092535,101.76779606571863,18672100
2023-01-31,102.58131408691406,102.92616926445515,97.64722297497009,99.12391122200573,27861800
2023-02-01,101.45832061767578,103.79272805616499,100.22037564362668,102.42215166217919,19464900
2023-02-02,98.28388214111328,101.75012265160305,97.1166784285501,101.55558757513296,24562100
2023-02-03,98.96475219726562,100.90125195129541,98.64642328574682,98.94707025607352,20226600
2023-02-06,98.79673767089844,99.99930516160761,97.549948467148,99.35380982259689,13855200
2023-02-07,101.61747741699219,101.96233257537793,99.05316446658634,99.38033768573094,16013300
2023-02-08,100.7332534790039,102.42216575194615,100.67135655909944,101.73245528836536,18459700
2023-02-09,101.11346435546875,102.78468769142992,100.96314425030464,101.35221440132452,17439300
2023-02-10,105.37553405761719,105.78228617591127,102.71395997402384,103.02344454813263,24918600
2023-02-13,104.96563720703125,105.3042335806189,103.27264174275622,104.89435161317014,14536200
2023-02-14,103.73599243164062,104.97455082738382,103.37957123327398,104.26171522881944,12079000
2023-02-15,103.42412567138672,103.44194367199793,101.70439969022765,103.11225967442395,13663400
2023-02-16,103.12115478515625,104.05675261918795,102.29247853320375,102.74690885337583,11360600
2023-02-17,99.15599822998047,101.74895582464784,98.88868742934098,101.74895582464784,20758300
2023-02-21,99.0579833984375,100.13615260951966,98.73720499535217,98.73720499535217,14469400
2023-02-22,97.7748794555664,98.87977909965782,96.80363181821126,98.44316668192455,13973800
2023-02-23,98.67483520507812,99.64608284747972,97.92635677078925,98.66592960336224,11289400
2023-02-24,98.68374633789062,98.87086594406027,97.14222748967994,97.41845749721823,14351000
2023-02-27,98.50553894042969,99.13818335953881,97.97981612568489,98.72830134708089,11710500
2023-02-28,97.93526458740234,99.22728378534165,97.32043818931743,99.12035538623199,18107000
2023-03-01,98.80848693847656,99.67280611490085,97.33825377844742,97.40062697684047,13200000
2023-03-02,99.26293182373047,99.53024263835877,98.16693776906345,98.56791418825986,10339900
2023-03-03,100.51930236816406,101.01829476278668,97.97089998941442,98.06001038721163,13006700
2023-03-06,101.41034698486328,101.4370773836233,99.68171548275244,99.78863707779253,14347400
2023-03-07,99.45004272460938,100.8400778738256,99.0579787396843,100.51929948582668,11525300
2023-03-08,97.99762725830078,100.17178342125054,97.18676894805269,99.11143913622298,13509800
2023-03-09,97.24022674560547,100.00248555624773,97.15112315775171,98.79065772656632,12961200
2023-03-10,96.03731536865234,98.94213868286252,95.47595662312314,97.6233824131807,15795700
2023-03-13,94.93241882324219,96.10860394431197,92.41965939194907,93.86315529616243,20745600
2023-03-14,95.28884887695312,97.13332132498321,93.52456763188694,94.76312606423632,18263500
2023-03-15,90.5484619140625,92.84736469297809,89.30099112662504,91.61771870434096,25733800
2023-03-16,90.02273559570312,90.6019191669989,87.34067452744245,88.31192207896954,27465200
2023-03-17,88.96239471435547,90.53955641816661,88.33866267216256,89.63959435885735,43199500
2023-03-20,91.28801727294922,91.31475446803478,88.6594240041536,88.77525799018537,32042100
2023-03-21,95.37796020507812,95.59181022847245,92.78500232851445,92.82064513210845,31592300
2023-03-22,93.19487762451172,95.50269970338768,93.16814722329414,95.16410329101637,14952700
2023-03-23,92.14341735839844,94.7541854506588,91.27909839357712,93.88096088693928,14385900
2023-03-24,92.2503662109375,92.5355018178436,89.91582055382166,90.41480616636505,13401600
2023-03-27,94.2730484008789,94.87896238796156,92.5889652364314,93.32853122214578,14805900
2023-03-28,95.44924926757812,95.92150453549758,93.72952302138829,93.95228545328764,11047600
2023-03-29,97.08876037597656,97.26697436895958,95.77891641976845,96.28681440297478,14219100
2023-03-30,97.56100463867188,97.63229022788468,96.69668556442838,97.61447222966545,11578200
2023-03-31,97.7125015258789,98.16693192313609,97.16896073088293,97.73031952652534,14418000
2023-04-03,103.47758483886719,104.11914162145122,100.79553050913222,101.03611090351684,28087700
2023-04-04,102.488525390625,103.985489040064,101.73113456520801,103.59343182585155,16365500
2023-04-05,104.24388122558594,104.25279362425464,101.85586824500108,102.78256055966354,16479500
2023-04-06,102.51526641845703,104.41319975276987,102.26576680242519,104.1280641326172,15778000
2023-04-10,102.06082153320312,103.52214232666908,101.7311307353695,102.27467153273818,13006600
2023-04-11,102.78255462646484,103.53994531354286,101.91823555604002,102.43504587829766,11758500
2023-04-12,102.67564392089844,103.88746506972828,102.40832633329018,103.50432028468168,10919000
2023-04-13,103.15679931640625,103.26372770550128,101.6954786562823,102.1142730158608,12399700
2023-04-14,103.40631103515625,103.94985184676241,102.57763461731156,103.27265223263245,11530800
2023-04-17,102.20338439941406,103.81618876658746,101.9538916040066,102.90731438541017,13260400
2023-04-18,104.19934844970703,104.4399288644819,101.84697791297111,101.92716911850628,17436100
2023-04-19,103.8696517944336,104.16369979454436,103.15680939383215,103.43303939310391,10682600
2023-04-20,103.04097747802734,103.07662027859556,100.89355142960301,102.58654026849399,17038700
2023-04-21,103.37066650390625,104.14587530886092,102.7023793006452,103.79836650701868,14315300
2023-04-24,105.32206726074219,105.93689370253716,103.2548323181713,103.29047512040849,15831300
2023-04-25,103.82508850097656,104.91217001796988,103.03205496117032,104.74287522960606,12179800
2023-04-26,102.87167358398438,104.33299438389295,102.18556838329042,103.38848398346079,15566100
2023-04-27,104.10132598876953,104.26171518806339,102.36377519672466,103.02315679280434,16279200
2023-04-28,105.44680786132812,106.85466788038768,104.10132784137473,104.47556704699743,24381900
2023-05-01,102.1766586303711,104.5201234895178,101.98062662561837,103.35284386071824,17355000
2023-05-02,98.10456085205078,101.52619489475417,97.3828128422563,101.52619489475417,24324100
2023-05-03,96.17097473144531,97.84614537762732,96.0194979449744,97.19568303658482,16212300
2023-05-04,94.48689270019531,96.90163610364148,94.37105870897526,96.14424536499382,17177200
2023-05-05,96.8392562866211,97.50754338646486,95.8145480405604,96.72342230332195,14968200
2023-05-08,97.222412109375,98.87976473380651,97.16003891590364,98.46097037842664,11187800
2023-05-09,97.24915313720703,98.22040073962117,96.42047673440813,96.53631073546877,11370800
2023-05-10,96.00167846679688,98.02436479131863,95.08389850028637,97.78377760119977,14884800
2023-05-11,94.26412963867188,95.18190955755892,93.49782650678847,94.88786158408007,17165900
2023-05-12,94.2552261352539,95.35122014066874,93.36417653019662,94.72748133822724,12613300
2023-05-15,94.43496704101562,95.20791963956601,93.99456604882333,94.83043307482977,13715600
2023-05-16,92.1430892944336,94.2013000411469,91.693698481365,94.0395190741558,14795200
2023-05-17,94.21028900146484,94.57879275658259,92.43968811541232,92.9250310123881,14064700
2023-05-18,95.06413269042969,95.18996843079383,93.5901313238996,93.9676248306723,12005600
2023-05-19,95.50452423095703,96.2145624397153,95.10905817616542,95.78314430201911,13359600
2023-05-22,94.3450927734375,96.20557015724323,94.26419887475456,95.12702827014114,12882000
2023-05-23,95.63036346435547,97.26614569955332,95.04615405382208,95.26185971748569,14394400
2023-05-24,96.69991302490234,97.52679734231111,95.92696712573715,96.51116970400808,16340300
2023-05-25,94.96527099609375,95.65732983899068,94.11142432719426,95.21692875714719,14316500
2023-05-26,94.3450927734375,96.1246762585603,94.2192639151827,95.69326498944625,12370300
2023-05-30,93.50921630859375,93.58112046525798,92.22395865114134,92.83513026847167,11938000
2023-05-31,91.83750915527344,92.6104619218698,91.44204303548187,91.93637568522134,24926100
2023-06-01,92.89806365966797,94.89335984298441,91.01062373337051,91.4510247828361,13551900
2023-06-02,95.0551528930664,95.38769772782013,93.94964840374439,94.51588525368301,14112000
2023-06-05,94.63272094726562,96.3404074572328,94.4529605025976,96.3404074572328,10628000
2023-06-06,95.4056625366211,95.51351193362409,93.45530822634811,93.60809944354169,12209800
2023-06-07,97.54476928710938,97.8683312227487,95.92696646607246,95.98089116962579,16027100
2023-06-08,97.23917388916016,98.09301358192033,95.18096340569245,97.76046195420554,13517100
2023-06-09,96.52014923095703,97.6166638091624,96.31343331634001,97.48184520645275,12251600
2023-06-12,95.6483154296875,96.22353498004608,94.87536287317606,95.10005822432106,14112000
2023-06-13,95.66629791259766,97.37397714938884,95.5224895918971,96.51114779665991,13533800
2023-06-14,94.515869140625,97.16727191559242,93.82380352138556,96.57407281338719,16627700
2023-06-15,95.1719741821289,96.19658456181193,94.7675252427862,94.82144993945623,16224100
2023-06-16,94.48889923095703,95.96290038301437,94.33610801746352,95.59440352357946,43128900
2023-06-20,92.3228530883789,94.16535137460896,91.78358546453498,94.0844643167543,17514100
2023-06-21,93.3564453125,94.03951437709155,91.97232085452352,92.12511207761695,13285700
2023-06-22,92.8441390991211,93.37441693498566,92.25992970608648,92.43069354184057,12455300
2023-06-23,92.03523254394531,92.41271915108315,91.33418402864389,92.20599637641676,17933600
2023-06-26,93.73392486572266,94.29117187266951,91.85546793678613,91.85546793678613,14283400
2023-06-27,93.96762084960938,94.02154555236666,92.8171746192306,93.51823004087315,13227500
2023-06-28,94.7315673828125,95.10905395080208,92.75424405385868,93.75189202437284,13084100
2023-06-29,95.89999389648438,95.9269631044756,94.48890705995747,94.96526706757078,11364400
2023-06-30,96.39432525634766,96.96055518787752,95.9988591635691,96.4572396931843,13544700
2023-07-03,96.58306121826172,97.48184273734901,96.23253697439038,96.61002356668894,7397000
2023-07-05,96.08875274658203,96.99651730666464,95.36073492256207,96.73586979647972,12491200
2023-07-06,92.50260162353516,95.01919287352983,92.06220055479191,94.4529560708433,17961400
2023-07-07,92.71829223632812,93.47326531861965,91.28023651493075,91.60379836652938,21929200
2023-07-10,94.09344482421875,94.147369524166,92.34980638289314,92.54753942557862,14877600
2023-07-11,95.24388885498047,95.41465955615072,94.20129888996563,94.60575473108051,12576500
2023-07-12,95.71124267578125,96.75383253620154,95.3876807782135,96.1696231735287,13238200
2023-07-13,93.95862579345703,95.47756883527342,92.86211118508017,95.24388370795724,26826800
2023-07-14,90.72300720214844,93.51821822797928,90.35450349409624,93.51821822797928,28181900
2023-07-17,91.11847686767578,91.3791243566181,90.07589376906597,90.52528457265767,18051300
2023-07-18,90.70503234863281,91.85547163508595,90.18373740409653,90.70503234863281,24617800
2023-07-19,91.33418273925781,92.03523124466238,90.59718214932495,90.82187753475763,15556500
2023-07-20,92.94298553466797,93.1676808790332,91.99926234547092,92.1610432677002,15740200
2023-07-21,93.37442016601562,93.81482123138156,92.80819022483087,93.61709503878014,17121500
2023-07-24,94.83941650390625,95.41464294605404,93.43731962263922,93.79683357754723,15090900
2023-07-25,94.98323822021484,95.35173510450932,93.95862776142235,94.42599116868446,14116100
2023-07-26,94.45295715332031,95.01919396249619,94.04850816718861,94.47093662572948,15159600
2023-07-27,94.74954223632812,96.16062888952055,94.1383705539618,95.27083714187908,17677900
2023-07-28,93.61707305908203,94.51585445086052,91.96331173248755,94.47091263840845,17566400
2023-07-31,96.38533782958984,96.94258489574977,94.54283964542724,94.54283964542724,24197000
2023-08-01,95.82807922363281,96.45722348628951,94.84840389217233,96.12467188622344,14177400
2023-08-02,94.63272094726562,95.612389656357,93.98559706078039,95.504540246716,13484100
2023-08-03,96.27750396728516,96.96057316324209,94.64172144911781,95.17199939259706,16280400
2023-08-04,96.5470962524414,98.18287812463294,96.46620921795247,97.03243903084872,14279600
2023-08-07,96.34938049316406,97.44589509355536,95.72922587960633,96.97853169948583,12410800
2023-08-08,96.82573699951172,96.84370961291643,94.22825207578562,95.30679402335704,14065600
2023-08-09,98.47049713134766,99.24344975567836,97.3470202770482,97.70653424185573,19919600
2023-08-10,98.97383117675781,100.33098644074141,98.36265942116411,99.03674561378249,15837200
2023-08-11,100.51073455810547,100.72644019330964,98.91090462078736,99.19851442011243,14047000
2023-08-14,100.59163665771484,100.64556821745794,99.56702616567007,100.37593099022108,12973400
2023-08-15,98.00910186767578,100.45570196921948,97.83693130550508,100.3560250030543,14909600
2023-08-16,96.35990905761719,99.06930032454547,96.3055423142575,98.11784083552955,13695100
2023-08-17,98.2265853881836,99.81234666133527,97.33855603333564,97.33855603333564,16709500
2023-08-18,99.71266174316406,99.85764202449458,97.51978227359409,97.53790221624668,16224000
2023-08-21,98.50749969482422,100.56446268866011,97.99099481728929,100.00264757612148,11092400
2023-08-22,97.9547348022461,99.42269910992684,97.81881102893615,98.92431424558052,10518800
2023-08-23,97.0938949584961,97.22981873068366,95.79810123526576,96.9942179864499,11435600
2023-08-24,96.36896514892578,97.65569534185502,96.11524448140393,96.43239531580625,10818500
2023-08-25,98.09066009521484,98.70684188551175,96.61363924956906,97.34761795809537,13579300
2023-08-28,98.9152603149414,99.71266920535982,98.2628317167034,98.27188823202248,10382100
2023-08-29,99.5042495727539,99.69454009070303,98.24470263487376,99.36833271234048,9665000
2023-08-30,100.47382354736328,100.70942428153225,99.65829477581755,100.07512258958113,11922100
2023-08-31,100.75472259521484,100.96313302076992,100.23821787473302,100.6912924335195,17479800
2023-09-01,102.8660659790039,103.13791353563354,101.66994917390052,101.66994917390052,14843500
2023-09-05,102.87512969970703,104.95927587079336,102.84794632664105,103.39163452807253,18304000
2023-09-06,103.76313781738281,103.83562449292735,102.60326804824025,102.8298053285687,13325500
2023-09-07,103.25569915771484,104.97738403011078,103.02916185643564,103.8900077493185,13248500
2023-09-08,104.7599105834961,105.15861844765047,103.5909772745279,103.78126777877344,14283200
2023-09-11,103.44599914550781,105.72949215727138,102.91136750624933,105.27641754345265,14383600
2023-09-12,106.46347045898438,106.62657759594177,104.45181807429981,104.51524824348492,20145800
2023-09-13,105.51203155517578,106.8893755126159,105.02271008107485,106.39099752272537,13472800
2023-09-14,107.39679718017578,107.52366442497703,106.31848436300645,106.51783828764755,15210700
2023-09-15,105.74761199951172,107.3877468010694,105.56638491950433,106.83499521966593,34568400
2023-09-18,106.59939575195312,107.14308391180728,105.74761325638057,106.49971878275336,14045300
2023-09-19,106.31849670410156,107.68677713956437,105.66606811622428,107.48743010515331,12562900
2023-09-20,105.47577667236328,106.94373406884836,105.40328307137456,105.60263701740841,11879900
2023-09-21,103.98968505859375,106.35473504483376,103.84469786687843,106.00133740673995,14400600
2023-09-22,104.15280151367188,105.72949934114743,104.03499768151795,104.85053342447787,13197300
2023-09-25,105.32172393798828,105.70230494053955,104.05311368278102,104.28870749576815,11316000
2023-09-26,105.4848403930664,105.77480788445435,104.54244431771302,104.66024123461833,11805400
2023-09-27,108.91912841796875,109.19097593668592,106.38191486787663,106.82592602930308,23976200
2023-09-28,108.25765991210938,109.37221969954325,107.09778989351744,108.71979799911327,16808100
2023-09-29,106.54503631591797,107.99487381273642,105.77481079386165,107.92238020955287,18813600
2023-10-02,104.77804565429688,106.73533154634731,103.79940962164248,106.49973078229587,14395000
2023-10-03,104.95927429199219,105.51202591392135,104.23435209207415,104.60587662070903,13297100
2023-10-04,101.03562927246094,103.38255223041742,100.12948013100389,103.34631234852412,19622200
2023-10-05,98.7612075805664,100.49195601483106,98.49842346112135,99.49519319466137,20128800
2023-10-06,97.11201477050781,98.10877757625113,95.24534950265924,95.80716453403502,25367500
2023-10-09,100.51008605957031,101.55215921358058,99.24147556396525,100.07513823519608,22369900
2023-10-10,100.08417510986328,100.99032429841205,99.78515113180313,100.60067987080129,13892000
2023-10-11,96.49584197998047,97.11202381217961,94.99163765963515,96.92173327900544,57939000
2023-10-12,96.47771453857422,97.71913462235229,96.13337338907755,97.49259730331303,31183000
2023-10-13,99.55862426757812,99.85764827697349,97.71913541483055,97.89130599097514,30276500
2023-10-16,99.63111114501953,100.29260316511595,98.88806900767075,100.12949601724083,18452000
2023-10-17,100.93595886230469,101.30748335282293,99.38644455948882,99.431754784849,19775400
2023-10-18,102.34955596923828,102.74826385520615,101.21686939625702,101.32560979607649,23380300
2023-10-19,102.41297912597656,103.27382501050049,100.88159168529057,102.141138515103,20972500
2023-10-20,100.6550521850586,102.68482440467974,100.39226809426864,102.322363351405,22445300
2023-10-23,99.17802429199219,100.54631147996575,98.48029247015481,100.2472805934485,18185000
2023-10-24,98.2175064086914,99.51329997755313,97.97284917859614,99.40455959008334,16786100
2023-10-25,98.39875793457031,99.22335718944872,97.9819300490411,98.33532775445437,22047300
2023-10-26,97.50165557861328,98.17220407178561,96.50489281019605,97.36573181169958,18768300
2023-10-27,95.64405822753906,99.54955936951963,95.10942656321,98.67059347135456,23092000
2023-10-30,95.9430923461914,96.43241383324684,95.33597393041505,95.81623198807011,19379900
2023-10-31,95.91590881347656,96.1968198174579,94.72885535870797,95.67125152703707,22185200
2023-11-01,95.72560119628906,97.1120083699352,95.56249406330895,96.53207343342139,28984900
2023-11-02,98.86993408203125,98.94242767307307,95.59873510499001,95.94306929238459,25212700
2023-11-03,97.66476440429688,98.57091364822372,96.5411412775712,98.22657942434475,30555600
2023-11-06,95.93403625488281,98.10878921137372,95.84341578721983,98.01817565708177,19097300
2023-11-07,94.42981719970703,95.01881562411467,93.59616150753924,94.66541795214418,20272500
2023-11-08,93.26995086669922,95.05506615395798,93.23370406387403,93.9948730964615,19184100
2023-11-09,93.2971420288086,94.21235486477592,93.20652847086669,93.94050727757887,18380500
2023-11-10,94.01298522949219,94.61104705635773,93.2518231735217,94.17609237196733,17825500
2023-11-13,95.00068664550781,95.27253419327847,94.06735399866307,94.2848348022277,15308400
2023-11-14,95.36646270751953,95.85111232279556,94.98240153804662,95.37560901438927,18260500
2023-11-15,94.7903823852539,96.15288925647015,94.64406936404443,95.0647088351384,20137600
2023-11-16,93.69303131103516,94.43372160283009,92.49512341164592,94.095385038226,22469100
2023-11-17,95.97913360595703,96.40891933719091,93.95823231739153,94.24170504369981,22984900
2023-11-20,95.55850219726562,96.82042057595426,95.49449199638842,96.36320286209174,17458800
2023-11-21,95.52191925048828,95.74138178891646,94.38802132925638,95.29331040478735,14989000
2023-11-22,95.11043548583984,95.2110239459818,93.21755433607869,93.80279248058336,18072000
2023-11-24,95.62250518798828,96.44549840620299,95.01898147902293,95.11956295002705,9480800
2023-11-27,95.06470489501953,95.46705871008051,94.35144638765766,95.19272529497738,18013500
2023-11-28,95.00983428955078,95.9334159467796,94.99154167565584,95.32073895988417,20629500
2023-11-29,93.58331298828125,95.63165325272807,92.94321101600929,95.3481735422177,26802100
2023-11-30,93.94908905029297,95.54021163569567,93.09866386726334,94.28743265268997,29254700
2023-12-01,94.17768859863281,95.30244707544908,93.47357649476984,93.72961725981092,17845300
2023-12-04,93.66561889648438,94.51604410295396,92.89748952777548,93.3912854841051,21523900
2023-12-05,91.84588623046875,93.58330776584646,91.70871953646844,93.51929757219136,22250300
2023-12-06,90.62969970703125,92.10194136726446,89.92558049043852,91.44354671466465,31154800
2023-12-07,89.99872589111328,92.21165777402229,89.69696054982894,91.31551503374453,29990700
2023-12-08,91.03205108642578,91.25151363916868,90.30049994183113,90.5473944415933,22074900
2023-12-11,91.0960464477539,91.31550896474386,90.14503290534728,91.26064507964328,22252300
2023-12-12,89.6603775024414,90.23646918840636,89.13914969801964,90.23646918840636,26084000
2023-12-13,90.45594787597656,90.55653632786162,89.30376429789246,89.65124723748455,19915400
2023-12-14,92.88835906982422,93.40044071348666,91.1875084944149,91.30638259695394,26165700
2023-12-15,92.26653289794922,92.35797504227735,91.7270123862129,91.98305318096706,55527000
2023-12-18,92.95236206054688,94.28743693974812,92.83348099064595,93.39128715630663,21610400
2023-12-19,94.17768859863281,94.3605798426533,93.0803690408603,93.27239961464112,18904700
2023-12-20,92.60486602783203,95.04641374625713,92.47684563529596,94.64405995452196,20988900
2023-12-21,93.02550506591797,93.28154583071125,92.18421929741314,92.78774993721524,19250900
2023-12-22,93.19009399414062,94.13196112795778,93.10779119883352,93.55586249056863,12927800
2023-12-26,93.40042114257812,94.21426800283399,93.38213550624563,93.94908092819286,16835100
2023-12-27,92.96150207519531,93.77534898772069,92.66887606237994,93.30898500053137,14558800
2023-12-28,91.61729431152344,92.91579103770299,91.56242343784164,92.71461411291112,16329300
2023-12-29,91.42525482177734,91.98305400012299,91.09605751799366,91.78188407144494,17746400
2024-01-02,93.60160064697266,94.27828083563186,92.22080134950542,92.28481154334361,23483000
2024-01-03,94.38802337646484,94.75379893283741,92.96150638085913,93.51930555800644,23490800
2024-01-04,93.5650405883789,95.62252047453748,93.31814607173914,95.17444903055238,19395200
2024-01-05,93.84850311279297,94.55262228160166,93.39128541024807,94.34229906873207,15827400
2024-01-08,92.28482818603516,92.39456295665649,90.43767156173872,92.11109018662113,23370100
2024-01-09,91.14178466796875,92.62317269047301,90.70285953458252,92.62317269047301,19496600
2024-01-10,90.24563598632812,91.26065988488222,89.76098631841448,91.26065988488222,18206100
2024-01-11,90.22734069824219,90.98632376685956,90.12675224449345,90.56568431326872,15833400
2024-01-12,91.39781951904297,92.03792851356826,90.68456099145976,91.57156448530664,18041700
2024-01-16,89.33119201660156,91.452681760049,89.18487901111438,91.27893681018,20235700
2024-01-17,88.68194580078125,89.57808856203434,88.31617025520136,88.33445589301563,18384000
2024-01-18,88.5173568725586,88.7825370212156,87.62120703632756,88.70024117713358,20940300
2024-01-19,88.65451049804688,88.71852069789213,88.16072151443409,88.44419425995042,20088400
2024-01-22,88.53563690185547,88.79167770267068,87.57547692220986,88.42590214011099,19955900
2024-01-23,89.53237915039062,90.07189272250388,88.45334502957525,88.52649456409662,15863400
2024-01-24,91.0777587890625,91.12348334685854,89.37690849255246,89.90728266599925,17330600
2024-01-25,93.39127349853516,93.43699805359304,91.09604594765132,91.72700155260705,22089500
2024-01-26,94.18683624267578,94.25999274132299,92.53171057616207,93.24496899650306,20817200
2024-01-29,94.30571746826172,94.36972766528264,93.14438761471426,94.16855774363708,18317500
2024-01-30,95.8785400390625,95.9059719818741,93.36384295804633,93.64732264580415,19610900
2024-01-31,94.01309967041016,95.90598063771411,93.97652141783081,95.77796024198057,22415300
2024-02-01,93.62904357910156,95.1104314945441,92.92493136424481,94.70807767086099,19240700
2024-02-02,93.24497985839844,95.10128262413458,92.91578255272627,94.87267377167272,21973400
2024-02-05,92.86090850830078,93.6198845132892,91.90074864229838,92.76945939604322,17190900
2024-02-06,93.50101470947266,94.22341947449192,92.87919839126545,93.3364160671064,13347900
2024-02-07,93.47358703613281,93.93995104024414,92.52257338973976,93.50101898168259,13826800
2024-02-08,95.07383728027344,95.48533036608171,93.37298709951418,93.58330330725173,19636900
2024-02-09,93.06208801269531,95.86940442443407,92.99807781346694,95.19272417879294,20410500
2024-02-12,94.34228515625,94.55260833810361,93.27239756445053,93.41871055645086,18173100
2024-02-13,93.53012084960938,95.14525522302179,92.84715171473741,94.84069237837716,18917400
2024-02-14,93.06864166259766,94.71146975287775,92.68101115383067,94.01926939803977,17651300
2024-02-15,95.73593139648438,95.92974666008963,92.84714393833214,92.84714393833214,23196300
2024-02-16,95.73593139648438,96.5665662286708,95.54210909145264,95.99435174795806,20151400
2024-02-20,94.83145904541016,96.09588103426265,94.73916706289708,95.83745362522836,17650000
2024-02-21,96.76959991455078,96.88958580563126,95.052942618185,95.08062950338032,20991300
2024-02-22,96.68655395507812,97.28646237738846,95.4775058001807,96.13279504272496,20470700
2024-02-23,95.83744049072266,96.0681739360968,94.95142490545703,95.87435868695363,15975900
2024-02-26,96.21585845947266,96.85268509965523,95.10834060312858,95.72670462223024,13360800
2024-02-27,96.01280212402344,97.04649051533143,95.84667375830298,96.61271050253767,16360000
2024-02-28,96.28046417236328,97.30492136474149,95.98512560600189,96.4189056656573,14810500
2024-02-29,96.46504211425781,96.97265854417384,96.18816618637977,96.6127149089339,17566100
2024-03-01,97.6833267211914,98.19094321459143,97.25877794554198,97.57257915276034,18460100
2024-03-04,96.31736755371094,97.6925368816105,96.01279772361131,97.51718425574997,18138000
2024-03-05,97.49872589111328,98.08017164914092,96.28045355898915,96.47426881166503,19952700
2024-03-06,98.54164123535156,99.27999111071071,97.96942677130318,98.4032067949697,20472800
2024-03-07,99.09540557861328,99.65839576525472,98.38474260268995,98.38474260268995,15195400
2024-03-08,100.02757263183594,100.04603525286603,98.54164850311797,98.96620428968892,16281500
2024-03-11,100.61824798583984,100.71054700651013,99.06771879369632,99.90759200009461,17577300
2024-03-12,99.97218322753906,100.8581987799907,99.70453159584655,100.65515222895321,14957200
2024-03-13,101.08893585205078,101.84574127040759,100.70130535418103,100.72899224096803,17122200
2024-03-14,102.87942504882812,102.95326143791601,101.23660411946344,101.36581427965443,22121000
2024-03-15,102.69483184814453,103.64545949381964,102.30720137598117,102.30720137598117,38264400
2024-03-18,103.6454849243164,104.16232568067981,102.53795996455987,103.1747866403842,16770500
2024-03-19,104.37458038330078,104.74375531272203,103.42395969300367,103.57163248134262,14878800
2024-03-20,104.28228759765625,104.66069383375276,103.48856397009259,104.03309857106117,16119700
2024-03-21,104.74376678466797,105.13140437580023,103.8946692830009,104.2176947410887,14878000
2024-03-22,104.74376678466797,104.92835779030878,104.12540275898174,104.7345425154561,14701900
2024-03-25,105.81436920166016,106.8572819358832,105.0575637127933,105.0575637127933,14011700
2024-03-26,105.02063751220703,106.11893098291667,104.66992520457231,105.82359244979635,13152300
2024-03-27,106.10971069335938,106.19277136375726,104.66993607504858,104.73454116583363,12415700
2024-03-28,107.28182220458984,107.4756374562894,106.19276004640233,106.62654005605535,18482100
2024-04-01,107.9740219116211,108.20475535867473,106.48809794928158,107.43872566594041,13817000
2024-04-02,110.08753967285156,110.38287819950969,108.28782162625136,108.83234917419801,19919600
2024-04-03,110.10601043701172,110.521327850359,109.57993842743952,110.27213881063592,16504300
2024-04-04,110.49363708496094,110.64130283332021,109.49686687818772,109.87527312094329,18467400
2024-04-05,112.01648712158203,112.73637441859718,110.41980841706827,110.73360959660855,21720600
2024-04-08,111.25967407226562,112.35796052253859,110.94587291402607,111.7488278669607,17513900
2024-04-09,111.84112548828125,112.2749055293105,111.06585738398022,111.67499711174722,14132300
2024-04-10,112.78250885009766,113.03170492218338,111.42580206317713,111.8780376588173,17409200
2024-04-11,112.40411376953125,113.234755637888,111.0658554701158,113.234755637888,17555900
2024-04-12,111.09354400634766,114.21305771446366,110.44748612169302,113.47470785812295,21556200
2024-04-15,110.45671844482422,112.31181737086844,110.24444057071496,111.7580514528186,15029500
2024-04-16,109.54302215576172,110.95510983569538,108.8323591399794,110.34597010788197,18082200
2024-04-17,109.4876480102539,110.15216155694898,108.09402286577463,109.41381864839765,14538600
2024-04-18,109.3861083984375,110.4936331581901,108.87849904479857,109.82911971062371,13821400
2024-04-19,110.64130401611328,111.61038734551809,109.78297528023154,109.97679757925351,21572400
2024-04-22,111.26890563964844,112.20107082435204,109.30305902217412,110.06909582783575,16340700
2024-04-23,111.70268249511719,111.73036938392853,110.24444532535696,110.75206175831984,13929800
2024-04-24,111.72113800048828,111.91495325125133,110.18906453051454,111.02893765858049,12101200
2024-04-25,111.97957611083984,112.3764379848565,110.19831333324333,111.70269311355302,16041000
2024-04-26,108.86927032470703,109.92141429456888,107.2633674825115,109.82912232275095,27289500
2024-04-29,110.4197998046875,110.79820604440889,108.68468678717828,108.68468678717828,17309900
2024-04-30,109.15538024902344,110.93664281071933,108.88773563656079,109.93064832260272,21083300
2024-05-01,107.0880126953125,109.33997352588116,106.74653167985593,109.16461384242417,27777700
2024-05-02,107.28182220458984,108.22321861733172,106.96802809462658,107.30028482366183,25513600
2024-05-03,107.0603256225586,107.12493070981171,105.33443680390212,107.0603256225586,28023300
2024-05-06,107.75252532958984,109.21998674862637,107.4294998953453,107.67868893278356,31401300
2024-05-07,107.21723175048828,108.5185719570153,106.99572958138282,108.24168896456321,30122000
2024-05-08,107.1987533569336,107.93709611063119,106.5157843733713,106.79266026547334,18957200
2024-05-09,109.31229400634766,109.39535467794686,107.23569271924485,107.24491698847129,17564000
2024-05-10,108.86927032470703,109.51532821028475,108.51855801522845,109.40457361924759,13648100
2024-05-13,108.82312774658203,109.866040405752,108.09400919955263,109.29381891479288,15060600
2024-05-14,109.48373413085938,109.54886396936223,108.37652687631063,108.66495800416332,15079100
2024-05-15,110.33041381835938,110.5723205571582,108.0043383394698,109.42789539677118,18244300
2024-05-16,109.6698226928711,111.00033831402159,109.3627789883087,110.29320929404695,15745200
2024-05-17,111.31668090820312,111.49346493737147,109.75355771486485,110.06990770923872,15104500
2024-05-20,110.41414642333984,111.54927236500872,110.30249934620443,111.40040722928856,11551300
2024-05-21,109.65121459960938,111.13990172999932,109.5860847594867,110.16295412815913,14495000
2024-05-22,107.44608306884766,109.28833089732723,106.96225538759708,109.28833089732723,17879300
2024-05-23,105.61314392089844,109.33486507086883,105.4735779580506,107.55773981442049,15979800
2024-05-24,105.5293960571289,107.07391366198803,105.17583512163291,106.85060529350903,12212900
2024-05-28,106.86922454833984,107.10183212273573,105.20375346383085,105.62244425829553,13978300
2024-05-29,105.72478485107422,106.58078606063418,104.96183234373682,106.56217348074193,13902000
2024-05-30,106.05976104736328,106.1900207376094,105.10141885542942,105.3898500126,14683700
2024-05-31,109.10226440429688,109.3162594087373,106.05975319640238,106.18071368454889,29037400
2024-06-03,106.48774719238281,108.26487250938224,105.84575509920008,108.20904896178895,19589300
2024-06-04,104.83158111572266,105.22236014147737,103.20332807645812,105.13862482108132,19412200
2024-06-05,105.25028228759766,105.31541212724945,103.7243771026528,105.03628018667314,14863500
2024-06-06,106.04114532470703,106.10627516354214,104.310544351523,104.90601919190675,13154100
2024-06-07,104.90602111816406,106.90644777428768,104.83158498709432,105.87366952621038,13289200
2024-06-10,105.21305847167969,106.27374843010362,104.85949041979188,105.19444589072783,15239700
2024-06-11,104.36636352539062,104.83157866860654,103.56619291116967,104.66410093310402,12462400
2024-06-12,103.21263885498047,105.41776133668364,102.84977158691314,105.41776133668364,13606800
2024-06-13,102.3845443725586,103.14749688475153,102.08680697996182,103.12888430474084,14466900
2024-06-14,101.51924133300781,102.54271314984918,101.03541364595023,102.36592913742977,13313400
2024-06-17,100.82141876220703,101.84489057996704,100.65394103940127,101.57506496552335,21147900
2024-06-18,101.77046966552734,103.01725003240122,101.23082545462577,101.44482046102978,17762900
2024-06-20,103.96627807617188,104.78506127022936,101.96585154335379,102.26359604927995,17433200
2024-06-21,103.05445098876953,104.85948075056953,103.05445098876953,104.11514084938594,52212500
2024-06-24,106.1155776977539,106.56218026292127,103.87323728551928,103.87323728551928,16266700
2024-06-25,106.41331481933594,106.58079255547527,105.56661984812604,106.17140095633029,14188900
2024-06-26,106.4505386352539,106.83201138347361,105.26888812791007,106.43192605322163,15771800
2024-06-27,106.90645599365234,106.99019132357857,106.17141511472123,106.99019132357857,16812700
2024-06-28,107.11114501953125,108.43235441991833,106.70175339178641,107.79966149459462,24565900
2024-07-01,106.96227264404297,108.61843753838431,106.56218730787802,107.66009540954322,11972900
2024-07-02,106.23654174804688,107.87410121487606,105.59454251020499,107.83688314760488,13326700
2024-07-03,106.77618408203125,107.61357277855006,106.32026812032551,106.32026812032551,7732900
2024-07-05,105.48290252685547,106.65523978123518,104.85020953778124,106.63663429565402,12631000
2024-07-08,104.37567901611328,105.65037117638636,103.66854994848131,104.5710685416523,13350500
2024-07-09,103.22193145751953,104.71061839814845,102.92419406939374,103.38010289213838,11727000
2024-07-10,104.13375854492188,104.1709766091396,102.73811308054655,103.20332823533833,10004100
2024-07-11,105.37123107910156,105.43636091591206,103.21263307515659,103.6778482234087,13082700
2024-07-12,105.38983917236328,106.20862239668662,104.79436433573903,106.05975013822056,11684900
2024-07-15,107.19487762451172,108.07879069847874,105.67827873989305,106.32027084147195,13032500
2024-07-16,107.96713256835938,108.25556368901168,105.79922827162355,106.39470309410432,13614100
2024-07-17,109.45582580566406,109.95825904649645,108.44166013150591,108.61843707094344,13602800
2024-07-18,110.5351333618164,111.57721085729398,109.26974746134746,109.74426185005791,13033600
2024-07-19,107.99505615234375,110.60956330256487,107.80897291195001,110.33973763495953,16157700
2024-07-22,107.25069427490234,107.87408795177274,106.60870221461379,107.16695895780282,12065900
2024-07-23,105.52009582519531,107.1576479195102,105.29678745891839,106.82269246871412,11251700
2024-07-24,107.0087890625,107.18556598958368,105.20375203809166,105.85505039812574,14925200
2024-07-25,109.26042938232422,109.8186861373344,106.59009189100956,107.1576549365455,17021700
2024-07-26,109.16738891601562,109.81868728724392,108.36721828929524,108.64634312041314,11252500
2024-07-29,108.02294158935547,109.22319736351284,107.35303072948913,109.15806753539354,8861800
2024-07-30,109.94894409179688,110.34902939471476,108.14391418209593,108.26486756256146,12483900
2024-07-31,110.33971405029297,111.42832277963446,110.311802280062,111.31666860009149,15137700
2024-08-01,108.81381225585938,111.17710588530873,108.2648618290262,110.11641599395374,15051500
2024-08-02,108.74868774414062,110.6002490982704,107.39026039750236,107.90199988705976,20403800
2024-08-05,106.78549194335938,107.95783621366115,105.37124088446203,107.50192731356287,18025900
2024-08-06,106.2179183959961,107.58564487037845,105.72478441157223,106.48773691573801,13647800
2024-08-07,107.63218688964844,108.97200891148546,107.24140783281948,107.41818477836374,13660700
2024-08-08,109.68843078613281,109.8931265940461,107.67870496918988,108.00435416422461,13851000
2024-08-09,110.5816421508789,111.00963924639392,109.19530296120854,109.6884298952015,12151900
2024-08-12,110.72120666503906,111.80980842185848,109.80938183969893,111.23294617394728,13228900
2024-08-13,109.6605224609375,110.26530361280545,109.32556696447587,110.0513015072693,11585100
2024-08-14,110.6746826171875,111.55859567151543,109.44651489102084,109.88381827282456,12194500
2024-08-15,111.35936737060547,112.20349057549252,110.7872349681476,110.90916212633205,11579400
2024-08-16,110.8341293334961,111.12488972642107,110.35579474768004,110.66530325739343,10056000
2024-08-19,111.1717758178711,113.01948134663546,110.83412368288018,111.0498486630347,12417500
2024-08-20,107.46699523925781,111.28433361277588,107.4013410522251,111.28433361277588,15632000
2024-08-21,106.78231811523438,108.39554358707714,106.69790864917692,107.87031004955448,11752400
2024-08-22,107.60768127441406,107.8702980138738,106.5853436463521,106.71665201608197,10609500
2024-08-23,109.0989761352539,109.47414598601405,107.88905712333153,107.88905712333153,10381400
2024-08-26,111.43440246582031,111.55633678727088,109.66173217734251,110.449589614316,13671000
2024-08-27,110.37454986572266,111.99715643686945,110.11193311565722,111.57508766931878,9991600
2024-08-28,109.28654479980469,110.28074586230532,109.04269050751469,109.73674999962351,10742900
2024-08-29,110.7966079711914,111.41563928170105,109.12710969366353,109.92434113278117,10753900
2024-08-30,110.61841583251953,110.69344408146186,109.07084460023434,109.53980514603167,13284700
2024-09-03,108.30174255371094,108.88324901301942,106.96051519365521,108.64876875535772,15725100
2024-09-04,106.9792709350586,108.93952961871048,106.90424269066257,108.13291695635395,12620600
2024-09-05,106.14453125,108.12354538224939,106.05074056931576,107.92658280608143,17200800
2024-09-06,105.6474380493164,107.09183748291599,104.79393352150832,106.53846028191845,13467700
2024-09-09,107.87030792236328,108.9395374059609,105.6661947642724,105.86315733695932,21645300
2024-09-10,103.94041442871094,108.23609471850534,103.33076429186562,107.95471553049366,20913400
2024-09-11,102.90869903564453,104.06233792310529,101.07974868962246,103.9028930615489,19571900
2024-09-12,104.3249740600586,104.41876474516044,102.94622880617248,103.07753719646921,15919500
2024-09-13,104.24992370605469,105.48797917693474,104.04357993494642,104.55005814882048,10035400
2024-09-16,105.71308135986328,106.06948878505537,104.75640503131099,105.09405718392233,11729000
2024-09-17,107.09182739257812,107.2700346846158,105.1597122902448,105.34729364076983,12202600
2024-09-18,107.46699523925781,108.4518080447484,106.74479202612835,107.02617120242263,12569900
2024-09-19,108.7988510131836,110.2807681150584,108.03913718819666,108.9489218286612,12660600
2024-09-20,108.1141586303711,108.33926483940871,107.1574822871558,108.2923659235834,36206200
2024-09-23,110.07441711425781,110.47772345973343,107.97347592552825,108.17043849111822,16066300
2024-09-24,109.78366088867188,110.82475381832494,109.57731711439546,110.5246122151813,11984900
2024-09-25,107.64519500732422,109.783660997219,106.96051665284243,109.25842034696798,13816000
2024-09-26,105.79750061035156,106.43528723052447,104.24054818389979,104.24054818389979,16887900
2024-09-27,108.63001251220703,108.8832480396793,106.2195557712233,106.69789749619261,15964000
2024-09-30,109.94310760498047,110.10255246751561,107.82340400948871,108.29236453866486,13247600
2024-10-01,112.48487854003906,113.11328396373696,108.73319411566457,108.83636600979648,23235900
2024-10-02,113.97615814208984,115.19545831906036,112.7381026934323,114.36070919148358,17129700
2024-10-03,114.9703598022461,115.52372976664519,113.42278869545163,114.33257322544829,16524300
2024-10-04,117.0806884765625,117.41834063304479,114.82967648527053,115.5518725581094,19752300
2024-10-07,117.58716583251953,118.49694324959624,117.10882408844945,117.47461272927663,15714400
2024-10-08,114.4638900756836,116.32096981681066,113.73231277428384,116.18966143736814,14818500
2024-10-09,114.51078796386719,114.97037447227817,113.30087599651526,113.39466667888288,11144900
2024-10-10,115.49561309814453,116.02084666712152,114.69838152929854,115.51437552890553,10243300
2024-10-11,115.93641662597656,116.33034173281709,115.30801126662102,115.45807490723053,8294800
2024-10-14,116.37725067138672,116.54607675397246,115.00788673742242,115.58939323406327,9808100
2024-10-15,112.87879943847656,114.3794717205873,112.3441847143568,113.31962348667126,15771300
2024-10-16,113.16954803466797,113.90112524867016,113.11326791036608,113.3852658512229,8426800
2024-10-17,112.87879943847656,114.03244550408758,112.27853052563228,113.2633505122702,11204900
2024-10-18,112.55990600585938,113.15079368493949,111.75329333905624,112.96321233926093,12898600
2024-10-21,112.62555694580078,113.9386477950075,112.28790480869708,113.46968728856005,10177800
2024-10-22,113.20708465576172,113.6666711905501,112.49426970424035,112.79440419850482,9201400
2024-10-23,112.80377960205078,113.25398492669609,111.9877927375518,112.52240753544697,8320300
2024-10-24,112.16596984863281,112.9632084295983,111.73452704388869,112.55052089646504,9905600
2024-10-25,112.07218170166016,112.9538297583736,111.9127368441859,112.7381047732611,10714600
2024-10-28,111.51880645751953,111.62197833824767,109.52103018139191,109.53979260830751,11844500
2024-10-29,109.99937438964844,111.7720445177355,109.8024118371687,111.21867455921185,14731000
2024-10-30,109.44600677490234,110.92791655707099,109.24904421820466,110.35579131472224,12303700
2024-10-31,109.5304183959961,111.30308859706028,109.43662772273068,109.87745175842478,20512000
2024-11-01,107.81402587890625,112.50363130479639,107.71085398707507,112.48487603163163,20939300
2024-11-04,111.24681091308594,111.33122036871926,108.73318233486567,108.86449070303043,14965400
2024-11-05,111.57508087158203,111.80956112067894,110.68405878732149,111.6876339672255,10436700
2024-11-06,113.48844909667969,114.3419607023416,111.89398614523262,113.62913868787086,20807700
2024-11-07,113.62914276123047,113.95741371526445,112.18474340771083,113.76983235746506,12184400
2024-11-08,113.59162902832031,113.88238228980164,112.23164624732075,113.4697018570666,12836000
2024-11-11,112.9913558959961,114.06996659056618,112.616186025393,113.48845293334288,11969700
2024-11-12,112.87879943847656,113.779202807743,112.40045768875787,113.61037672876994,11972800
2024-11-13,113.92926025390625,114.47325612855772,111.42501300594147,113.08512995802793,15127900
2024-11-14,114.00491333007812,115.25314204483922,113.78742292268461,115.0451099378535,13041800
2024-11-15,112.82288360595703,114.64794608392222,112.6526702634422,113.85362196189949,19051700
2024-11-18,113.76851654052734,114.06166616294436,112.78506243229572,113.27679309369653,14239700
2024-11-19,112.17984771728516,113.23895368089836,111.7732273862574,113.23895368089836,11584400
2024-11-20,113.77796936035156,113.91981501409778,112.18931391044723,112.69049563439015,11360900
2024-11-21,115.3004379272461,115.88672996380872,113.7306917718865,114.4966554614185,14675400
2024-11-22,115.16804504394531,116.51083518972126,115.0261993886434,115.19641273209176,13323400
2024-11-25,113.44700622558594,115.25315217548572,113.10657952667614,114.82762240913345,26580300
2024-11-26,111.55574798583984,113.17277116927244,111.44227001672235,113.03092551151803,14827300
2024-11-27,111.26260375976562,112.27442552045656,111.04510612616527,111.66921690965505,11079100
2024-11-29,111.5462875366211,112.05692756596119,110.59120115500892,111.05456410905455,9426500
2024-12-02,111.44227600097656,111.7732444104627,110.46828016110155,111.63140595966166,12687300
2024-12-03,111.27204895019531,112.26496127101733,110.88434520810694,112.26496127101733,11756600
2024-12-04,108.0663833618164,111.15859143914585,107.66922127202535,111.11130714602159,19520600
2024-12-05,108.5391845703125,109.33351587031774,107.85833123161355,108.47299089652618,15751200
2024-12-06,107.39498138427734,108.5297322010772,107.32878770687353,108.31224178156593,16171100
2024-12-09,106.76141357421875,108.69049575748583,106.61956791678135,108.40680444261103,17412600
2024-12-10,106.54390716552734,107.68811620272923,105.67393111957422,107.41388321148047,20990900
2024-12-11,105.83468627929688,106.27913260308,105.06872989166934,105.91033825240235,32392200
2024-12-12,105.74012756347656,106.26967695931401,104.75667353222885,105.52262993900365,14543300
2024-12-13,104.81340789794922,105.81577852058861,104.25549082049722,105.81577852058861,13106100
2024-12-16,102.57228088378906,104.39734340043357,102.2791384822446,104.20821345220341,20256100
2024-12-17,102.13728332519531,102.2885800551379,100.9836159992853,101.40914571772856,17554000
2024-12-18,100.63374328613281,102.9127105293603,100.52972361526359,101.72121707231194,17114500
2024-12-19,99.7732162475586,101.81576905679529,99.48952495050685,101.55099436065066,20565600
2024-12-20,100.1136474609375,100.36896386821377,99.13964447796727,99.71647818412927,40141200
2024-12-23,100.52027130126953,100.80395540643755,99.21529988795878,99.58409427487618,12285100
2024-12-24,100.61483001708984,101.36187707243971,99.95288602667578,100.72830077033758,7807000
2024-12-26,100.6999282836914,101.21056829268358,100.17983718875878,100.72829597065162,9652400
2024-12-27,100.69047546386719,102.11836858978563,100.01907321604627,100.52026213046753,11943900
2024-12-30,100.00962829589844,100.76612643520365,99.77322127463374,100.52026832757856,11080800
2024-12-31,101.7212142944336,102.03327329851932,100.02853913191474,100.39733351326339,12387800
2025-01-02,101.47535705566406,103.07347097858168,101.06873665221161,102.3926175388873,12685400
2025-01-03,101.99544525146484,102.59118834441824,101.61719257667886,102.12783260545449,14237900
2025-01-06,101.88197326660156,103.8110555281624,101.67393392252588,102.35478733420265,15623700
2025-01-07,102.83705139160156,104.07582183993239,102.39260504964696,103.01672303143074,12625900
2025-01-08,101.11600494384766,101.8535936485936,100.24602889284317,101.47534099589666,17858100
2025-01-10,100.7472152709961,104.11364888576803,100.0285359189475,102.78976814712155,19304500
2025-01-13,103.34769439697266,103.66920448325739,101.30513426797638,101.30513426797638,17073400
2025-01-14,103.75431823730469,103.79214422776434,101.96708167186347,102.8748837991852,11191200
2025-01-15,105.44699096679688,105.65503030217259,103.51790878590812,104.06637481288595,14521100
2025-01-16,105.26732635498047,105.61721137100155,104.53919584707427,105.14439729157483,10366600
2025-01-17,106.21294403076172,106.73304235262624,104.79450193247987,104.99308296049098,19298500
2025-01-21,105.4091567993164,106.08055182939603,105.08763952016082,105.95762278374289,20416300
2025-01-22,103.57464599609375,105.50372821112424,103.45171693872783,105.15384321229358,15718000
2025-01-23,104.16092681884766,105.09709652933728,103.65028682733445,104.3122235489798,13726800
2025-01-24,102.75194549560547,104.6904786338881,102.51553848743177,104.24603230419048,14235900
2025-01-27,104.17984008789062,104.44461478641809,102.49662332047798,103.08291530619552,15926700
2025-01-28,102.16566467285156,104.84179402906241,101.92925763886623,104.40680595227781,15862000
2025-01-29,102.76139831542969,102.86541797794688,101.62664754287603,101.85359625447286,12345500
2025-01-30,103.61247253417969,103.87724725271856,102.78977347480249,103.30041352394316,14346300
2025-01-31,101.02145385742188,104.53919162046263,100.33114215495786,104.53919162046263,20376500
2025-02-03,101.2673110961914,101.4658993486214,99.59355251161668,100.84178133142986,14623200
2025-02-04,103.98125457763672,104.28385525069349,100.73775023148019,100.9079635609852,14835700
2025-02-05,103.90560150146484,104.02853775814864,103.16801281963834,103.77321415932003,13364400
2025-02-06,102.5344467163086,105.01199473124828,102.11836807795724,104.74721282484425,13411400
2025-02-07,102.96944427490234,103.76377563852515,102.43043654102506,102.86542460568305,10051600
2025-02-10,104.93636322021484,104.99309860393714,103.90562472364564,104.02856100780483,12142200
2025-02-11,105.59828186035156,106.39261316827361,104.7944994664868,105.53208818590551,12713100
2025-02-12,102.42117309570312,105.1689465732232,102.25898015546105,104.9972107308782,18244100
2025-02-13,103.16535949707031,103.43250980270135,101.62927981542424,102.23035890421713,15460000
2025-02-14,103.27031707763672,105.16895438659107,103.13674555467838,103.53746012355337,15733500
2025-02-18,105.08309173583984,105.8940638452131,103.34665451094199,103.64241901128803,20060300
2025-02-19,105.2357406616211,106.9817133714116,105.00675466763045,105.67461956478333,10964700
2025-02-20,106.85767364501953,107.25838817420404,104.90179367112641,105.49332984213783,16325800
2025-02-21,105.60783386230469,106.71457038413944,105.48379796238122,106.20890571888805,14710000
2025-02-24,106.16119384765625,106.72410862640626,105.2548146509305,105.8368079554729,13153500
2025-02-25,104.69190979003906,106.9817114561347,103.89047338362401,106.18982523150925,14497000
2025-02-26,104.4343032836914,104.82548222718026,103.53745967986977,104.70144632846328,10446400
2025-02-27,105.09262084960938,106.18027878846979,104.26256304190991,104.95904933284419,15293200
2025-02-28,106.21845245361328,106.45697408009902,104.3198150658331,105.0544657517065,18821700
2025-03-03,102.81236267089844,107.01034470192397,101.61975455294244,106.57145850890615,18706900
2025-03-04,102.60245513916016,103.95725611727569,101.07591831317775,101.47663286516655,19394900
2025-03-05,100.59886932373047,101.44800561189773,98.9101323701564,100.98049804898663,24822200
2025-03-06,102.67878723144531,103.14628755772134,99.5684633401862,100.58933555909215,17150200
2025-03-07,104.0145034790039,105.33114746271542,103.32756733688295,103.43251743063102,19625000
2025-03-10,106.66686248779297,107.40150581337502,104.07174631377059,104.26256068223041,22749100
2025-03-11,104.14808654785156,106.9530959272889,103.79507191995499,106.78136006494765,19904700
2025-03-12,104.11945343017578,105.07353989632306,103.44205291270346,104.04313204500157,14051500
2025-03-13,103.68057250976562,105.73185982784803,102.68832173080712,103.35618661156289,17767800
2025-03-14,106.76227569580078,107.029418738358,103.33710153960851,103.93818066446423,15890100
2025-03-17,108.53687286376953,109.24289477438126,106.60007860142149,106.66686435946447,19908800
2025-03-18,108.42237091064453,109.28105007100255,107.40149881974698,108.851706851273,15998700
2025-03-19,110.11111450195312,110.50228613934242,108.60365624866415,108.95666355670544,17315000
2025-03-20,110.57862091064453,111.12244989548778,108.96621248229262,109.45279860950036,16230800
2025-03-21,110.19698333740234,110.66448365280644,109.09978248038706,110.19698333740234,41102800
2025-03-24,110.48321533203125,111.54225188833725,110.27331514550545,110.36872233598935,14207500
2025-03-25,111.2369384765625,112.238732185605,110.63586661859827,111.08428842590106,12081800
2025-03-26,112.83979797363281,113.70802011197941,112.27689047838969,112.27689047838969,14110800
2025-03-27,112.47725677490234,113.60307913478755,111.87618490106198,112.67761406618247,12740800
2025-03-28,112.32460021972656,113.02107924733124,111.8570926213597,112.67760754527073,10233400
2025-03-31,113.4695053100586,114.4045132628721,112.38184730564214,112.38184730564214,21652300
2025-04-01,113.5744400024414,113.80341868834337,112.51540357138067,113.74617583664318,12425400
2025-04-02,113.22142791748047,113.38362085359178,112.25780592357113,112.95428489821445,12614600
2025-04-03,107.26793670654297,110.14927449790741,107.0771223338016,109.11886669436157,21204600
2025-04-04,99.54936981201172,105.7413956850887,99.06279099712759,104.82547362994622,30841300
2025-04-07,98.21366882324219,100.94235685624689,93.9393580053914,95.78074528250153,35068500
2025-04-08,96.14330291748047,100.75154291554172,94.46411575224529,100.61797137465035,27147800
2025-04-09,100.94235229492188,101.68653858318575,93.6245034757554,94.8075759495565,30063300
2025-04-10,95.34185791015625,99.01508923561397,93.30965642047127,98.94830347620935,33999300
2025-04-11,98.40448760986328,99.15821686877186,94.25421251307542,95.69488526258942,22884600
2025-04-14,98.64299774169922,100.2649417993093,98.00376156550836,100.20769894147189,18020000
2025-04-15,98.36631774902344,100.5702625374473,98.27091055382078,98.8815253380406,13164900
2025-04-16,99.4062728881836,100.74198813969231,98.93876527105336,99.17728689155166,13607000
2025-04-17,102.01092529296875,103.56609092311609,99.66387341189419,99.88331650638631,17916500
2025-04-21,100.51300048828125,100.78014351483856,99.33947829603284,100.7610649896994,16926500
2025-04-22,103.32756042480469,103.93817514079996,101.26673029899442,101.26673029899442,13147000
2025-04-23,102.44026947021484,104.28165669460046,101.58159016988695,103.8141490716372,14235700
2025-04-24,103.64240264892578,103.8809242480913,102.04908011348446,103.0127094122616,9849600
2025-04-25,103.58515930175781,103.76643804557389,102.48795849499471,103.17490186198036,11245800
2025-04-28,103.64240264892578,104.23393883533282,102.73602348373741,103.75689563700179,13890900
2025-04-29,103.38480377197266,103.83322554847031,102.58336740397435,102.79326757842871,9483100
2025-04-30,100.7801513671875,102.48796702471762,99.36810746562098,102.48796702471762,20379300
2025-05-01,100.92326354980469,102.01092152083714,100.1599987570128,100.27448447242551,18610300
2025-05-02,101.33352661132812,103.99542882822168,99.74974680146273,102.7741992690237,16581900
2025-05-05,98.52850341796875,99.85469026583064,98.33768904168315,99.8451473632858,19624000
2025-05-06,99.90238952636719,101.11408337257942,98.72886729006916,99.1200389424679,16303400
2025-05-07,99.8069839477539,100.45576302381895,99.29177639213444,100.16953417766304,12332200
2025-05-08,101.19994354248047,102.45933729167099,100.50345727190394,100.50345727190394,19196500
2025-05-09,102.38302612304688,102.8028265375246,101.49572533369346,102.22083315530877,10992100
2025-05-12,104.14808654785156,105.3693161115661,103.34665009722491,105.20711587333653,14244600
2025-05-13,104.4343032836914,105.43609698068799,104.01450291099157,104.30073176130546,13350800
2025-05-14,103.4992904663086,103.86184065888648,102.9745400620895,103.86184065888648,15494900
2025-05-15,104.54883575439453,104.6162366244776,102.03573462592806,102.53642575423892,15004300
2025-05-16,104.1733169555664,104.84732566535136,103.46078506677206,104.6162380143028,14042500
2025-05-19,102.51717376708984,103.5763334686216,101.79501842338946,103.5763334686216,16802700
2025-05-20,101.05359649658203,102.75788713734026,100.88990972317289,102.44013703873874,12429300
2025-05-21,99.81149291992188,101.07285513703019,99.79223133176284,100.64918835125309,16716100
2025-05-22,99.1471176147461,99.62855452083215,98.1072121345256,99.23377273169237,13417400
2025-05-23,99.20488739013672,99.6285542169664,98.28052941480807,98.79085135831974,12061600
2025-05-27,99.67669677734375,100.0040777032438,99.07971969752009,99.64781173749995,13043600
2025-05-28,98.31903839111328,100.5529051788848,98.01091908749459,100.41810344268559,14292400
2025-05-29,98.87750244140625,99.03155841315875,97.97239881412659,98.4827206989057,13825300
2025-05-30,98.50198364257812,98.58863875047982,97.43319323492992,98.36718191063541,28645800
2025-06-02,99.2241439819336,99.99443858283324,98.42495699745116,99.89815267598877,17290500
2025-06-03,99.94630432128906,100.77437638479212,98.41533114485188,99.07971642388539,19194300
2025-06-04,98.50198364257812,101.02470806562889,98.50198364257812,100.06183435395616,15648500
2025-06-05,98.0494384765625,99.22414565990444,97.95315256808973,99.15674478935911,13924800
2025-06-06,100.39884948730469,100.62031369712334,98.86788364715318,98.94491531545047,15487800
2025-06-09,101.0728530883789,101.92017929661513,99.97517766215387,100.45661451036285,17087300
2025-06-10,103.23933410644531,103.65337015071411,101.9972259736389,102.14165851859676,17634800
2025-06-11,105.25171661376953,105.32874826905099,102.50752817311864,103.75926685994192,22648200
2025-06-12,105.65613555908203,106.09905658468342,104.20219419829387,104.87620285765611,17469400
2025-06-13,107.95740509033203,108.35217949904542,106.57086457044517,108.17886193405955,28540200
2025-06-16,108.30404663085938,108.95880109887848,107.00416114345298,107.6685464062479,22986100
2025-06-17,109.76760864257812,110.6630815332449,108.9106515838495,109.71946201611948,19451700
2025-06-18,108.9876937866211,110.96158077785216,108.74697532333845,110.35497289499189,17968900
2025-06-20,110.44161987304688,110.76900077896947,108.9780549564968,109.23802764537137,36273300
2025-06-23,107.59149932861328,112.60807015119846,107.03303819605986,112.36735173929239,26631100
2025-06-24,104.31773376464844,106.82121127674935,103.90370512343452,105.19395236311243,24828300
2025-06-25,104.34663391113281,105.18432939601642,103.70150289714556,104.09628467206528,17483200
2025-06-26,105.90648651123047,106.33978412607817,104.51995324369237,104.89547343554061,18304800
2025-06-27,105.31913757324219,106.01240791078341,104.34664028777212,105.85835191696557,22002100
2025-06-30,103.79780578613281,104.79918814306156,103.72077411370918,104.6066163081471,19199000
2025-07-01,105.18431854248047,105.56946948296286,103.17191608132832,104.11552817205984,15536900
2025-07-02,106.92713928222656,107.22562781184375,104.78955825377581,105.91611884569635,11892200
2025-07-03,108.03443145751953,108.29441148300808,106.5130965205741,106.74418416289659,11223600
2025-07-07,106.98490905761719,107.89001278505266,106.12795195888775,107.39894508759893,15415900
2025-07-08,109.95055389404297,110.21052656958359,106.73455180664708,106.7730676374945,17913400
2025-07-09,109.57503509521484,110.02757958450402,109.06470583971705,109.69057524305732,10652100
2025-07-10,110.66307830810547,110.99045185082323,108.87213257896681,109.48837117973027,14901700
2025-07-11,111.1445083618164,111.4622584369624,110.25866634578192,110.58603986843431,11683900
2025-07-14,109.6905746459961,110.95194424017892,109.01656596677141,110.95194424017892,13220300
2025-07-15,108.71807861328125,109.8253775486079,108.41958275547317,109.44023392561274,10959300
2025-07-16,108.06331634521484,109.28616268658553,107.93813806527567,108.689178360338,11158900
2025-07-17,107.51448822021484,108.06332597289979,106.96564312138607,107.35079409695216,13151400
2025-07-18,103.76890563964844,107.58189233189675,103.35486961401331,106.98490793447233,32366600
2025-07-21,104.03850555419922,104.7317684429792,103.45115201328608,103.60520798430053,17010400
2025-07-22,104.51031494140625,105.37690276270683,103.61484208375289,103.97110800643856,13970900
2025-07-23,105.84871673583984,105.91611760774447,104.80881127261651,104.8858429394058,12002700
2025-07-24,106.67678833007812,106.83084431685067,105.07841430871662,105.58874358939482,15647200
2025-07-25,106.30126953125,106.85973810117217,105.62725346012678,106.61901964994476,10548900
2025-07-28,107.30265045166016,107.94777408545934,106.72492033873907,106.8789836611563,12353000
2025-07-29,108.6891860961914,108.8047335906339,107.2737678565253,107.74557393641399,15928000
2025-07-30,107.74557495117188,108.42921443757189,107.12933633396219,108.23664262449778,12996900
2025-07-31,107.4952163696289,108.32328831689841,106.26273924238399,106.26273924238399,17233700
2025-08-01,105.5694808959961,108.36181633369162,104.8184405212398,107.84186360975019,19652000
2025-08-04,103.38375854492188,105.83908223210184,103.11414772060712,105.16507353667451,19129500
2025-08-05,103.25858306884766,103.81705162950657,102.13202249886415,103.23932882537225,21314300
2025-08-06,102.55569458007812,105.00139501103637,102.42089283040002,104.28886308142992,15321800
2025-08-07,102.01646423339844,104.04812830134111,101.95869416292491,103.16228627207848,13468300
2025-08-08,102.83491516113281,103.51855461366021,102.01646663076046,102.54605010969041,14417700
2025-08-11,101.90092468261719,103.53780702208884,101.61205963629006,103.13340183414549,13570700
2025-08-12,102.18978881835938,103.29709510415664,101.85278447384988,102.39199142506507,14109400
2025-08-13,103.60521697998047,103.60521697998047,101.8142711663082,102.06462040535484,17958700
2025-08-14,103.39338684082031,103.59558945892859,102.48829045683249,103.557080971222,13683500
2025-08-15,103.49056243896484,104.53042413910818,102.96577138265387,103.19901679512692,19271900
2025-08-18,103.7140884399414,104.20972567810239,102.6936601404045,103.11154890699076,13040000
2025-08-19,104.39436340332031,104.43323763701244,103.16013799522867,103.20872522646735,16113600
2025-08-20,105.47310638427734,106.25057628140125,104.64704925264721,104.84141301967696,18959700
2025-08-21,106.15339660644531,106.48381650017089,104.91916367517014,105.36620628024141,12194900
2025-08-22,108.1456527709961,108.27199589706909,106.51297186111358,106.51297186111358,13586700
2025-08-25,108.59269714355469,108.7676275086826,107.4264996523705,107.77636038262632,9744900
2025-08-26,108.34973907470703,108.66072556768873,107.25156964328794,108.23312377390319,18143900
2025-08-27,109.5742416381836,109.79776663517016,108.28170113250543,108.28170113250543,15262600
2025-08-28,110.15734100341797,110.44889405961052,108.91339513740054,109.69086501091255,14189800
2025-08-29,111.07087707519531,111.55679393662437,110.38087602170638,110.5169321497463,14597900
2025-09-02,111.45960235595703,111.99410640835276,110.13790801462953,110.96396512433365,15206700
2025-09-03,108.7579116821289,111.20692931573902,108.3205820734289,110.75988670859203,14920100
2025-09-04,109.23410034179688,109.94353473208668,108.2428258975398,108.95226770233171,12864400
2025-09-05,106.15339660644531,108.63156805289493,105.9493050079647,108.45663769312769,16826700
2025-09-08,106.75592041015625,106.95029158055625,105.29816999741539,106.63930512241828,15440500
2025-09-09,107.53339385986328,109.34100502528872,107.41677115372212,107.41677115372212,14899500
2025-09-10,109.33129119873047,109.38959884806225,107.71804369852568,108.02903760030244,15837600
2025-09-11,108.98143005371094,109.59368261284318,107.74720452242771,108.26227519488062,11534500
2025-09-12,109.00086212158203,110.03100338371648,108.7287424804408,109.68114268817986,11105700
2025-09-15,109.18550872802734,109.29241102232862,108.18452125820836,109.02029878756257,12880500
2025-09-16,111.44988250732422,112.07185544585985,109.60339710220181,109.77832745457134,17208000
2025-09-17,112.0427017211914,112.23706548421598,110.83763007853405,111.30410607559392,13302000
2025-09-18,110.72100830078125,112.10101030753755,110.20593765139351,111.92607995354716,14628700
2025-09-19,109.64227294921875,110.76960355094826,109.46734259427805,110.69185507886297,38746500
2025-09-22,108.86479949951172,109.62283595581596,108.41775692138489,109.28268825518494,15611500
2025-09-23,110.74044036865234,111.51791024684958,109.31185114530597,109.54508914296424,25369100
2025-09-24,111.33325958251953,112.49946440086293,111.24579811375746,111.34297999499384,14756100
2025-09-25,112.3342514038086,112.63552488617954,111.18749478043796,111.41101237450077,15012600
2025-09-26,113.91835021972656,115.02624007101338,112.6549634137665,112.69383765243481,18568900
2025-09-29,111.00284576416016,113.21862540114104,110.46833426642237,112.7910162029508,19189300
2025-09-30,109.5742416381836,110.29339644737581,108.78705877156106,110.15734033251518,18076200
2025-10-01,108.83563995361328,109.83662734922498,108.1553594171301,109.38958479460722,16614000
2025-10-02,108.1553726196289,109.90466881890825,107.90269378330424,108.81621982766848,13062600
2025-10-03,110.06988525390625,110.54608168355931,108.74819084896897,108.74819084896897,12950100
2025-10-06,110.9833984375,111.53734331429891,109.99213138962384,110.09903368290979,12036800
2025-10-07,111.04171752929688,111.28467594749493,108.59269252173914,110.85706675882555,11945000
2025-10-08,110.8084716796875,111.77059235046264,110.2156599629254,111.1583323936962,12301000
2025-10-09,109.72974395751953,112.2565100331723,109.56452659751527,111.20692788321571,10976200
2025-10-10,107.61115264892578,109.44791781337928,107.59171182212037,109.09805707591167,13811600
2025-10-13,109.07860565185547,109.13692071210326,108.18452048274652,108.39832506981655,10296500
2025-10-14,109.12720489501953,109.77833168160478,107.59170590004028,107.64030054987607,11167200
2025-10-15,108.46635437011719,110.37114743614104,107.84438142670133,109.62283878732902,12182900
2025-10-16,107.52367401123047,109.0300191284848,107.28071559970572,108.72874565633255,11782200
2025-10-17,109.07860565185547,109.72973982552386,108.04846436633875,108.48578653843487,13460100
2025-10-20,109.5256576538086,109.9629872780101,108.8259436011914,108.84537701327677,9523600
2025-10-21,109.5353775024414,110.16707090225191,108.83565603892842,109.71030786831966,9202300
2025-10-22,111.47904205322266,111.93580507533065,109.89495580258458,110.25452952377394,12938800
2025-10-23,112.71326446533203,113.55875495411325,112.1107249626415,113.3449503752714,15001100
2025-10-24,112.13988494873047,113.18946707646688,111.93580077075434,113.07284436855093,9919400
2025-10-27,112.67440032958984,112.72298756536166,111.85805617489514,112.44115490567556,10975400
2025-10-28,111.79002380371094,112.90763398641612,111.7511495678905,112.23706639389255,9535200
2025-10-29,113.17002868652344,113.7531348241486,111.57622204988705,111.68312434748483,12570600
2025-10-30,111.45960235595703,113.23805227913105,111.30410541485863,113.15059081063988,16172900
2025-10-31,111.13890075683594,111.98439873160424,109.44791222180191,110.76960662593272,20213400
2025-11-03,110.55580139160156,111.75115266456905,110.43917868090855,111.27495623795205,12290300
2025-11-04,110.92508697509766,111.12917114221159,109.34100086968844,110.18649135994585,16860700
2025-11-05,110.47805786132812,111.93580844495868,110.46833744804312,110.87650583197897,12400900
2025-11-06,111.27494812011719,111.70255728029366,110.4391706240461,110.4391706240461,14219700
2025-11-07,113.91835021972656,114.20018288919466,111.66369627848462,111.96496236003543,17181100
2025-11-10,114.89018249511719,115.11370009651469,112.20791937682769,114.13215338689474,13048000
2025-11-11,116.40623474121094,117.40722222583193,115.4829957289592,115.4829957289592,16077100
2025-11-12,114.79299926757812,115.92032250358848,114.472292367225,115.74539214107791,13790900
2025-11-13,115.4441146850586,116.38679446706422,114.9484774710604,115.28861774948975,17291900
2025-11-14,116.94403839111328,117.13030423595934,114.36576278199473,116.12055397963738,17064300
2025-11-17,115.36568450927734,117.14989176671764,114.80689452973157,116.63031603758692,16034900
2025-11-18,116.68914031982422,117.13029505260532,114.18929341814709,114.9539526464096,15808500
2025-11-19,115.04218292236328,115.85586186327224,113.65011056424346,114.55201596702355,15919200
2025-11-20,114.71866607666016,116.66953586139736,114.44417378999563,115.65979317287263,14401000
2025-11-21,114.7774887084961,115.07158437525726,113.37561100680882,114.68925477292015,15667600
2025-11-24,113.68932342529297,114.89512993221705,112.48350943901481,114.89512993221705,18034900
2025-11-25,112.25802612304688,113.62068951387047,111.94431960456993,112.914847977459,14434600
2025-11-26,112.51292419433594,113.46384932290243,112.06197147468312,112.16001085320482,11650600
2025-11-28,113.64029693603516,116.40483806561917,112.5619312079222,112.68937191455296,7240800
2025-12-01,114.33634185791016,115.10100859456215,113.81676607945676,113.81676607945676,12658100
2025-12-02,113.11092376708984,114.3069323331814,112.43449845560603,114.15008279695115,14607700
2025-12-03,115.48333740234375,115.65979780503157,113.60109061388896,113.66971368830343,16819100
2025-12-04,114.83631134033203,116.01270901724688,114.36575526130771,115.1892321392773,13686900
2025-12-05,114.24811553955078,116.44406141854374,114.12067482295866,114.4539847645169,12516900
2025-12-08,113.6991195678711,114.69905677188999,112.7776033850286,113.55206799921592,14904200
2025-12-09,115.92448425292969,118.10082671847627,114.59122954393455,114.60103497720259,23790800
2025-12-10,117.1891098022461,117.51262176910427,116.04212098813484,116.3950417739158,19845200
2025-12-11,117.1891098022461,117.99298326333523,116.72835169417907,116.76756594586071,14781800
2025-12-12,116.4832763671875,117.56164218601954,115.98330397251515,117.09108609167848,14459500
2025-12-15,115.44412231445312,116.68914307822224,114.55201487415584,116.66953969111152,16358700
2025-12-16,112.42469024658203,114.54220754921194,112.35606717379666,114.47358447642657,17638700
2025-12-17,115.10100555419922,115.30687477346801,112.90505225662412,112.94426650972589,18502200
2025-12-18,114.24811553955078,114.68926281028475,113.35600808534332,114.68926281028475,13705600
2025-12-19,114.3951644897461,115.25785562394006,113.67951745617594,114.45398212999562,45412800
2025-12-22,115.82645416259766,116.13035528445343,115.03237860130838,115.03237860130838,11768600
2025-12-23,117.07147216796875,117.66947644340163,115.99310637729363,116.14015795769345,12567600
2025-12-24,116.87540435791016,117.68908325934501,116.77737246746888,116.9832416812017,6137400
2025-12-26,116.767578125,117.19892745913499,116.19898263534104,116.5519034579325,8066100
2025-12-29,118.1596450805664,118.9145063803753,117.05187045384986,117.787120887003,14782500
2025-12-30,118.610595703125,119.40467124297325,118.2576749030489,118.71843302977904,11150500
2025-12-31,117.97337341308594,118.87528625081782,117.51262278040748,118.79685774677961,10559900
2026-01-02,120.23796081542969,120.26736963731908,117.25774470118102,117.72830081012032,14175100
2026-01-05,122.89466094970703,123.45345098557014,119.98306800728975,122.74760936566847,30112200
2026-01-06,118.66941833496094,123.32600423236111,118.62039864956253,122.8848495018372,23328600
2026-01-07,116.15975952148438,117.75770853507144,115.94408487086373,117.44400199217434,20353000
2026-01-08,120.49284362792969,121.19867775555002,116.32642453948432,116.64013108932252,20232700
2026-01-09,122.15940856933594,122.40449204572425,120.67910227773142,120.80655047223998,16137700
2026-01-12,121.59081268310547,122.051570813798,120.14972065029409,122.01235656019075,15314900
2026-01-13,124.05145263671875,124.63965148100533,122.35547169834909,122.54173753279225,21619700
2026-01-14,127.63947296142578,129.12958470323446,124.62984813635859,124.84552279472729,27593900
2026-01-15,126.59051513671875,127.63946458017203,125.77683624424921,126.59051513671875,17400000
2026-01-16,127.33555603027344,127.60025034335311,126.33561137096643,126.37483309964092,16592400
2026-01-20,127.89437866210938,129.34526877597648,127.51204900512043,128.92371738258842,16477300
2026-01-21,130.98240661621094,131.10004189171138,129.315842058889,129.315842058889,18879900
2026-01-22,131.01182556152344,131.54119930090036,129.2570344119412,130.4334321339966,16600100
2026-01-23,132.315673828125,133.30580572799937,131.83530480966832,132.43330911480464,17758200
2026-01-26,132.18820190429688,134.24690880396307,131.53138007370205,134.23709589269498,16056100
2026-01-27,134.1390838623047,134.23710827308267,132.0607808658375,132.59015456841982,14517000
2026-01-28,134.8743438720703,135.2958802817515,133.98223640576208,134.98218120270877,15637300
2026-01-29,137.7467041015625,139.54071684501432,136.3742426928216,137.56045323507496,35760600
2026-01-30,138.61920166015625,139.413284651152,135.1194175625329,136.0115249641907,29657700
2026-02-02,135.67820739746094,137.5604616716114,135.34489745756886,137.0800926697375,27735600
2026-02-03,140.90338134765625,142.15820749031957,135.58997362759902,135.91348559607266,37577800
2026-02-04,144.68746948242188,144.9325529451777,141.28570982267485,141.28570982267485,29426200
2026-02-05,143.20716857910156,143.8443795891129,140.9720086293876,143.69733549717404,18431700
2026-02-06,146.11875915527344,146.62853693113198,143.21696446043293,143.73654018937657,17216000
2026-02-09,148.23629760742188,148.56960754784373,145.7070343161397,146.32463450957823,21297300
2026-02-10,148.6088104248047,148.79507625683397,146.87363021409703,148.3735398653639,15800300
2026-02-11,152.500732421875,153.8437850193578,150.54987761975752,150.94200517912682,23091500
2026-02-12,147.9611358642578,153.2112816986525,147.9118045030338,151.86914039995418,30652500
2026-02-13,146.50057983398438,149.66843335045488,146.0367505798841,148.573009056918,20166000
2026-02-17,144.270263671875,147.17165857121253,143.24391231753378,146.25386332053407,19766600
2026-02-18,148.7012939453125,148.99735741858277,145.67161638544218,146.20451859059764,19849700
2026-02-19,148.98748779296875,151.36584368014013,148.85919011306916,150.20133141726754,20305000
2026-02-20,145.345947265625,148.8295908063359,144.53672317214324,148.51380081276685,25908600
2026-02-23,148.78024291992188,149.28355533426253,146.18478981965436,146.2045163413988,16073100
2026-02-24,147.29994201660156,148.7407762133805,146.08609834773506,148.44471274188743,14185500
2026-02-25,147.10256958007812,148.20785713109032,145.39529183251534,147.94141356259428,15225700
2026-02-26,146.58938598632812,148.97762012181042,144.8426402313522,145.8689764649243,15632100
2026-02-27,150.49740600585938,151.63229845401327,147.2900842385214,149.01710365170337,30275100
2026-03-02,152.19480895996094,157.5140277442215,151.0204334392882,157.25744744344775,31493100
2026-03-03,149.83619689941406,154.00078180487054,148.32628979550924,153.388913296314,25198900
2026-03-04,147.85260009765625,149.1749998639953,145.9183318111316,148.74077544915835,16764800
2026-03-05,148.78024291992188,150.32963320643273,147.5071895803822,149.0170967065771,22969300
2026-03-06,149.22434997558594,151.78033504800396,147.99076470220882,151.13886167079949,21136400
2026-03-09,148.46444702148438,151.8691391301945,147.50718371049803,150.0237005068187,25532700
2026-03-10,146.18479919433594,148.42497928748784,145.76043801499983,147.2900868194475,19617600
2026-03-11,149.5894775390625,149.8164529995664,145.72095615785696,146.046624457752,15297400
2026-03-12,151.5138702392578,152.96456766631465,149.63882672348768,150.27042175538625,26054000
2026-03-13,154.06985473632812,154.82974744779892,150.97108926767592,152.27376248734015,22414100
2026-03-16,155.165283203125,155.70806372597428,152.7277175392131,153.95143953087205,22835600
2026-03-17,156.7245330810547,158.34299629210685,154.74093346250348,156.17188931021934,21592200
2026-03-18,155.5205535888672,158.07653857282673,155.46134390714047,157.56337795891957,18947100
2026-03-19,156.08306884765625,157.46467822216096,152.80665939038394,156.18174662674213,27082700
2026-03-20,157.5732421875,160.3068712918422,157.01073514922803,157.25745219688022,53942100
2026-03-23,159.0140838623047,159.30026902536085,152.9843183312989,154.06986435705824,25021300
2026-03-24,163.20826721191406,165.2806813902276,159.13249674027693,159.58646273652485,26131800
2026-03-25,161.11610412597656,162.83326029190215,160.79043579838304,161.71809435727107,17192300
2026-03-26,163.25759887695312,163.50431592661914,159.9318578661477,161.9351991047626,18625200
2026-03-27,168.7445831298828,168.98142183830936,162.6358671348429,163.4056230540538,30338300
2026-03-30,169.21827697753906,174.09340787768787,168.80379417601876,170.24461319200663,29813500
2026-03-31,167.4320526123047,172.09007144795677,163.79050675840085,170.40252029916738,32006700
2026-04-01,158.66867065429688,165.79386038255356,157.43508538359336,163.59314847597437,37927600
2026-04-02,158.57984924316406,164.70829216920555,157.4942882287153,162.32995131495318,25377700
2026-04-06,161.2246551513672,161.59966989102813,157.4350848271786,158.46143620148837,16344300
2026-04-07,161.757568359375,164.0569730451393,159.64567103873514,162.06349508840393,25227500
2026-04-08,154.16854858398438,154.29684626632607,148.99735388970248,151.50400750448705,31311200
2026-04-09,153.00404357910156,157.1390238674347,152.28363398837865,154.80015098369313,25868400
2026-04-10,150.5072479248047,153.08297425812682,149.92499936208736,152.01715490726124,21065000
2026-04-13,150.63555908203125,152.58955387101517,149.29341774875434,152.244159041483,18685600
2026-04-14,147.28021240234375,148.13878289907458,144.79330037579695,148.09931479763057,18528200
2026-04-15,147.05322265625,148.25720304523475,144.97093018596462,146.6486181452608,15626500
2026-04-16,149.98422241210938,150.77371997111916,147.3887693274927,147.56639837260283,15191000
2026-04-17,144.5169677734375,144.8722408937409,140.10566613734218,142.95771435979552,28947400
2026-04-20,145.7406768798828,147.40848641370326,144.42815553036803,145.44462849031555,16354400
2026-04-21,146.41175842285156,146.85584607589826,144.31960277659698,145.43475353941858,17515900
2026-04-22,147.5367889404297,148.70128613345972,146.2341157498405,147.40849126178932,13738700
2026-04-23,148.5532684326172,149.24407315856882,146.54992719815058,147.88220528695376,12970400
2026-04-24,146.9545440673828,148.32629023309528,145.02027581191402,147.6749536212974,13735900
2026-04-27,146.24400329589844,149.19472962349624,146.0268910837684,147.20126666981344,13940800
2026-04-28,148.58287048339844,150.30988979505028,147.86246092975082,149.54013382081567,15173600
2026-04-29,152.63890075683594,152.9152226446687,149.0269595764905,150.02370608327118,14669100
2026-04-30,152.30335998535156,153.64550124162795,149.35261886191103,150.42830150729972,22885900
2026-05-01,150.74411010742188,152.97442670827715,149.14538852104675,150.60594916857974,15458200
2026-05-04,151.67176818847656,152.4415241398171,147.55652981525986,150.66515846041094,14238500
2026-05-05,152.8461456298828,153.25075013159284,150.40858006697343,151.08952150756775,12494600
2026-05-06,146.7374267578125,148.35588991182468,145.1584317038633,147.11244147126834,20527000
2026-05-07,144.65513610839844,145.14857018638108,142.29652181797798,144.87224830738384,22509400
2026-05-08,142.67153930664062,144.5761876566039,142.03006595775787,143.9347293661345,19550100
2026-05-11,147.7144317626953,147.75391492522851,144.08276384718866,144.10250542845526,14849500
2026-05-12,148.65196228027344,149.8164595321171,147.80325502310743,149.26381574762087,16443100
2026-05-13,149.57962036132812,149.79671751167356,147.71442500651165,148.0894397413527,15772800
2026-05-14,150.77371215820312,151.10924370941106,149.27366837965636,149.905263382453,11331500
2026-05-15,156.90402221679688,156.98350935726506,152.01567678266807,152.7608516688576,27882400
2026-05-18,159.45748901367188,160.6895017397437,154.23131965292822,156.30788510753027,20065200
2026-05-19,161.50424194335938,162.2692924138743,158.612959712182,160.46099405822483,20715600
2026-05-20,155.27456665039062,162.62695246090524,155.2646364435186,160.57027775243373,18509700
2026-05-21,154.2909393310547,158.36456815663448,152.47272592771048,157.40080741244543,17061700
2026-05-22,153.92332458496094,154.54927634853834,152.1845831622433,153.039050982118,12948500
2026-05-26,148.84619140625,153.55570196228766,148.50838244281752,152.51245412992614,13057800
2026-05-27,146.948486328125,147.73341239068998,144.812324315,146.2827985604971,16241100
2026-05-28,146.01454162597656,149.2436327977562,145.9251091176085,148.37921962101078,14012500
2026-05-29,144.32546997070312,145.9847242712525,143.77902050285167,145.2494947353263,27959900
2026-06-01,148.41897583007812,148.6872278824595,146.05428259382654,146.07415816976595,16732100
2026-06-02,148.59780883789062,149.8596425847688,147.54463073444197,148.0712197861663,10462400
2026-06-03,151.5487060546875,153.91339931686977,149.05485944903873,149.6410600803893,14373000
2026-06-04,151.0618438720703,152.44290069957347,149.96892981929165,151.07178923986044,11799400
2026-06-05,148.9554901123047,151.15127878116928,148.33948372439218,151.0320404901442,16584000
2026-06-08,150.77371215820312,152.82045666526088,149.92917459257427,150.18751157814702,13870900
2026-06-09,147.95199584960938,150.1577147624696,146.82926081757435,149.93912891268184,18163500
2026-06-10,149.65098571777344,151.5089654358688,148.5978076229357,150.25706190677164,14596500
2026-06-11,145.6568603515625,151.5089666465856,145.47801049142424,151.32018657890387,17285800
2026-06-12,146.064208984375,147.95199447310367,144.21617464648634,144.69309749283448,17713100
2026-06-15,140.01339721679688,141.06657534019064,136.83398727052634,138.8409959581125,23631400
2026-06-16,140.9473419189453,141.2354695284117,139.07943207905402,139.28808771120796,18925400
2026-06-17,139.8345489501953,141.42424618882197,139.41725285653254,140.31145660572122,16663200
2026-06-18,136.92340087890625,137.5692282188612,134.97601897282365,137.43012951128387,48063400
2026-06-22,137.57916259765625,138.10575166092363,136.1384941196488,137.64870437324234,15783300
2026-06-23,138.83103942871094,139.486796941336,137.60895690836153,138.56278739587265,13699400
2026-06-24,136.01925659179688,136.75450130722126,134.7176868182312,136.23784244879812,16212900
2026-06-25,136.66506958007812,137.18172838415734,134.08179072030313,134.76735400327686,13288800
2026-06-26,135.66156005859375,136.6948776843146,135.04555369443563,136.08880152709986,22684200
2026-06-29,135.18466186523438,136.5061071911013,134.51897409848138,135.70132071428984,11972700
2026-06-30,135.8404083251953,136.4166786942443,134.45935154509178,135.6019469157409,28784000
2026-07-01,135.4032440185547,136.60546617741443,134.75743184534812,135.6516356483452,12433400
2026-07-02,136.20802307128906,138.24483735700704,135.45291801558523,136.26763463349974,13703300
2026-07-06,135.5622100830078,136.48621961272076,135.13496862214214,135.67150299991567,13915100
2026-07-07,140.7784423828125,140.82812374084455,137.24134800388697,137.6685743295943,14667800
2026-07-08,140.2220458984375,143.0636467131422,138.91053083290223,142.5171821025025,18291400
2026-07-09,136.57565307617188,139.14898658435814,136.2378289556867,138.7614962690738,14110200
2026-07-10,137.9865264892578,138.0759438396731,136.25771524478435,137.01282036043938,9753500
2026-07-13,143.58029174804688,144.29566085231056,139.58616526996687,140.013391594685,18724300
2026-07-14,144.15655517578125,145.06070430003604,142.9642784465353,144.57385127298625,16096400
2026-07-15,143.58029174804688,144.15656214651605,141.11625103370636,144.15656214651605,13444500
2026-07-16,145.0110321044922,145.92511149334146,143.62004502594374,144.3453443482853,13518000
2026-07-17,146.41195678710938,149.03497168229288,146.2231767306124,148.07121098589766,19031400
2026-07-20,147.40553283691406,148.13083216789195,145.28923125020256,145.55749846162485,12149200
2026-07-21,150.73397827148438,150.78364446729043,147.52474760584934,148.0513366306137,13145300
2026-07-22,153.4563446044922,153.80409894761962,151.96599483786918,152.87014400150304,13788700
2026-07-23,155.88064575195312,157.54984533591656,155.05598374734197,155.59251814100296,15822800
2026-07-24,155.93032836914062,157.6889453127249,154.67842488089144,155.98000972608443,12091600
2026-07-27,153.7742919921875,154.420104155216,151.51889178426083,152.08523196835614,13955800
2026-07-28,152.055419921875,155.17521831898253,150.9028942324521,153.17815498792126,16299900
2026-07-29,155.74154663085938,158.04662815474293,154.85727306502608,156.7053073348219,14571300
2026-07-30,155.96014404296875,156.76493053038882,153.53583921231603,154.09223405988436,12578100
2026-07-31,154.4399871826172,155.1553563125088,151.16121453071767,152.7509270772818,15714200
2026-08-03,154.0624237060547,154.90696132074848,151.66792473036153,152.4727263545316,14532800
2026-08-04,152.96951293945312,153.84384119554895,148.13083352442996,150.6445556868725,14347900
2026-08-05,150.6544952392578,154.04254552700252,150.17757239730147,154.04254552700252,12227500
2026-08-06,153.84384155273438,153.87364733649875,150.8631418913171,153.227835140774,11879100
2026-08-07,152.055419921875,152.68137170710398,150.55513987163098,151.65799936147022,18455200
2026-08-10,158.76199340820312,159.33826383030498,153.45635163451644,153.50603299447087,19761600
2026-08-11,158.7719268798828,160.62989135010667,158.2453378571924,158.6328281788065,13744500
2026-08-12,158.7222442626953,159.19915192536513,156.54633125837117,157.5299675257101,13219500
2026-08-13,157.58958435058594,158.73217976988673,156.4171679882901,157.0133139569994,10542800
2026-08-14,159.07000732421875,160.22253297554738,158.22546971049474,158.68251698441384,10231300
2026-08-17,161.4600067138672,162.50999450683594,159.08999633789062,160.10000610351562,12858100
2026-08-18,165.55999755859375,165.6699981689453,163.25,164.35000610351562,18952700
2026-08-19,164.77000427246094,168.2100067138672,164.66000366210938,166.07000732421875,13648900
2026-08-20,166.14999389648438,168.63999938964844,166.07000732421875,167.02000427246094,13803000
2026-08-21,165.11000061035156,168.0,164.61000061035156,166.5399932861328,14300700
2026-08-24,163.58999633789062,165.22000122070312,162.25,163.8699951171875,5732691
