Date,Close,High,Low,Open,Volume
2021-08-13,47.95142364501953,48.204821397238604,47.55443179252907,48.17103417104213,20063000
2021-08-16,47.250343322753906,47.37704378343878,46.68442190184834,47.31791776101959,16959500
2021-08-17,46.929378509521484,47.55442600748235,46.45636706669493,46.87869767639216,16243700
2021-08-18,45.941123962402344,47.14054458916184,45.87355273924616,46.81112400159717,21890500
2021-08-19,44.53898620605469,45.366753823587885,44.00684872973803,45.16403693307565,30923500
2021-08-20,44.54744338989258,44.88530601461498,44.01530580884859,44.150451503163055,16918300
2021-08-23,46.380348205566406,46.50704867945027,45.569474194665,45.569474194665,21632600
2021-08-24,46.760459899902344,47.17434221939691,46.464826449564114,46.70133385426026,17915600
2021-08-25,46.84490966796875,47.10675580155135,46.34655942800624,46.65908639386745,13270300
2021-08-26,46.2114143371582,46.91248469280283,46.143843115408856,46.62529975058273,11842600
2021-08-27,47.10676193237305,47.47841175107169,46.79423814796447,46.79423814796447,15822500
2021-08-30,46.59151840209961,47.58821902003226,46.55773117590221,47.503754176666,14086100
2021-08-31,46.05093765258789,46.71822089912089,46.00025681111147,46.39724868069165,27104100
2021-09-01,45.41743469238281,46.25364750511414,45.273840607876025,46.02559180864333,21644100
2021-09-02,46.52394104003906,46.996949255951876,45.83976429928785,45.856657910159996,23293300
2021-09-03,46.3465576171875,46.726655789109145,46.11849871403452,46.557722910241004,13840000
2021-09-07,46.07627868652344,46.68443592508882,46.00870745008702,46.17763715224183,14354400
2021-09-08,45.65393829345703,46.608406374187375,45.6201510713489,46.27898901395017,18756700
2021-09-09,45.68772506713867,46.45636664085687,45.0204419366232,45.29073326658168,19110800
2021-09-10,45.59481430053711,46.65064087258213,45.56947549388866,46.61685364896621,15123700
2021-09-13,46.76889419555664,47.24190567256666,46.135398235229495,46.16074026468899,22052300
2021-09-14,46.10161590576172,47.106761705989726,45.95802180737075,47.039187254481696,19940300
2021-09-15,47.655792236328125,47.748705501179465,46.71822083623178,46.768898455512605,23240900
2021-09-16,47.14899444580078,47.68957717301007,46.87870308219613,47.68957717301007,17907200
2021-09-17,46.59151840209961,47.93453003323752,46.54083756280351,46.74355769786067,30000400
2021-09-20,45.34986114501953,45.75529815650907,44.73325882199625,45.42588078605675,27555100
2021-09-21,45.307640075683594,46.042494641690006,44.978222622719606,45.924242553151934,19696800
2021-09-22,46.633758544921875,47.2250222127628,45.92424278793832,45.97492363562563,25690600
2021-09-23,48.2132682800293,48.34841395838572,46.69287537086061,46.81112743665659,23069400
2021-09-24,48.64404296875,48.83831467539513,47.87540133718575,47.89229494934538,22328600
2021-09-27,50.08841323852539,50.51074387834791,49.682976210951026,49.70831501825971,32972200
2021-09-28,50.612098693847656,51.085110136434515,50.26578772295649,50.595208304939945,37619300
2021-09-29,50.57832336425781,50.840166324862466,49.87725288571429,50.544536136396765,23422800
2021-09-30,49.6829833984375,50.82327500207,49.67453820215522,50.78104257640353,31289600
2021-10-01,51.465206146240234,51.515886977194,50.181320761218466,50.181320761218466,24407300
2021-10-04,52.132503509521484,52.42813371560652,51.48211383400682,51.79463765502923,33946700
2021-10-05,52.04802703857422,52.960262765267125,51.54123156071842,52.80822347748497,29641600
2021-10-06,51.09355926513672,51.62569352057092,50.46850853665404,51.07666565386671,25284900
2021-10-07,51.237152099609375,51.59191150567868,50.79792785606628,51.19491968087248,19513600
2021-10-08,52.52103042602539,52.72374729709899,51.73549530083041,51.73549530083041,22186900
2021-10-11,51.997337341308594,53.26432896366101,51.946656516449025,53.23898694016806,22121500
2021-10-12,51.7270622253418,52.35210981673149,51.39764159395134,52.005798793900084,20198600
2021-10-13,51.58346176147461,51.85375310098886,50.85705257823248,51.33850922812516,14991700
2021-10-14,52.36900329589844,52.55482982254527,51.66793283418707,52.124050732978034,18594500
2021-10-15,52.86735153198242,53.272788574205364,52.74065104660711,52.98560359986488,16092600
2021-10-18,52.842010498046875,53.331912361800505,52.59705795510653,53.28967994249663,18282800
2021-10-19,53.635990142822266,53.728903397192674,52.9349197486652,53.10385264550894,18933200
2021-10-20,53.93162536621094,53.94851897969631,52.97716037024253,53.120751251677184,14305200
2021-10-21,52.951812744140625,53.75424157821191,52.66462778948754,53.61065071194886,16564600
2021-10-22,53.31502151489258,53.3994895800084,52.66463191307321,53.019391342305234,14266800
2021-10-25,54.35395050048828,54.413076530600854,53.70356416924998,53.821816229475125,17939800
2021-10-26,55.61250305175781,55.69697434650721,54.36240779822896,54.47221145944615,25585100
2021-10-27,54.168121337890625,55.114144217571834,54.041424089057365,55.038127801547965,21764500
2021-10-28,54.320167541503906,54.45531644623084,53.74580080705063,53.906285298223004,16626400
2021-10-29,54.45530319213867,55.207051070011524,54.33705115141168,54.945208186152165,23966300
2021-11-01,55.43511199951172,55.81521340444184,54.91986815417012,54.962103791691305,19656400
2021-11-02,54.75094223022461,55.28307650034929,54.615799780587494,54.92832032026617,16300000
2021-11-03,53.99919891357422,54.438419968310555,53.77113996854155,54.092112175120185,17372800
2021-11-04,54.40464401245117,54.810077876750455,53.91473885252237,54.63269975558763,17720100
2021-11-05,54.91987991333008,55.18172932237094,54.53133645310562,54.9452251678217,18565100
2021-11-08,55.511138916015625,56.0686119953757,55.22395073723609,55.367548048752845,17696000
2021-11-09,56.05171203613281,56.06016045166295,55.16481528880203,55.553358627900856,18781300
2021-11-10,54.947471618652344,56.19724970256111,54.58794449295946,55.9147638705574,20177200
2021-11-11,55.05018615722656,55.495316511576924,54.801941638619624,54.94746879149954,13319300
2021-11-12,54.63074493408203,55.10155465794959,54.42530365951272,54.75058622181916,18158900
2021-11-15,55.10155487060547,55.443954819255644,54.117138691085245,54.57938319336525,18849200
2021-11-16,55.657958984375,55.957568740750325,55.07586991872027,55.07586991872027,17028700
2021-11-17,55.05018615722656,55.846278395910886,54.938906834068966,55.11010679752066,15497000
2021-11-18,54.450984954833984,55.23851531130381,54.02297847446639,54.92179469558258,16948200
2021-11-19,51.934295654296875,53.09847359923994,51.71173376031881,52.978632328218694,32035500
2021-11-22,52.653343200683594,53.535038560122125,51.63468919629037,51.63468919629037,21994400
2021-11-23,54.04009246826172,54.25409568208217,53.00431443164399,53.23543829442167,21185900
2021-11-24,54.339698791503906,54.656422651881684,53.56928913663121,53.56928913663121,15869700
2021-11-26,52.43079376220703,52.576314397895594,50.96701238536542,51.805904693709095,24979600
2021-11-29,52.72183609008789,54.04865546845468,52.465032866118534,53.560728363283864,18946400
2021-11-30,51.22381591796875,52.379432113683734,51.06973332314938,51.754543041551976,34979800
2021-12-01,51.18101119995117,53.098478234538256,51.146769900833185,52.13118602518023,30630600
2021-12-02,52.45647048950195,52.713276976851475,50.624603370265476,51.13821307953439,29216000
2021-12-03,52.122623443603516,53.26968082688185,51.66037570733538,53.00431566003979,22014700
2021-12-06,52.71327590942383,53.209761693023616,52.57631071071485,52.83311719286412,19210500
2021-12-07,53.30392074584961,53.954489077312246,53.15839686282238,53.36384138432262,19800400
2021-12-08,53.4580078125,54.091455548278105,53.36384586829322,53.59496974986528,18214400
2021-12-09,53.594970703125,53.73193264292634,52.91016100411833,53.11560228110522,16910300
2021-12-10,53.9373664855957,54.228410975736956,53.26967752927216,54.15993164799007,17942400
2021-12-13,52.756065368652344,53.68911937327929,52.51637958419453,53.47511619116696,17793700
2021-12-14,52.67903137207031,53.47512358077272,52.40510752234797,52.43934555449086,22551100
2021-12-15,52.44791793823242,52.644800540271206,51.36933970827846,52.37943532947258,19961900
2021-12-16,52.533504486083984,53.457999875103994,52.47358385147302,52.593425120694945,21187800
2021-12-17,51.38645935058594,52.456475600700955,51.09541479993743,52.173993008694424,44338100
2021-12-20,50.6417236328125,50.71876492534162,49.61450748756766,50.32499977038396,21819300
2021-12-21,51.788780212402344,51.942862794929844,51.1210911984032,51.14677054034777,19798900
2021-12-22,52.20822525024414,52.53350778270755,51.33509174985469,51.65181559059218,14058300
2021-12-23,52.23391342163086,52.93584381730267,52.21679276985466,52.36231341180667,13543300
2021-12-27,52.97863006591797,53.029992007917976,51.72029024306923,52.15685858649534,12593700
2021-12-28,52.807430267333984,53.338160572643325,52.559189028547785,52.995754134729545,12781000
2021-12-29,52.34518814086914,52.730391318805054,52.14830230781442,52.62767068905081,12733600
2021-12-30,52.03703308105469,52.73040154819268,52.01991242853602,52.40511894662966,11940300
2021-12-31,52.379432678222656,52.6191185313196,51.95998814980611,51.99422945245286,14072000
2022-01-03,54.39105987548828,54.44241855907084,52.39654827213822,52.42223087935953,24282400
2022-01-04,56.436927795410156,56.65949296636678,54.87042270324206,54.896102043956326,38584000
2022-01-05,57.13886260986328,57.87503424610713,56.90774199423338,56.924859379114736,34033300
2022-01-06,58.48279571533203,58.61976090161198,57.41277968824321,58.20887187363168,30668500
2022-01-07,58.96216583251953,59.218972313259165,58.19175945202082,58.65400066797601,23985400
2022-01-10,58.6112060546875,59.210412490201186,58.16607567613991,59.03921251744309,22760300
2022-01-11,61.0765266418457,61.119329904469,58.70537348997238,58.970735431826185,32936100
2022-01-12,60.89675521850586,61.47028227559277,60.46874878231683,60.89675521850586,23045100
2022-01-13,60.460182189941406,61.27339827487358,60.18625835301443,60.87963316746976,21043200
2022-01-14,61.52164840698242,61.761330969887375,60.43450838555779,60.4773116421594,23012900
2022-01-18,62.55742263793945,63.24222902123555,61.641489120500204,62.33485746120974,32841200
2022-01-19,62.583106994628906,63.22511670402735,62.10374183482009,63.13095475751341,26431600
2022-01-20,62.72005844116211,63.66167779777585,61.85549016770366,62.06093142239223,26774600
2022-01-21,61.77845001220703,62.64302487805739,60.81115777713182,62.64302487805739,35995200
2022-01-24,62.30918884277344,62.55743340360454,59.758267155950584,60.674200831015156,41507000
2022-01-25,64.14105224609375,64.40641417750895,61.11076554184593,62.13797849578794,39278400
2022-01-26,63.49045944213867,65.05696422711877,62.90837055360906,64.56903725664971,35252400
2022-01-27,64.3036880493164,65.06553896816024,63.33638934295573,64.59472928534223,29174700
2022-01-28,64.44063568115234,64.7316833982253,63.30213721090753,64.17527383126772,30595700
2022-01-31,65.02274322509766,65.41650840037344,63.576079242451435,64.17529222897936,36085500
2022-02-01,69.19153594970703,69.77362508116249,65.28811202606285,65.44219463529699,61033100
2022-02-02,69.01174926757812,69.17438724676437,67.75340949816527,68.53237769346057,30299300
2022-02-03,68.20711517333984,68.74640100489344,67.64214346621253,68.55807710251767,28529400
2022-02-04,69.68801879882812,70.64674914239995,69.22577101280858,69.22577101280858,32197500
2022-02-07,70.52690124511719,71.11755222708652,69.02887869270457,69.45688513625103,34949200
2022-02-08,68.7035903930664,70.62105727093352,68.41254263978168,70.42417144981214,34356300
2022-02-09,68.37470245361328,69.26616903667669,68.12370591803787,68.87669552476412,40106100
2022-02-10,67.71691131591797,68.96323698414204,67.32743784622785,68.1323554064126,28527700
2022-02-11,69.42195129394531,69.51715709249031,67.70826012665485,68.04580555667448,42002100
2022-02-14,68.35738372802734,69.10170973086397,66.68696380084803,68.87668385702798,34652800
2022-02-15,67.50053405761719,67.67363850913966,66.14169547864908,66.55713955904336,25075100
2022-02-16,67.8121337890625,69.00653171586974,67.54383007078502,68.19295708204585,21733800
2022-02-17,67.70829010009766,68.47858709968081,67.46594375808023,67.92466581016625,23738800
2022-02-18,66.95529174804688,67.65634684658566,66.54850440826104,66.78219384328183,23394800
2022-02-22,66.17632293701172,69.05844795913282,65.18099370256404,68.95458527791088,35947800
2022-02-23,66.44461822509766,67.05047388421853,65.89069720166452,66.17631458653895,25385000
2022-02-24,65.60509490966797,68.4006644048081,64.07315172219833,68.37470038523408,46199900
2022-02-25,67.37071990966797,67.50054662165988,66.00323080603435,66.37539719200537,28310300
2022-02-28,67.87271118164062,68.3141193492335,65.95129438498299,66.21960467675078,32204600
2022-03-01,68.52183532714844,69.8027820071145,67.79481635441178,68.17563298635271,40002300
2022-03-02,69.69891357421875,71.10102996730934,69.08440760654753,69.75949848361563,44321400
2022-03-03,70.14032745361328,70.77214061737052,68.91996568838783,69.11903418034859,30196600
2022-03-04,72.78012084960938,72.94456848011826,69.8114528471332,70.14899838103754,42802200
2022-03-07,75.402587890625,75.49779370362506,72.61566849901017,73.49847823388446,55207900
2022-03-08,75.97382354736328,79.20215142172619,73.93989358732371,77.07301563943587,72082300
2022-03-09,71.65497589111328,74.92657534036701,70.62502547069556,72.72819748853898,65466700
2022-03-10,73.87930297851562,74.15626354831304,71.75016736008655,72.71087578103466,44644200
2022-03-11,73.49849700927734,74.63231018011541,72.67627198143066,72.76282094174151,35303400
2022-03-14,70.86735534667969,72.22619425727383,69.67296405435059,71.88864874850124,37462600
2022-03-15,66.83411407470703,68.52184156012447,66.09843816063433,68.21891696059583,47957900
2022-03-16,66.58311462402344,68.04581611660956,65.99457259771015,67.3447545273215,37812300
2022-03-17,68.35738372802734,68.50451755397997,66.70427094373565,67.66497915385355,34041900
2022-03-18,68.08910369873047,68.71226677132121,67.59576736680653,68.42664926250673,41461500
2022-03-21,71.14430236816406,71.42126290212406,69.01516702523541,69.34406219905415,33089300
2022-03-22,70.83271789550781,71.14429930821906,69.92394427781645,70.65096317196954,23132200
2022-03-23,71.94922637939453,72.93589878247602,71.87999119216434,72.13098112698736,27716300
2022-03-24,72.16559600830078,73.26478788014359,71.62033181096193,72.23483779302128,19871600
2022-03-25,73.7408218383789,73.99181839484427,71.65496392235592,71.76747688769788,22398300
2022-03-28,71.6722640991211,72.10501537440285,70.98851629178466,71.98384554558478,21552400
2022-03-29,71.29144287109375,71.39529894437933,69.03248083149228,69.94125448904114,27036300
2022-03-30,72.51180267333984,72.71087116552387,71.58571520780983,71.88863978003732,22079000
2022-03-31,71.48185729980469,73.04842151213808,71.4472430063181,71.7242035770369,27861500
2022-04-01,71.94058227539062,72.82339206841796,70.96256005983062,70.96256005983062,18671100
2022-04-04,71.97518920898438,72.40794044779763,71.01448093055818,72.32138491742708,20869400
2022-04-05,71.60303497314453,73.62830794329207,71.45589450861867,72.26946908804254,21753100
2022-04-06,72.39928436279297,73.30805801224463,71.78477838937519,72.20021588533596,24768200
2022-04-07,73.61099243164062,73.94853788830903,71.5857130883699,72.5550782940583,26122000
2022-04-08,75.1602554321289,75.48049382591567,73.71486742841765,73.71486742841765,24866500
2022-04-11,72.5723876953125,74.37263458901816,72.26946312263618,74.24280788551104,21800100
2022-04-12,74.08702850341797,75.14294283546977,73.8966168562268,74.18223432701356,22444200
2022-04-13,75.13428497314453,75.39393841649787,73.73217486816829,74.96118707974988,19306800
2022-04-14,76.01709747314453,76.56236175212072,74.63229458770111,75.01311125415991,24566400
2022-04-18,76.6402587890625,76.93452650702113,75.9478540594667,76.59698101723993,19032300
2022-04-19,75.95650482177734,76.73545842907001,75.53240382248113,76.17288045695528,20382600
2022-04-20,76.12960052490234,76.59697267599455,75.55837229796309,76.13825739897632,20689400
2022-04-21,75.32467651367188,77.72212197720374,75.11695777638617,76.98643961847675,29010900
2022-04-22,73.68024444580078,76.26810234241043,73.56773146896364,75.00446915898199,23591600
2022-04-25,71.19623565673828,71.54243796843244,68.62569224172847,71.29144145753567,37698300
2022-04-26,71.22222900390625,73.32540115470562,71.12702316390303,71.60305236391913,28941500
2022-04-27,73.25614166259766,73.98316730140114,71.21355493903401,72.17426338118729,32773000
2022-04-28,75.47181701660156,76.28539149751674,72.76279650926554,73.46385143662255,33683800
2022-04-29,73.78410339355469,76.28540560790226,73.30807427874332,76.28540560790226,34656500
2022-05-02,74.78807830810547,75.33334253592281,73.24747822662998,73.5763734208065,36335200
2022-05-03,76.32867431640625,76.83931766685458,74.53708424760822,74.65825408002851,33908100
2022-05-04,79.36658477783203,79.52237550799785,76.95183836515305,77.46248172314831,46188400
2022-05-05,78.16354370117188,79.66952309528011,76.5017801662193,79.66086621970166,41013400
2022-05-06,79.35794067382812,79.47045364197965,77.33266102427193,78.74343458021056,29619300
2022-05-09,73.10034942626953,77.51441140321587,72.71952616598227,77.41055531641815,45851600
2022-05-10,73.58504486083984,75.20353746764184,72.28679066595143,74.12165897190148,34483200
2022-05-11,75.1169662475586,76.9777980294229,74.67555810319536,74.80538480486223,33020600
2022-05-12,75.45799255371094,75.5279369530129,72.92232296150617,75.15195828929734,29491500
2022-05-13,77.69635009765625,77.77504002482515,75.50168429321207,76.38479794431417,25798400
2022-05-16,79.5237808227539,80.4243856236251,77.79253561604531,77.80128116542453,26101200
2022-05-17,80.53805541992188,80.83533740583175,79.67243276994314,80.20579790551083,23120700
2022-05-18,79.26148223876953,81.24629520708602,78.54450054927058,80.88780769778668,25451200
2022-05-19,79.68992614746094,80.70419657519126,77.81877852337982,77.81877852337982,24387400
2022-05-20,80.31944274902344,81.83209561067028,79.042866305525,80.38064824046178,28795000
2022-05-23,82.09442901611328,82.86387062357655,80.92277884082377,81.01895987561917,27239300
2022-05-24,82.54035186767578,82.88135490082654,80.72166457693884,81.15884863696795,24293300
2022-05-25,84.20165252685547,84.40275345851896,82.6015572680925,82.69773829485308,29947800
2022-05-26,84.49894714355469,85.18969886154005,84.1142229788792,84.46397161304779,24314800
2022-05-27,85.32958221435547,85.62687084606331,83.32728507620583,83.89561902138662,25588800
2022-05-31,83.93934631347656,87.24445700722572,83.68577873764661,86.17772674714797,44888100
2022-06-01,85.54817962646484,86.30888234545395,84.48145604920747,84.83119798488539,25815400
2022-06-02,85.39954376220703,85.77552236943606,84.63010211827564,85.06728623501171,19089100
2022-06-03,86.64114379882812,87.13954008875854,85.60065015226674,85.60065015226674,21038200
2022-06-06,86.42255401611328,87.24446229998244,86.27391301568171,86.71984268787672,20682100
2022-06-07,90.3834228515625,90.43588279704335,86.99087073130084,87.17448721138226,37810200
2022-06-08,91.4501724243164,92.30705624787495,90.04244567352083,90.48836867972237,31613200
2022-06-09,89.47409057617188,91.43267328082422,89.32544959802445,90.42714861701054,26607000
2022-06-10,87.8390121459961,90.36593523780097,87.25318716255869,89.1330797752073,30950500
2022-06-13,83.80818939208984,85.48697471016035,82.12065852429714,85.2683826634043,33421000
2022-06-14,84.02677917480469,86.2739050880737,83.30105199811283,85.1722060051556,31264000
2022-06-15,82.96878814697266,84.43772681599519,81.55230942905477,83.9305917189864,29620800
2022-06-16,79.90850067138672,81.42989930793149,78.9379515400825,80.80035987518484,35696700
2022-06-17,75.30059814453125,79.87354048100445,74.8983895390734,79.53253738787933,64610200
2022-06-21,79.9871826171875,80.90526495774107,77.39904762722249,77.45151424018128,35951500
2022-06-22,76.8219985961914,78.48329968360153,76.53345545908793,76.54220100985187,29727200
2022-06-23,74.50492858886719,77.86250662474914,73.02724389734219,77.52150349145896,35757200
2022-06-24,75.98259735107422,77.29414964135432,75.02953255126938,76.02631175821027,26639000
2022-06-27,77.84500122070312,78.72811498691443,76.65585991300277,76.77827092959839,25478700
2022-06-28,80.00468444824219,81.526083137111,78.99915975760896,79.67242695806837,33096900
2022-06-29,77.04932403564453,81.49110918252585,76.73455096692622,81.29875379244208,25400900
2022-06-30,74.88089752197266,76.59465851722668,74.03275923937899,75.31808165354461,39948100
2022-07-01,76.55094909667969,76.83948557244145,74.06773959861161,75.84270622115311,26327900
2022-07-05,74.1551742553711,75.80772982802154,72.58131529950919,75.49295670266899,34591100
2022-07-06,72.8173828125,74.52240480934469,70.83256992868488,73.2370824847556,33375700
2022-07-07,75.14320373535156,75.86018537813327,74.58360863224877,74.65355301696175,23817400
2022-07-08,75.26560974121094,76.33233992020723,74.26008506408003,76.02630573998088,17673800
2022-07-11,74.88089752197266,75.30059722347794,73.76170721249252,74.46994337095094,15603800
2022-07-12,73.88411712646484,74.36502233233452,72.45015373010844,73.2545709191083,21013000
2022-07-13,74.18140411376953,75.46672659500132,72.83488278866088,72.90482718347765,19928600
2022-07-14,72.69497680664062,72.84361781024147,70.55277723199183,71.56704094756867,26343000
2022-07-15,73.91910552978516,74.21638758452976,72.48514188370788,74.14644318223199,17243700
2022-07-18,75.2831039428711,76.89194496934404,74.9770763938111,75.70280363222498,19395800
2022-07-19,77.18048858642578,77.39908066618568,75.41426751716226,75.56290853038277,18248900
2022-07-20,78.02860260009766,78.38709670118622,76.28861205545246,76.57715511180685,16584400
2022-07-21,76.7258071899414,76.76952826695654,74.50491122974738,76.0088255548315,21375700
2022-07-22,76.13998413085938,77.35535538998116,75.74651444000487,76.55093825044298,15479500
2022-07-25,78.67565155029297,78.80680144020421,76.43726447957735,77.0843017340052,17536400
2022-07-26,78.36961364746094,79.81232240639622,77.81876412316906,79.68116585178402,15141200
2022-07-27,80.06588745117188,80.44186600476927,78.16851025620564,78.9379517903797,18047000
2022-07-28,81.00147247314453,81.53483762829926,79.57625465660826,80.59926388696068,20353100
2022-07-29,84.75251007080078,85.26838410785203,82.27804645858886,82.58407399505147,29825800
2022-08-01,82.61029815673828,83.37099410796775,81.51733806966242,82.88135012364543,20793200
2022-08-02,82.2518310546875,83.23986489631521,82.03323896549455,82.79394183741043,16722500
2022-08-03,79.58499908447266,82.55785261450946,79.38389811281026,82.55785261450946,23580800
2022-08-04,76.23616027832031,78.99041458321605,75.57163862391998,78.96418460635412,31821500
2022-08-05,77.33786010742188,78.42208141518375,75.44048282518796,75.5104338781209,17408000
2022-08-08,77.77505493164062,78.34339564120016,77.1367698303803,77.47777292193592,14458500
2022-08-09,79.20902252197266,80.10088193974453,78.64942733356322,78.73686950185913,19083400
2022-08-10,79.96096801757812,80.2582566699695,77.98490071838195,79.28770744891214,18302000
2022-08-11,82.2740707397461,83.25404999014526,80.7290592575854,81.08219935064972,18797900
2022-08-12,82.98918151855469,83.00683582750362,81.32056979070903,81.64723175984159,15058200
2022-08-15,81.50598907470703,81.86796648063145,79.15757477338663,79.92566199989155,20755200
2022-08-16,80.7467041015625,82.00919931983302,80.59661890603394,81.24993608446951,14038200
2022-08-17,81.40003204345703,82.2917262839598,80.26996756299029,80.57896851691234,13678000
2022-08-18,83.32467651367188,84.14574005299701,82.18578149230373,82.23875789645471,17770400
2022-08-19,83.0598373413086,84.04864059860134,82.81263652698541,83.1304680698915,16128600
2022-08-22,82.9980239868164,83.421794819734,81.09986555514227,82.47713086569841,16019900
2022-08-23,86.5206298828125,86.88260717975089,84.2693250844331,84.35761683002798,23764700
2022-08-24,87.0326919555664,87.37700820746,85.95559732729849,86.52945999235929,17050300
2022-08-25,87.48297882080078,88.16278778183784,86.60894546375573,87.33289357745588,15305700
2022-08-26,86.40589141845703,88.20693456399597,86.00859862616225,87.2004635316127,15531400
2022-08-29,88.39232635498047,89.66364565063604,86.6442530618442,86.67956842223965,23059200
2022-08-30,85.0285873413086,87.0680067459892,84.59598608274004,86.8384603342997,17086800
2022-08-31,84.3929443359375,85.49652404575392,82.62721680023122,83.01567901351572,18340900
2022-09-01,82.8744125366211,83.93384621321093,81.47948636506294,83.35998349851018,16423000
2022-09-02,84.3929443359375,85.45238489879085,83.96917349936895,85.06392268550636,18206800
2022-09-06,83.82791137695312,85.27580740551906,83.43945590256546,84.89618245473808,19201500
2022-09-07,83.11280059814453,83.51008662822218,81.4883343805546,82.27408265210659,16274700
2022-09-08,83.7926025390625,84.24285820611047,82.74199251118536,83.57188659947258,18759200
2022-09-09,85.19635009765625,85.63778196344722,84.15457062496095,85.21400440857298,17158000
2022-09-12,86.17633819580078,87.5712646509955,85.53184464208896,86.21165355696327,16118900
2022-09-13,84.16339874267578,86.32641212894086,83.79259760258157,85.29346320908606,18229100
2022-09-14,86.22930145263672,87.01504965680796,84.88735150690975,84.92266686544413,22655700
2022-09-15,83.72196960449219,85.23166578301789,83.03333696892422,84.94914965725371,21092300
2022-09-16,82.29171752929688,84.17221462229222,81.22345335326257,83.93384440768742,37874700
2022-09-19,82.28289031982422,82.53892158920544,80.34059296442099,80.34942348701074,15342100
2022-09-20,81.6119155883789,82.04451687829982,80.90562199462994,81.86794684772003,14712500
2022-09-21,80.29645538330078,82.88324644071545,80.22583140243158,82.60956083359311,17332400
2022-09-22,79.96096801757812,81.80615672187102,79.9168221366478,81.40003347731603,16139400
2022-09-23,75.70558166503906,77.25059353575415,74.911002784385,77.25059353575415,27738800
2022-09-26,74.14289855957031,76.12051141677921,74.06343732177993,74.9551315696738,22043400
2022-09-27,75.69672393798828,76.77381861851657,74.87566051231629,75.5819540936933,17307300
2022-09-28,78.45127868652344,78.83974091830842,75.8556569299898,76.0322337333995,19543300
2022-09-29,78.29236602783203,78.8927137117365,76.9239243740785,77.85093410542335,17896000
2022-09-30,77.08283996582031,78.61019737770606,77.08283996582031,77.8421034095485,21357600
2022-10-03,81.15282440185547,81.54128655998345,79.21052708264563,79.49304317881642,23881300
2022-10-04,84.11044311523438,84.1899043710046,81.85031362416328,82.31823042638811,22133700
2022-10-05,87.50946807861328,88.27755532464288,84.45475993651597,84.53421445063627,34857700
2022-10-06,90.10507202148438,90.21101809616796,86.81199401139739,86.93559439733698,29124700
2022-10-07,89.19571685791016,91.21747550122105,88.44528407414873,90.2198419638173,24507600
2022-10-10,87.26225280761719,90.0785904220713,87.15631346484446,89.60184317244573,16786100
2022-10-11,86.5206298828125,88.07447165242225,85.41705042002152,85.83199737574525,17804100
2022-10-12,86.9002914428711,87.32406906637773,85.8408574876797,86.07922777009688,12635800
2022-10-13,89.93733978271484,90.44939567925269,85.99093742896585,86.12336834913042,22019100
2022-10-14,87.57125091552734,90.26398110858044,87.43882001586874,89.27517809398903,15222000
2022-10-17,88.83374786376953,90.02561251088733,88.72780179497765,89.23103383423697,14283200
2022-10-18,88.99267578125,90.3611106612963,87.6065798527964,89.64599312227672,14065400
2022-10-19,91.63243103027344,91.80900108908847,89.37230194600424,89.38995625759935,20921700
2022-10-20,91.75602722167969,92.70069113813491,91.29694104832953,92.10034353562122,17649000
2022-10-21,93.4599380493164,93.93668518535246,91.73835678228163,92.21509718260319,22814100
2022-10-24,94.11326599121094,95.06676037256142,92.80663152999607,93.28337872067131,17024200
2022-10-25,93.47760009765625,94.7577564214582,92.76248270224227,93.94552348645527,15719800
2022-10-26,94.59001922607422,95.19919735348198,93.58355511557528,93.81310157072708,17383800
2022-10-27,94.9520034790039,96.74421589820216,94.83722687523979,95.7112668786223,18214000
2022-10-28,97.73302459716797,98.18328704250594,95.4552410043708,96.63827531928962,28169400
2022-10-31,97.83012390136719,99.68414304970194,96.62060494990388,96.67357461618244,26401800
2022-11-01,98.8012924194336,99.38397903269482,97.68888213047775,99.2074089646075,22213100
2022-11-02,96.77069091796875,98.96901965001409,96.50582911307464,98.5099334886752,20654200
2022-11-03,98.08616638183594,98.72182939262763,95.62297558287625,95.86135257978124,17103700
2022-11-04,99.15442657470703,100.20503660288888,97.8213071489127,99.763604723581,17541500
2022-11-07,100.3286361694336,100.63763713527794,98.99551001882985,99.2427175272212,16008000
2022-11-08,100.64645385742188,101.2291470865817,99.41044342781932,100.18736773336576,14661000
2022-11-09,96.14385986328125,100.01080050821872,95.85251322090302,99.85188477016838,19522800
2022-11-10,97.55644226074219,97.73301231262919,94.96965125987487,97.28275665960261,20146700
2022-11-11,100.60232543945312,101.08790321468346,99.3133451237789,99.39280636686938,20518900
2022-11-14,100.89602661132812,102.02628692702693,100.11284769341965,100.23744310491588,20858300
2022-11-15,101.5723876953125,101.92837745298395,100.45102912506623,101.27870242592792,19373800
2022-11-16,100.48663330078125,101.68809284577944,99.55216099359369,100.95831686519283,13591000
2022-11-17,100.62012481689453,100.74472022079425,98.5642938626088,99.04487904476787,12425900
2022-11-18,99.7479476928711,100.1039374379514,97.54971831618529,98.69778167935098,15415000
2022-11-21,98.76007843017578,98.96476794842845,95.65408168370804,97.88790390257435,20973000
2022-11-22,101.61688995361328,101.87498236069706,99.16946968188843,99.86364598166,17719100
2022-11-23,101.10961151123047,101.41219840899191,99.76575332484578,99.96154804219272,11546700
2022-11-25,100.75361633300781,101.99957709393654,100.62011932470476,101.34989527482959,7136000
2022-11-28,97.72771453857422,99.19616806461372,97.55862466365474,98.48419532982545,23015500
2022-11-29,98.37740325927734,99.49876871284036,97.70992495428943,98.43970096281194,14453200
2022-11-30,99.08937072753906,99.58775911901624,97.70101810043424,99.26736900661666,23158100
2022-12-01,98.6087875366211,99.73904769636006,98.05700308331859,99.35635990244408,14398300
2022-12-02,97.772216796875,99.41866182582771,97.18483266452493,97.46072829787423,15248400
2022-12-05,95.09339141845703,99.10716216776137,94.28352141224309,98.51977810154838,19287700
2022-12-06,92.45018768310547,95.26249938281241,91.80051263686714,94.24793295695359,21197000
2022-12-07,92.24549865722656,93.3134611777106,91.10633682472624,92.36119244679797,20061700
2022-12-08,92.93077087402344,95.0489062151662,92.29889227416805,94.58611748939555,21128800
2022-12-09,92.1476058959961,94.29243265541153,91.93401473923575,93.08207145053544,21298200
2022-12-12,94.41702270507812,94.55051971670585,92.1920951444162,92.40569307899659,20413200
2022-12-13,95.44938659667969,96.59744996354439,95.2446902858686,95.93887334648468,24305300
2022-12-14,94.74629974365234,96.38384970526356,94.11442122915237,96.10795411334345,17597300
2022-12-15,93.83853912353516,94.48821411454963,92.2899847820633,93.74064177585798,15365100
2022-12-16,93.17996215820312,93.96314099363364,91.78270794219365,92.28109632563306,54596600
2022-12-19,93.5982666015625,94.51493582303615,92.89518856034941,93.67836753787347,13611100
2022-12-20,94.95100402832031,95.68077994494601,93.50924862672045,93.59824436485732,14680000
2022-12-21,96.17027282714844,96.64195641362454,95.36930428630853,96.37496916332474,13565400
2022-12-22,94.23014068603516,96.28597861100809,92.64599316294196,96.01898455635471,13213000
2022-12-23,96.72206115722656,96.77545725140483,95.13791365715758,95.18240813899254,11539400
2022-12-27,98.0658950805664,98.31508584474498,96.85553412032264,97.2471166969151,11962100
2022-12-28,96.45506286621094,97.89681845511022,96.02788055168257,97.81672431736384,10702100
2022-12-29,97.1848373413086,97.64762609632893,96.1079731701187,96.1079731701187,10534000
2022-12-30,98.16380310058594,98.3417945829502,96.65974995183068,96.65974995183068,11799600
2023-01-03,94.79081726074219,97.91461071873253,93.88304299863717,97.70101957056555,15146200
2023-01-04,95.06670379638672,95.36929747303752,93.23336567352956,93.26896532901436,18058400
2023-01-05,97.19373321533203,97.85230986173873,94.61281592759985,94.63951397151716,15946600
2023-01-06,98.36849212646484,99.6678489529529,97.60311653429603,97.96800789821037,16348100
2023-01-09,96.53516387939453,99.35637056596835,95.94777970897223,99.35637056596835,17964600
2023-01-10,97.97691345214844,98.19051140122642,96.12577875638965,97.70992620071176,15104600
2023-01-11,99.1160659790039,99.18725849381175,97.0869265333434,98.77787267642411,16710400
2023-01-12,100.76251983642578,101.22530177863506,99.44535974100857,99.51655905209924,15357300
2023-01-13,100.70022583007812,101.00281272840137,99.81915639032133,100.6646261732271,12011400
2023-01-17,100.50440979003906,101.52787764006798,100.27301546456863,100.93159879168151,16542200
2023-01-18,98.439697265625,101.56349751682839,98.25280416204055,100.79812187932625,16399700
2023-01-19,99.07156372070312,99.79243800169331,97.52301620267482,97.9591000574766,12928000
2023-01-20,100.87821197509766,100.95831289624998,98.43969332460324,99.10717157779966,16515600
2023-01-23,100.35314178466797,101.98178371536297,100.24634280972873,101.13631389773408,16584400
2023-01-24,101.28759765625,101.47449075204588,93.33126150834865,97.1492379251671,13583000
2023-01-25,100.75361633300781,101.14520574671282,99.13386938078246,100.77141955541617,11914700
2023-01-26,104.80298614501953,104.82078257732437,101.75928018546416,102.09747350871467,21019700
2023-01-27,102.88954162597656,104.72287960223608,102.69374693143634,104.08209943462785,15179200
2023-01-30,101.06510925292969,102.782753633823,100.7002246568534,102.42676385940062,18672100
2023-01-31,103.24554443359375,103.59263260333397,98.27950429585489,99.76575433447994,27861800
2023-02-01,102.1152572631836,104.46477985223466,100.86929666839858,103.08532905688685,19464900
2023-02-02,98.9202880859375,102.40897313177742,97.74552651785098,102.21317840543958,24562100
2023-02-03,99.60554504394531,101.55458355710326,99.28515496534567,99.58774861288505,20226600
2023-02-06,99.43646240234375,100.64681671054483,98.1816000384127,99.99714168562409,13855200
2023-02-07,102.27547454833984,102.62256272520544,99.69455706682248,100.0238488097203,16013300
2023-02-08,101.38548278808594,103.08533045770045,101.32318509699708,102.39115424558487,18459700
2023-02-09,101.76818084716797,103.45022546678648,101.61688740919885,102.00847681565048,17439300
2023-02-10,106.05784606933594,106.46723192855087,103.3790381564334,103.69052665910344,24918600
2023-02-13,105.64531707763672,105.98610595103203,103.94135902628355,105.5735698909677,14536200
2023-02-14,104.4076919555664,105.65427012405458,104.04896289911069,104.9368188533308,12079000
2023-02-15,104.09380340576172,104.11173677905028,102.36294209044988,103.7799180568062,13663400
2023-02-16,103.78890228271484,104.7305584576728,102.9548600465016,103.41223297054329,11360600
2023-02-17,99.79804992675781,102.40779735616081,99.52900824391067,102.40779735616081,20758300
2023-02-21,99.69939422607422,100.78454469583224,99.37653874919886,99.37653874919886,14469400
2023-02-22,98.40798950195312,99.52004357127952,97.43045286030399,99.08060400909376,13973800
2023-02-23,99.31375885009766,100.29129536121243,98.56043398694513,99.3047955842418,11289400
2023-02-24,99.32272338867188,99.51105459389943,97.77122320914873,98.04924180540709,14351000
2023-02-27,99.14337921142578,99.78012011172844,98.61425225122649,99.36758404289242,11710500
2023-02-28,98.56941223144531,99.86979747540373,97.95060472692765,99.76217669656076,18107000
2023-03-01,99.44828796386719,100.3182037475514,97.96853480497464,98.03131187997309,13200000
2023-03-02,99.90567016601562,100.17471184741073,98.80257942994994,99.20615221532488,10339900
2023-03-03,101.17018127441406,101.67240472632008,98.60527757388951,98.69496497607183,13006700
2023-03-06,102.06698608398438,102.09388956394847,100.3271615718306,100.43477549168696,14347400
2023-03-07,100.09400177001953,101.49303767663368,99.69939909187167,101.17018218400146,11525300
2023-03-08,98.63217163085938,100.82040567096658,97.81606293249367,99.7531955513483,13509800
2023-03-09,97.86988067626953,100.65002577919886,97.78020012118517,99.4303510719259,12961200
2023-03-10,96.6591796875,99.582812419328,96.09418601139637,98.25551689106504,15795700
2023-03-13,95.54713439941406,96.73093566809017,93.01810410532471,94.47094707377028,20745600
2023-03-14,95.90585327148438,97.76226885472325,94.13014813690516,95.37672635335991,18263500
2023-03-15,91.13477325439453,93.44856168394521,89.879224955159,92.21095360106054,25733800
2023-03-16,90.60565185546875,91.18858576293086,87.90622387432735,88.88376045924471,27465200
2023-03-17,89.53843688964844,91.12581090464532,88.91066610767633,90.22002148306697,43199500
2023-03-20,91.87914276123047,91.90605309007412,89.23352832661345,89.35011238284716,32042100
2023-03-21,95.99553680419922,96.21077151615142,93.38578940829974,93.42166300065647,31592300
2023-03-22,93.79832458496094,96.12109006259715,93.77142110149057,95.78030120165921,14952700
2023-03-23,92.7400894165039,95.36776346271631,91.87017357899883,94.48888435836264,14385900
2023-03-24,92.84768676757812,93.13466862579389,90.49802494161996,91.00024148295076,13401600
2023-03-27,94.88347625732422,95.49331360089741,93.18848847810519,93.93284323099128,14805900
2023-03-28,96.0672836303711,96.54259675349448,94.3364221482009,94.56062696795253,11047600
2023-03-29,97.7174301147461,97.8967980800734,96.39910464889063,96.91029137624395,14219100
2023-03-30,98.19273376464844,98.26448094384932,97.3228180328535,98.24654757014291,11578200
2023-03-31,98.34519958496094,98.80257246374138,97.7981393098508,98.36313295891425,14418000
2023-04-03,104.14762115478516,104.79333213505097,101.44820003199074,101.69033822849634,28087700
2023-04-04,103.15214538574219,104.65880197403405,102.38985040452873,104.26420616337298,16365500
2023-04-05,104.91888427734375,104.92785438583896,102.51540836473275,103.44810122478054,16479500
2023-04-06,103.17903900146484,105.08926119923876,102.92792390892518,104.80227936423724,15778000
2023-04-10,102.72168731689453,104.19247047698552,102.38986170019297,102.93692204119873,13006600
2023-04-11,103.4480972290039,104.21039220913875,102.57818147764773,103.09833827526924,11758500
2023-04-12,103.34048461914062,104.56015249761312,103.07143610874667,104.17452679073648,10919000
2023-04-13,103.82476806640625,103.93238884633617,102.35398495163888,102.77549112029568,12399700
2023-04-14,104.07588195800781,104.62294227552411,103.24183973967872,103.94135769527314,11530800
2023-04-17,102.86515808105469,104.48840546330143,102.61404980327616,103.57364606032262,13260400
2023-04-18,104.87403869628906,105.11617686801522,102.50643657239739,102.58714701557696,17436100
2023-04-19,104.5422134399414,104.83816541684806,103.82475534601998,104.10277394956296,10682600
2023-04-20,103.70818328857422,103.74405688163127,101.54685233384663,103.2508035298323,17038700
2023-04-21,104.03999328613281,104.820221580973,103.36737891213282,104.47046265386797,14315300
2023-04-24,106.00403594970703,106.62284344118474,103.92341549790495,103.95928909009666,15831300
2023-04-25,104.49738311767578,105.59150377195604,103.69921447818051,105.42111275553697,12179800
2023-04-26,103.53778076171875,105.00856379977199,102.84723294253769,104.0579375743002,15566100
2023-04-27,104.77539825439453,104.93682599868215,103.02659655091402,103.69024774531206,16279200
2023-04-28,106.12959289550781,107.54656903454037,104.77540067610481,105.15206314075247,24381900
2023-05-01,102.8382568359375,105.19689572960837,102.64095551562568,104.02205791562092,17355000
2023-05-02,98.73979187011719,102.18358113228763,98.01337051263053,102.18358113228763,24324100
2023-05-03,96.793701171875,98.47971888554824,96.6412435426882,97.82504466977532,16212300
2023-05-04,95.09871673583984,97.52909614986824,94.98213269328518,96.76680113460574,17177200
2023-05-05,97.46631622314453,98.13893065967464,96.43497271869411,97.34973218400027,14968200
2023-05-08,97.85194396972656,99.52002823780154,97.78916689908664,99.09852211685315,11187800
2023-05-09,97.87884521484375,98.85638168354551,97.04480309986192,97.16138713061883,11370800
2023-05-10,96.62330627441406,98.65908984979112,95.69958352067766,98.41694481516451,14884800
2023-05-11,94.87451934814453,95.79824217893452,94.10325416391066,95.50229015289833,17165900
2023-05-12,94.86554718017578,95.96863796137738,93.96872785445328,95.34086032805855,12613300
2023-05-15,95.04645538330078,95.82441302943008,94.60320269240944,95.4444821515232,13715600
2023-05-16,92.73971557617188,94.81125323252374,92.28741495866866,94.6484247341602,14795200
2023-05-17,94.82032012939453,95.19121002262695,93.0382542359943,93.52673982872034,14064700
2023-05-18,95.6796646118164,95.80631512756274,94.19611921571818,94.57605695983845,12005600
2023-05-19,96.1229476928711,96.8375836344665,95.72492086424555,96.40337192127853,13359600
2023-05-22,94.95600891113281,96.82853351037045,94.8745911973081,95.74300770259329,12882000
2023-05-23,96.24957275390625,97.89594672502376,95.66158057103006,95.87868293492475,14394400
2023-05-24,97.3260498046875,98.15828823946372,96.54809904211434,97.13608436133777,16340300
2023-05-25,95.58016967773438,96.27670959108633,94.72079436467347,95.83345691895326,14316500
2023-05-26,94.95600891113281,96.74711579654574,94.82936526879294,96.31291099468359,12370300
2023-05-30,94.1147232055664,94.18709296834413,92.82114302754655,93.43627220803629,11938000
2023-05-31,92.43216705322266,93.21012477336824,92.03414024713125,92.53167375474551,24926100
2023-06-01,93.49959564208984,95.50781173375945,91.5999341964642,92.04318692341272,13551900
2023-06-02,95.67063903808594,96.00533711474354,94.5579763603257,95.12787961787431,14112000
2023-06-05,95.2454605102539,96.96420415854875,95.0645361305832,96.96420415854875,10628000
2023-06-06,96.02342987060547,96.13197761016683,94.06044669585476,94.21422726127352,12209800
2023-06-07,98.17637634277344,98.50203335745171,96.54809817094213,96.60237203953514,16027100
2023-06-08,97.86881256103516,98.72818099770215,95.79727484674659,98.39347604682726,13517100
2023-06-09,97.14513397216797,98.24874867283847,96.93707953607714,98.11305709624517,12251600
2023-06-12,96.26766967773438,96.84661396355195,95.48971199962446,95.71586232694571,14112000
2023-06-13,96.2857666015625,98.00450358639107,96.14102707777548,97.13608714835,13533800
2023-06-14,95.12786865234375,97.79643952001777,94.4313218404231,97.19939939551435,16627700
2023-06-15,95.78822326660156,96.8194681120908,95.38115547553568,95.43542934059522,16224100
2023-06-16,95.10072326660156,96.5842687073609,94.9469427163964,96.21338579795085,43128900
2023-06-20,92.92066192626953,94.77509075539835,92.37790243729431,94.69367993775467,17514100
2023-06-21,93.96092987060547,94.64842181891204,92.56784318341661,92.7216237322568,13285700
2023-06-22,93.44532012939453,93.97903160122998,92.85732788470973,93.02919744431144,12455300
2023-06-23,92.63117218017578,93.0111030602852,91.9255842880983,92.80304172981002,17933600
2023-06-26,94.34088897705078,94.90174437802196,92.45026829905356,92.45026829905356,14283400
2023-06-27,94.57606506347656,94.63033893090441,93.41816964638953,94.12376443075131,13227500
2023-06-28,95.344970703125,95.72490156207878,93.35484386285155,94.35895177691486,13084100
2023-06-29,96.52096557617188,96.54810941518971,95.10074166958417,95.58018620371352,11364400
2023-06-30,97.01848602294922,97.58838233740356,96.62045925640716,97.08180783566637,13544700
2023-07-03,97.20845794677734,98.11305927541092,96.85566398073507,97.23559488238668,7397000
2023-07-05,96.71092224121094,97.62456452788948,95.97819054102229,97.3622293391256,12491200
2023-07-06,93.10154724121094,95.63443318210305,92.65829461710045,95.0645300495449,17961400
2023-07-07,93.31866455078125,94.07852625780725,91.8712970871058,92.19695407627682,21929200
2023-07-10,94.70271301269531,94.75698688260134,92.94778426909104,93.14679766082682,14877600
2023-07-11,95.86060333251953,96.03247979244257,94.81126248476258,95.21833722117604,12576500
2023-07-12,96.33100128173828,97.38034221988377,96.0053442251801,96.79234992878922,13238200
2023-07-13,94.56702423095703,96.09580269305005,93.46340949985277,95.8606044139064,26826800
2023-07-14,91.3104476928711,94.12375798797582,90.93955788667503,94.12375798797582,28181900
2023-07-17,91.7084732055664,91.97080839901436,90.65913933333447,91.11143996309441,18051300
2023-07-18,91.29236602783203,92.45025464450768,90.76769559166321,91.29236602783203,24617800
2023-07-19,91.92559051513672,92.63117845501073,91.18381769353066,91.40996802818569,15556500
2023-07-20,93.54483032226562,93.77098066316475,92.594996129865,92.75782465137479,15740200
2023-07-21,93.97901153564453,94.42226416017218,93.40911530410897,94.22325770741617,17121500
2023-07-24,95.45352172851562,96.03247288319834,94.04234597422371,94.40418785781544,15090900
2023-07-25,95.5982666015625,95.96914954940382,94.56702166153109,95.03741130547724,14116100
2023-07-26,95.0645523071289,95.63445557311924,94.6574844613306,95.08264819895494,15159600
2023-07-27,95.36306762695312,96.7832913954252,94.74793846535987,95.88773803863332,17677900
2023-07-28,94.2232666015625,95.12786782361331,92.55879676417798,95.08263500188693,17566400
2023-07-31,97.00943756103516,97.57029282894206,95.1550091118777,95.1550091118777,24197000
2023-08-01,96.44859313964844,97.08181128934662,95.4625741333353,96.7471063236146,14177400
2023-08-02,95.2454605102539,96.23147249861141,94.59414654655822,96.12292477236839,13484100
2023-08-03,96.9009017944336,97.58839387045082,95.2545275676584,95.78823906626867,16280400
2023-08-04,97.17228698730469,98.81866136523121,97.09087616881295,97.66077260293933,14279600
2023-08-07,96.97325897216797,98.07687368942142,96.34908875295639,97.60648403859817,12410800
2023-08-08,97.45270538330078,97.470794373412,94.83840116157592,95.92392691038317,14065600
2023-08-09,99.10810852050781,99.88606613019873,97.97735698334773,98.33919885555089,19919600
2023-08-10,99.61470031738281,100.98064334796474,98.9995711407908,99.67802213402197,15837200
2023-08-11,101.16156768798828,101.37867007324418,99.55137843601625,99.84085058354424,14047000
2023-08-14,101.24295806884766,101.2972388303809,100.2117133199828,101.02585572739163,12973400
2023-08-15,98.64373779296875,101.10618030393846,98.47045237899397,101.00585790196736,14909600
2023-08-16,96.98384857177734,99.7107834031121,96.92912979861842,98.75316312402151,13695100
2023-08-17,98.86260986328125,100.45863905908747,97.96883045205033,97.96883045205033,16709500
2023-08-18,100.35831451416016,100.50423356213018,98.15123585783459,98.16947312953025,16224000
2023-08-21,99.14533233642578,101.21561409425529,98.62548310773528,100.650161248362,11092400
2023-08-22,98.58900451660156,100.06647408509482,98.4522006190889,99.56486211359349,10518800
2023-08-23,97.72259521484375,97.85939911765595,96.41841099655379,97.62227281665717,11435600
2023-08-24,96.99297332763672,98.28803535398288,96.73760976842877,97.05681421743871,10818500
2023-08-25,98.7258071899414,99.34597882059161,97.23922248267972,97.97795377869866,13579300
2023-08-28,99.55575561523438,100.35832788130482,98.89910241656953,98.90821757456396,10382100
2023-08-29,100.14854431152344,100.34006696960807,98.88084174743844,100.01174738298778,9665000
2023-08-30,101.12442016601562,101.3615464820286,100.30361061344206,100.72313750599672,11922100
2023-08-31,101.40714263916016,101.61690259092599,100.88729338034054,101.34330174625724,17479800
2023-09-01,103.53213500976562,103.80574280906455,102.328273217494,102.328273217494,14843500
2023-09-05,103.54125213623047,105.63889327475555,103.51389274924593,104.0611013633418,18304000
2023-09-06,104.43502807617188,104.50798411966552,103.26764788265565,103.49565204414351,13325500
2023-09-07,103.92430114746094,105.6571342851903,103.6962969703422,104.56271701827454,13248500
2023-09-08,105.43824768066406,105.83953724170689,104.2617453424444,104.45326800799621,14283200
2023-09-11,104.11582946777344,106.41410848259748,103.57773599832166,105.95810013410473,14383600
2023-09-12,107.15283203125,107.3169953031605,105.12815399706538,105.19199488291198,20145800
2023-09-13,106.19522094726562,107.58148319361662,105.7027311213142,107.07987821102274,13472800
2023-09-14,108.09222412109375,108.21991286990881,107.00692890031942,107.20757370228287,15210700
2023-09-15,106.43235778808594,108.0831129277943,106.2499572113209,107.52678212308415,34568400
2023-09-18,107.2896499633789,107.83685862200694,106.43235199137575,107.18932756418127,14045300
2023-09-19,107.00692749023438,108.38406777986215,106.35027431360187,108.18342993867834,12562900
2023-09-20,106.15874481201172,107.63620740640849,106.08578180637515,106.2864265928081,11879900
2023-09-21,104.66304779052734,107.04341214683201,104.51712176558588,106.68772615870702,14400600
2023-09-22,104.82720947265625,106.41411669967086,104.70864283968614,105.52945932198188,13197300
2023-09-25,106.00370788574219,106.38675324346022,104.72688306854658,104.96400240915176,11316000
2023-09-26,106.1678695678711,106.45971463954095,105.21937134541022,105.33793101391707,11805400
2023-09-27,109.62442016601562,109.89802799822836,107.07077721728707,107.51766351564073,23976200
2023-09-28,108.9586410522461,110.08041774600493,107.79126073822837,109.42377153797162,16808100
2023-09-29,107.23492431640625,108.6941496319941,106.45971151982538,108.62118662668092,18813600
2023-10-02,105.45648956298828,107.42644899444991,104.47151680539275,107.18932270181799,14395000
2023-10-03,105.63890838623047,106.19523919494843,104.90929215764218,105.28322238828109,13297100
2023-10-04,101.68985748291016,104.05197728991784,100.7778408238706,104.01550274671499,19622200
2023-10-05,99.40071105957031,101.14266652210149,99.13622534733665,100.13944941378713,20128800
2023-10-06,97.74082946777344,98.74404646050299,95.86207726549071,96.42753013251134,25367500
2023-10-09,101.16089630126953,102.2097169560314,99.88407145886968,100.72313215756054,22369900
2023-10-10,100.73223876953125,101.64425544271175,100.4312785555643,101.25208799491874,13892000
2023-10-11,97.12066650390625,97.74083820252923,95.6067222431753,97.54931551064895,57939000
2023-10-12,97.10240936279297,98.35186766249194,96.75583859856211,98.12386351050198,31183000
2023-10-13,100.20327758789062,100.50423781147063,98.35187783736473,98.52516323740718,30276500
2023-10-16,100.2762451171875,100.94202044768343,99.52839161399078,100.77785714414581,18452000
2023-10-17,101.58953857421875,101.96346875714056,100.02999086880726,100.07559448657558,19775400
2023-10-18,103.01226806640625,103.41355758095828,101.87224736200541,101.98169185455619,23380300
2023-10-19,103.07613372802734,103.94255384654826,101.53483009666434,102.80253286807536,20972500
2023-10-20,101.30683135986328,103.34974711509071,101.04234564362952,102.98493899069462,22445300
2023-10-23,99.82022857666016,101.19737579084462,99.11797875430067,100.89640859920392,18185000
2023-10-24,98.8534927368164,100.15767693810204,98.60725128147345,100.04823242565215,16786100
2023-10-25,99.03589630126953,99.86583489003245,98.61636942803197,98.97205540660589,22047300
2023-10-26,98.13299560546875,98.8078860157211,97.12977862630764,97.99619170873423,18768300
2023-10-27,96.26336669921875,100.19415649988032,95.72527322110759,99.30949917626616,23092000
2023-10-30,96.5643310546875,97.05682093501882,95.95328150169952,96.4366492662463,19379900
2023-10-31,96.5369644165039,96.81969431950974,95.34222478945902,96.29072297389632,22185200
2023-11-01,96.34542846679688,97.74081268486492,96.18126520831039,97.15712264538723,28984900
2023-11-02,99.51013946533203,99.5831024689174,96.21775872849298,96.56432255832104,25212700
2023-11-03,98.29716491699219,99.2091816736288,97.16626608704078,98.86261781103572,30555600
2023-11-06,96.55521392822266,98.74404851866058,96.46400668850818,98.65284823708159,19097300
2023-11-07,95.041259765625,95.63407201408336,94.20220606898545,95.2783860566354,20272500
2023-11-08,93.8738784790039,95.67055247732775,93.8373969763115,94.60349461658171,19184100
2023-11-09,93.9012451171875,94.82238399642593,93.81004483248192,94.54877618417349,18380500
2023-11-10,94.6217269897461,95.22366131580245,93.85563634727599,94.78589026429466,17825500
2023-11-13,95.61582946777344,95.88943726669244,94.67645336062576,94.8953423830151,15308400
2023-11-14,95.98397827148438,96.47176608306134,95.5974302345852,95.99318380239036,18260500
2023-11-15,95.40415954589844,96.77548878471919,95.25689913331377,95.68026228685028,20137600
2023-11-16,94.29973602294922,95.04522261905636,93.0940711286498,94.70469517232277,22469100
2023-11-17,96.60061645507812,97.0331851293406,94.5666294525306,94.85193771778339,22984900
2023-11-20,96.17724609375,97.44733542820626,96.11282142508401,96.98715721723137,17458800
2023-11-21,96.14042663574219,96.36131020090296,94.99918669035594,95.91033754068582,14989000
2023-11-22,95.72627258300781,95.82751235028537,93.8211350869625,94.41016263016168,18072000
2023-11-24,96.24168395996094,97.07000625765535,95.63425228949386,95.73548504976903,9480800
2023-11-27,95.68026733398438,96.08522646819087,94.96239033917347,95.8091166909113,18013500
2023-11-28,95.62504577636719,96.55460784655841,95.60663471340561,95.93796362908242,20629500
2023-11-29,94.18927764892578,96.25088119475895,93.54503092945454,95.96556591462516,26802100
2023-11-30,94.55741882324219,96.15884408694542,93.7014870518706,94.8979532343943,29254700
2023-12-01,94.78752136230469,95.91956303517925,94.07884989160418,94.33654860822254,17845300
2023-12-04,94.2721176147461,95.12804945004895,93.49901449490984,93.99600785299823,21523900
2023-12-05,92.44060516357422,94.189276821568,92.30255029011089,94.12485215018678,22250300
2023-12-06,91.21652221679688,92.69829656387373,90.50784386553647,92.03563884073849,31154800
2023-12-07,90.58147430419922,92.80873508488165,90.27775500998925,91.90678975401582,29990700
2023-12-08,91.6214828491211,91.84236642004126,90.88519491703771,91.13368805660264,22074900
2023-12-11,91.6859130859375,91.90679667027507,90.72874152479129,91.85157752963131,22252300
2023-12-12,90.24095153808594,90.82077356608535,89.71634864939247,90.82077356608535,26084000
2023-12-13,91.04165649414062,91.14289626331923,89.88201244643305,90.23174536247404,19915400
2023-12-14,93.48981475830078,94.00521215025105,91.77795111016553,91.8975949270789,26165700
2023-12-15,92.86396789550781,92.95600213683534,92.3209539346791,92.57865261910119,55527000
2023-12-18,93.55423736572266,94.89795698059861,93.4345865296895,93.9960045428465,21610400
2023-12-19,94.78752136230469,94.97159688972023,93.683096284865,93.87637032232878,18904700
2023-12-20,93.2044906616211,95.6618476157736,93.07564132580931,95.25688854792962,20988900
2023-12-21,93.62787628173828,93.88557499600121,92.78114290689294,93.38858160916699,19250900
2023-12-22,93.79353332519531,94.74149938700805,93.71069758972669,94.16167030401607,12927800
2023-12-26,94.00521087646484,94.8243275868993,93.98680683632864,94.55742336346655,16835100
2023-12-27,93.56344604492188,94.38256277592414,93.26892522124537,93.91317899039335,14558800
2023-12-28,92.21051025390625,93.51741466080689,92.15528409493378,93.31493512868609,16329300
2023-12-29,92.01724243164062,92.57865341509435,91.68591354260273,92.37618089113792,17746400
2024-01-02,94.20769500732422,94.88875687368201,92.81795468041744,92.8823793566707,23483000
2024-01-03,94.99919891357422,95.3673429173846,93.5634450226528,94.12485602680418,23490800
2024-01-04,94.17086791992188,96.24166984966956,93.92237477792752,95.79069717328458,19395200
2024-01-05,94.45618438720703,95.1648628192927,93.9960061405197,94.95317773624089,15827400
2024-01-08,92.88238525390625,92.99283057239407,91.02326803415757,92.70752227683828,23370100
2024-01-09,91.73193359375,93.22291369910991,91.29016639185578,93.22291369910991,19496600
2024-01-10,90.82999420166016,91.85159057928645,90.3422063319719,91.85159057928645,18206100
2024-01-11,90.81156921386719,91.57546675240167,90.71032944265117,91.15210362811764,15833400
2024-01-12,91.98963165283203,92.63388543190361,91.2717546884702,92.1645016391428,18041700
2024-01-16,89.90962219238281,92.04484883620648,89.76236179264764,91.86997886696155,20235700
2024-01-17,89.25617218017578,90.15811757474468,88.88802819347393,88.90643223301589,18384000
2024-01-18,89.09051513671875,89.35741235193834,88.18856264547507,89.27458363447634,20940300
2024-01-19,89.22856140136719,89.29298607660502,88.73157506196843,89.0168833349127,20088400
2024-01-22,89.10891723632812,89.36661593627939,88.14254008974794,88.99847192702204,19955900
2024-01-23,90.11211395263672,90.65512095134049,89.02609293346586,89.09971612155628,15863400
2024-01-24,91.66751098632812,91.71353162253877,89.9556472413876,90.48945572567297,17330600
2024-01-25,93.99600982666016,94.04203046183875,91.68591999336665,92.3209612239002,22089500
2024-01-26,94.79670715332031,94.87033734895353,93.13086435225006,93.84874120526902,20817200
2024-01-29,94.9163589477539,94.98078361891764,93.74750933613677,94.77831109651912,18317500
2024-01-30,96.4993667602539,96.52697632866456,93.9683866700997,94.25370192778801,19610900
2024-01-31,94.62184143066406,96.52697894196058,94.58502633119912,96.39812960471441,22415300
2024-02-01,94.23529052734375,95.72627041199337,93.52661919423524,95.32131135206734,19240700
2024-02-02,93.8487548828125,95.71707748328296,93.51742597593702,95.48698835471738,21973400
2024-02-05,93.46220397949219,94.22609452647544,92.49582686030628,93.37016271346478,17190900
2024-02-06,94.10645294189453,94.83353542581754,93.48061023559137,93.94078848958596,13347900
2024-02-07,94.07884979248047,94.54823360969131,93.12167811621832,94.10645936612286,13826800
2024-02-08,95.689453125,96.1036106837155,93.97758971125536,94.18926774463907,19636900
2024-02-09,93.66466522216797,96.49015901339195,93.6002405567692,95.80909726178172,20410500
2024-02-12,94.95317840576172,95.16486349030613,93.87636298614375,94.02362339656817,18173100
2024-02-13,94.13573455810547,95.76132703323654,93.44834315298729,95.45479212406188,18917400
2024-02-14,93.67127227783203,95.32473787699894,93.28113181503745,94.62805544185711,17651300
2024-02-15,96.3558349609375,96.55090520552014,93.4483421993936,93.4483421993936,23196300
2024-02-16,96.3558349609375,97.19184827000005,96.16075762933417,96.61592862038103,20151400
2024-02-20,95.44549560546875,96.718104764869,95.35260602958283,96.4580040305599,17650000
2024-02-21,97.39620208740234,97.51696491070253,95.66842909775174,95.69629526096867,20991300
2024-02-22,97.31261444091797,97.91640736363676,96.09573751103274,96.75526985341637,20470700
2024-02-23,96.45799255371094,96.69022000930482,95.56623997467271,96.4951497970483,15975900
2024-02-26,96.83887481689453,97.47982503316975,95.72418556747985,96.34655361361935,13360800
2024-02-27,96.63448333740234,97.67486484295289,96.46727929342134,97.23827611216811,16360000
2024-02-28,96.90388488769531,97.93497549050822,96.60663398966945,97.04322279643065,14810500
2024-02-29,97.08966827392578,97.60057159922124,96.81099953132704,97.23829727292836,17566100
2024-03-01,98.31582641601562,98.82672972701226,97.88852868637323,98.20436175690404,18460100
2024-03-04,96.94104766845703,98.32512157697379,96.63450566914837,98.14863349705556,18138000
2024-03-05,98.13005065917969,98.71526140085173,96.9038897573282,97.09896000455221,19952700
2024-03-06,99.1797103881836,99.9228411690925,98.60379076564854,99.04037956790599,20472800
2024-03-07,99.737060546875,100.30369616438412,99.02179594056732,99.02179594056732,15195400
2024-03-08,100.67526245117188,100.69384461975636,99.17971679605719,99.60702162925065,16281500
2024-03-11,101.2697525024414,101.36264916051891,99.70918361280737,100.55449500957664,17577300
2024-03-12,100.61952209472656,101.51127476609985,100.35013736790229,101.30691345009384,14957200
2024-03-13,101.7435073852539,102.50521327346782,101.35336690063666,101.3812330656778,17122200
2024-03-14,103.54560089111328,103.61991539347474,101.89214219218657,102.02218902780861,22121000
2024-03-15,103.35980987548828,104.3165931035348,102.96966938658815,102.96966938658815,38264400
2024-03-18,104.31658935546875,104.83677665531206,103.20189317249253,103.84284330052836,16770500
2024-03-19,105.0504150390625,105.42198040886134,104.09363899556898,104.2422679782965,14878800
2024-03-20,104.95753479003906,105.33839127683865,104.15867165447852,104.70673221818662,16119700
2024-03-21,105.42198944091797,105.81213701049371,104.56739397807692,104.89251104687291,14878000
2024-03-22,105.42198944091797,105.60777568524465,104.79962146821985,105.41270544396706,14701900
2024-03-25,106.49952697753906,107.54919266766788,105.737821103503,105.737821103503,14011700
2024-03-26,105.70066833496094,106.80607348800469,105.34768509101539,106.50882257546613,13152300
2024-03-27,106.79679107666016,106.88038958055961,105.34769364623205,105.41271706716097,12415700
2024-03-28,107.97648620605469,108.17155643716757,106.88037222621553,107.31696101885777,18482100
2024-04-01,108.67317962646484,108.90540712798384,107.17763394972081,108.13441720907666,13817000
2024-04-02,110.80037689208984,111.09762779043602,108.98900533763975,109.53705880236348,19919600
2024-04-03,110.81896209716797,111.23696874826132,110.28948369850676,110.98616617500943,16504300
2024-04-04,111.20909118652344,111.35771308102932,110.2058668222841,110.586723272179,18467400
2024-04-05,112.74180603027344,113.46635467564961,111.13478865789703,111.45062173412448,21720600
2024-04-08,111.9801025390625,113.08550061203319,111.66426945605599,112.47242370164065,17513900
2024-04-09,112.5653076171875,113.00189642603108,111.78501957676015,112.39810354331168,14132300
2024-04-10,113.5127944946289,113.76360415304086,112.14730280391055,112.60246670081666,17409200
2024-04-11,113.13194274902344,113.96796311468866,111.78501908016825,113.96796311468866,17555900
2024-04-12,111.81289672851562,114.9526099063474,111.16265549097437,114.20947908830615,21556200
2024-04-15,111.17194366455078,113.03905465790676,110.9582912566758,112.48170301545744,15029500
2024-04-16,110.2523193359375,111.67355036238314,109.53705473747809,111.0604664208465,18082200
2024-04-17,110.19657897949219,110.86539524198483,108.79393013195248,110.1222715735642,14538600
2024-04-18,110.09440612792969,111.20910234011053,109.58350989848985,110.54028603020615,13821400
2024-04-19,111.35772705078125,112.33308537509753,110.49384047659336,110.68891781107325,21572400
2024-04-22,111.9893798828125,112.92758090477082,110.01080426575146,110.78180121535108,16340700
2024-04-23,112.42596435546875,112.453830518618,110.95828500876685,111.46918828990363,13929800
2024-04-24,112.4445571899414,112.63962743751277,110.90256320387137,111.74787469703476,12101200
2024-04-25,112.70465087890625,113.10408245841073,110.91185431327277,112.42597504687214,16041000
2024-04-26,109.57422637939453,110.63318324751265,107.95792491021757,110.5402936618397,27289500
2024-04-29,111.13478088378906,111.51563734803625,109.38843280717073,109.38843280717073,17309900
2024-04-30,109.86217498779297,111.65497144735173,109.59279734299133,110.64246301910859,21083300
2024-05-01,107.78142547607422,110.04796812941079,107.43773331396784,109.871472962694,27777700
2024-05-02,107.97648620605469,108.92397828519748,107.66066023768724,107.99506837302937,25513600
2024-05-03,107.7535629272461,107.81858634553168,106.01649862872928,107.7535629272461,28023300
2024-05-06,108.45024108886719,109.92720456787922,108.12512401050172,108.37592658894914,31401300
2024-05-07,107.91146850585938,109.22123495309287,107.68853209950792,108.94255912988814,30122000
2024-05-08,107.89289855957031,108.63602231178078,107.20550713984488,107.48417588929097,18957200
2024-05-09,110.02009582519531,110.10369431822592,107.93004845518489,107.93933245195244,17564000
2024-05-10,109.57422637939453,110.22446765314743,109.22124311902886,110.11299589812722,13648100
2024-05-13,109.52777862548828,110.57744434659575,108.79393889431697,110.00151761039251,15060600
2024-05-14,110.19266510009766,110.2582166684575,109.07828843798033,109.36858722006176,15079100
2024-05-15,111.04483032226562,111.28830346656066,108.70369293384505,110.13646787242496,18244300
2024-05-16,110.37995910644531,111.71909011119185,110.07092722583035,111.00738227405631,15745200
2024-05-17,112.0374755859375,112.2154043221371,110.46423090075085,110.7826293158141,15104500
2024-05-20,111.12910461425781,112.27158076978976,111.01673459540818,112.12175169646221,11551300
2024-05-21,110.36121368408203,111.85954016505741,110.29566212380762,110.87626676094118,14495000
2024-05-22,108.1418228149414,109.99599965004292,107.65486223076417,109.99599965004292,17879300
2024-05-23,106.29700469970703,110.04282454638921,106.15653502653957,108.25419214019797,15979800
2024-05-24,106.21273040771484,107.76724922525894,105.8568800595881,107.5424948684141,12212900
2024-05-28,107.56121063232422,107.7953243578613,105.88495550012864,106.30635734826183,13978300
2024-05-29,106.40937042236328,107.27091438216762,105.64147767060885,107.25218128272401,13902000
2024-05-30,106.74650573730469,106.87760886854771,105.78195820976607,106.07225697972065,14683700
2024-05-31,109.8087158203125,110.0240964703647,106.74650395484873,106.86824767795925,29037400
2024-06-03,107.1772689819336,108.9659014127667,106.53111990779634,108.9097164005594,19589300
2024-06-04,105.51038360595703,105.90369299301118,103.87158734864674,105.81941547203587,19412200
2024-06-05,105.9317855834961,105.99733714363565,104.39600005058288,105.71639780327514,14863500
2024-06-06,106.72776794433594,106.79331950268774,104.98596122860639,105.58529180341827,13154100
2024-06-07,105.58531188964844,107.59869177145016,105.51039376739875,106.55922604513823,13289200
2024-06-10,105.89432525634766,106.96188330555805,105.53846781022143,105.87559215677041,15239700
2024-06-11,105.04216003417969,105.5103875537878,104.23680812888698,105.34182536094548,12462400
2024-06-12,103.88094329833984,106.10034400380536,103.51572645554708,106.10034400380536,13606800
2024-06-13,103.0475082397461,103.81540104787005,102.7478429279071,103.79666794705129,14466900
2024-06-14,102.17659759521484,103.2066965853798,101.6896370325,103.02876786308968,13313400
2024-06-17,101.47427368164062,102.50437284723336,101.30571148039198,102.2328000149669,21147900
2024-06-18,102.429443359375,103.6842967504422,101.88630489969782,102.10168554459105,17762900
2024-06-20,104.63947296142578,105.46355788089433,102.62609341215718,102.92576585166152,17433200
2024-06-21,103.72175598144531,105.53847379126674,103.72175598144531,104.78931409115606,52212500
2024-06-24,106.80269622802734,107.25219062967011,104.54583623552134,104.54583623552134,16266700
2024-06-25,107.10234832763672,107.27091049359849,106.2501709484456,106.85886805578443,14188900
2024-06-26,107.13980865478516,107.5237514490186,105.95050692952626,107.12107555579783,15771800
2024-06-27,107.59867095947266,107.68294847226338,106.85887072066792,107.68294847226338,16812700
2024-06-28,107.80469512939453,109.13445942782349,107.39265267004532,108.49766978364025,24565900
2024-07-01,107.65486907958984,109.32175788502754,107.25219313207295,108.35721035005527,11972900
2024-07-02,106.92442321777344,108.57258588002176,106.27826703570103,108.53512682581338,13326700
2024-07-03,107.46758270263672,108.31039366999862,107.00871458760442,107.00871458760442,7732900
2024-07-05,106.16590118408203,107.34582928732328,105.52911152671727,107.32710333177623,12631000
2024-07-08,105.05152130126953,106.33446721251785,104.33981350677827,105.24817599226358,13350500
2024-07-09,103.89032745361328,105.38865413239188,103.59066211785756,104.0495231003555,11727000
2024-07-10,104.80804443359375,104.84550349185469,103.40336189944041,103.87158941082487,10004100
2024-07-11,106.05352783203125,106.11907939568047,103.88095253661983,104.34918003256698,13082700
2024-07-12,106.07223510742188,106.89631992768996,105.47290458972692,106.74648372597454,11684900
2024-07-15,107.88897705078125,108.77861356574759,106.36255801020903,107.00870708606926,13032500
2024-07-16,108.6662368774414,108.95653563535075,106.48429505651212,107.08362567292242,13614100
2024-07-17,110.16455078125,110.67023727044739,109.14381839821758,109.32173996592103,13602800
2024-07-18,111.25084686279297,112.29967179602986,109.97726760564758,110.4548544686391,13033600
2024-07-19,108.69432067871094,111.3257566789111,108.50703255530131,111.0541838987584,16157700
2024-07-22,107.94515991210938,108.57259016412705,107.299010849125,107.86088239525311,12065900
2024-07-23,106.20336151123047,107.85151711330745,105.97860717446908,107.51439275274979,11251700
2024-07-24,107.70169067382812,107.87961226406235,105.88496570234857,106.54048133917904,14925200
2024-07-25,109.96790313720703,110.52977466844393,107.28027490575465,107.85151298681103,17021700
2024-07-26,109.87427520751953,110.52979089945937,109.0689232748019,109.34985550938246,11252500
2024-07-29,108.72241973876953,109.93044749798284,108.0481710225031,109.86489593637829,8861800
2024-07-30,110.660888671875,111.06356461870797,108.84417078034116,108.96590736163118,12483900
2024-07-31,111.05419158935547,112.14984933538724,111.026099083357,112.03747216680888,15137700
2024-08-01,109.5184097290039,111.89700629366975,108.96590470670525,110.82944816195311,15051500
2024-08-02,109.45286560058594,111.31641632702423,108.08564206084469,108.60069520525431,20403800
2024-08-05,107.4769287109375,108.65686391815397,106.05352036706715,108.19800300490805,18025900
2024-08-06,106.90570831298828,108.28229118836671,106.40938115186377,107.17727398104658,13647800
2024-08-07,108.3291244506836,109.67762205850566,107.93581502993058,108.11373663765106,13660700
2024-08-08,110.39867401123047,110.60469524434798,108.37593502475309,108.7036928299017,13851000
2024-08-09,111.29766845703125,111.72843687311435,109.90235259356815,110.39867256982511,12151900
2024-08-12,111.4381332397461,112.53378375941993,110.52040429297833,111.95318629322554,13228900
2024-08-13,110.3705825805664,110.97927973581834,110.0334582221064,110.76389195057497,11585100
2024-08-14,111.39131927490234,112.2809558107166,110.15519896198701,110.59533395465722,12194500
2024-08-15,112.08043670654297,112.93002574132085,111.5045996572175,111.62731631283768,11579400
2024-08-16,111.55179595947266,111.84443906696772,111.0703640897211,111.38187671070611,10056000
2024-08-19,111.89163208007812,113.75130181815561,111.55179358976426,111.76891542606087,12417500
2024-08-20,108.1628646850586,112.00492105811223,108.09678537454828,112.00492105811223,15632000
2024-08-21,107.47374725341797,109.09741856608326,107.3887912252948,108.56878407437077,11752400
2024-08-22,108.3044662475586,108.56878349199701,107.27550874358928,107.40766736580849,10609500
2024-08-23,109.80540466308594,110.18300378215591,108.58765128518996,108.58765128518996,10381400
2024-08-26,112.15595245361328,112.2786763131796,110.37180393043678,111.16476283079547,13671000
2024-08-27,111.0892333984375,112.72234646947837,110.82491618511388,112.29754477483348,9991600
2024-08-28,109.99420166015625,110.99484041545553,109.74876835223186,110.4473220477395,10742900
2024-08-29,111.5140380859375,112.13707774753534,109.83372947438633,110.63612314593436,10753900
2024-08-30,111.33468627929688,111.41020034714184,109.77709429658215,110.24909143061056,13284700
2024-09-03,109.00301361083984,109.58828541722247,107.65310158970242,109.35228686249287,15725100
2024-09-04,107.6719741821289,109.64492576921333,107.59646012110635,108.8330901958624,12620600
2024-09-05,106.83183288574219,108.82366142900489,106.73743489644308,108.62542349084525,17200800
2024-09-06,106.33150482177734,107.78525673639237,105.47247385529361,107.22829642005546,13467700
2024-09-09,108.56877899169922,109.64493184350778,106.35039397971155,106.54863190482318,21645300
2024-09-10,104.61343383789062,108.93692887353296,103.9998361857582,108.65372774113216,20913400
2024-09-11,103.57505798339844,104.7361669642754,101.73426473741272,104.57568965831763,19571900
2024-09-12,105.00048828125,105.09488627004085,103.61281551949924,103.74497414422741,15919500
2024-09-13,104.92495727539062,106.17102933730341,104.71727739805446,105.22703513276026,10035400
2024-09-16,106.3975830078125,106.75629820293,105.43471211454764,105.77455059501854,11729000
2024-09-17,107.7852554321289,107.9646166304558,105.84062973192627,106.02942568650951,12202600
2024-09-18,108.1628646850586,109.1540543427134,107.43598506734037,107.719186227873,12569900
2024-09-19,109.50333404541016,110.99484670315448,108.7387010002838,109.65437658386233,12660600
2024-09-20,108.814208984375,109.04077277938768,107.85133806293591,108.99357018823397,36206200
2024-09-23,110.78716278076172,111.19308058544418,108.67261773414126,108.87085565706464,16066300
2024-09-24,110.4945297241211,111.54236391665887,110.28684983700845,111.24027884296443,11984900
2024-09-25,108.34220886230469,110.49452164232567,107.65309714412982,109.96588000413088,13816000
2024-09-26,106.4825439453125,107.12446026109028,104.9155101854035,104.9155101854035,16887900
2024-09-27,109.33341217041016,109.58828744530904,106.90734727097637,107.38878634812366,15964000
2024-09-30,110.65499877929688,110.81547606117054,108.52156991885064,108.99356700819956,13247600
2024-10-01,113.2132339477539,113.84570838494524,109.43725683911822,109.54109678577407,23235900
2024-10-02,114.71417236328125,115.94136770784799,113.46810030358304,115.1012134434661,17129700
2024-10-03,115.7148208618164,116.27177403140631,114.15722885547962,115.07290446171842,16524300
2024-10-04,117.83880615234375,118.17864466484619,115.57321846969568,116.30009088681749,19752300
2024-10-07,118.34855651855469,119.26422485107972,117.86711745560547,118.23527462077126,15714400
2024-10-08,115.20506286621094,117.07416750858025,114.46874847969546,116.94200888546746,14818500
2024-10-09,115.25224304199219,115.71480536391871,114.03449691867793,114.1288948938514,11144900
2024-10-10,116.24344635009766,116.77208080260075,115.44105271266139,116.26233026746091,10243300
2024-10-11,116.6871337890625,117.08360965904788,116.05465934854703,116.20569468859178,8294800
2024-10-14,117.13079833984375,117.30071757852464,115.75256771592284,116.337839491965,9808100
2024-10-15,113.60970306396484,115.12009237723751,113.0716266460457,114.05338150019901,15771300
2024-10-16,113.90234375,114.63865807444547,113.84569920050899,114.11945838305229,8426800
2024-10-17,113.60970306396484,114.77081912479267,113.00554733865577,113.9967441516089,11204900
2024-10-18,113.28873443603516,113.88344812878954,112.4768989304383,113.69465218883359,12898600
2024-10-21,113.35482788085938,114.67642123178405,113.0149893848472,114.20442412088984,10177800
2024-10-22,113.94010162353516,114.40266398558016,113.2226711883103,113.52474905632721,9201400
2024-10-23,113.53418731689453,113.98730773395557,112.71291691399689,113.25099335807299,8320300
2024-10-24,112.89226531982422,113.69466616855769,112.45802884284969,113.27930640705841,9905600
2024-10-25,112.7978744506836,113.68523137816436,112.63739715165977,113.46810952493435,10714600
2024-10-28,112.24091339111328,112.34475333073475,110.23020110762883,110.24908502507142,11844500
2024-10-29,110.71163940429688,112.49578787870867,110.51340148515159,111.93883475379157,14731000
2024-10-30,110.15469360351562,111.64619907560265,109.9564556711896,111.07036919719164,12303700
2024-10-31,110.2396469116211,112.02379546065293,110.14524892742823,110.58892737544967,20512000
2024-11-01,108.51213073730469,113.23210175157813,108.40829079882234,113.21322503644689,20939300
2024-11-04,111.96715545654297,112.05211147967142,109.43725064877746,109.56940926393574,14965400
2024-11-05,112.29755401611328,112.53355257630234,111.40076236823663,112.41083591776164,10436700
2024-11-06,114.22330474853516,115.08234297679468,112.61851739737278,114.3649053270741,20807700
2024-11-07,114.36489868164062,114.6952952109633,112.91114675051665,114.50649925195154,12184400
2024-11-08,114.32714080810547,114.6197767122662,112.95835206698115,114.20442415199712,12836000
2024-11-11,113.72298431396484,114.80857910240489,113.34538518727643,114.22330009593264,11969700
2024-11-12,113.60970306396484,114.51593665192844,113.12826399463582,114.34601740405374,11972800
2024-11-13,114.66698455810547,115.21450296048353,112.14652159826448,113.81738827891618,15127900
2024-11-14,114.74311828613281,115.99942953520414,114.52421958420231,115.79005037809654,13041800
2024-11-15,113.5534439086914,115.39032418596997,113.3821283863079,114.59085658903766,19051700
2024-11-18,114.50518798828125,114.80023580681896,113.51536583919139,114.01028054437913,14239700
2024-11-19,112.90624237060547,113.972206329883,112.49698906368766,113.972206329883,11584400
2024-11-20,114.51470184326172,114.6574659727134,112.91575956823054,113.42018653251256,11360900
2024-11-21,116.04701232910156,116.63710062727756,114.4671020120261,115.2380253434609,14675400
2024-11-22,115.91378021240234,117.26526518177437,115.77101607929167,115.94233158676738,13323400
2024-11-25,114.18159484863281,115.99943590015317,113.83896382905982,115.57115075632971,26580300
2024-11-26,112.27808380126953,113.90557738879032,112.16387104974203,113.76281326470219,14827300
2024-11-27,111.98304748535156,113.00142095896551,111.76414151867107,112.39229352250659,11079100
2024-11-29,112.26856994628906,112.78251646228155,111.30729920741689,111.77366252049187,9426500
2024-12-02,112.16387176513672,112.49698321594367,111.18356924078267,112.35422635223,12687300
2024-12-03,111.99256134033203,112.99190299930518,111.60234712636404,112.99190299930518,11756600
2024-12-04,108.76612091064453,111.8783512560761,108.36638716796242,111.83076079377749,19520600
2024-12-05,109.24199676513672,110.0414715138106,108.5567347694977,109.17537447452098,15751200
2024-12-06,108.09038543701172,109.23248399303247,108.02376314226527,109.0135852794165,16171100
2024-12-09,107.45271301269531,109.39428635157209,107.30994887900273,109.10875808418695,17412600
2024-12-10,107.23381042480469,108.38542855338554,106.35820102706671,108.10941982254266,20990900
2024-12-11,106.51998901367188,106.96731322457951,105.74907289095835,106.59613084984449,32392200
2024-12-12,106.42481231689453,106.95779063234714,105.43499025870757,106.20590635945652,14543300
2024-12-13,105.4920883178711,106.50094942039023,104.93055865493027,106.50094942039023,13106100
2024-12-16,103.23644256591797,105.07332247202287,102.94140204970905,104.8829678960134,20256100
2024-12-17,102.79864501953125,102.95092142955151,101.63750744032565,102.06579255862307,17554000
2024-12-18,101.28535461425781,103.5790783479389,101.18066140791557,102.37986987792723,17114500
2024-12-19,100.41927337646484,102.47505223827561,100.13374510560628,102.20856305815992,20565600
2024-12-20,100.76190185546875,101.01887148373147,99.78159202293294,100.3621608340923,40141200
2024-12-23,101.17115020751953,101.45667119591222,99.85772897254408,100.22891134035409,12285100
2024-12-24,101.26631164550781,102.01819583502608,100.60008156378173,101.38051712256406,7807000
2024-12-26,101.35198974609375,101.86593629836455,100.82853090933922,101.38054112211671,9652400
2024-12-27,101.34246826171875,102.77960730717339,100.6667185378528,101.17115275984722,11943900
2024-12-30,100.6572036743164,101.41860023767516,100.41926588677585,101.17115016675821,11080800
2024-12-31,102.37987518310547,102.69395481840736,100.67623968222937,101.04742206530058,12387800
2025-01-02,102.13241577148438,103.74087757306332,101.7231624777631,103.05561556857323,12685400
2025-01-03,102.6558837890625,103.25548442385146,102.27518186134407,102.78912837457116,14237900
2025-01-06,102.54167175292969,104.48324506278051,102.3322853281489,103.01754735060041,15623700
2025-01-07,103.50294494628906,104.74973671812265,103.05562071207183,103.68378000130085,12625900
2025-01-08,101.77075958251953,102.51312438206998,100.89515019132084,102.13242243680969,17858100
2025-01-10,101.39957427978516,104.78780624690043,100.67624133062742,103.45535310727895,19304500
2025-01-13,104.01688385009766,104.34047575504385,101.96109788472765,101.96109788472765,17073400
2025-01-14,104.42613983154297,104.46421074980559,102.62733069602395,103.54101095047129,11191200
2025-01-15,106.12977600097656,106.33916242215733,104.18820272450759,104.74022015102318,14521100
2025-01-16,105.94893646240234,106.3010869977599,105.21609128061873,105.82521142844236,10366600
2025-01-17,106.90069580078125,107.42416187169661,105.47306898332356,105.67293586641337,19298500
2025-01-21,106.09170532226562,106.76744778951304,105.7681061448134,106.64372275002896,20416300
2025-01-22,104.24530029296875,106.18687347298486,104.1215752599107,105.8347229401944,15718000
2025-01-23,104.83539581298828,105.77762746495887,104.32144929519922,104.98767222865612,13726800
2025-01-24,103.41728210449219,105.36836757994196,103.17934432007502,104.9210433834321,14235900
2025-01-27,104.85442352294922,105.12091268586343,103.16030762046445,103.75039595354959,15926700
2025-01-28,102.82720184326172,105.52065951664868,102.58926404019826,105.08285483036616,15862000
2025-01-29,103.42679595947266,103.53148916710997,102.28469748142831,102.51311572478016,12345500
2025-01-30,104.28337097167969,104.5498601261413,103.45534487492978,103.96929135622784,14346300
2025-01-31,101.67558288574219,105.21609852711431,100.98080131172189,105.21609852711431,20376500
2025-02-03,101.92303466796875,102.12290881410706,100.23843820347513,101.4947495234679,14623200
2025-02-04,104.65455627441406,104.9591163539758,101.39004951788422,101.56136501646802,14835700
2025-02-05,104.57841491699219,104.70214721509777,103.83605017349909,104.44517033540548,13364400
2025-02-06,103.19837188720703,105.69196237901089,102.77959908031113,105.42546597198692,13411400
2025-02-07,103.63618469238281,104.43565945392069,103.093686813987,103.53149148240422,10051600
2025-02-10,105.61583709716797,105.67293984840668,104.57842446152155,104.70215677091979,12142200
2025-02-11,106.28205108642578,107.08152584265112,105.47306404665484,106.21542879518077,12713100
2025-02-12,103.08436584472656,105.84993157546117,102.92112268040815,105.67708371729026,18244100
2025-02-13,103.8333740234375,104.10225417604192,102.28734794557859,102.89231913114472,15460000
2025-02-14,103.93901062011719,105.84994194098066,103.80457419795657,104.20788346443844,15733500
2025-02-18,105.76350402832031,106.57972717649496,104.01582338439637,104.31350295783734,20060300
2025-02-19,105.91715240478516,107.6744304591308,105.68668370402261,106.3588730918942,10964700
2025-02-20,107.54959869384766,107.9529079306532,105.58105400154663,106.1764204889036,16325800
2025-02-21,106.29165649414062,107.40555925974188,106.16681744777975,106.89662035876789,14710000
2025-02-24,106.84860229492188,107.41516202490104,105.93635416724618,106.5221159591171,13153500
2025-02-25,105.36980438232422,107.67443283083279,104.56317856435808,106.8774190334039,14497000
2025-02-26,105.11053466796875,105.50424656729815,104.20788383632424,105.37940751324953,10446400
2025-02-27,105.77310943603516,106.8678101035605,104.93767689450902,105.63867302607484,15293200
2025-02-28,106.90621948242188,107.14628554216347,104.9952883719898,105.73469593868535,18821700
2025-03-03,103.47808074951172,107.70324504207805,102.27775040084146,107.26151702668055,18706900
2025-03-04,103.2668228149414,104.63039635094316,101.73040141337358,102.13371065761605,19394900
2025-03-05,101.2502670288086,102.10490164347922,99.55059516728343,101.63436687603159,24822200
2025-03-06,103.3436508178711,103.81417829271368,100.21318702086273,101.24066957071479,17150200
2025-03-07,104.68801879882812,106.01318832334523,103.9966346037916,104.10226427099909,19625000
2025-03-10,107.35755157470703,108.09695186150383,104.74563150883981,104.93768143817438,22749100
2025-03-11,104.82245635986328,107.64562846999114,104.46715592513009,107.47278059988247,19904700
2025-03-12,104.79363250732422,105.75389673480309,104.11184578496238,104.71681693706424,14051500
2025-03-13,104.3519287109375,106.4164985990139,103.35325287376948,104.02544233740886,17767800
2025-03-14,107.45358276367188,107.72245561080894,104.0062299204159,104.6112011527099,15890100
2025-03-17,109.23966979980469,109.95026333683661,107.29033442550644,107.35755263406034,19908800
2025-03-18,109.12442779541016,109.98866707782851,108.09694535026688,109.55654377350196,15998700
2025-03-19,110.82411193847656,111.21781651158228,109.30689251007712,109.66218563010793,17315000
2025-03-20,111.29462432861328,111.84197463980996,109.67177545583954,110.16151225835274,16230800
2025-03-21,110.91053009033203,111.38105756058145,109.80622464583055,110.91053009033203,41102800
2025-03-24,111.1986083984375,112.26450235301142,110.9873490811367,111.08337404548202,14207500
2025-03-25,111.95720672607422,112.96548713109259,111.35224287880415,111.80356825388408,12081800
2025-03-26,113.57044982910156,114.44429381477272,113.00389743717089,113.00389743717089,14110800
2025-03-27,113.20555877685547,114.3386709542741,112.60059489976406,113.40721340255261,12740800
2025-03-28,113.05191802978516,113.75290685844962,112.5813832530267,113.4072111281204,10233400
2025-03-31,114.20423889160156,115.14530117363827,113.10953812394317,113.10953812394317,21652300
2025-04-01,114.30986022949219,114.54032160425595,113.24396629763665,114.48270809212376,12425400
2025-04-02,113.95455932617188,114.1178024940098,112.98469768696893,113.68568650238353,12614600
2025-04-03,107.96250915527344,110.86250394617394,107.77045923712868,109.82542413146359,21204600
2025-04-04,100.1939697265625,106.4260900709176,99.70424022711765,105.5042372572018,30841300
2025-04-07,98.849609375,101.59596585878221,94.54762208795243,96.4009324797882,35068500
2025-04-08,96.76582336425781,101.40390135971876,95.07576359206402,101.26946495343596,27147800
2025-04-09,101.59596252441406,102.34496748154783,94.23073001805048,95.42146298572283,30063300
2025-04-10,95.9592056274414,99.6562214796908,93.91384543728404,99.58900327605843,33999300
2025-04-11,99.04165649414062,99.80026614867558,94.8645083733973,96.3145094764317,22884600
2025-04-14,99.28172302246094,100.91416936302362,98.6383477151056,100.8565558507933,18020000
2025-04-15,99.00324249267578,101.22145788715173,98.90721753313329,99.52178606568698,13164900
2025-04-16,100.04994201660156,101.39430620591645,99.57940722410598,99.81947330451726,13607000
2025-04-17,102.67144775390625,104.23668310772526,100.30919867233592,100.53006266456418,17916500
2025-04-21,101.16383361816406,101.43270642625467,99.98271273601824,101.41350436549158,16926500
2025-04-22,103.99662780761719,104.61119638053368,101.92245337934756,101.92245337934756,13147000
2025-04-23,103.10358428955078,104.95689474920692,102.23934492277724,104.48635995015299,14235700
2025-04-24,104.31351470947266,104.55358079928881,102.70987498779726,103.67974404200054,9849600
2025-04-25,104.25589752197266,104.43835008820508,103.15159208244837,103.84298356897611,11245800
2025-04-28,104.31351470947266,104.90888124966156,103.4012664986655,104.42874907002924,13890900
2025-04-29,104.05424499511719,104.50557040939903,103.24761913579239,103.45887846385925,9483100
2025-04-30,101.4327163696289,103.15159036269044,100.01152929433648,103.15159036269044,20379300
2025-05-01,101.5767593383789,102.67146008506563,100.80855227251624,100.92377930296617,18610300
2025-05-02,101.98967742919922,104.66881588936896,100.39564239135231,103.43967867314106,16581900
2025-05-05,99.16648864746094,100.50126273242815,98.97443872258357,100.49165803831377,19624000
2025-05-06,100.54927825927734,101.76881807494603,99.36815722262949,99.76186179276695,16303400
2025-05-07,100.4532470703125,101.10622707475915,99.93470347917237,100.81814485982517,12332200
2025-05-08,101.85523223876953,103.12278079970336,101.15423608840204,101.15423608840204,19196500
2025-05-09,103.04595947265625,103.46847810816605,102.15291338247835,102.88271630029479,10992100
2025-05-12,104.82245635986328,106.05159351342036,104.01583052394437,105.8883430115922,14244600
2025-05-13,105.11053466796875,106.11881516400723,104.68801601039293,104.97609824532837,13350800
2025-05-14,104.16947174072266,104.53436952765608,103.6413234591552,104.53436952765608,15494900
2025-05-15,105.22579956054688,105.29363685777157,102.69642585962279,103.20035901133336,15004300
2025-05-16,104.84784698486328,105.52621995152363,104.13070139872426,105.29363599062734,14042500
2025-05-19,103.18098449707031,104.24700238195618,102.45415311277843,104.24700238195618,16802700
2025-05-20,101.70793151855469,103.42325766020087,101.54318485225515,103.10345008888231,12429300
2025-05-21,100.45779418945312,101.72732400308172,100.4384078782936,101.30091388210847,16716100
2025-05-22,99.78910827636719,100.27366254990984,98.74246927102432,99.87632449662337,13417400
2025-05-23,99.84725189208984,100.27366201652684,98.91690857908208,99.43053492331133,12061600
2025-05-27,100.32210540771484,100.6516061317405,99.72126288920884,100.29303333665305,13043600
2025-05-28,98.95567321777344,101.20400472589299,98.6455587819539,101.06833012232889,14292400
2025-05-29,99.51775360107422,99.67280711536301,98.60678925085277,99.12041556960791,13825300
2025-05-30,99.13980865478516,99.22702487621179,98.06409756158732,99.00413404786934,28645800
2025-06-02,99.86663818359375,100.64192058075736,99.0622763194604,100.54501120532584,17290500
2025-06-03,100.59346771240234,101.42690163423865,99.05258131506825,99.72126856237468,19194300
2025-06-04,99.13980865478516,101.67886835024795,99.13980865478516,100.70975979015704,15648500
2025-06-05,98.68431854248047,99.8666320740645,98.58740917297756,99.79879477604136,13924800
2025-06-06,101.04893493652344,101.27183313349495,99.50805604835381,99.58558649892743,15487800
2025-06-09,101.7273178100586,102.5801306063756,100.62253473998689,101.10708897751697,17087300
2025-06-10,103.9078140258789,104.32453097451338,102.65766317997547,102.80303093298025,17634800
2025-06-11,105.9332504272461,106.01078088368226,103.17129261168118,104.43113665077948,22648200
2025-06-12,106.34027862548828,106.78606764684805,104.87692272482809,105.55529571522099,17469400
2025-06-13,108.65644836425781,109.05377900702386,107.26092974950436,108.87933918017968,28540200
2025-06-16,109.00532531738281,109.66431938094439,107.69702295160855,108.36571017022997,22986100
2025-06-17,110.4783706665039,111.37964188084752,109.61586467999037,110.4299122832885,19451700
2025-06-18,109.69339752197266,111.68006558393269,109.45112038804743,111.0695298681772,17968900
2025-06-20,111.15674591064453,111.48624665698877,109.68370419195463,109.94536024294479,36273300
2025-06-23,108.28817749023438,113.33723169078277,107.72610020140846,113.09495457524564,26631100
2025-06-24,104.99320983886719,107.51289781778655,104.57650028779175,105.87510211023117,24828300
2025-06-25,105.02229309082031,105.86541277218186,104.37298476247835,104.77032280510122,17483200
2025-06-26,106.59224700927734,107.0283502916337,105.19673572938677,105.57468747120208,18304800
2025-06-27,106.00109100341797,106.6988503454803,105.02229668708586,106.5437968215284,22002100
2025-06-30,104.46989440917969,105.47776069594023,104.3923639582871,105.28394196241953,19199000
2025-07-01,105.86540222167969,106.2530470702201,103.83996916346457,104.78969127899254,15536900
2025-07-02,107.61949920654297,107.9199204680855,105.46807720704395,106.60193234936017,11892200
2025-07-03,108.73397827148438,108.99564172508072,107.20279235468227,107.43537634054778,11223600
2025-07-07,107.67765045166016,108.58861484508506,106.81514444271116,108.09436741953417,15415900
2025-07-08,110.6624984741211,110.9241545075964,107.42567234196552,107.4644375679824,17913400
2025-07-09,110.2845458984375,110.74002066471733,109.7709122030218,110.40083418186606,10652100
2025-07-10,111.379638671875,111.70913200837082,109.57709629512104,110.19732513511048,14901700
2025-07-11,111.86418914794922,112.18399671227975,110.97261114470416,111.30210447010357,11683900
2025-07-14,110.40084075927734,111.67037794745777,109.72246775315898,111.67037794745777,13220300
2025-07-15,109.42204284667969,110.53651169207183,109.1216141879024,110.14887421213247,10959300
2025-07-16,108.76304626464844,109.99381076178989,108.6370574322415,109.39296085183982,11158900
2025-07-17,108.21066284179688,108.76305441240078,107.65826387748159,108.04590877120798,13151400
2025-07-18,104.4408187866211,108.27849491615278,104.02410183988316,107.67764499019941,32366600
2025-07-21,104.7121810913086,105.40993303196863,104.12102428822786,104.27607781047072,17010400
2025-07-22,105.18704223632812,106.05924140453212,104.28577099480256,104.64434381776182,13970900
2025-07-23,106.53410339355469,106.60194069643123,105.48746438313533,105.56499484176895,12002700
2025-07-24,107.3675308227539,107.52258433689845,105.75880717545196,106.27244088744028,15647200
2025-07-25,106.98957824707031,107.55166294298876,106.31119787118948,107.30938582168368,10548900
2025-07-28,107.99745178222656,108.64675269177111,107.41598077707704,107.57104168343983,12353000
2025-07-29,109.39295959472656,109.50925527090942,107.96837637846804,108.44323745055422,15928000
2025-07-30,108.44324493408203,109.13131109646395,107.82301607239378,108.93749234982809,12996900
2025-07-31,108.19126892089844,109.02470279599133,106.95081126319111,106.95081126319111,17233700
2025-08-01,106.2530517578125,109.06346779158018,105.49714833635109,108.54014833201978,19652000
2025-08-04,104.05318450927734,106.52440680036018,103.7818279128161,105.84603379348519,19129500
2025-08-05,103.92719268798828,104.48927738825077,102.79333752600816,103.90781377136695,21314300
2025-08-06,103.2197494506836,105.68128595286021,103.08407485080633,104.96414033212473,15321800
2025-08-07,102.67704010009766,104.72185957646,102.61889595751077,103.83028155281022,13468300
2025-08-08,103.50078582763672,104.1888519426181,102.6770377269038,103.2100503340003,14417700
2025-08-11,102.56075286865234,104.20823433770178,102.27001736530904,103.80121054798994,13570700
2025-08-12,102.85147857666016,103.9659547885047,102.51229209315377,103.05499046676398,14109400
2025-08-13,104.27607727050781,104.27607727050781,102.47353479728595,102.7255050875512,17958700
2025-08-14,104.06287384033203,104.26638574937492,103.1519168275274,104.2276279136909,13683500
2025-08-15,104.16068267822266,105.20727767225166,103.63249350424832,103.86724922324527,19271900
2025-08-18,104.38565063476562,104.88449718842561,103.35861492943839,103.77920958007088,13040000
2025-08-19,105.0703353881836,105.10946133942112,103.82811815206907,103.87701999423186,16113600
2025-08-20,106.15605926513672,106.93856338685328,105.32465329988311,105.52027559905606,18959700
2025-08-21,106.84075164794922,107.17331104721137,105.59852692126454,106.04846417689045,12194900
2025-08-22,108.84590911865234,108.9730703319415,107.20265639990329,107.20265639990329,13586700
2025-08-25,109.29584503173828,109.47190808736983,108.12209630253625,108.47422241379935,9744900
2025-08-26,109.05131530761719,109.36431547164318,107.94603511082502,108.93394491017779,18143900
2025-08-27,110.28376007080078,110.50873244358608,108.98285006787607,108.98285006787607,15262600
2025-08-28,110.87062072753906,111.1640616187283,109.61862018848711,110.4011242566505,14189800
2025-08-29,111.79006958007812,112.27913279070275,111.09560071649264,111.23253781846655,14597900
2025-09-02,112.18132019042969,112.71928523765276,110.8510676777316,111.68247363253984,15206700
2025-09-03,109.4621353149414,111.92701070150105,109.02197393206504,111.47707342707002,14920100
2025-09-04,109.94141387939453,110.65544200503547,108.9437207267698,109.65775631492329,12864400
2025-09-05,106.84075164794922,109.33496952995232,106.63533853368457,109.15890647666285,16826700
2025-09-08,107.44718170166016,107.64281145580675,105.97999212686503,107.32981131168427,15440500
2025-09-09,108.22969055175781,110.04900630149459,108.1123126941091,108.1123126941091,14899500
2025-09-10,110.03922271728516,110.09790791473041,108.41552927118416,108.72853689092521,15837600
2025-09-11,109.68709564208984,110.30331259737805,108.44487837785454,108.96328418409082,11534500
2025-09-12,109.7066650390625,110.74347667695436,109.43278336748516,110.39135056172458,11105700
2025-09-15,109.89250183105469,110.00009633429147,108.88503281212152,109.72622213060235,12880500
2025-09-16,112.17153930664062,112.79753962492748,110.31309759687737,110.48916065280257,17208000
2025-09-17,112.76819610595703,112.96381840538344,111.55532143198607,112.02481793561441,13302000
2025-09-18,111.43794250488281,112.82688022000698,110.91953670011902,112.65081716720869,14628700
2025-09-19,110.35222625732422,111.48685652613011,110.17616319707892,111.40860461879606,38746500
2025-09-22,109.5697250366211,110.33266995974442,109.11978775119728,109.99031972163878,15611500
2025-09-23,111.4574966430664,112.24000072243238,110.01965715068778,110.25440538949279,25369100
2025-09-24,112.05415344238281,113.22790955219149,111.96612565196591,112.06393679548866,14756100
2025-09-25,113.0616226196289,113.36484686640543,111.90744067629603,112.13240556058528,15012600
2025-09-26,114.6559829711914,115.77104652046233,113.38441560885875,113.42354156212417,18568900
2025-09-29,111.72160339355469,113.95173048719916,111.18363086547707,113.52135246473706,19189300
2025-09-30,110.28376007080078,111.0075715728927,109.49148001395034,110.87063446337565,18076200
2025-10-01,109.54037475585938,110.54784376589994,108.85568925268005,110.0979065120232,16614000
2025-10-02,108.8556900024414,110.61631307810582,108.60137504414647,109.52081626547348,13062600
2025-10-03,110.78260040283203,111.26188025905991,109.45234787482161,109.45234787482161,12950100
2025-10-06,111.70203399658203,112.25956575657106,110.70434833331672,110.811942836342,12036800
2025-10-07,111.76072692871094,112.00525853390788,109.29584416931891,111.57488052075732,11945000
2025-10-08,111.52597045898438,112.49432098201136,110.92932021185828,111.87809656508286,12301000
2025-10-09,110.44026184082031,112.98338913649347,110.2739746716223,111.92701077194054,10976200
2025-10-10,108.30794525146484,110.15660364768557,108.28837854342899,109.80447752816615,13811600
2025-10-13,109.78490447998047,109.8435971381859,108.88502998762696,109.10021898851849,10296500
2025-10-14,109.83381652832031,110.48915943830576,108.28837499468796,108.33728430066219,11167200
2025-10-15,109.16868591308594,111.08581272316219,108.54268562663296,110.33265869376197,12182900
2025-10-16,108.21990203857422,109.73600091191184,107.97537044368183,109.43277665973709,11782200
2025-10-17,109.78490447998047,110.44025483610798,108.74809288933457,109.18824678205839,13460100
2025-10-20,110.23484802246094,110.6750094028377,109.53060324638079,109.55016249189165,9523600
2025-10-21,110.24462890625,110.88041257753997,109.54037668343724,110.42069196195318,9202300
2025-10-22,112.20088195800781,112.66060257438927,110.60653856264305,110.9684405659551,12938800
2025-10-23,113.44309997558594,114.29406514372475,112.83665893808067,114.07887614775476,15001100
2025-10-24,112.86601257324219,113.92239094994473,112.66060691041326,113.80501308725131,9919400
2025-10-27,113.40398406982422,113.45288591527756,112.58235396357391,113.16922834660261,10975400
2025-10-28,112.51387786865234,113.63872471386321,112.4747519174045,112.96381511423425,9535200
2025-10-29,113.90281677246094,114.48969858493084,112.29869006673762,112.40628456818962,12570600
2025-10-30,112.18132019042969,113.97128584665982,112.02481638304766,113.88325805189164,16172900
2025-10-31,111.8585433959961,112.70951610904078,110.15660543241947,111.48685802493144,20213400
2025-11-03,111.27166748046875,112.47475883970789,111.15428961950117,111.99547896682066,12290300
2025-11-04,111.64334106445312,111.848746702585,110.0489977994227,110.89996294846738,16860700
2025-11-05,111.19341278076172,112.6606024247043,111.18362942696528,111.59444073626622,12400900
2025-11-06,111.99547576904297,112.42585378445636,111.15428644574173,111.15428644574173,14219700
2025-11-07,114.6559829711914,114.93964053548139,112.38672991938411,112.68994672905053,17181100
2025-11-10,115.63410186767578,115.85906675612755,112.9344709686703,114.87116448507929,13048000
2025-11-11,117.15998840332031,118.16745748219556,116.23077123372987,116.23077123372987,16077100
2025-11-12,115.53629302978516,116.67091577303606,115.2135095268513,116.49485272257324,13790900
2025-11-13,116.19163513183594,117.14041892714476,115.6927885818516,116.03513132693413,17291900
2025-11-14,117.70126342773438,117.8887353636572,115.1062932109266,116.87244686746136,17064300
2025-11-17,116.11270141601562,117.90846178816332,115.55029315462276,117.38552169764868,16034900
2025-11-18,117.44471740722656,117.88872867324781,114.92868367757431,115.69829417200403,15808500
2025-11-19,115.78709411621094,116.60604172062995,114.3860079315462,115.29375327419233,15919200
2025-11-20,115.46148681640625,117.42498877850575,115.1852171506071,116.408707853123,14401000
2025-11-21,115.52069091796875,115.81669090021714,114.10973583867872,115.43188565384565,15667600
2025-11-24,114.42547607421875,115.63909032972836,113.21185429092529,115.63909032972836,18034900
2025-11-25,112.98491668701172,114.35640356418065,112.66917886337103,113.64599157904323,14434600
2025-11-26,113.241455078125,114.1985375288773,112.78758240073623,112.88625659268574,11650600
2025-11-28,114.37613677978516,117.15857877347882,113.29078845403497,113.41905436046002,7240800
2025-12-01,115.0766830444336,115.84630108764226,114.55374295204415,114.55374295204415,12658100
2025-12-02,113.84333038330078,115.04708324638574,113.16252513788129,114.88921809084783,14607700
2025-12-03,116.2311019897461,116.40870498878743,114.33666749071055,114.40573490546087,16819100
2025-12-04,115.57988739013672,116.76390235401759,115.10628441569779,115.9350933848577,13686900
2025-12-05,114.9878921508789,117.19805716507028,114.85962623326688,115.19509441522956,12516900
2025-12-08,114.43534088134766,115.44175285038263,113.50785772306068,114.28733712854685,14904200
2025-12-09,116.67510986328125,118.86554441991682,115.33322216241953,115.34309108710077,23790800
2025-12-10,117.94792938232422,118.27353614463954,116.79351361897044,117.14871962735373,19845200
2025-12-11,117.94792938232422,118.75700806191198,117.48418778650247,117.52365595718771,14781800
2025-12-12,117.23751831054688,118.32286666589587,116.7343085399838,117.84926366942325,14459500
2025-12-15,116.19164276123047,117.44472524749287,115.29375877259989,117.42499492509607,16358700
2025-12-16,113.15265655517578,115.28388509197318,113.08358913795975,115.21481767475714,17638700
2025-12-17,115.84630584716797,116.05350810769643,113.63613334596256,113.67560151860383,18502200
2025-12-18,114.9878921508789,115.43189592766112,114.0900081442417,115.43189592766112,13705600
2025-12-19,115.1358871459961,116.00416431060746,114.41560621051228,115.19508563764711,45412800
2025-12-22,116.57644653320312,116.88231545701277,115.77722922241493,115.77722922241493,11768600
2025-12-23,117.82952880859375,118.43140525803896,116.74418042571656,116.89218418878711,12567600
2025-12-24,117.63218688964844,118.45113446144582,117.53352023073174,117.74072247279187,6137400
2025-12-26,117.5236587524414,117.95780111252107,116.95138155556984,117.30658757240157,8066100
2025-12-29,118.92474365234375,119.68449277406494,117.80979604551057,118.54980731774646,14782500
2025-12-30,119.37861633300781,120.17783362594038,119.02341032010088,119.48715192182848,11150500
2025-12-31,118.73727416992188,119.645027070368,118.27354008642878,119.56609072636675,10559900
2026-01-02,121.01651763916016,121.04611688709142,118.01700422831561,118.49060725078435,14175100
2026-01-05,123.69042205810547,124.2528303421078,120.75997612069915,123.54241829330819,30112200
2026-01-06,119.43782043457031,124.1245584169034,119.38848333943223,123.68054714401208,23328600
2026-01-07,116.91191101074219,118.52020697869004,116.6948398351087,118.20446913989147,20353000
2026-01-08,121.27305603027344,121.98346055829089,117.07965864379567,117.39539649884262,20232700
2026-01-09,122.95040893554688,123.19707936395015,121.46051744021162,121.58879088076311,16137700
2026-01-12,122.37812805175781,122.84186964764413,120.92770477195467,122.80240147695339,15314900
2026-01-13,124.85469818115234,125.44670567169717,123.14773559683472,123.33520752115764,21619700
2026-01-14,128.4659423828125,129.96570264290852,125.43683014660162,125.65390130486156,27593900
2026-01-15,127.41020965576172,128.46595122032,126.59126205791011,127.41020965576172,17400000
2026-01-16,128.1600799560547,128.4264882192749,127.15366044933069,127.19313614676857,16592400
2026-01-20,128.72250366210938,130.18278839040843,128.3376983939911,129.75850742241903,16477300
2026-01-21,131.83055114746094,131.94894814141026,130.15319515904696,130.15319515904696,18879900
2026-01-22,131.8601531982422,132.39295473790614,130.09399942683189,131.2780145581945,16600100
2026-01-23,133.17242431640625,134.1689673689743,132.68894488495607,133.29082129734618,17758200
2026-01-26,133.0441436767578,135.11618106437444,132.3830688097061,135.10630461278626,16056100
2026-01-27,135.00765991210938,135.10631904956838,132.91589950893422,133.4487010068035,14517000
2026-01-28,135.74766540527344,136.17193129495084,134.84978147594126,135.8562009907484,15637300
2026-01-29,138.63864135742188,140.4442706895522,137.25729298858514,138.4511844795975,35760600
2026-01-30,139.51678466796875,140.31600948196575,135.99433887052737,136.89222281998863,29657700
2026-02-02,136.55674743652344,138.4511896351406,136.2212792566809,137.96771016026025,27735600
2026-02-03,141.81576538085938,143.07871683127658,136.4679520395934,136.79355882759344,37577800
2026-02-04,145.6243438720703,145.87101428924865,142.20055727718952,142.20055727718952,29426200
2026-02-05,144.13446044921875,144.77579751377746,141.88482744155422,144.62780128520777,18431700
2026-02-06,147.06491088867188,147.57798958994934,144.1443264224402,144.6672665207462,17216000
2026-02-09,149.19615173339844,149.53161990987115,146.65051105111957,147.27211030621467,21297300
2026-02-10,149.57107543945312,149.75854737153173,147.82465966871308,149.33428146677946,15800300
2026-02-11,153.4882049560547,154.83995408588135,151.52471798158845,151.91938464479432,23091500
2026-02-12,148.91920471191406,154.20334596774293,148.86955392329364,152.8525141182461,30652500
2026-02-13,147.44918823242188,150.63755397112487,146.9823556296224,149.53503667709694,20166000
2026-02-17,145.20443725585938,148.12461916232286,144.1714401084163,147.20088103709168,19766600
2026-02-18,149.66415405273438,149.96213457527915,146.61485893888485,147.1512117547303,19849700
2026-02-19,149.95220947265625,152.34596565632472,149.82308104142925,151.17391296007145,20305000
2026-02-20,146.28707885742188,149.79327938752533,145.47261494560635,149.47544461771784,25908600
2026-02-23,149.74362182617188,150.2501932791706,147.13136269897575,147.15121695350626,16073100
2026-02-24,148.25372314453125,149.7038868797102,147.0320197225123,149.40590636909334,14185500
2026-02-25,148.05508422851562,149.16752870809867,146.33675156146265,148.89935987129022,15225700
2026-02-26,147.53857421875,149.94227252800187,145.78051802335915,146.8134999377823,15632100
2026-02-27,151.47189331054688,152.61413431248826,148.24380378097783,149.98200583536115,30275100
2026-03-02,153.1802978515625,158.53395953870333,151.99831803716847,158.27571783411466,31493100
2026-03-03,150.80641174316406,154.99796304377034,149.2867277341108,154.38213258261683,25198900
2026-03-04,148.80996704101562,150.14092953686614,146.8631740879252,149.70389345621814,16764800
2026-03-05,149.74362182617188,151.30304469422904,148.46232523665645,149.9820092838136,22969300
2026-03-06,150.1905975341797,152.7631329506698,148.94902463171314,152.11750594783567,21136400
2026-03-09,149.42578125,152.8525193577848,148.4623194854107,150.99513118452776,25532700
2026-03-10,147.13136291503906,149.3860484370434,146.70425394729372,148.2438074071617,19617600
2026-03-11,150.55809020996094,150.78653536813772,146.66451961480584,146.9922966622343,15297400
2026-03-12,152.4949493408203,153.95504029024,150.607764586727,151.24344930814027,26054000
2026-03-13,155.06747436523438,155.83228746743393,151.94864404183042,153.25975221702967,22414100
2026-03-16,156.1699981689453,156.7162932647919,153.71664895698615,154.94829470435673,22835600
2026-03-17,157.73934936523438,159.36829238305089,155.74290562359263,157.1831271380657,21592200
2026-03-18,156.52757263183594,159.10010800410745,156.46797955848893,158.5836245978209,18947100
2026-03-19,157.09373474121094,158.48429028446628,153.79610994446438,157.19305147663275,27082700
2026-03-20,158.5935516357422,161.3448813824297,158.02740228334451,158.27571685943028,53942100
2026-03-23,160.04371643066406,160.3317546721225,153.9749075468967,155.0674825949629,25021300
2026-03-24,164.2650604248047,166.35089373485314,160.16289884783137,160.61980432865266,26131800
2026-03-25,162.1593475341797,163.8876224635627,161.83157047054226,162.76523571437266,17192300
2026-03-26,164.31471252441406,164.5630270982508,160.96743691898868,162.9837500460696,18625200
2026-03-27,169.8372344970703,170.07560677850861,163.68896347300407,164.46370369951495,30338300
2026-03-30,170.31399536132812,175.22069359950967,169.8968287100872,171.34697728498398,29813500
2026-03-31,168.51620483398438,173.20438516733364,164.8510793251324,171.50590682570027,32006700
2026-04-01,159.69607543945312,166.86740190025927,158.4545025086476,164.65244003535972,37927600
2026-04-02,159.60667419433594,165.77479957775347,158.51408403248303,163.38105866010596,25377700
2026-04-06,162.2686004638672,162.64604346041736,158.4544923034983,159.487489402714,16344300
2026-04-07,162.8049774169922,165.11927115752792,160.67940518515758,163.11288507606477,25227500
2026-04-08,155.16680908203125,155.2959375077992,149.96213025990082,152.48501476813874,31311200
2026-04-09,153.99476623535156,158.15652110139501,153.26969189141946,155.80250368747105,25868400
2026-04-10,151.4818115234375,154.07421618394392,150.89579278843675,153.0014954462256,21065000
2026-04-13,151.61094665527344,153.5775938501499,150.2601147579226,153.2299625378998,18685600
2026-04-14,148.23387145996094,149.0980013153962,145.73085634569497,149.05827765272088,18528200
2026-04-15,148.0054168701172,149.21719323350692,145.90964120778764,147.5981924772423,15626500
2026-04-16,150.9553985595703,151.7500082642809,148.3431394263767,148.5219186530788,15191000
2026-04-17,145.45274353027344,145.81031711382454,141.01287784947976,143.88339364446122,28947400
2026-04-20,146.6843719482422,148.36298082556593,145.36335180517733,146.38640659622348,16354400
2026-04-21,147.35980224609375,147.80676545067388,145.25409949638887,146.3764710712823,17515900
2026-04-22,148.4921112060547,149.6641486885593,147.18100301621726,148.362982781199,13738700
2026-04-23,149.51516723632812,150.2104449991002,147.4988541463299,148.83975888275486,12970400
2026-04-24,147.90609741210938,149.28672584587542,145.95930447127088,148.6311717290291,13735900
2026-04-27,147.19094848632812,150.16078107497748,146.97243044995622,148.15441024053547,13940800
2026-04-28,149.5449676513672,151.2831696813456,148.8198933339478,150.50842941760018,15173600
2026-04-29,153.62725830078125,153.90536941024126,149.99192931237258,150.99512988770653,14669100
2026-04-30,153.28955078125,154.6403826360389,150.3197030948466,151.4023509728099,22885900
2026-05-01,151.72019958496094,153.96495780190406,150.11112604973115,151.5811440344586,15458200
2026-05-04,152.65386962890625,153.42860988574816,148.51198436166095,151.64074192537495,14238500
2026-05-05,153.83584594726562,154.24307032010233,151.3824968040683,152.06784743638346,12494600
2026-05-06,147.6875762939453,149.31651926928876,146.09835698125573,148.0650192907908,20527000
2026-05-07,145.591796875,146.08842600263094,143.2179102511608,145.81031490363108,22509400
2026-05-08,143.59535217285156,145.51233331644596,142.9497252181697,144.8667215176822,19550100
2026-05-11,148.6708984375,148.71063725771492,145.01571508552792,145.0355844956354,14849500
2026-05-12,149.614501953125,150.78653946738183,148.76029921246098,150.2303172466553,16443100
2026-05-13,150.5481719970703,150.76667488570803,148.67089920812532,149.04834222252728,15772800
2026-05-14,151.75,152.08770418043682,150.240243158863,150.87592785682824,11331500
2026-05-15,157.9199981689453,158.0,153.0,153.75,27882400
2026-05-18,160.49000549316406,161.72999572753906,155.22999572753906,157.32000732421875,20065200
2026-05-19,162.5500030517578,163.32000732421875,159.63999938964844,161.5,20715600
2026-05-20,156.27999877929688,163.67999267578125,156.27000427246094,161.61000061035156,18509700
2026-05-21,155.2899932861328,159.38999938964844,153.4600067138672,158.4199981689453,17061700
2026-05-22,154.9199981689453,155.5500030517578,153.1699981689453,154.02999877929688,12948500
2026-05-26,149.80999755859375,154.5500030517578,149.47000122070312,153.5,13057800
2026-05-27,147.89999389648438,148.69000244140625,145.75,147.22999572753906,16241100
2026-05-28,146.9600067138672,150.2100067138672,146.8699951171875,149.33999633789062,14012500
2026-05-29,145.25999450683594,146.92999267578125,144.7100067138672,146.19000244140625,27959900
2026-06-01,149.3800048828125,149.64999389648438,147.0,147.02000427246094,16732100
2026-06-02,149.55999755859375,150.8300018310547,148.5,149.02999877929688,10462400
2026-06-03,152.52999877929688,154.91000366210938,150.02000427246094,150.61000061035156,14373000
2026-06-04,152.0399932861328,153.42999267578125,150.94000244140625,152.0500030517578,11799400
2026-06-05,149.9199981689453,152.1300048828125,149.3000030517578,152.00999450683594,16584000
2026-06-08,151.75,153.80999755859375,150.89999389648438,151.16000366210938,13870900
2026-06-09,148.91000366210938,151.1300048828125,147.77999877929688,150.91000366210938,18163500
2026-06-10,150.6199951171875,152.49000549316406,149.55999755859375,151.22999572753906,14596500
2026-06-11,146.60000610351562,152.49000549316406,146.4199981689453,152.3000030517578,17285800
2026-06-12,147.00999450683594,148.91000366210938,145.14999389648438,145.6300048828125,17713100
2026-06-15,140.9199981689453,141.97999572753906,137.72000122070312,139.74000549316406,23631400
2026-06-16,141.86000061035156,142.14999389648438,139.97999572753906,140.19000244140625,18925400
2026-06-17,140.74000549316406,142.33999633789062,140.32000732421875,141.22000122070312,16663200
2026-06-18,137.80999755859375,138.4600067138672,135.85000610351562,138.32000732421875,48063400
2026-06-22,138.47000122070312,139.0,137.02000427246094,138.5399932861328,15783300
2026-06-23,139.72999572753906,140.38999938964844,138.5,139.4600067138672,13699400
2026-06-24,136.89999389648438,137.63999938964844,135.58999633789062,137.1199951171875,16212900
2026-06-25,137.5500030517578,138.07000732421875,134.9499969482422,135.63999938964844,13288800
2026-06-26,136.5399932861328,137.5800018310547,135.9199981689453,136.97000122070312,22684200
2026-06-29,136.05999755859375,137.38999938964844,135.38999938964844,136.5800018310547,11972700
2026-06-30,136.72000122070312,137.3000030517578,135.3300018310547,136.47999572753906,28784000
2026-07-01,136.27999877929688,137.49000549316406,135.6300048828125,136.52999877929688,12433400
2026-07-02,137.08999633789062,139.13999938964844,136.3300018310547,137.14999389648438,13703300
2026-07-06,136.44000244140625,137.3699951171875,136.00999450683594,136.5500030517578,13915100
2026-07-07,141.69000244140625,141.74000549316406,138.1300048828125,138.55999755859375,14667800
2026-07-08,141.1300048828125,143.99000549316406,139.80999755859375,143.44000244140625,18291400
2026-07-09,137.4600067138672,140.0500030517578,137.1199951171875,139.66000366210938,14110200
2026-07-10,138.8800048828125,138.97000122070312,137.13999938964844,137.89999389648438,9753500
2026-07-13,144.50999450683594,145.22999572753906,140.49000549316406,140.9199981689453,18724300
2026-07-14,145.08999633789062,146.0,143.88999938964844,145.50999450683594,16096400
2026-07-15,144.50999450683594,145.08999633789062,142.02999877929688,145.08999633789062,13444500
2026-07-16,145.9499969482422,146.8699951171875,144.5500030517578,145.27999877929688,13518000
2026-07-17,147.36000061035156,150.0,147.1699981689453,149.02999877929688,19031400
2026-07-20,148.36000061035156,149.08999633789062,146.22999572753906,146.5,12149200
2026-07-21,151.7100067138672,151.75999450683594,148.47999572753906,149.00999450683594,13145300
2026-07-22,154.4499969482422,154.8000030517578,152.9499969482422,153.86000061035156,13788700
2026-07-23,156.88999938964844,158.57000732421875,156.05999755859375,156.60000610351562,15822800
2026-07-24,156.94000244140625,158.7100067138672,155.67999267578125,156.99000549316406,12091600
2026-07-27,154.77000427246094,155.4199981689453,152.5,153.07000732421875,13955800
2026-07-28,153.0399932861328,156.17999267578125,151.8800048828125,154.1699981689453,16299900
2026-07-29,156.75,159.07000732421875,155.86000061035156,157.72000122070312,14571300
2026-07-30,156.97000122070312,157.77999877929688,154.52999877929688,155.08999633789062,12578100
2026-07-31,155.44000244140625,156.16000366210938,152.13999938964844,153.74000549316406,15714200
2026-08-03,155.05999755859375,155.91000366210938,152.64999389648438,153.4600067138672,14532800
2026-08-04,153.9600067138672,154.83999633789062,149.08999633789062,151.6199951171875,14347900
2026-08-05,151.6300048828125,155.0399932861328,151.14999389648438,155.0399932861328,12227500
2026-08-06,154.83999633789062,154.8699951171875,151.83999633789062,154.22000122070312,11879100
2026-08-07,153.0399932861328,153.6699981689453,151.52999877929688,152.63999938964844,18455200
2026-08-10,159.7899932861328,160.3699951171875,154.4499969482422,154.5,19761600
2026-08-11,159.8000030517578,161.6699981689453,159.27000427246094,159.66000366210938,13744500
2026-08-12,159.75,160.22999572753906,157.55999755859375,158.5500030517578,13219500
2026-08-13,158.61000061035156,159.75999450683594,157.42999267578125,158.02999877929688,8258998
